Sample Point	Datum	Sample ID	Tijdstip	Parameter Symbool	Parameter omschrijving	Teken	Resultaat	Eenheid
OW172100	2022-01-18	21554922	14:35:00	Ag o	Zilver	<	0,05	µg/L
OW172100	2022-01-18	21554922	14:35:00	Ag t	Zilver	<	0,1	µg/L
OW172100	2022-01-18	21554922	14:35:00	Al o	Aluminium	<	150	µg/L
OW172100	2022-01-18	21554922	14:35:00	As o	Arseen	=	1,11	µg/L
OW172100	2022-01-18	21554922	14:35:00	As t	Arseen	=	2,38	µg/L
OW172100	2022-01-18	21554922	14:35:00	B o	Boor	=	75	µg/L
OW172100	2022-01-18	21554922	14:35:00	B t	Boor	=	74	µg/L
OW172100	2022-01-18	21554922	14:35:00	Ba o	Barium	=	33	µg/L
OW172100	2022-01-18	21554922	14:35:00	Ba t	Barium	=	52	µg/L
OW172100	2022-01-18	21554922	14:35:00	Be o	Beryllium	<	0,15	µg/L
OW172100	2022-01-18	21554922	14:35:00	Be t	Beryllium	<	0,15	µg/L
OW172100	2022-01-18	21554922	14:35:00	BZV5	Biochemisch zuurstofverbruik na 5d.	<	2	mgO2/L
OW172100	2022-01-18	21554922	14:35:00	Ca o	Calcium	=	130000	µg/L
OW172100	2022-01-18	21554922	14:35:00	Cd o	Cadmium	<	0,05	µg/L
OW172100	2022-01-18	21554922	14:35:00	Cd t	Cadmium	=	0,271	µg/L
OW172100	2022-01-18	21554922	14:35:00	Cl-	Chloride	=	47,5	mg/L
OW172100	2022-01-18	21554922	14:35:00	Co o	Kobalt	=	0,5	µg/L
OW172100	2022-01-18	21554922	14:35:00	Co t	Kobalt	=	1,49	µg/L
OW172100	2022-01-18	21554922	14:35:00	Cr o	Chroom	<	1,5	µg/L
OW172100	2022-01-18	21554922	14:35:00	Cr t	Chroom	=	7,6	µg/L
OW172100	2022-01-18	21554922	14:35:00	Cu o	Koper	<	2	µg/L
OW172100	2022-01-18	21554922	14:35:00	Cu t	Koper	=	10,7	µg/L
OW172100	2022-01-18	21554922	14:35:00	CZV	Chemisch zuurstofverbruik	=	26	mgO2/L
OW172100	2022-01-18	21554922	14:35:00	DOC	Koolstof	=	6,6	mgC/L
OW172100	2022-01-18	21554922	14:35:00	EC 20	Geleidbaarheid (20°C)	=	840	µS/cm
OW172100	2022-01-18	21554922	14:35:00	EC 25	Geleidbaarheid (25°C)	=	920,22	µS/cm
OW172100	2022-01-18	21554922	14:35:00	Fe o	Ijzer	<	25	µg/L
OW172100	2022-01-18	21554922	14:35:00	Fe t	Ijzer	=	2740	µg/L
OW172100	2022-01-18	21554922	14:35:00	H t	Hardheid	=	38	°F
OW172100	2022-01-18	21554922	14:35:00	Hg o	Kwik	<	0,025	µg/L
OW172100	2022-01-18	21554922	14:35:00	Hg t	Kwik	<	0,04	µg/L
OW172100	2022-01-18	21554922	14:35:00	K o	Kalium	=	10400	µg/L
OW172100	2022-01-18	21554922	14:35:00	KjN	Kjeldahlstikstof	=	6,001	mgN/L
OW172100	2022-01-18	21554922	14:35:00	Mg o	Magnesium	=	13100	µg/L
OW172100	2022-01-18	21554922	14:35:00	Mn o	Mangaan	=	119	µg/L
OW172100	2022-01-18	21554922	14:35:00	Mn t	Mangaan	=	220	µg/L
OW172100	2022-01-18	21554922	14:35:00	Mo o	Molybdeen	<	2,5	µg/L
OW172100	2022-01-18	21554922	14:35:00	Mo t	Molybdeen	<	2	µg/L
OW172100	2022-01-18	21554922	14:35:00	N t	Stikstof	=	7,7	mgN/L
OW172100	2022-01-18	21554922	14:35:00	N+N	Nitraat+nitriet	=	1,699	mgN/L
OW172100	2022-01-18	21554922	14:35:00	N+N+N	Nitraat+nitriet+ammonium	=	2,999	mgN/L
OW172100	2022-01-18	21554922	14:35:00	Na o	Natrium	=	37600	µg/L
OW172100	2022-01-18	21554922	14:35:00	NH4+	Ammonium	=	1,3	mgN/L
OW172100	2022-01-18	21554922	14:35:00	Ni o	Nikkel	<	3,2	µg/L
OW172100	2022-01-18	21554922	14:35:00	Ni t	Nikkel	=	5,39	µg/L
OW172100	2022-01-18	21554922	14:35:00	NO2-	Nitriet	=	0,029	mgN/L
OW172100	2022-01-18	21554922	14:35:00	NO3-	Nitraat	=	1,67	mgN/L
OW172100	2022-01-18	21554922	14:35:00	O2	Zuurstof	=	11,01	mg/L
OW172100	2022-01-18	21554922	14:35:00	O2 verz	Zuurstof	=	86,4	%
OW172100	2022-01-18	21554922	14:35:00	oPO4 f	Orthofosfaat	=	0,011	mgP/L
OW172100	2022-01-18	21554922	14:35:00	P t	Fosfor	=	0,49	mgP/L
OW172100	2022-01-18	21554922	14:35:00	Pb o	Lood	<	1,25	µg/L
OW172100	2022-01-18	21554922	14:35:00	Pb t	Lood	=	7,78	µg/L
OW172100	2022-01-18	21554922	14:35:00	Sb o	Antimoon	<	1,5	µg/L
OW172100	2022-01-18	21554922	14:35:00	Sb t	Antimoon	<	1,2	µg/L
OW172100	2022-01-18	21554922	14:35:00	Se o	Seleen	<	1,5	µg/L
OW172100	2022-01-18	21554922	14:35:00	Se t	Seleen	=	1,54	µg/L
OW172100	2022-01-18	21554922	14:35:00	SiO2 o	Silicaat	=	16	mgSiO2/L
OW172100	2022-01-18	21554922	14:35:00	Sn o	Tin	<	1,5	µg/L
OW172100	2022-01-18	21554922	14:35:00	Sn t	Tin	<	0,65	µg/L
OW172100	2022-01-18	21554922	14:35:00	SO4=	Sulfaat	=	46	mg/L
OW172100	2022-01-18	21554922	14:35:00	T	Temperatuur	=	5,9	°C
OW172100	2022-01-18	21554922	14:35:00	TAM	Alkaliniteit met methyloranje	=	6,9	meq/L
OW172100	2022-01-18	21554922	14:35:00	Te o	Telluur	<	2,5	µg/L
OW172100	2022-01-18	21554922	14:35:00	Te t	Telluur	<	1,5	µg/L
OW172100	2022-01-18	21554922	14:35:00	Ti o	Titaan	<	2	µg/L
OW172100	2022-01-18	21554922	14:35:00	Ti t	Titaan	=	44	µg/L
OW172100	2022-01-18	21554922	14:35:00	Tl o	Thallium	<	0,1	µg/L
OW172100	2022-01-18	21554922	14:35:00	Tl t	Thallium	<	0,05	µg/L
OW172100	2022-01-18	21554922	14:35:00	U o	Uranium	=	1,7	µg/L
OW172100	2022-01-18	21554922	14:35:00	U t	Uranium	=	1,92	µg/L
OW172100	2022-01-18	21554922	14:35:00	V o	Vanadium	<	1,5	µg/L
OW172100	2022-01-18	21554922	14:35:00	V t	Vanadium	=	6,7	µg/L
OW172100	2022-01-18	21554922	14:35:00	Zn o	Zink	<	15	µg/L
OW172100	2022-01-18	21554922	14:35:00	Zn t	Zink	=	51	µg/L
OW172100	2022-01-18	21554922	14:35:00	ZS	Zwevende stoffen	=	74	mg/L
OW172100	2022-02-15	21557042	14:12:00	Ag o	Zilver	<	0,05	µg/L
OW172100	2022-02-15	21557042	14:12:00	Ag t	Zilver	<	0,1	µg/L
OW172100	2022-02-15	21557042	14:12:00	Al o	Aluminium	<	150	µg/L
OW172100	2022-02-15	21557042	14:12:00	As o	Arseen	=	1,04	µg/L
OW172100	2022-02-15	21557042	14:12:00	As t	Arseen	=	1,96	µg/L
OW172100	2022-02-15	21557042	14:12:00	B o	Boor	=	68	µg/L
OW172100	2022-02-15	21557042	14:12:00	B t	Boor	=	68	µg/L
OW172100	2022-02-15	21557042	14:12:00	Ba o	Barium	=	33	µg/L
OW172100	2022-02-15	21557042	14:12:00	Ba t	Barium	=	48	µg/L
OW172100	2022-02-15	21557042	14:12:00	Be o	Beryllium	<	0,15	µg/L
OW172100	2022-02-15	21557042	14:12:00	Be t	Beryllium	<	0,15	µg/L
OW172100	2022-02-15	21557042	14:12:00	BZV5	Biochemisch zuurstofverbruik na 5d.	<	2	mgO2/L
OW172100	2022-02-15	21557042	14:12:00	Ca o	Calcium	=	134000	µg/L
OW172100	2022-02-15	21557042	14:12:00	Cd o	Cadmium	<	0,05	µg/L
OW172100	2022-02-15	21557042	14:12:00	Cd t	Cadmium	<	0,2	µg/L
OW172100	2022-02-15	21557042	14:12:00	Cl-	Chloride	=	61,8	mg/L
OW172100	2022-02-15	21557042	14:12:00	Co o	Kobalt	=	0,38	µg/L
OW172100	2022-02-15	21557042	14:12:00	Co t	Kobalt	=	1,14	µg/L
OW172100	2022-02-15	21557042	14:12:00	Cr o	Chroom	<	1,5	µg/L
OW172100	2022-02-15	21557042	14:12:00	Cr t	Chroom	=	6	µg/L
OW172100	2022-02-15	21557042	14:12:00	Cu o	Koper	<	2	µg/L
OW172100	2022-02-15	21557042	14:12:00	Cu t	Koper	=	11,34	µg/L
OW172100	2022-02-15	21557042	14:12:00	CZV	Chemisch zuurstofverbruik	=	16,3	mgO2/L
OW172100	2022-02-15	21557042	14:12:00	DOC	Koolstof	=	5,1	mgC/L
OW172100	2022-02-15	21557042	14:12:00	EC 20	Geleidbaarheid (20°C)	=	861	µS/cm
OW172100	2022-02-15	21557042	14:12:00	EC 25	Geleidbaarheid (25°C)	=	943,2255	µS/cm
OW172100	2022-02-15	21557042	14:12:00	Fe o	Ijzer	<	25	µg/L
OW172100	2022-02-15	21557042	14:12:00	Fe t	Ijzer	=	1970	µg/L
OW172100	2022-02-15	21557042	14:12:00	H t	Hardheid	=	39	°F
OW172100	2022-02-15	21557042	14:12:00	Hg o	Kwik	<	0,025	µg/L
OW172100	2022-02-15	21557042	14:12:00	Hg t	Kwik	<	0,025	µg/L
OW172100	2022-02-15	21557042	14:12:00	K o	Kalium	=	10200	µg/L
OW172100	2022-02-15	21557042	14:12:00	KjN	Kjeldahlstikstof	=	0,711	mgN/L
OW172100	2022-02-15	21557042	14:12:00	Mg o	Magnesium	=	13000	µg/L
OW172100	2022-02-15	21557042	14:12:00	Mn o	Mangaan	=	89	µg/L
OW172100	2022-02-15	21557042	14:12:00	Mn t	Mangaan	=	172	µg/L
OW172100	2022-02-15	21557042	14:12:00	Mo o	Molybdeen	<	1,25	µg/L
OW172100	2022-02-15	21557042	14:12:00	Mo t	Molybdeen	<	2,5	µg/L
OW172100	2022-02-15	21557042	14:12:00	N t	Stikstof	=	6,8	mgN/L
OW172100	2022-02-15	21557042	14:12:00	N+N	Nitraat+nitriet	=	6,089	mgN/L
OW172100	2022-02-15	21557042	14:12:00	N+N+N	Nitraat+nitriet+ammonium	=	6,639	mgN/L
OW172100	2022-02-15	21557042	14:12:00	Na o	Natrium	=	41000	µg/L
OW172100	2022-02-15	21557042	14:12:00	NH4+	Ammonium	=	0,55	mgN/L
OW172100	2022-02-15	21557042	14:12:00	Ni o	Nikkel	<	3,2	µg/L
OW172100	2022-02-15	21557042	14:12:00	Ni t	Nikkel	=	4,73	µg/L
OW172100	2022-02-15	21557042	14:12:00	NO2-	Nitriet	=	0,089	mgN/L
OW172100	2022-02-15	21557042	14:12:00	NO3-	Nitraat	=	6	mgN/L
OW172100	2022-02-15	21557042	14:12:00	O2	Zuurstof	=	10,82	mg/L
OW172100	2022-02-15	21557042	14:12:00	O2 verz	Zuurstof	=	97	%
OW172100	2022-02-15	21557042	14:12:00	oPO4 f	Orthofosfaat	=	0,154	mgP/L
OW172100	2022-02-15	21557042	14:12:00	P t	Fosfor	=	0,383	mgP/L
OW172100	2022-02-15	21557042	14:12:00	Pb o	Lood	<	1,25	µg/L
OW172100	2022-02-15	21557042	14:12:00	Pb t	Lood	=	6,62	µg/L
OW172100	2022-02-15	21557042	14:12:00	pH	pH	=	7,9	-
OW172100	2022-02-15	21557042	14:12:00	Sb o	Antimoon	<	1,5	µg/L
OW172100	2022-02-15	21557042	14:12:00	Sb t	Antimoon	<	1,5	µg/L
OW172100	2022-02-15	21557042	14:12:00	Se o	Seleen	<	1,5	µg/L
OW172100	2022-02-15	21557042	14:12:00	Se t	Seleen	<	1,5	µg/L
OW172100	2022-02-15	21557042	14:12:00	SiO2 o	Silicaat	=	16	mgSiO2/L
OW172100	2022-02-15	21557042	14:12:00	Sn o	Tin	<	1,5	µg/L
OW172100	2022-02-15	21557042	14:12:00	Sn t	Tin	<	1,5	µg/L
OW172100	2022-02-15	21557042	14:12:00	SO4=	Sulfaat	=	94	mg/L
OW172100	2022-02-15	21557042	14:12:00	T	Temperatuur	=	7,5	°C
OW172100	2022-02-15	21557042	14:12:00	TAM	Alkaliniteit met methyloranje	=	6,1	meq/L
OW172100	2022-02-15	21557042	14:12:00	Te o	Telluur	<	2,5	µg/L
OW172100	2022-02-15	21557042	14:12:00	Te t	Telluur	<	2,5	µg/L
OW172100	2022-02-15	21557042	14:12:00	Ti o	Titaan	<	2	µg/L
OW172100	2022-02-15	21557042	14:12:00	Ti t	Titaan	=	30	µg/L
OW172100	2022-02-15	21557042	14:12:00	Tl o	Thallium	<	0,1	µg/L
OW172100	2022-02-15	21557042	14:12:00	Tl t	Thallium	<	0,1	µg/L
OW172100	2022-02-15	21557042	14:12:00	U o	Uranium	=	1,5	µg/L
OW172100	2022-02-15	21557042	14:12:00	U t	Uranium	=	1,58	µg/L
OW172100	2022-02-15	21557042	14:12:00	V o	Vanadium	<	1,5	µg/L
OW172100	2022-02-15	21557042	14:12:00	V t	Vanadium	=	5,3	µg/L
OW172100	2022-02-15	21557042	14:12:00	Zn o	Zink	<	7,5	µg/L
OW172100	2022-02-15	21557042	14:12:00	Zn t	Zink	=	41	µg/L
OW172100	2022-02-15	21557042	14:12:00	ZS	Zwevende stoffen	=	47	mg/L
OW172100	2022-02-28	21557748	10:20:00	10:2 FTS	10:2 fluortelomeersulfonzuur (10:2 FTS)	<	3,95	ng/L
OW172100	2022-02-28	21557748	10:20:00	4:2 FTS	4:2 fluortelomeersulfonzuur (4:2 FTS)	<	1,8	ng/L
OW172100	2022-02-28	21557748	10:20:00	6:2 diPAP	6:2 fluortelomeerfosfaat diester (6:2 diPAP)	<	4,3	ng/L
OW172100	2022-02-28	21557748	10:20:00	6:2 FTS	6:2 fluortelomeersulfonzuur (6:2 FTS)	<	1,65	ng/L
OW172100	2022-02-28	21557748	10:20:00	6:2/8:2 diPAP	6:2/8:2 Fluortelomeerfosfaat diester	<	11,7	ng/L
OW172100	2022-02-28	21557748	10:20:00	8:2 diPAP	8:2 fluortelomeerfosfaat diester (8:2 diPAP)	<	3,8	ng/L
OW172100	2022-02-28	21557748	10:20:00	8:2 FTS	8:2 fluortelomeersulfonzuur (8:2 FTS)	<	1,85	ng/L
OW172100	2022-02-28	21557748	10:20:00	DONA	4,8-dioxa-3H-perfluornonaanzuur (DONA)	<	1,7	ng/L
OW172100	2022-02-28	21557748	10:20:00	EtPFOSA	N-ethylperfluoroctaan-1-sulfonamide (EtPFOSA)	<	3,7	ng/L
OW172100	2022-02-28	21557748	10:20:00	EtPFOSAA	N-ethylperfluoroctaansulfonamidoazijnzuur	<	3,55	ng/L
OW172100	2022-02-28	21557748	10:20:00	HFPO-DA	2,3,3,3-tetrafluor-2(heptafluorpropoxy)propionzuur	<	2,15	ng/L
OW172100	2022-02-28	21557748	10:20:00	MePFBSA	N-methylperfluorbutaansulfonamide (MePFBSA)	<	24	ng/L
OW172100	2022-02-28	21557748	10:20:00	MePFBSAA	N-methylperfluorbutaansulfonamidoazijnzuur	<	24	ng/L
OW172100	2022-02-28	21557748	10:20:00	MePFOSA	N-methylperfluoroctaan-1-sulfonamide (MePFOSA)	<	3,8	ng/L
OW172100	2022-02-28	21557748	10:20:00	MePFOSAA	N-methylperfluoroctaansulfonamidoazijnzuur	<	3	ng/L
OW172100	2022-02-28	21557748	10:20:00	PFAS-43	Som van de 43 PFAS	<	299,5	ng/L
OW172100	2022-02-28	21557748	10:20:00	PFBA	Perfluorbutaanzuur (PFBA)	<	4	ng/L
OW172100	2022-02-28	21557748	10:20:00	PFBS	Perfluorbutaansulfonzuur (PFBS)	<	5	ng/L
OW172100	2022-02-28	21557748	10:20:00	PFBSA	Perfluorbutaansulfonamide (PFBSA)	<	21	ng/L
OW172100	2022-02-28	21557748	10:20:00	PFDA	Perfluordecaanzuur (PFDA)	<	3,15	ng/L
OW172100	2022-02-28	21557748	10:20:00	PFDoDA	Perfluordodecaanzuur (PFDoDA)	<	2,65	ng/L
OW172100	2022-02-28	21557748	10:20:00	PFDoDS	Perfluordodecaansulfonzuur (PFDoDS)	<	7,65	ng/L
OW172100	2022-02-28	21557748	10:20:00	PFDS	Perfluordecaansulfonzuur (PFDS)	<	2,4	ng/L
OW172100	2022-02-28	21557748	10:20:00	PFECHS	Perfluor-4-ethylcyclohexaansulfonzuur (PFECHS)	<	1,85	ng/L
OW172100	2022-02-28	21557748	10:20:00	PFHpA	Perfluorheptaanzuur (PFHpA)	<	2,55	ng/L
OW172100	2022-02-28	21557748	10:20:00	PFHpS	Perfluorheptaansulfonzuur (PFHpS)	<	0,9	ng/L
OW172100	2022-02-28	21557748	10:20:00	PFHxA	Perfluorhexaanzuur (PFHxA)	=	4	ng/L
OW172100	2022-02-28	21557748	10:20:00	PFHxDA	Perfluorhexadecaanzuur (PFHxDA)	<	4,7	ng/L
OW172100	2022-02-28	21557748	10:20:00	PFHxS	Perfluorhexaansulfonzuur (PFHxS)	<	1,35	ng/L
OW172100	2022-02-28	21557748	10:20:00	PFHxSA	Perfluorhexaansulfonamide (PFHxSA)	<	22,5	ng/L
OW172100	2022-02-28	21557748	10:20:00	PFNA	Perfluornonaanzuur (PFNA)	<	1,7	ng/L
OW172100	2022-02-28	21557748	10:20:00	PFNS	Perfluornonaansulfonzuur (PFNS)	<	2,85	ng/L
OW172100	2022-02-28	21557748	10:20:00	PFOA	Perfluoroctaanzuur (PFOA)	<	2,55	ng/L
OW172100	2022-02-28	21557748	10:20:00	PFOA totaal	Totaal perfluoroctaanzuur (lineair + vertakt)	<	7,7	ng/L
OW172100	2022-02-28	21557748	10:20:00	PFODA	Perfluoroctadecaanzuur (PFODA)	<	24	ng/L
OW172100	2022-02-28	21557748	10:20:00	PFOS	Perfluoroctaansulfonzuur (PFOS)	<	2,55	ng/L
OW172100	2022-02-28	21557748	10:20:00	PFOS totaal	Totaal perfluoroctaansulfonzuur (lineair+vertakt)	=	8	ng/L
OW172100	2022-02-28	21557748	10:20:00	PFOSA	Perfluoroctaansulfonamide (PFOSA)	<	2,55	ng/L
OW172100	2022-02-28	21557748	10:20:00	PFOSA totaal	Totaal perfluoroctaansulfonamide (lineair+vertakt)	<	2,55	ng/L
OW172100	2022-02-28	21557748	10:20:00	PFPeA	Perfluorpentaanzuur (PFPeA)	<	4,5	ng/L
OW172100	2022-02-28	21557748	10:20:00	PFPeDA	Perfluorpentadecaanzuur (PFPeDA)	<	17,5	ng/L
OW172100	2022-02-28	21557748	10:20:00	PFPeS	Perfluorpentaansulfonzuur (PFPeS)	<	1,55	ng/L
OW172100	2022-02-28	21557748	10:20:00	PFTeDA	Perfluortetradecaanzuur (PFTeDA)	<	2,25	ng/L
OW172100	2022-02-28	21557748	10:20:00	PFTrDA	Perfluortridecaanzuur (PFTrDA)	<	2,6	ng/L
OW172100	2022-02-28	21557748	10:20:00	PFTrDS	Perfluor-1-tridecaansulfonzuur (PFTrS)	<	24	ng/L
OW172100	2022-02-28	21557748	10:20:00	PFUnDA	Perfluorundecaanzuur (PFUnDA)	<	1,65	ng/L
OW172100	2022-02-28	21557748	10:20:00	PFUnDS	Perfluor-1-undecaansulfonzuur (PFUnS)	<	20	ng/L
OW172100	2022-03-15	21559036	13:20:00	Ag o	Zilver	<	0,05	µg/L
OW172100	2022-03-15	21559036	13:20:00	Ag t	Zilver	<	0,1	µg/L
OW172100	2022-03-15	21559036	13:20:00	Al o	Aluminium	<	150	µg/L
OW172100	2022-03-15	21559036	13:20:00	As o	Arseen	=	1,09	µg/L
OW172100	2022-03-15	21559036	13:20:00	As t	Arseen	=	1,57	µg/L
OW172100	2022-03-15	21559036	13:20:00	B o	Boor	=	80	µg/L
OW172100	2022-03-15	21559036	13:20:00	B t	Boor	=	75	µg/L
OW172100	2022-03-15	21559036	13:20:00	Ba o	Barium	=	35	µg/L
OW172100	2022-03-15	21559036	13:20:00	Ba t	Barium	=	43	µg/L
OW172100	2022-03-15	21559036	13:20:00	Be o	Beryllium	<	0,15	µg/L
OW172100	2022-03-15	21559036	13:20:00	Be t	Beryllium	<	0,15	µg/L
OW172100	2022-03-15	21559036	13:20:00	BZV5	Biochemisch zuurstofverbruik na 5d.	<	2	mgO2/L
OW172100	2022-03-15	21559036	13:20:00	Ca o	Calcium	=	135000	µg/L
OW172100	2022-03-15	21559036	13:20:00	Cd o	Cadmium	<	0,05	µg/L
OW172100	2022-03-15	21559036	13:20:00	Cd t	Cadmium	<	0,2	µg/L
OW172100	2022-03-15	21559036	13:20:00	Cl-	Chloride	=	72	mg/L
OW172100	2022-03-15	21559036	13:20:00	Co o	Kobalt	=	0,35	µg/L
OW172100	2022-03-15	21559036	13:20:00	Co t	Kobalt	=	0,79	µg/L
OW172100	2022-03-15	21559036	13:20:00	Cr o	Chroom	<	1,5	µg/L
OW172100	2022-03-15	21559036	13:20:00	Cr t	Chroom	=	4,26	µg/L
OW172100	2022-03-15	21559036	13:20:00	Cu o	Koper	<	4	µg/L
OW172100	2022-03-15	21559036	13:20:00	Cu t	Koper	=	6,8	µg/L
OW172100	2022-03-15	21559036	13:20:00	CZV	Chemisch zuurstofverbruik	=	9	mgO2/L
OW172100	2022-03-15	21559036	13:20:00	DOC	Koolstof	=	4,9	mgC/L
OW172100	2022-03-15	21559036	13:20:00	EC 20	Geleidbaarheid (20°C)	=	1015	µS/cm
OW172100	2022-03-15	21559036	13:20:00	EC 25	Geleidbaarheid (25°C)	=	1111,9325	µS/cm
OW172100	2022-03-15	21559036	13:20:00	Fe o	Ijzer	<	25	µg/L
OW172100	2022-03-15	21559036	13:20:00	Fe t	Ijzer	=	1160	µg/L
OW172100	2022-03-15	21559036	13:20:00	H t	Hardheid	=	39	°F
OW172100	2022-03-15	21559036	13:20:00	Hg o	Kwik	<	0,025	µg/L
OW172100	2022-03-15	21559036	13:20:00	Hg t	Kwik	<	0,025	µg/L
OW172100	2022-03-15	21559036	13:20:00	K o	Kalium	=	12900	µg/L
OW172100	2022-03-15	21559036	13:20:00	KjN	Kjeldahlstikstof	=	0,699	mgN/L
OW172100	2022-03-15	21559036	13:20:00	Mg o	Magnesium	=	13800	µg/L
OW172100	2022-03-15	21559036	13:20:00	Mn o	Mangaan	=	69	µg/L
OW172100	2022-03-15	21559036	13:20:00	Mn t	Mangaan	=	117	µg/L
OW172100	2022-03-15	21559036	13:20:00	Mo o	Molybdeen	<	2,5	µg/L
OW172100	2022-03-15	21559036	13:20:00	Mo t	Molybdeen	<	2,5	µg/L
OW172100	2022-03-15	21559036	13:20:00	N t	Stikstof	=	7	mgN/L
OW172100	2022-03-15	21559036	13:20:00	N+N	Nitraat+nitriet	=	6,301	mgN/L
OW172100	2022-03-15	21559036	13:20:00	N+N+N	Nitraat+nitriet+ammonium	=	6,901	mgN/L
OW172100	2022-03-15	21559036	13:20:00	Na o	Natrium	=	50000	µg/L
OW172100	2022-03-15	21559036	13:20:00	NH4+	Ammonium	=	0,6	mgN/L
OW172100	2022-03-15	21559036	13:20:00	Ni o	Nikkel	<	3,2	µg/L
OW172100	2022-03-15	21559036	13:20:00	Ni t	Nikkel	=	4,15	µg/L
OW172100	2022-03-15	21559036	13:20:00	NO2-	Nitriet	=	0,101	mgN/L
OW172100	2022-03-15	21559036	13:20:00	NO3-	Nitraat	=	6,2	mgN/L
OW172100	2022-03-15	21559036	13:20:00	O2	Zuurstof	=	10,31	mg/L
OW172100	2022-03-15	21559036	13:20:00	O2 verz	Zuurstof	=	90	%
OW172100	2022-03-15	21559036	13:20:00	oPO4 f	Orthofosfaat	=	0,169	mgP/L
OW172100	2022-03-15	21559036	13:20:00	P t	Fosfor	=	0,315	mgP/L
OW172100	2022-03-15	21559036	13:20:00	Pb o	Lood	<	1,25	µg/L
OW172100	2022-03-15	21559036	13:20:00	Pb t	Lood	=	3,9	µg/L
OW172100	2022-03-15	21559036	13:20:00	pH	pH	=	7,91	-
OW172100	2022-03-15	21559036	13:20:00	Sb o	Antimoon	<	1,5	µg/L
OW172100	2022-03-15	21559036	13:20:00	Sb t	Antimoon	<	1,5	µg/L
OW172100	2022-03-15	21559036	13:20:00	Se o	Seleen	<	1,5	µg/L
OW172100	2022-03-15	21559036	13:20:00	Se t	Seleen	<	1,5	µg/L
OW172100	2022-03-15	21559036	13:20:00	SiO2 o	Silicaat	=	14	mgSiO2/L
OW172100	2022-03-15	21559036	13:20:00	Sn o	Tin	<	1,5	µg/L
OW172100	2022-03-15	21559036	13:20:00	Sn t	Tin	<	1,5	µg/L
OW172100	2022-03-15	21559036	13:20:00	SO4=	Sulfaat	=	106	mg/L
OW172100	2022-03-15	21559036	13:20:00	T	Temperatuur	=	9,7	°C
OW172100	2022-03-15	21559036	13:20:00	TAM	Alkaliniteit met methyloranje	=	6,3	meq/L
OW172100	2022-03-15	21559036	13:20:00	Te o	Telluur	<	2,5	µg/L
OW172100	2022-03-15	21559036	13:20:00	Te t	Telluur	<	2,5	µg/L
OW172100	2022-03-15	21559036	13:20:00	Ti o	Titaan	<	2	µg/L
OW172100	2022-03-15	21559036	13:20:00	Ti t	Titaan	=	18,2	µg/L
OW172100	2022-03-15	21559036	13:20:00	Tl o	Thallium	<	0,1	µg/L
OW172100	2022-03-15	21559036	13:20:00	Tl t	Thallium	<	0,1	µg/L
OW172100	2022-03-15	21559036	13:20:00	U o	Uranium	=	1,41	µg/L
OW172100	2022-03-15	21559036	13:20:00	U t	Uranium	=	1,4	µg/L
OW172100	2022-03-15	21559036	13:20:00	V o	Vanadium	<	1,5	µg/L
OW172100	2022-03-15	21559036	13:20:00	V t	Vanadium	=	3,71	µg/L
OW172100	2022-03-15	21559036	13:20:00	Zn o	Zink	<	7,5	µg/L
OW172100	2022-03-15	21559036	13:20:00	Zn t	Zink	=	27,7	µg/L
OW172100	2022-03-15	21559036	13:20:00	ZS	Zwevende stoffen	=	29	mg/L
OW172100	2022-04-12	21560589	13:50:00	Ag o	Zilver	<	0,05	µg/L
OW172100	2022-04-12	21560589	13:50:00	Ag t	Zilver	<	0,05	µg/L
OW172100	2022-04-12	21560589	13:50:00	Al o	Aluminium	<	150	µg/L
OW172100	2022-04-12	21560589	13:50:00	As o	Arseen	=	1,16	µg/L
OW172100	2022-04-12	21560589	13:50:00	As t	Arseen	=	1,55	µg/L
OW172100	2022-04-12	21560589	13:50:00	B o	Boor	=	71	µg/L
OW172100	2022-04-12	21560589	13:50:00	B t	Boor	=	73	µg/L
OW172100	2022-04-12	21560589	13:50:00	Ba o	Barium	=	31	µg/L
OW172100	2022-04-12	21560589	13:50:00	Ba t	Barium	=	40	µg/L
OW172100	2022-04-12	21560589	13:50:00	Be o	Beryllium	<	0,15	µg/L
OW172100	2022-04-12	21560589	13:50:00	Be t	Beryllium	<	0,15	µg/L
OW172100	2022-04-12	21560589	13:50:00	BZV5	Biochemisch zuurstofverbruik na 5d.	<	2	mgO2/L
OW172100	2022-04-12	21560589	13:50:00	Ca o	Calcium	=	126000	µg/L
OW172100	2022-04-12	21560589	13:50:00	Cd o	Cadmium	<	0,05	µg/L
OW172100	2022-04-12	21560589	13:50:00	Cd t	Cadmium	<	0,2	µg/L
OW172100	2022-04-12	21560589	13:50:00	Cl-	Chloride	=	70	mg/L
OW172100	2022-04-12	21560589	13:50:00	Co o	Kobalt	=	0,25	µg/L
OW172100	2022-04-12	21560589	13:50:00	Co t	Kobalt	=	0,63	µg/L
OW172100	2022-04-12	21560589	13:50:00	Cr o	Chroom	<	1,5	µg/L
OW172100	2022-04-12	21560589	13:50:00	Cr t	Chroom	=	3,2	µg/L
OW172100	2022-04-12	21560589	13:50:00	Cu o	Koper	<	4	µg/L
OW172100	2022-04-12	21560589	13:50:00	Cu t	Koper	=	7,1	µg/L
OW172100	2022-04-12	21560589	13:50:00	CZV	Chemisch zuurstofverbruik	=	11,8	mgO2/L
OW172100	2022-04-12	21560589	13:50:00	DOC	Koolstof	=	5,2	mgC/L
OW172100	2022-04-12	21560589	13:50:00	EC 20	Geleidbaarheid (20°C)	=	870	µS/cm
OW172100	2022-04-12	21560589	13:50:00	EC 25	Geleidbaarheid (25°C)	=	953,085	µS/cm
OW172100	2022-04-12	21560589	13:50:00	Fe o	Ijzer	<	25	µg/L
OW172100	2022-04-12	21560589	13:50:00	Fe t	Ijzer	=	890	µg/L
OW172100	2022-04-12	21560589	13:50:00	H t	Hardheid	=	37	°F
OW172100	2022-04-12	21560589	13:50:00	Hg o	Kwik	<	0,025	µg/L
OW172100	2022-04-12	21560589	13:50:00	Hg t	Kwik	<	0,025	µg/L
OW172100	2022-04-12	21560589	13:50:00	K o	Kalium	=	10500	µg/L
OW172100	2022-04-12	21560589	13:50:00	KjN	Kjeldahlstikstof	=	0,693	mgN/L
OW172100	2022-04-12	21560589	13:50:00	Mg o	Magnesium	=	12200	µg/L
OW172100	2022-04-12	21560589	13:50:00	Mn o	Mangaan	=	21,5	µg/L
OW172100	2022-04-12	21560589	13:50:00	Mn t	Mangaan	=	73	µg/L
OW172100	2022-04-12	21560589	13:50:00	Mo o	Molybdeen	<	2,5	µg/L
OW172100	2022-04-12	21560589	13:50:00	Mo t	Molybdeen	<	2,5	µg/L
OW172100	2022-04-12	21560589	13:50:00	N t	Stikstof	=	7	mgN/L
OW172100	2022-04-12	21560589	13:50:00	N+N	Nitraat+nitriet	=	6,307	mgN/L
OW172100	2022-04-12	21560589	13:50:00	N+N+N	Nitraat+nitriet+ammonium	=	6,727	mgN/L
OW172100	2022-04-12	21560589	13:50:00	Na o	Natrium	=	47000	µg/L
OW172100	2022-04-12	21560589	13:50:00	NH4+	Ammonium	=	0,42	mgN/L
OW172100	2022-04-12	21560589	13:50:00	Ni o	Nikkel	<	3,2	µg/L
OW172100	2022-04-12	21560589	13:50:00	Ni t	Nikkel	=	3,43	µg/L
OW172100	2022-04-12	21560589	13:50:00	NO2-	Nitriet	=	0,107	mgN/L
OW172100	2022-04-12	21560589	13:50:00	NO3-	Nitraat	=	6,2	mgN/L
OW172100	2022-04-12	21560589	13:50:00	O2	Zuurstof	=	10,23	mg/L
OW172100	2022-04-12	21560589	13:50:00	O2 verz	Zuurstof	=	95,4	%
OW172100	2022-04-12	21560589	13:50:00	oPO4 f	Orthofosfaat	=	0,175	mgP/L
OW172100	2022-04-12	21560589	13:50:00	P t	Fosfor	=	0,303	mgP/L
OW172100	2022-04-12	21560589	13:50:00	Pb o	Lood	<	1,25	µg/L
OW172100	2022-04-12	21560589	13:50:00	Pb t	Lood	=	3,18	µg/L
OW172100	2022-04-12	21560589	13:50:00	pH	pH	=	7,91	-
OW172100	2022-04-12	21560589	13:50:00	Sb o	Antimoon	<	1,5	µg/L
OW172100	2022-04-12	21560589	13:50:00	Sb t	Antimoon	<	1,5	µg/L
OW172100	2022-04-12	21560589	13:50:00	Se o	Seleen	<	1,5	µg/L
OW172100	2022-04-12	21560589	13:50:00	Se t	Seleen	<	1,5	µg/L
OW172100	2022-04-12	21560589	13:50:00	SiO2 o	Silicaat	=	12	mgSiO2/L
OW172100	2022-04-12	21560589	13:50:00	Sn o	Tin	<	1,5	µg/L
OW172100	2022-04-12	21560589	13:50:00	Sn t	Tin	<	1,5	µg/L
OW172100	2022-04-12	21560589	13:50:00	SO4=	Sulfaat	=	95	mg/L
OW172100	2022-04-12	21560589	13:50:00	T	Temperatuur	=	12	°C
OW172100	2022-04-12	21560589	13:50:00	TAM	Alkaliniteit met methyloranje	=	5,9	meq/L
OW172100	2022-04-12	21560589	13:50:00	Te o	Telluur	<	2,5	µg/L
OW172100	2022-04-12	21560589	13:50:00	Te t	Telluur	<	2,5	µg/L
OW172100	2022-04-12	21560589	13:50:00	Ti o	Titaan	<	2	µg/L
OW172100	2022-04-12	21560589	13:50:00	Ti t	Titaan	=	14,3	µg/L
OW172100	2022-04-12	21560589	13:50:00	Tl o	Thallium	<	0,1	µg/L
OW172100	2022-04-12	21560589	13:50:00	Tl t	Thallium	<	0,1	µg/L
OW172100	2022-04-12	21560589	13:50:00	U o	Uranium	=	1,18	µg/L
OW172100	2022-04-12	21560589	13:50:00	U t	Uranium	=	1,16	µg/L
OW172100	2022-04-12	21560589	13:50:00	V o	Vanadium	<	3	µg/L
OW172100	2022-04-12	21560589	13:50:00	V t	Vanadium	=	3,45	µg/L
OW172100	2022-04-12	21560589	13:50:00	Zn o	Zink	<	7,5	µg/L
OW172100	2022-04-12	21560589	13:50:00	Zn t	Zink	=	25,8	µg/L
OW172100	2022-04-12	21560589	13:50:00	ZS	Zwevende stoffen	=	22,2	mg/L
OW172100	2022-04-20	21559706	12:15:00	10:2 FTS	10:2 fluortelomeersulfonzuur (10:2 FTS)	<	3,95	ng/L
OW172100	2022-04-20	21559706	12:15:00	4:2 FTS	4:2 fluortelomeersulfonzuur (4:2 FTS)	<	1,8	ng/L
OW172100	2022-04-20	21559706	12:15:00	6:2 diPAP	6:2 fluortelomeerfosfaat diester (6:2 diPAP)	<	4,3	ng/L
OW172100	2022-04-20	21559706	12:15:00	6:2 FTS	6:2 fluortelomeersulfonzuur (6:2 FTS)	=	3,5	ng/L
OW172100	2022-04-20	21559706	12:15:00	6:2/8:2 diPAP	6:2/8:2 Fluortelomeerfosfaat diester	<	11,7	ng/L
OW172100	2022-04-20	21559706	12:15:00	8:2 FTS	8:2 fluortelomeersulfonzuur (8:2 FTS)	<	1,85	ng/L
OW172100	2022-04-20	21559706	12:15:00	DONA	4,8-dioxa-3H-perfluornonaanzuur (DONA)	<	1,7	ng/L
OW172100	2022-04-20	21559706	12:15:00	EtPFOSA	N-ethylperfluoroctaan-1-sulfonamide (EtPFOSA)	<	3,7	ng/L
OW172100	2022-04-20	21559706	12:15:00	EtPFOSAA	N-ethylperfluoroctaansulfonamidoazijnzuur	<	3,55	ng/L
OW172100	2022-04-20	21559706	12:15:00	HFPO-DA	2,3,3,3-tetrafluor-2(heptafluorpropoxy)propionzuur	<	2,15	ng/L
OW172100	2022-04-20	21559706	12:15:00	MePFBSA	N-methylperfluorbutaansulfonamide (MePFBSA)	<	24	ng/L
OW172100	2022-04-20	21559706	12:15:00	MePFBSAA	N-methylperfluorbutaansulfonamidoazijnzuur	<	24	ng/L
OW172100	2022-04-20	21559706	12:15:00	MePFOSA	N-methylperfluoroctaan-1-sulfonamide (MePFOSA)	<	3,8	ng/L
OW172100	2022-04-20	21559706	12:15:00	MePFOSAA	N-methylperfluoroctaansulfonamidoazijnzuur	<	3	ng/L
OW172100	2022-04-20	21559706	12:15:00	PFAS-43	Som van de 43 PFAS	<	285,05	ng/L
OW172100	2022-04-20	21559706	12:15:00	PFBA	Perfluorbutaanzuur (PFBA)	<	4	ng/L
OW172100	2022-04-20	21559706	12:15:00	PFBS	Perfluorbutaansulfonzuur (PFBS)	<	2,5	ng/L
OW172100	2022-04-20	21559706	12:15:00	PFBSA	Perfluorbutaansulfonamide (PFBSA)	<	21	ng/L
OW172100	2022-04-20	21559706	12:15:00	PFDA	Perfluordecaanzuur (PFDA)	<	3,15	ng/L
OW172100	2022-04-20	21559706	12:15:00	PFDoDA	Perfluordodecaanzuur (PFDoDA)	<	2,65	ng/L
OW172100	2022-04-20	21559706	12:15:00	PFDoDS	Perfluordodecaansulfonzuur (PFDoDS)	<	7,65	ng/L
OW172100	2022-04-20	21559706	12:15:00	PFDS	Perfluordecaansulfonzuur (PFDS)	<	2,4	ng/L
OW172100	2022-04-20	21559706	12:15:00	PFECHS	Perfluor-4-ethylcyclohexaansulfonzuur (PFECHS)	<	1,85	ng/L
OW172100	2022-04-20	21559706	12:15:00	PFHpA	Perfluorheptaanzuur (PFHpA)	<	2,55	ng/L
OW172100	2022-04-20	21559706	12:15:00	PFHpS	Perfluorheptaansulfonzuur (PFHpS)	<	0,9	ng/L
OW172100	2022-04-20	21559706	12:15:00	PFHxA	Perfluorhexaanzuur (PFHxA)	=	3,7	ng/L
OW172100	2022-04-20	21559706	12:15:00	PFHxS	Perfluorhexaansulfonzuur (PFHxS)	<	2,7	ng/L
OW172100	2022-04-20	21559706	12:15:00	PFHxSA	Perfluorhexaansulfonamide (PFHxSA)	<	22,5	ng/L
OW172100	2022-04-20	21559706	12:15:00	PFNA	Perfluornonaanzuur (PFNA)	<	1,7	ng/L
OW172100	2022-04-20	21559706	12:15:00	PFNS	Perfluornonaansulfonzuur (PFNS)	<	2,85	ng/L
OW172100	2022-04-20	21559706	12:15:00	PFOA	Perfluoroctaanzuur (PFOA)	<	2,55	ng/L
OW172100	2022-04-20	21559706	12:15:00	PFOA totaal	Totaal perfluoroctaanzuur (lineair + vertakt)	<	7,7	ng/L
OW172100	2022-04-20	21559706	12:15:00	PFODA	Perfluoroctadecaanzuur (PFODA)	<	24	ng/L
OW172100	2022-04-20	21559706	12:15:00	PFOS	Perfluoroctaansulfonzuur (PFOS)	<	2,55	ng/L
OW172100	2022-04-20	21559706	12:15:00	PFOS totaal	Totaal perfluoroctaansulfonzuur (lineair+vertakt)	<	1,65	ng/L
OW172100	2022-04-20	21559706	12:15:00	PFOSA	Perfluoroctaansulfonamide (PFOSA)	<	2,55	ng/L
OW172100	2022-04-20	21559706	12:15:00	PFOSA totaal	Totaal perfluoroctaansulfonamide (lineair+vertakt)	<	2,55	ng/L
OW172100	2022-04-20	21559706	12:15:00	PFPeA	Perfluorpentaanzuur (PFPeA)	<	4,5	ng/L
OW172100	2022-04-20	21559706	12:15:00	PFPeDA	Perfluorpentadecaanzuur (PFPeDA)	<	17,5	ng/L
OW172100	2022-04-20	21559706	12:15:00	PFPeS	Perfluorpentaansulfonzuur (PFPeS)	<	1,55	ng/L
OW172100	2022-04-20	21559706	12:15:00	PFTeDA	Perfluortetradecaanzuur (PFTeDA)	<	2,25	ng/L
OW172100	2022-04-20	21559706	12:15:00	PFTrDA	Perfluortridecaanzuur (PFTrDA)	<	2,6	ng/L
OW172100	2022-04-20	21559706	12:15:00	PFTrDS	Perfluor-1-tridecaansulfonzuur (PFTrS)	<	24	ng/L
OW172100	2022-04-20	21559706	12:15:00	PFUnDA	Perfluorundecaanzuur (PFUnDA)	<	1,65	ng/L
OW172100	2022-04-20	21559706	12:15:00	PFUnDS	Perfluor-1-undecaansulfonzuur (PFUnS)	<	20	ng/L
OW172100	2022-05-10	21562650	13:23:00	Ag o	Zilver	<	0,05	µg/L
OW172100	2022-05-10	21562650	13:23:00	Ag t	Zilver	<	0,1	µg/L
OW172100	2022-05-10	21562650	13:23:00	Al o	Aluminium	<	150	µg/L
OW172100	2022-05-10	21562650	13:23:00	As o	Arseen	=	1,51	µg/L
OW172100	2022-05-10	21562650	13:23:00	As t	Arseen	=	2,14	µg/L
OW172100	2022-05-10	21562650	13:23:00	B o	Boor	=	80	µg/L
OW172100	2022-05-10	21562650	13:23:00	B t	Boor	=	80	µg/L
OW172100	2022-05-10	21562650	13:23:00	Ba o	Barium	=	34	µg/L
OW172100	2022-05-10	21562650	13:23:00	Ba t	Barium	=	45	µg/L
OW172100	2022-05-10	21562650	13:23:00	Be o	Beryllium	<	0,15	µg/L
OW172100	2022-05-10	21562650	13:23:00	Be t	Beryllium	<	0,15	µg/L
OW172100	2022-05-10	21562650	13:23:00	BZV5	Biochemisch zuurstofverbruik na 5d.	<	1	mgO2/L
OW172100	2022-05-10	21562650	13:23:00	Ca o	Calcium	=	130000	µg/L
OW172100	2022-05-10	21562650	13:23:00	Cd o	Cadmium	<	0,05	µg/L
OW172100	2022-05-10	21562650	13:23:00	Cd t	Cadmium	<	0,2	µg/L
OW172100	2022-05-10	21562650	13:23:00	Cl-	Chloride	=	80	mg/L
OW172100	2022-05-10	21562650	13:23:00	Co o	Kobalt	=	0,3	µg/L
OW172100	2022-05-10	21562650	13:23:00	Co t	Kobalt	=	0,78	µg/L
OW172100	2022-05-10	21562650	13:23:00	Cr o	Chroom	<	1,5	µg/L
OW172100	2022-05-10	21562650	13:23:00	Cr t	Chroom	=	4	µg/L
OW172100	2022-05-10	21562650	13:23:00	Cu o	Koper	<	4	µg/L
OW172100	2022-05-10	21562650	13:23:00	Cu t	Koper	=	6,7	µg/L
OW172100	2022-05-10	21562650	13:23:00	CZV	Chemisch zuurstofverbruik	=	15,9	mgO2/L
OW172100	2022-05-10	21562650	13:23:00	DOC	Koolstof	=	4,9	mgC/L
OW172100	2022-05-10	21562650	13:23:00	EC 20	Geleidbaarheid (20°C)	=	907	µS/cm
OW172100	2022-05-10	21562650	13:23:00	EC 25	Geleidbaarheid (25°C)	=	993,6185	µS/cm
OW172100	2022-05-10	21562650	13:23:00	Fe o	Ijzer	<	12,5	µg/L
OW172100	2022-05-10	21562650	13:23:00	Fe t	Ijzer	=	1010	µg/L
OW172100	2022-05-10	21562650	13:23:00	H t	Hardheid	=	38	°F
OW172100	2022-05-10	21562650	13:23:00	Hg o	Kwik	<	0,025	µg/L
OW172100	2022-05-10	21562650	13:23:00	Hg t	Kwik	<	0,025	µg/L
OW172100	2022-05-10	21562650	13:23:00	K o	Kalium	=	14200	µg/L
OW172100	2022-05-10	21562650	13:23:00	KjN	Kjeldahlstikstof	=	0,452	mgN/L
OW172100	2022-05-10	21562650	13:23:00	Mg o	Magnesium	=	13200	µg/L
OW172100	2022-05-10	21562650	13:23:00	Mn o	Mangaan	=	26,5	µg/L
OW172100	2022-05-10	21562650	13:23:00	Mn t	Mangaan	=	102	µg/L
OW172100	2022-05-10	21562650	13:23:00	Mo o	Molybdeen	<	2,5	µg/L
OW172100	2022-05-10	21562650	13:23:00	Mo t	Molybdeen	<	2,5	µg/L
OW172100	2022-05-10	21562650	13:23:00	N t	Stikstof	=	6,9	mgN/L
OW172100	2022-05-10	21562650	13:23:00	N+N	Nitraat+nitriet	=	6,448	mgN/L
OW172100	2022-05-10	21562650	13:23:00	N+N+N	Nitraat+nitriet+ammonium	=	6,578	mgN/L
OW172100	2022-05-10	21562650	13:23:00	Na o	Natrium	=	55000	µg/L
OW172100	2022-05-10	21562650	13:23:00	NH4+	Ammonium	=	0,13	mgN/L
OW172100	2022-05-10	21562650	13:23:00	Ni o	Nikkel	<	3,2	µg/L
OW172100	2022-05-10	21562650	13:23:00	Ni t	Nikkel	=	3,73	µg/L
OW172100	2022-05-10	21562650	13:23:00	NO2-	Nitriet	=	0,148	mgN/L
OW172100	2022-05-10	21562650	13:23:00	NO3-	Nitraat	=	6,3	mgN/L
OW172100	2022-05-10	21562650	13:23:00	O2	Zuurstof	=	8,85	mg/L
OW172100	2022-05-10	21562650	13:23:00	O2 verz	Zuurstof	=	94,2	%
OW172100	2022-05-10	21562650	13:23:00	oPO4 f	Orthofosfaat	=	0,215	mgP/L
OW172100	2022-05-10	21562650	13:23:00	P t	Fosfor	=	0,375	mgP/L
OW172100	2022-05-10	21562650	13:23:00	Pb o	Lood	<	1,25	µg/L
OW172100	2022-05-10	21562650	13:23:00	Pb t	Lood	=	3,53	µg/L
OW172100	2022-05-10	21562650	13:23:00	pH	pH	=	7,91	-
OW172100	2022-05-10	21562650	13:23:00	Sb o	Antimoon	<	1,5	µg/L
OW172100	2022-05-10	21562650	13:23:00	Sb t	Antimoon	<	1,5	µg/L
OW172100	2022-05-10	21562650	13:23:00	Se o	Seleen	<	1,5	µg/L
OW172100	2022-05-10	21562650	13:23:00	Se t	Seleen	<	1,5	µg/L
OW172100	2022-05-10	21562650	13:23:00	SiO2 o	Silicaat	=	10	mgSiO2/L
OW172100	2022-05-10	21562650	13:23:00	Sn o	Tin	<	1,5	µg/L
OW172100	2022-05-10	21562650	13:23:00	Sn t	Tin	<	1,5	µg/L
OW172100	2022-05-10	21562650	13:23:00	SO4=	Sulfaat	=	91	mg/L
OW172100	2022-05-10	21562650	13:23:00	T	Temperatuur	=	18,6	°C
OW172100	2022-05-10	21562650	13:23:00	TAM	Alkaliniteit met methyloranje	=	6,2	meq/L
OW172100	2022-05-10	21562650	13:23:00	Te o	Telluur	<	2,5	µg/L
OW172100	2022-05-10	21562650	13:23:00	Te t	Telluur	<	2,5	µg/L
OW172100	2022-05-10	21562650	13:23:00	Ti o	Titaan	<	2	µg/L
OW172100	2022-05-10	21562650	13:23:00	Ti t	Titaan	=	16,7	µg/L
OW172100	2022-05-10	21562650	13:23:00	Tl o	Thallium	<	0,1	µg/L
OW172100	2022-05-10	21562650	13:23:00	Tl t	Thallium	<	0,1	µg/L
OW172100	2022-05-10	21562650	13:23:00	U o	Uranium	=	1,17	µg/L
OW172100	2022-05-10	21562650	13:23:00	U t	Uranium	=	1,32	µg/L
OW172100	2022-05-10	21562650	13:23:00	V o	Vanadium	<	3	µg/L
OW172100	2022-05-10	21562650	13:23:00	V t	Vanadium	=	3,63	µg/L
OW172100	2022-05-10	21562650	13:23:00	Zn o	Zink	<	7,5	µg/L
OW172100	2022-05-10	21562650	13:23:00	Zn t	Zink	=	28	µg/L
OW172100	2022-05-10	21562650	13:23:00	ZS	Zwevende stoffen	=	26,5	mg/L
OW172100	2022-05-31	21563215	11:00:00	10:2 FTS	10:2 fluortelomeersulfonzuur (10:2 FTS)	<	3,95	ng/L
OW172100	2022-05-31	21563215	11:00:00	4:2 FTS	4:2 fluortelomeersulfonzuur (4:2 FTS)	<	1,8	ng/L
OW172100	2022-05-31	21563215	11:00:00	6:2 diPAP	6:2 fluortelomeerfosfaat diester (6:2 diPAP)	<	4,3	ng/L
OW172100	2022-05-31	21563215	11:00:00	6:2 FTS	6:2 fluortelomeersulfonzuur (6:2 FTS)	<	1,65	ng/L
OW172100	2022-05-31	21563215	11:00:00	6:2/8:2 diPAP	6:2/8:2 Fluortelomeerfosfaat diester	<	11,7	ng/L
OW172100	2022-05-31	21563215	11:00:00	8:2 FTS	8:2 fluortelomeersulfonzuur (8:2 FTS)	<	1,85	ng/L
OW172100	2022-05-31	21563215	11:00:00	DONA	4,8-dioxa-3H-perfluornonaanzuur (DONA)	<	1,7	ng/L
OW172100	2022-05-31	21563215	11:00:00	EtPFOSA	N-ethylperfluoroctaan-1-sulfonamide (EtPFOSA)	<	3,7	ng/L
OW172100	2022-05-31	21563215	11:00:00	EtPFOSAA	N-ethylperfluoroctaansulfonamidoazijnzuur	<	3,55	ng/L
OW172100	2022-05-31	21563215	11:00:00	HFPO-DA	2,3,3,3-tetrafluor-2(heptafluorpropoxy)propionzuur	<	2,15	ng/L
OW172100	2022-05-31	21563215	11:00:00	MePFBSA	N-methylperfluorbutaansulfonamide (MePFBSA)	<	24	ng/L
OW172100	2022-05-31	21563215	11:00:00	MePFBSAA	N-methylperfluorbutaansulfonamidoazijnzuur	<	24	ng/L
OW172100	2022-05-31	21563215	11:00:00	MePFOSA	N-methylperfluoroctaan-1-sulfonamide (MePFOSA)	<	3,8	ng/L
OW172100	2022-05-31	21563215	11:00:00	MePFOSAA	N-methylperfluoroctaansulfonamidoazijnzuur	<	3	ng/L
OW172100	2022-05-31	21563215	11:00:00	PFAS-43	Som van de 43 PFAS	<	300,5	ng/L
OW172100	2022-05-31	21563215	11:00:00	PFBA	Perfluorbutaanzuur (PFBA)	<	4	ng/L
OW172100	2022-05-31	21563215	11:00:00	PFBS	Perfluorbutaansulfonzuur (PFBS)	<	5	ng/L
OW172100	2022-05-31	21563215	11:00:00	PFBSA	Perfluorbutaansulfonamide (PFBSA)	<	21	ng/L
OW172100	2022-05-31	21563215	11:00:00	PFDA	Perfluordecaanzuur (PFDA)	<	3,15	ng/L
OW172100	2022-05-31	21563215	11:00:00	PFDoDA	Perfluordodecaanzuur (PFDoDA)	<	2,65	ng/L
OW172100	2022-05-31	21563215	11:00:00	PFDoDS	Perfluordodecaansulfonzuur (PFDoDS)	<	7,65	ng/L
OW172100	2022-05-31	21563215	11:00:00	PFDS	Perfluordecaansulfonzuur (PFDS)	<	2,4	ng/L
OW172100	2022-05-31	21563215	11:00:00	PFECHS	Perfluor-4-ethylcyclohexaansulfonzuur (PFECHS)	<	1,85	ng/L
OW172100	2022-05-31	21563215	11:00:00	PFHpA	Perfluorheptaanzuur (PFHpA)	<	5,1	ng/L
OW172100	2022-05-31	21563215	11:00:00	PFHpS	Perfluorheptaansulfonzuur (PFHpS)	<	0,9	ng/L
OW172100	2022-05-31	21563215	11:00:00	PFHxA	Perfluorhexaanzuur (PFHxA)	=	5,3	ng/L
OW172100	2022-05-31	21563215	11:00:00	PFHxDA	Perfluorhexadecaanzuur (PFHxDA)	<	4,7	ng/L
OW172100	2022-05-31	21563215	11:00:00	PFHxS	Perfluorhexaansulfonzuur (PFHxS)	=	2,8	ng/L
OW172100	2022-05-31	21563215	11:00:00	PFHxSA	Perfluorhexaansulfonamide (PFHxSA)	<	22,5	ng/L
OW172100	2022-05-31	21563215	11:00:00	PFNA	Perfluornonaanzuur (PFNA)	<	1,7	ng/L
OW172100	2022-05-31	21563215	11:00:00	PFNS	Perfluornonaansulfonzuur (PFNS)	<	2,85	ng/L
OW172100	2022-05-31	21563215	11:00:00	PFOA	Perfluoroctaanzuur (PFOA)	<	2,55	ng/L
OW172100	2022-05-31	21563215	11:00:00	PFOA totaal	Totaal perfluoroctaanzuur (lineair + vertakt)	<	7,7	ng/L
OW172100	2022-05-31	21563215	11:00:00	PFODA	Perfluoroctadecaanzuur (PFODA)	<	24	ng/L
OW172100	2022-05-31	21563215	11:00:00	PFOS	Perfluoroctaansulfonzuur (PFOS)	<	2,55	ng/L
OW172100	2022-05-31	21563215	11:00:00	PFOS totaal	Totaal perfluoroctaansulfonzuur (lineair+vertakt)	=	7,5	ng/L
OW172100	2022-05-31	21563215	11:00:00	PFOSA	Perfluoroctaansulfonamide (PFOSA)	<	2,55	ng/L
OW172100	2022-05-31	21563215	11:00:00	PFOSA totaal	Totaal perfluoroctaansulfonamide (lineair+vertakt)	<	2,55	ng/L
OW172100	2022-05-31	21563215	11:00:00	PFPeA	Perfluorpentaanzuur (PFPeA)	<	4,5	ng/L
OW172100	2022-05-31	21563215	11:00:00	PFPeDA	Perfluorpentadecaanzuur (PFPeDA)	<	17,5	ng/L
OW172100	2022-05-31	21563215	11:00:00	PFPeS	Perfluorpentaansulfonzuur (PFPeS)	<	1,55	ng/L
OW172100	2022-05-31	21563215	11:00:00	PFTeDA	Perfluortetradecaanzuur (PFTeDA)	<	2,25	ng/L
OW172100	2022-05-31	21563215	11:00:00	PFTrDA	Perfluortridecaanzuur (PFTrDA)	<	2,6	ng/L
OW172100	2022-05-31	21563215	11:00:00	PFTrDS	Perfluor-1-tridecaansulfonzuur (PFTrS)	<	24	ng/L
OW172100	2022-05-31	21563215	11:00:00	PFUnDA	Perfluorundecaanzuur (PFUnDA)	<	1,65	ng/L
OW172100	2022-05-31	21563215	11:00:00	PFUnDS	Perfluor-1-undecaansulfonzuur (PFUnS)	<	20	ng/L
OW172100	2022-06-14	21565477	13:50:00	Ag o	Zilver	<	0,05	µg/L
OW172100	2022-06-14	21565477	13:50:00	Ag t	Zilver	<	0,05	µg/L
OW172100	2022-06-14	21565477	13:50:00	Al o	Aluminium	<	150	µg/L
OW172100	2022-06-14	21565477	13:50:00	As o	Arseen	=	1,84	µg/L
OW172100	2022-06-14	21565477	13:50:00	As t	Arseen	=	2,56	µg/L
OW172100	2022-06-14	21565477	13:50:00	B o	Boor	=	72	µg/L
OW172100	2022-06-14	21565477	13:50:00	B t	Boor	=	71	µg/L
OW172100	2022-06-14	21565477	13:50:00	Ba o	Barium	=	29	µg/L
OW172100	2022-06-14	21565477	13:50:00	Ba t	Barium	=	38	µg/L
OW172100	2022-06-14	21565477	13:50:00	Be o	Beryllium	<	0,15	µg/L
OW172100	2022-06-14	21565477	13:50:00	Be t	Beryllium	<	0,15	µg/L
OW172100	2022-06-14	21565477	13:50:00	BZV5	Biochemisch zuurstofverbruik na 5d.	<	2	mgO2/L
OW172100	2022-06-14	21565477	13:50:00	Ca o	Calcium	=	107000	µg/L
OW172100	2022-06-14	21565477	13:50:00	Cd o	Cadmium	<	0,05	µg/L
OW172100	2022-06-14	21565477	13:50:00	Cd t	Cadmium	<	0,2	µg/L
OW172100	2022-06-14	21565477	13:50:00	Cl-	Chloride	=	70	mg/L
OW172100	2022-06-14	21565477	13:50:00	Co o	Kobalt	=	0,26	µg/L
OW172100	2022-06-14	21565477	13:50:00	Co t	Kobalt	=	1,05	µg/L
OW172100	2022-06-14	21565477	13:50:00	Cr o	Chroom	<	1,5	µg/L
OW172100	2022-06-14	21565477	13:50:00	Cr t	Chroom	=	5,22	µg/L
OW172100	2022-06-14	21565477	13:50:00	Cu o	Koper	<	4	µg/L
OW172100	2022-06-14	21565477	13:50:00	Cu t	Koper	=	5,5	µg/L
OW172100	2022-06-14	21565477	13:50:00	CZV	Chemisch zuurstofverbruik	=	22,5	mgO2/L
OW172100	2022-06-14	21565477	13:50:00	DOC	Koolstof	=	5,3	mgC/L
OW172100	2022-06-14	21565477	13:50:00	EC 20	Geleidbaarheid (20°C)	=	776	µS/cm
OW172100	2022-06-14	21565477	13:50:00	EC 25	Geleidbaarheid (25°C)	=	850,108	µS/cm
OW172100	2022-06-14	21565477	13:50:00	Fe o	Ijzer	<	25	µg/L
OW172100	2022-06-14	21565477	13:50:00	Fe t	Ijzer	=	1650	µg/L
OW172100	2022-06-14	21565477	13:50:00	H t	Hardheid	=	31	°F
OW172100	2022-06-14	21565477	13:50:00	Hg o	Kwik	<	0,025	µg/L
OW172100	2022-06-14	21565477	13:50:00	Hg t	Kwik	<	0,025	µg/L
OW172100	2022-06-14	21565477	13:50:00	K o	Kalium	=	13400	µg/L
OW172100	2022-06-14	21565477	13:50:00	KjN	Kjeldahlstikstof	=	0,504	mgN/L
OW172100	2022-06-14	21565477	13:50:00	Mg o	Magnesium	=	10700	µg/L
OW172100	2022-06-14	21565477	13:50:00	Mn o	Mangaan	=	17,7	µg/L
OW172100	2022-06-14	21565477	13:50:00	Mn t	Mangaan	=	143	µg/L
OW172100	2022-06-14	21565477	13:50:00	Mo o	Molybdeen	<	2,5	µg/L
OW172100	2022-06-14	21565477	13:50:00	Mo t	Molybdeen	=	2,66	µg/L
OW172100	2022-06-14	21565477	13:50:00	N t	Stikstof	=	6,2	mgN/L
OW172100	2022-06-14	21565477	13:50:00	N+N	Nitraat+nitriet	=	5,696	mgN/L
OW172100	2022-06-14	21565477	13:50:00	N+N+N	Nitraat+nitriet+ammonium	=	5,914	mgN/L
OW172100	2022-06-14	21565477	13:50:00	Na o	Natrium	=	44000	µg/L
OW172100	2022-06-14	21565477	13:50:00	NH4+	Ammonium	=	0,218	mgN/L
OW172100	2022-06-14	21565477	13:50:00	Ni o	Nikkel	<	3,2	µg/L
OW172100	2022-06-14	21565477	13:50:00	Ni t	Nikkel	=	4,02	µg/L
OW172100	2022-06-14	21565477	13:50:00	NO2-	Nitriet	=	0,296	mgN/L
OW172100	2022-06-14	21565477	13:50:00	NO3-	Nitraat	=	5,4	mgN/L
OW172100	2022-06-14	21565477	13:50:00	O2	Zuurstof	=	6,91	mg/L
OW172100	2022-06-14	21565477	13:50:00	O2 verz	Zuurstof	=	76	%
OW172100	2022-06-14	21565477	13:50:00	oPO4 f	Orthofosfaat	=	0,321	mgP/L
OW172100	2022-06-14	21565477	13:50:00	P t	Fosfor	=	0,504	mgP/L
OW172100	2022-06-14	21565477	13:50:00	Pb o	Lood	<	1,25	µg/L
OW172100	2022-06-14	21565477	13:50:00	Pb t	Lood	=	4,34	µg/L
OW172100	2022-06-14	21565477	13:50:00	pH	pH	=	7,73	-
OW172100	2022-06-14	21565477	13:50:00	Sb o	Antimoon	<	1,5	µg/L
OW172100	2022-06-14	21565477	13:50:00	Sb t	Antimoon	<	1,5	µg/L
OW172100	2022-06-14	21565477	13:50:00	Se o	Seleen	<	1,5	µg/L
OW172100	2022-06-14	21565477	13:50:00	Se t	Seleen	<	1,5	µg/L
OW172100	2022-06-14	21565477	13:50:00	SiO2 o	Silicaat	=	12	mgSiO2/L
OW172100	2022-06-14	21565477	13:50:00	Sn o	Tin	<	1,5	µg/L
OW172100	2022-06-14	21565477	13:50:00	Sn t	Tin	<	1,5	µg/L
OW172100	2022-06-14	21565477	13:50:00	SO4=	Sulfaat	=	75	mg/L
OW172100	2022-06-14	21565477	13:50:00	T	Temperatuur	=	20,6	°C
OW172100	2022-06-14	21565477	13:50:00	TAM	Alkaliniteit met methyloranje	=	5,3	meq/L
OW172100	2022-06-14	21565477	13:50:00	Te o	Telluur	<	2,5	µg/L
OW172100	2022-06-14	21565477	13:50:00	Te t	Telluur	<	2,5	µg/L
OW172100	2022-06-14	21565477	13:50:00	Ti o	Titaan	<	2	µg/L
OW172100	2022-06-14	21565477	13:50:00	Ti t	Titaan	=	31	µg/L
OW172100	2022-06-14	21565477	13:50:00	Tl o	Thallium	<	0,1	µg/L
OW172100	2022-06-14	21565477	13:50:00	Tl t	Thallium	<	0,1	µg/L
OW172100	2022-06-14	21565477	13:50:00	U o	Uranium	=	0,98	µg/L
OW172100	2022-06-14	21565477	13:50:00	U t	Uranium	=	1,05	µg/L
OW172100	2022-06-14	21565477	13:50:00	V o	Vanadium	<	3	µg/L
OW172100	2022-06-14	21565477	13:50:00	V t	Vanadium	=	6,4	µg/L
OW172100	2022-06-14	21565477	13:50:00	Zn o	Zink	<	7,5	µg/L
OW172100	2022-06-14	21565477	13:50:00	Zn t	Zink	=	25,4	µg/L
OW172100	2022-06-14	21565477	13:50:00	ZS	Zwevende stoffen	=	43	mg/L
OW172100	2022-06-30	21567562	08:47:00	EC 20	Geleidbaarheid (20°C)	=	816	µS/cm
OW172100	2022-06-30	21567562	08:47:00	EC 25	Geleidbaarheid (25°C)	=	893,928	µS/cm
OW172100	2022-06-30	21567562	08:47:00	O2	Zuurstof	=	7,16	mg/L
OW172100	2022-06-30	21567562	08:47:00	O2 verz	Zuurstof	=	81,9	%
OW172100	2022-06-30	21567562	08:47:00	pH	pH	=	7,81	-
OW172100	2022-06-30	21567562	08:47:00	T	Temperatuur	=	22,2	°C
OW172100	2022-07-04	21563222	12:20:00	10:2 FTS	10:2 fluortelomeersulfonzuur (10:2 FTS)	<	3,95	ng/L
OW172100	2022-07-04	21563222	12:20:00	4:2 FTS	4:2 fluortelomeersulfonzuur (4:2 FTS)	<	1,8	ng/L
OW172100	2022-07-04	21563222	12:20:00	6:2 diPAP	6:2 fluortelomeerfosfaat diester (6:2 diPAP)	<	4,3	ng/L
OW172100	2022-07-04	21563222	12:20:00	6:2 FTS	6:2 fluortelomeersulfonzuur (6:2 FTS)	<	1,65	ng/L
OW172100	2022-07-04	21563222	12:20:00	6:2/8:2 diPAP	6:2/8:2 Fluortelomeerfosfaat diester	<	11,7	ng/L
OW172100	2022-07-04	21563222	12:20:00	8:2 FTS	8:2 fluortelomeersulfonzuur (8:2 FTS)	<	1,85	ng/L
OW172100	2022-07-04	21563222	12:20:00	DONA	4,8-dioxa-3H-perfluornonaanzuur (DONA)	<	1,7	ng/L
OW172100	2022-07-04	21563222	12:20:00	EtPFOSA	N-ethylperfluoroctaan-1-sulfonamide (EtPFOSA)	<	3,7	ng/L
OW172100	2022-07-04	21563222	12:20:00	EtPFOSAA	N-ethylperfluoroctaansulfonamidoazijnzuur	<	3,55	ng/L
OW172100	2022-07-04	21563222	12:20:00	HFPO-DA	2,3,3,3-tetrafluor-2(heptafluorpropoxy)propionzuur	<	2,15	ng/L
OW172100	2022-07-04	21563222	12:20:00	MePFBSA	N-methylperfluorbutaansulfonamide (MePFBSA)	<	24	ng/L
OW172100	2022-07-04	21563222	12:20:00	MePFBSAA	N-methylperfluorbutaansulfonamidoazijnzuur	<	24	ng/L
OW172100	2022-07-04	21563222	12:20:00	MePFOSA	N-methylperfluoroctaan-1-sulfonamide (MePFOSA)	<	3,8	ng/L
OW172100	2022-07-04	21563222	12:20:00	MePFOSAA	N-methylperfluoroctaansulfonamidoazijnzuur	<	3	ng/L
OW172100	2022-07-04	21563222	12:20:00	PFAS-43	Som van de 43 PFAS	<	320,3	ng/L
OW172100	2022-07-04	21563222	12:20:00	PFBA	Perfluorbutaanzuur (PFBA)	<	4	ng/L
OW172100	2022-07-04	21563222	12:20:00	PFBS	Perfluorbutaansulfonzuur (PFBS)	<	5	ng/L
OW172100	2022-07-04	21563222	12:20:00	PFBSA	Perfluorbutaansulfonamide (PFBSA)	<	21	ng/L
OW172100	2022-07-04	21563222	12:20:00	PFDA	Perfluordecaanzuur (PFDA)	<	3,15	ng/L
OW172100	2022-07-04	21563222	12:20:00	PFDoDA	Perfluordodecaanzuur (PFDoDA)	=	5,4	ng/L
OW172100	2022-07-04	21563222	12:20:00	PFDoDS	Perfluordodecaansulfonzuur (PFDoDS)	<	7,65	ng/L
OW172100	2022-07-04	21563222	12:20:00	PFDS	Perfluordecaansulfonzuur (PFDS)	<	2,4	ng/L
OW172100	2022-07-04	21563222	12:20:00	PFECHS	Perfluor-4-ethylcyclohexaansulfonzuur (PFECHS)	<	1,85	ng/L
OW172100	2022-07-04	21563222	12:20:00	PFHpA	Perfluorheptaanzuur (PFHpA)	=	5,2	ng/L
OW172100	2022-07-04	21563222	12:20:00	PFHpS	Perfluorheptaansulfonzuur (PFHpS)	<	0,9	ng/L
OW172100	2022-07-04	21563222	12:20:00	PFHxA	Perfluorhexaanzuur (PFHxA)	=	7,6	ng/L
OW172100	2022-07-04	21563222	12:20:00	PFHxS	Perfluorhexaansulfonzuur (PFHxS)	=	6,1	ng/L
OW172100	2022-07-04	21563222	12:20:00	PFHxSA	Perfluorhexaansulfonamide (PFHxSA)	<	22,5	ng/L
OW172100	2022-07-04	21563222	12:20:00	PFNA	Perfluornonaanzuur (PFNA)	=	3,7	ng/L
OW172100	2022-07-04	21563222	12:20:00	PFNS	Perfluornonaansulfonzuur (PFNS)	<	2,85	ng/L
OW172100	2022-07-04	21563222	12:20:00	PFOA	Perfluoroctaanzuur (PFOA)	<	2,55	ng/L
OW172100	2022-07-04	21563222	12:20:00	PFOA totaal	Totaal perfluoroctaanzuur (lineair + vertakt)	<	7,7	ng/L
OW172100	2022-07-04	21563222	12:20:00	PFODA	Perfluoroctadecaanzuur (PFODA)	<	24	ng/L
OW172100	2022-07-04	21563222	12:20:00	PFOS	Perfluoroctaansulfonzuur (PFOS)	=	8,2	ng/L
OW172100	2022-07-04	21563222	12:20:00	PFOS totaal	Totaal perfluoroctaansulfonzuur (lineair+vertakt)	=	11	ng/L
OW172100	2022-07-04	21563222	12:20:00	PFOSA	Perfluoroctaansulfonamide (PFOSA)	<	2,55	ng/L
OW172100	2022-07-04	21563222	12:20:00	PFOSA totaal	Totaal perfluoroctaansulfonamide (lineair+vertakt)	<	2,55	ng/L
OW172100	2022-07-04	21563222	12:20:00	PFPeA	Perfluorpentaanzuur (PFPeA)	<	9	ng/L
OW172100	2022-07-04	21563222	12:20:00	PFPeDA	Perfluorpentadecaanzuur (PFPeDA)	<	17,5	ng/L
OW172100	2022-07-04	21563222	12:20:00	PFPeS	Perfluorpentaansulfonzuur (PFPeS)	<	1,55	ng/L
OW172100	2022-07-04	21563222	12:20:00	PFTeDA	Perfluortetradecaanzuur (PFTeDA)	=	5,7	ng/L
OW172100	2022-07-04	21563222	12:20:00	PFTrDA	Perfluortridecaanzuur (PFTrDA)	<	5,2	ng/L
OW172100	2022-07-04	21563222	12:20:00	PFTrDS	Perfluor-1-tridecaansulfonzuur (PFTrS)	<	24	ng/L
OW172100	2022-07-04	21563222	12:20:00	PFUnDA	Perfluorundecaanzuur (PFUnDA)	<	1,65	ng/L
OW172100	2022-07-04	21563222	12:20:00	PFUnDS	Perfluor-1-undecaansulfonzuur (PFUnS)	<	20	ng/L
OW172100	2022-07-05	21564807	14:15:00	Ag o	Zilver	<	0,05	µg/L
OW172100	2022-07-05	21564807	14:15:00	Ag t	Zilver	<	0,05	µg/L
OW172100	2022-07-05	21564807	14:15:00	Al o	Aluminium	<	150	µg/L
OW172100	2022-07-05	21564807	14:15:00	As o	Arseen	=	2	µg/L
OW172100	2022-07-05	21564807	14:15:00	As t	Arseen	=	2,44	µg/L
OW172100	2022-07-05	21564807	14:15:00	B o	Boor	=	77	µg/L
OW172100	2022-07-05	21564807	14:15:00	B t	Boor	=	78	µg/L
OW172100	2022-07-05	21564807	14:15:00	Ba o	Barium	=	33	µg/L
OW172100	2022-07-05	21564807	14:15:00	Ba t	Barium	=	41	µg/L
OW172100	2022-07-05	21564807	14:15:00	Be o	Beryllium	<	0,15	µg/L
OW172100	2022-07-05	21564807	14:15:00	Be t	Beryllium	<	0,15	µg/L
OW172100	2022-07-05	21564807	14:15:00	BZV5	Biochemisch zuurstofverbruik na 5d.	<	2	mgO2/L
OW172100	2022-07-05	21564807	14:15:00	Ca o	Calcium	=	115000	µg/L
OW172100	2022-07-05	21564807	14:15:00	Cd o	Cadmium	<	0,05	µg/L
OW172100	2022-07-05	21564807	14:15:00	Cd t	Cadmium	<	0,1	µg/L
OW172100	2022-07-05	21564807	14:15:00	Cl-	Chloride	=	72	mg/L
OW172100	2022-07-05	21564807	14:15:00	Co o	Kobalt	=	0,23	µg/L
OW172100	2022-07-05	21564807	14:15:00	Co t	Kobalt	=	0,64	µg/L
OW172100	2022-07-05	21564807	14:15:00	Cr o	Chroom	<	1,5	µg/L
OW172100	2022-07-05	21564807	14:15:00	Cr t	Chroom	=	3,27	µg/L
OW172100	2022-07-05	21564807	14:15:00	Cu o	Koper	<	4	µg/L
OW172100	2022-07-05	21564807	14:15:00	Cu t	Koper	=	4,58	µg/L
OW172100	2022-07-05	21564807	14:15:00	CZV	Chemisch zuurstofverbruik	=	8,5	mgO2/L
OW172100	2022-07-05	21564807	14:15:00	DOC	Koolstof	=	4,8	mgC/L
OW172100	2022-07-05	21564807	14:15:00	EC 20	Geleidbaarheid (20°C)	=	830	µS/cm
OW172100	2022-07-05	21564807	14:15:00	EC 25	Geleidbaarheid (25°C)	=	909,265	µS/cm
OW172100	2022-07-05	21564807	14:15:00	Fe o	Ijzer	<	12,5	µg/L
OW172100	2022-07-05	21564807	14:15:00	Fe t	Ijzer	=	770	µg/L
OW172100	2022-07-05	21564807	14:15:00	H t	Hardheid	=	34	°F
OW172100	2022-07-05	21564807	14:15:00	Hg o	Kwik	<	0,025	µg/L
OW172100	2022-07-05	21564807	14:15:00	Hg t	Kwik	<	0,025	µg/L
OW172100	2022-07-05	21564807	14:15:00	K o	Kalium	=	14000	µg/L
OW172100	2022-07-05	21564807	14:15:00	KjN	Kjeldahlstikstof	=	0,612	mgN/L
OW172100	2022-07-05	21564807	14:15:00	Mg o	Magnesium	=	11700	µg/L
OW172100	2022-07-05	21564807	14:15:00	Mn o	Mangaan	=	4,2	µg/L
OW172100	2022-07-05	21564807	14:15:00	Mn t	Mangaan	=	83	µg/L
OW172100	2022-07-05	21564807	14:15:00	Mo o	Molybdeen	<	2,5	µg/L
OW172100	2022-07-05	21564807	14:15:00	Mo t	Molybdeen	<	2,5	µg/L
OW172100	2022-07-05	21564807	14:15:00	N t	Stikstof	=	5,3	mgN/L
OW172100	2022-07-05	21564807	14:15:00	N+N	Nitraat+nitriet	=	4,688	mgN/L
OW172100	2022-07-05	21564807	14:15:00	N+N+N	Nitraat+nitriet+ammonium	<	4,713	mgN/L
OW172100	2022-07-05	21564807	14:15:00	Na o	Natrium	=	53000	µg/L
OW172100	2022-07-05	21564807	14:15:00	NH4+	Ammonium	<	0,025	mgN/L
OW172100	2022-07-05	21564807	14:15:00	Ni o	Nikkel	<	3,2	µg/L
OW172100	2022-07-05	21564807	14:15:00	Ni t	Nikkel	=	3,22	µg/L
OW172100	2022-07-05	21564807	14:15:00	NO2-	Nitriet	=	0,158	mgN/L
OW172100	2022-07-05	21564807	14:15:00	NO3-	Nitraat	=	4,53	mgN/L
OW172100	2022-07-05	21564807	14:15:00	O2	Zuurstof	=	6,65	mg/L
OW172100	2022-07-05	21564807	14:15:00	O2 verz	Zuurstof	=	75,2	%
OW172100	2022-07-05	21564807	14:15:00	oPO4 f	Orthofosfaat	=	0,291	mgP/L
OW172100	2022-07-05	21564807	14:15:00	P t	Fosfor	=	0,434	mgP/L
OW172100	2022-07-05	21564807	14:15:00	Pb o	Lood	<	1,25	µg/L
OW172100	2022-07-05	21564807	14:15:00	Pb t	Lood	<	2,5	µg/L
OW172100	2022-07-05	21564807	14:15:00	pH	pH	=	8,07	-
OW172100	2022-07-05	21564807	14:15:00	Sb o	Antimoon	<	1,5	µg/L
OW172100	2022-07-05	21564807	14:15:00	Sb t	Antimoon	<	1,5	µg/L
OW172100	2022-07-05	21564807	14:15:00	Se o	Seleen	<	1,5	µg/L
OW172100	2022-07-05	21564807	14:15:00	Se t	Seleen	<	1,5	µg/L
OW172100	2022-07-05	21564807	14:15:00	SiO2 o	Silicaat	=	8	mgSiO2/L
OW172100	2022-07-05	21564807	14:15:00	Sn o	Tin	<	1,5	µg/L
OW172100	2022-07-05	21564807	14:15:00	Sn t	Tin	<	1,5	µg/L
OW172100	2022-07-05	21564807	14:15:00	SO4=	Sulfaat	=	83	mg/L
OW172100	2022-07-05	21564807	14:15:00	T	Temperatuur	=	22,4	°C
OW172100	2022-07-05	21564807	14:15:00	TAM	Alkaliniteit met methyloranje	=	5,4	meq/L
OW172100	2022-07-05	21564807	14:15:00	Te o	Telluur	<	2,5	µg/L
OW172100	2022-07-05	21564807	14:15:00	Te t	Telluur	<	2,5	µg/L
OW172100	2022-07-05	21564807	14:15:00	Ti o	Titaan	<	2	µg/L
OW172100	2022-07-05	21564807	14:15:00	Ti t	Titaan	=	13	µg/L
OW172100	2022-07-05	21564807	14:15:00	Tl o	Thallium	<	0,1	µg/L
OW172100	2022-07-05	21564807	14:15:00	Tl t	Thallium	<	0,1	µg/L
OW172100	2022-07-05	21564807	14:15:00	U o	Uranium	=	0,98	µg/L
OW172100	2022-07-05	21564807	14:15:00	U t	Uranium	=	1,08	µg/L
OW172100	2022-07-05	21564807	14:15:00	V o	Vanadium	<	3	µg/L
OW172100	2022-07-05	21564807	14:15:00	V t	Vanadium	=	4,06	µg/L
OW172100	2022-07-05	21564807	14:15:00	Zn o	Zink	<	7,5	µg/L
OW172100	2022-07-05	21564807	14:15:00	Zn t	Zink	=	22,3	µg/L
OW172100	2022-07-05	21564807	14:15:00	ZS	Zwevende stoffen	=	20,2	mg/L
OW172100	2022-08-04	21563229	15:15:00	10:2 FTS	10:2 fluortelomeersulfonzuur (10:2 FTS)	<	3,95	ng/L
OW172100	2022-08-04	21563229	15:15:00	4:2 FTS	4:2 fluortelomeersulfonzuur (4:2 FTS)	<	1,8	ng/L
OW172100	2022-08-04	21563229	15:15:00	6:2 diPAP	6:2 fluortelomeerfosfaat diester (6:2 diPAP)	<	4,3	ng/L
OW172100	2022-08-04	21563229	15:15:00	6:2 FTS	6:2 fluortelomeersulfonzuur (6:2 FTS)	<	1,65	ng/L
OW172100	2022-08-04	21563229	15:15:00	6:2/8:2 diPAP	6:2/8:2 Fluortelomeerfosfaat diester	<	11,7	ng/L
OW172100	2022-08-04	21563229	15:15:00	8:2 FTS	8:2 fluortelomeersulfonzuur (8:2 FTS)	<	1,85	ng/L
OW172100	2022-08-04	21563229	15:15:00	DONA	4,8-dioxa-3H-perfluornonaanzuur (DONA)	<	1,7	ng/L
OW172100	2022-08-04	21563229	15:15:00	EtPFOSA	N-ethylperfluoroctaan-1-sulfonamide (EtPFOSA)	<	3,7	ng/L
OW172100	2022-08-04	21563229	15:15:00	EtPFOSAA	N-ethylperfluoroctaansulfonamidoazijnzuur	<	3,55	ng/L
OW172100	2022-08-04	21563229	15:15:00	HFPO-DA	2,3,3,3-tetrafluor-2(heptafluorpropoxy)propionzuur	<	2,15	ng/L
OW172100	2022-08-04	21563229	15:15:00	MePFBSA	N-methylperfluorbutaansulfonamide (MePFBSA)	<	24	ng/L
OW172100	2022-08-04	21563229	15:15:00	MePFBSAA	N-methylperfluorbutaansulfonamidoazijnzuur	<	24	ng/L
OW172100	2022-08-04	21563229	15:15:00	MePFOSA	N-methylperfluoroctaan-1-sulfonamide (MePFOSA)	<	3,8	ng/L
OW172100	2022-08-04	21563229	15:15:00	MePFOSAA	N-methylperfluoroctaansulfonamidoazijnzuur	<	3	ng/L
OW172100	2022-08-04	21563229	15:15:00	PFAS-43	Som van de 43 PFAS	<	296,3	ng/L
OW172100	2022-08-04	21563229	15:15:00	PFBA	Perfluorbutaanzuur (PFBA)	<	4	ng/L
OW172100	2022-08-04	21563229	15:15:00	PFBS	Perfluorbutaansulfonzuur (PFBS)	<	2,5	ng/L
OW172100	2022-08-04	21563229	15:15:00	PFBSA	Perfluorbutaansulfonamide (PFBSA)	<	21	ng/L
OW172100	2022-08-04	21563229	15:15:00	PFDA	Perfluordecaanzuur (PFDA)	<	3,15	ng/L
OW172100	2022-08-04	21563229	15:15:00	PFDoDA	Perfluordodecaanzuur (PFDoDA)	<	2,65	ng/L
OW172100	2022-08-04	21563229	15:15:00	PFDoDS	Perfluordodecaansulfonzuur (PFDoDS)	<	7,65	ng/L
OW172100	2022-08-04	21563229	15:15:00	PFDS	Perfluordecaansulfonzuur (PFDS)	<	2,4	ng/L
OW172100	2022-08-04	21563229	15:15:00	PFECHS	Perfluor-4-ethylcyclohexaansulfonzuur (PFECHS)	<	1,85	ng/L
OW172100	2022-08-04	21563229	15:15:00	PFHpA	Perfluorheptaanzuur (PFHpA)	<	2,55	ng/L
OW172100	2022-08-04	21563229	15:15:00	PFHpS	Perfluorheptaansulfonzuur (PFHpS)	<	0,9	ng/L
OW172100	2022-08-04	21563229	15:15:00	PFHxA	Perfluorhexaanzuur (PFHxA)	=	5,9	ng/L
OW172100	2022-08-04	21563229	15:15:00	PFHxDA	Perfluorhexadecaanzuur (PFHxDA)	<	4,7	ng/L
OW172100	2022-08-04	21563229	15:15:00	PFHxS	Perfluorhexaansulfonzuur (PFHxS)	=	3,6	ng/L
OW172100	2022-08-04	21563229	15:15:00	PFHxSA	Perfluorhexaansulfonamide (PFHxSA)	<	22,5	ng/L
OW172100	2022-08-04	21563229	15:15:00	PFNA	Perfluornonaanzuur (PFNA)	<	1,7	ng/L
OW172100	2022-08-04	21563229	15:15:00	PFNS	Perfluornonaansulfonzuur (PFNS)	<	2,85	ng/L
OW172100	2022-08-04	21563229	15:15:00	PFOA	Perfluoroctaanzuur (PFOA)	<	2,55	ng/L
OW172100	2022-08-04	21563229	15:15:00	PFOA totaal	Totaal perfluoroctaanzuur (lineair + vertakt)	<	3,85	ng/L
OW172100	2022-08-04	21563229	15:15:00	PFODA	Perfluoroctadecaanzuur (PFODA)	<	24	ng/L
OW172100	2022-08-04	21563229	15:15:00	PFOS	Perfluoroctaansulfonzuur (PFOS)	<	2,55	ng/L
OW172100	2022-08-04	21563229	15:15:00	PFOS totaal	Totaal perfluoroctaansulfonzuur (lineair+vertakt)	=	6,3	ng/L
OW172100	2022-08-04	21563229	15:15:00	PFOSA	Perfluoroctaansulfonamide (PFOSA)	<	2,55	ng/L
OW172100	2022-08-04	21563229	15:15:00	PFOSA totaal	Totaal perfluoroctaansulfonamide (lineair+vertakt)	<	2,55	ng/L
OW172100	2022-08-04	21563229	15:15:00	PFPeA	Perfluorpentaanzuur (PFPeA)	<	9	ng/L
OW172100	2022-08-04	21563229	15:15:00	PFPeDA	Perfluorpentadecaanzuur (PFPeDA)	<	17,5	ng/L
OW172100	2022-08-04	21563229	15:15:00	PFPeS	Perfluorpentaansulfonzuur (PFPeS)	<	1,55	ng/L
OW172100	2022-08-04	21563229	15:15:00	PFTeDA	Perfluortetradecaanzuur (PFTeDA)	<	2,25	ng/L
OW172100	2022-08-04	21563229	15:15:00	PFTrDA	Perfluortridecaanzuur (PFTrDA)	<	2,6	ng/L
OW172100	2022-08-04	21563229	15:15:00	PFTrDS	Perfluor-1-tridecaansulfonzuur (PFTrS)	<	24	ng/L
OW172100	2022-08-04	21563229	15:15:00	PFUnDA	Perfluorundecaanzuur (PFUnDA)	<	1,65	ng/L
OW172100	2022-08-04	21563229	15:15:00	PFUnDS	Perfluor-1-undecaansulfonzuur (PFUnS)	<	20	ng/L
OW172100	2022-08-09	21568678	13:32:00	Ag o	Zilver	<	0,05	µg/L
OW172100	2022-08-09	21568678	13:32:00	Ag t	Zilver	<	0,05	µg/L
OW172100	2022-08-09	21568678	13:32:00	Al o	Aluminium	<	150	µg/L
OW172100	2022-08-09	21568678	13:32:00	As o	Arseen	=	2,27	µg/L
OW172100	2022-08-09	21568678	13:32:00	As t	Arseen	=	2,65	µg/L
OW172100	2022-08-09	21568678	13:32:00	B o	Boor	=	90	µg/L
OW172100	2022-08-09	21568678	13:32:00	B t	Boor	=	86	µg/L
OW172100	2022-08-09	21568678	13:32:00	Ba o	Barium	=	35	µg/L
OW172100	2022-08-09	21568678	13:32:00	Ba t	Barium	=	43	µg/L
OW172100	2022-08-09	21568678	13:32:00	Be o	Beryllium	<	0,15	µg/L
OW172100	2022-08-09	21568678	13:32:00	Be t	Beryllium	<	0,15	µg/L
OW172100	2022-08-09	21568678	13:32:00	BZV5	Biochemisch zuurstofverbruik na 5d.	=	3,4	mgO2/L
OW172100	2022-08-09	21568678	13:32:00	Ca o	Calcium	=	125000	µg/L
OW172100	2022-08-09	21568678	13:32:00	Cd o	Cadmium	<	0,05	µg/L
OW172100	2022-08-09	21568678	13:32:00	Cd t	Cadmium	<	0,2	µg/L
OW172100	2022-08-09	21568678	13:32:00	Cl-	Chloride	=	99	mg/L
OW172100	2022-08-09	21568678	13:32:00	Co o	Kobalt	=	0,44	µg/L
OW172100	2022-08-09	21568678	13:32:00	Co t	Kobalt	=	0,86	µg/L
OW172100	2022-08-09	21568678	13:32:00	Cr o	Chroom	<	1,5	µg/L
OW172100	2022-08-09	21568678	13:32:00	Cr t	Chroom	=	4,35	µg/L
OW172100	2022-08-09	21568678	13:32:00	Cu o	Koper	<	4	µg/L
OW172100	2022-08-09	21568678	13:32:00	Cu t	Koper	=	5,59	µg/L
OW172100	2022-08-09	21568678	13:32:00	CZV	Chemisch zuurstofverbruik	=	23,3	mgO2/L
OW172100	2022-08-09	21568678	13:32:00	DOC	Koolstof	=	5	mgC/L
OW172100	2022-08-09	21568678	13:32:00	EC 20	Geleidbaarheid (20°C)	=	919	µS/cm
OW172100	2022-08-09	21568678	13:32:00	EC 25	Geleidbaarheid (25°C)	=	1006,7645	µS/cm
OW172100	2022-08-09	21568678	13:32:00	Fe o	Ijzer	<	12,5	µg/L
OW172100	2022-08-09	21568678	13:32:00	Fe t	Ijzer	=	900	µg/L
OW172100	2022-08-09	21568678	13:32:00	H t	Hardheid	=	37	°F
OW172100	2022-08-09	21568678	13:32:00	Hg o	Kwik	<	0,025	µg/L
OW172100	2022-08-09	21568678	13:32:00	Hg t	Kwik	<	0,025	µg/L
OW172100	2022-08-09	21568678	13:32:00	K o	Kalium	=	20000	µg/L
OW172100	2022-08-09	21568678	13:32:00	KjN	Kjeldahlstikstof	=	1,146	mgN/L
OW172100	2022-08-09	21568678	13:32:00	Mg o	Magnesium	=	13700	µg/L
OW172100	2022-08-09	21568678	13:32:00	Mn o	Mangaan	=	3,2	µg/L
OW172100	2022-08-09	21568678	13:32:00	Mn t	Mangaan	=	83	µg/L
OW172100	2022-08-09	21568678	13:32:00	Mo o	Molybdeen	=	2,5	µg/L
OW172100	2022-08-09	21568678	13:32:00	Mo t	Molybdeen	=	2,65	µg/L
OW172100	2022-08-09	21568678	13:32:00	N t	Stikstof	=	4,4	mgN/L
OW172100	2022-08-09	21568678	13:32:00	N+N	Nitraat+nitriet	=	3,254	mgN/L
OW172100	2022-08-09	21568678	13:32:00	N+N+N	Nitraat+nitriet+ammonium	<	3,304	mgN/L
OW172100	2022-08-09	21568678	13:32:00	Na o	Natrium	=	70000	µg/L
OW172100	2022-08-09	21568678	13:32:00	NH4+	Ammonium	<	0,05	mgN/L
OW172100	2022-08-09	21568678	13:32:00	Ni o	Nikkel	<	3,2	µg/L
OW172100	2022-08-09	21568678	13:32:00	Ni t	Nikkel	=	3,42	µg/L
OW172100	2022-08-09	21568678	13:32:00	NO2-	Nitriet	=	0,024	mgN/L
OW172100	2022-08-09	21568678	13:32:00	NO3-	Nitraat	=	3,23	mgN/L
OW172100	2022-08-09	21568678	13:32:00	O2	Zuurstof	=	11,45	mg/L
OW172100	2022-08-09	21568678	13:32:00	O2 verz	Zuurstof	=	131,4	%
OW172100	2022-08-09	21568678	13:32:00	oPO4 f	Orthofosfaat	=	0,181	mgP/L
OW172100	2022-08-09	21568678	13:32:00	P t	Fosfor	=	0,38	mgP/L
OW172100	2022-08-09	21568678	13:32:00	Pb o	Lood	<	1,25	µg/L
OW172100	2022-08-09	21568678	13:32:00	Pb t	Lood	=	2,93	µg/L
OW172100	2022-08-09	21568678	13:32:00	pH	pH	=	8,61	-
OW172100	2022-08-09	21568678	13:32:00	Sb o	Antimoon	<	1,5	µg/L
OW172100	2022-08-09	21568678	13:32:00	Sb t	Antimoon	<	1,5	µg/L
OW172100	2022-08-09	21568678	13:32:00	Se o	Seleen	<	1,5	µg/L
OW172100	2022-08-09	21568678	13:32:00	Se t	Seleen	<	1,5	µg/L
OW172100	2022-08-09	21568678	13:32:00	SiO2 o	Silicaat	<	0,25	mgSiO2/L
OW172100	2022-08-09	21568678	13:32:00	Sn o	Tin	<	1,5	µg/L
OW172100	2022-08-09	21568678	13:32:00	Sn t	Tin	<	1,5	µg/L
OW172100	2022-08-09	21568678	13:32:00	SO4=	Sulfaat	=	89	mg/L
OW172100	2022-08-09	21568678	13:32:00	T	Temperatuur	=	23	°C
OW172100	2022-08-09	21568678	13:32:00	TAM	Alkaliniteit met methyloranje	=	5,8	meq/L
OW172100	2022-08-09	21568678	13:32:00	Te o	Telluur	<	2,5	µg/L
OW172100	2022-08-09	21568678	13:32:00	Te t	Telluur	<	2,5	µg/L
OW172100	2022-08-09	21568678	13:32:00	Ti o	Titaan	<	2	µg/L
OW172100	2022-08-09	21568678	13:32:00	Ti t	Titaan	=	17,1	µg/L
OW172100	2022-08-09	21568678	13:32:00	Tl o	Thallium	<	0,1	µg/L
OW172100	2022-08-09	21568678	13:32:00	Tl t	Thallium	<	0,1	µg/L
OW172100	2022-08-09	21568678	13:32:00	U o	Uranium	=	1,09	µg/L
OW172100	2022-08-09	21568678	13:32:00	U t	Uranium	=	1,14	µg/L
OW172100	2022-08-09	21568678	13:32:00	V o	Vanadium	=	3,6	µg/L
OW172100	2022-08-09	21568678	13:32:00	V t	Vanadium	=	6,2	µg/L
OW172100	2022-08-09	21568678	13:32:00	Zn o	Zink	<	7,5	µg/L
OW172100	2022-08-09	21568678	13:32:00	Zn t	Zink	=	18,2	µg/L
OW172100	2022-08-09	21568678	13:32:00	ZS	Zwevende stoffen	=	34	mg/L
OW172100	2022-09-06	21570742	14:15:00	Ag o	Zilver	<	0,05	µg/L
OW172100	2022-09-06	21570742	14:15:00	Ag t	Zilver	<	0,05	µg/L
OW172100	2022-09-06	21570742	14:15:00	Al o	Aluminium	<	150	µg/L
OW172100	2022-09-06	21570742	14:15:00	As o	Arseen	=	2,38	µg/L
OW172100	2022-09-06	21570742	14:15:00	As t	Arseen	=	2,84	µg/L
OW172100	2022-09-06	21570742	14:15:00	B o	Boor	=	87	µg/L
OW172100	2022-09-06	21570742	14:15:00	B t	Boor	=	85	µg/L
OW172100	2022-09-06	21570742	14:15:00	Ba o	Barium	=	36	µg/L
OW172100	2022-09-06	21570742	14:15:00	Ba t	Barium	=	45	µg/L
OW172100	2022-09-06	21570742	14:15:00	Be o	Beryllium	<	0,15	µg/L
OW172100	2022-09-06	21570742	14:15:00	Be t	Beryllium	<	0,15	µg/L
OW172100	2022-09-06	21570742	14:15:00	BZV5	Biochemisch zuurstofverbruik na 5d.	<	2	mgO2/L
OW172100	2022-09-06	21570742	14:15:00	Ca o	Calcium	=	115000	µg/L
OW172100	2022-09-06	21570742	14:15:00	Cd o	Cadmium	<	0,05	µg/L
OW172100	2022-09-06	21570742	14:15:00	Cd t	Cadmium	<	0,2	µg/L
OW172100	2022-09-06	21570742	14:15:00	Cl-	Chloride	=	101	mg/L
OW172100	2022-09-06	21570742	14:15:00	Co o	Kobalt	=	0,38	µg/L
OW172100	2022-09-06	21570742	14:15:00	Co t	Kobalt	=	0,86	µg/L
OW172100	2022-09-06	21570742	14:15:00	Cr o	Chroom	<	1,5	µg/L
OW172100	2022-09-06	21570742	14:15:00	Cr t	Chroom	=	4,95	µg/L
OW172100	2022-09-06	21570742	14:15:00	Cu o	Koper	<	4	µg/L
OW172100	2022-09-06	21570742	14:15:00	Cu t	Koper	=	6,3	µg/L
OW172100	2022-09-06	21570742	14:15:00	CZV	Chemisch zuurstofverbruik	=	22	mgO2/L
OW172100	2022-09-06	21570742	14:15:00	DOC	Koolstof	=	5,8	mgC/L
OW172100	2022-09-06	21570742	14:15:00	EC 20	Geleidbaarheid (20°C)	=	941	µS/cm
OW172100	2022-09-06	21570742	14:15:00	EC 25	Geleidbaarheid (25°C)	=	1030,8655	µS/cm
OW172100	2022-09-06	21570742	14:15:00	Fe o	Ijzer	<	12,5	µg/L
OW172100	2022-09-06	21570742	14:15:00	Fe t	Ijzer	=	1050	µg/L
OW172100	2022-09-06	21570742	14:15:00	H t	Hardheid	=	34	°F
OW172100	2022-09-06	21570742	14:15:00	Hg o	Kwik	<	0,025	µg/L
OW172100	2022-09-06	21570742	14:15:00	Hg t	Kwik	<	0,025	µg/L
OW172100	2022-09-06	21570742	14:15:00	K o	Kalium	=	19000	µg/L
OW172100	2022-09-06	21570742	14:15:00	KjN	Kjeldahlstikstof	=	0,703	mgN/L
OW172100	2022-09-06	21570742	14:15:00	Mg o	Magnesium	=	13500	µg/L
OW172100	2022-09-06	21570742	14:15:00	Mn o	Mangaan	=	5,2	µg/L
OW172100	2022-09-06	21570742	14:15:00	Mn t	Mangaan	=	85	µg/L
OW172100	2022-09-06	21570742	14:15:00	Mo o	Molybdeen	<	2,5	µg/L
OW172100	2022-09-06	21570742	14:15:00	Mo t	Molybdeen	=	2,56	µg/L
OW172100	2022-09-06	21570742	14:15:00	N t	Stikstof	=	4	mgN/L
OW172100	2022-09-06	21570742	14:15:00	N+N	Nitraat+nitriet	=	3,297	mgN/L
OW172100	2022-09-06	21570742	14:15:00	N+N+N	Nitraat+nitriet+ammonium	=	3,392	mgN/L
OW172100	2022-09-06	21570742	14:15:00	Na o	Natrium	=	71000	µg/L
OW172100	2022-09-06	21570742	14:15:00	NH4+	Ammonium	=	0,095	mgN/L
OW172100	2022-09-06	21570742	14:15:00	Ni o	Nikkel	<	3,2	µg/L
OW172100	2022-09-06	21570742	14:15:00	Ni t	Nikkel	=	3,79	µg/L
OW172100	2022-09-06	21570742	14:15:00	NO2-	Nitriet	=	0,037	mgN/L
OW172100	2022-09-06	21570742	14:15:00	NO3-	Nitraat	=	3,26	mgN/L
OW172100	2022-09-06	21570742	14:15:00	O2	Zuurstof	=	5	mg/L
OW172100	2022-09-06	21570742	14:15:00	O2 verz	Zuurstof	=	58,3	%
OW172100	2022-09-06	21570742	14:15:00	oPO4 f	Orthofosfaat	=	0,321	mgP/L
OW172100	2022-09-06	21570742	14:15:00	P t	Fosfor	=	0,503	mgP/L
OW172100	2022-09-06	21570742	14:15:00	Pb o	Lood	<	1,25	µg/L
OW172100	2022-09-06	21570742	14:15:00	Pb t	Lood	=	3,61	µg/L
OW172100	2022-09-06	21570742	14:15:00	pH	pH	=	8,18	-
OW172100	2022-09-06	21570742	14:15:00	Sb o	Antimoon	<	1,5	µg/L
OW172100	2022-09-06	21570742	14:15:00	Sb t	Antimoon	<	1,5	µg/L
OW172100	2022-09-06	21570742	14:15:00	Se o	Seleen	<	1,5	µg/L
OW172100	2022-09-06	21570742	14:15:00	Se t	Seleen	<	1,5	µg/L
OW172100	2022-09-06	21570742	14:15:00	SiO2 o	Silicaat	=	1,4	mgSiO2/L
OW172100	2022-09-06	21570742	14:15:00	Sn o	Tin	<	1,5	µg/L
OW172100	2022-09-06	21570742	14:15:00	Sn t	Tin	<	1,5	µg/L
OW172100	2022-09-06	21570742	14:15:00	SO4=	Sulfaat	=	92	mg/L
OW172100	2022-09-06	21570742	14:15:00	T	Temperatuur	=	23,6	°C
OW172100	2022-09-06	21570742	14:15:00	TAM	Alkaliniteit met methyloranje	=	5,7	meq/L
OW172100	2022-09-06	21570742	14:15:00	Te o	Telluur	<	2,5	µg/L
OW172100	2022-09-06	21570742	14:15:00	Te t	Telluur	<	2,5	µg/L
OW172100	2022-09-06	21570742	14:15:00	Ti o	Titaan	<	2	µg/L
OW172100	2022-09-06	21570742	14:15:00	Ti t	Titaan	=	17,2	µg/L
OW172100	2022-09-06	21570742	14:15:00	Tl o	Thallium	<	0,1	µg/L
OW172100	2022-09-06	21570742	14:15:00	Tl t	Thallium	<	0,1	µg/L
OW172100	2022-09-06	21570742	14:15:00	U o	Uranium	=	1,09	µg/L
OW172100	2022-09-06	21570742	14:15:00	U t	Uranium	=	1,17	µg/L
OW172100	2022-09-06	21570742	14:15:00	V o	Vanadium	<	3	µg/L
OW172100	2022-09-06	21570742	14:15:00	V t	Vanadium	=	5,7	µg/L
OW172100	2022-09-06	21570742	14:15:00	Zn o	Zink	<	7,5	µg/L
OW172100	2022-09-06	21570742	14:15:00	Zn t	Zink	=	27,4	µg/L
OW172100	2022-09-06	21570742	14:15:00	ZS	Zwevende stoffen	=	17,4	mg/L
OW172100	2022-09-22	21563236	15:05:00	10:2 FTS	10:2 fluortelomeersulfonzuur (10:2 FTS)	<	3,95	ng/L
OW172100	2022-09-22	21563236	15:05:00	4:2 FTS	4:2 fluortelomeersulfonzuur (4:2 FTS)	<	1,8	ng/L
OW172100	2022-09-22	21563236	15:05:00	6:2 diPAP	6:2 fluortelomeerfosfaat diester (6:2 diPAP)	<	4,3	ng/L
OW172100	2022-09-22	21563236	15:05:00	6:2 FTS	6:2 fluortelomeersulfonzuur (6:2 FTS)	=	4,3	ng/L
OW172100	2022-09-22	21563236	15:05:00	6:2/8:2 diPAP	6:2/8:2 Fluortelomeerfosfaat diester	<	11,7	ng/L
OW172100	2022-09-22	21563236	15:05:00	8:2 FTS	8:2 fluortelomeersulfonzuur (8:2 FTS)	<	1,85	ng/L
OW172100	2022-09-22	21563236	15:05:00	DONA	4,8-dioxa-3H-perfluornonaanzuur (DONA)	<	1,7	ng/L
OW172100	2022-09-22	21563236	15:05:00	EtPFOSA	N-ethylperfluoroctaan-1-sulfonamide (EtPFOSA)	<	3,7	ng/L
OW172100	2022-09-22	21563236	15:05:00	EtPFOSAA	N-ethylperfluoroctaansulfonamidoazijnzuur	<	3,55	ng/L
OW172100	2022-09-22	21563236	15:05:00	HFPO-DA	2,3,3,3-tetrafluor-2(heptafluorpropoxy)propionzuur	<	2,15	ng/L
OW172100	2022-09-22	21563236	15:05:00	MePFBSA	N-methylperfluorbutaansulfonamide (MePFBSA)	<	24	ng/L
OW172100	2022-09-22	21563236	15:05:00	MePFBSAA	N-methylperfluorbutaansulfonamidoazijnzuur	<	24	ng/L
OW172100	2022-09-22	21563236	15:05:00	MePFOSA	N-methylperfluoroctaan-1-sulfonamide (MePFOSA)	<	3,8	ng/L
OW172100	2022-09-22	21563236	15:05:00	MePFOSAA	N-methylperfluoroctaansulfonamidoazijnzuur	<	3	ng/L
OW172100	2022-09-22	21563236	15:05:00	PFAS-43	Som van de 43 PFAS	<	643,3	ng/L
OW172100	2022-09-22	21563236	15:05:00	PFBA	Perfluorbutaanzuur (PFBA)	<	4	ng/L
OW172100	2022-09-22	21563236	15:05:00	PFBS	Perfluorbutaansulfonzuur (PFBS)	=	6,7	ng/L
OW172100	2022-09-22	21563236	15:05:00	PFBSA	Perfluorbutaansulfonamide (PFBSA)	<	21	ng/L
OW172100	2022-09-22	21563236	15:05:00	PFDA	Perfluordecaanzuur (PFDA)	<	3,15	ng/L
OW172100	2022-09-22	21563236	15:05:00	PFDoDA	Perfluordodecaanzuur (PFDoDA)	<	2,65	ng/L
OW172100	2022-09-22	21563236	15:05:00	PFDoDS	Perfluordodecaansulfonzuur (PFDoDS)	<	7,65	ng/L
OW172100	2022-09-22	21563236	15:05:00	PFDS	Perfluordecaansulfonzuur (PFDS)	<	2,4	ng/L
OW172100	2022-09-22	21563236	15:05:00	PFECHS	Perfluor-4-ethylcyclohexaansulfonzuur (PFECHS)	<	1,85	ng/L
OW172100	2022-09-22	21563236	15:05:00	PFHpA	Perfluorheptaanzuur (PFHpA)	<	5,1	ng/L
OW172100	2022-09-22	21563236	15:05:00	PFHpS	Perfluorheptaansulfonzuur (PFHpS)	<	1,8	ng/L
OW172100	2022-09-22	21563236	15:05:00	PFHxA	Perfluorhexaanzuur (PFHxA)	=	6,2	ng/L
OW172100	2022-09-22	21563236	15:05:00	PFHxS	Perfluorhexaansulfonzuur (PFHxS)	=	21	ng/L
OW172100	2022-09-22	21563236	15:05:00	PFHxSA	Perfluorhexaansulfonamide (PFHxSA)	<	22,5	ng/L
OW172100	2022-09-22	21563236	15:05:00	PFNA	Perfluornonaanzuur (PFNA)	<	1,7	ng/L
OW172100	2022-09-22	21563236	15:05:00	PFNS	Perfluornonaansulfonzuur (PFNS)	<	2,85	ng/L
OW172100	2022-09-22	21563236	15:05:00	PFOA	Perfluoroctaanzuur (PFOA)	<	3,85	ng/L
OW172100	2022-09-22	21563236	15:05:00	PFOA totaal	Totaal perfluoroctaanzuur (lineair + vertakt)	<	3,85	ng/L
OW172100	2022-09-22	21563236	15:05:00	PFOA vertakt	= PFOAtotaal - PFOA	<	3,85	ng/L
OW172100	2022-09-22	21563236	15:05:00	PFODA	Perfluoroctadecaanzuur (PFODA)	<	24	ng/L
OW172100	2022-09-22	21563236	15:05:00	PFOS	Perfluoroctaansulfonzuur (PFOS)	=	230	ng/L
OW172100	2022-09-22	21563236	15:05:00	PFOS totaal	Totaal perfluoroctaansulfonzuur (lineair+vertakt)	=	330	ng/L
OW172100	2022-09-22	21563236	15:05:00	PFOS vertakt	= PFOStotaal - PFOS	=	100	ng/L
OW172100	2022-09-22	21563236	15:05:00	PFOSA	Perfluoroctaansulfonamide (PFOSA)	<	2,55	ng/L
OW172100	2022-09-22	21563236	15:05:00	PFOSA totaal	Totaal perfluoroctaansulfonamide (lineair+vertakt)	<	2,55	ng/L
OW172100	2022-09-22	21563236	15:05:00	PFOSA vertakt	= PFOSAtotaal - PFOSA	<	2,55	ng/L
OW172100	2022-09-22	21563236	15:05:00	PFPeA	Perfluorpentaanzuur (PFPeA)	<	9	ng/L
OW172100	2022-09-22	21563236	15:05:00	PFPeDA	Perfluorpentadecaanzuur (PFPeDA)	<	17,5	ng/L
OW172100	2022-09-22	21563236	15:05:00	PFPeS	Perfluorpentaansulfonzuur (PFPeS)	<	1,55	ng/L
OW172100	2022-09-22	21563236	15:05:00	PFTeDA	Perfluortetradecaanzuur (PFTeDA)	<	2,25	ng/L
OW172100	2022-09-22	21563236	15:05:00	PFTrDA	Perfluortridecaanzuur (PFTrDA)	<	2,6	ng/L
OW172100	2022-09-22	21563236	15:05:00	PFTrDS	Perfluor-1-tridecaansulfonzuur (PFTrS)	<	24	ng/L
OW172100	2022-09-22	21563236	15:05:00	PFUnDA	Perfluorundecaanzuur (PFUnDA)	<	1,65	ng/L
OW172100	2022-09-22	21563236	15:05:00	PFUnDS	Perfluor-1-undecaansulfonzuur (PFUnS)	<	20	ng/L
OW172100	2022-10-11	21572592	13:33:00	Ag o	Zilver	<	0,05	µg/L
OW172100	2022-10-11	21572592	13:33:00	Ag t	Zilver	<	0,05	µg/L
OW172100	2022-10-11	21572592	13:33:00	Al o	Aluminium	<	150	µg/L
OW172100	2022-10-11	21572592	13:33:00	As o	Arseen	=	1,4	µg/L
OW172100	2022-10-11	21572592	13:33:00	As t	Arseen	=	1,73	µg/L
OW172100	2022-10-11	21572592	13:33:00	B o	Boor	=	75	µg/L
OW172100	2022-10-11	21572592	13:33:00	B t	Boor	=	72	µg/L
OW172100	2022-10-11	21572592	13:33:00	Ba o	Barium	=	29	µg/L
OW172100	2022-10-11	21572592	13:33:00	Ba t	Barium	=	35	µg/L
OW172100	2022-10-11	21572592	13:33:00	Be o	Beryllium	<	0,15	µg/L
OW172100	2022-10-11	21572592	13:33:00	Be t	Beryllium	<	0,15	µg/L
OW172100	2022-10-11	21572592	13:33:00	BZV5	Biochemisch zuurstofverbruik na 5d.	<	2	mgO2/L
OW172100	2022-10-11	21572592	13:33:00	Ca o	Calcium	=	94000	µg/L
OW172100	2022-10-11	21572592	13:33:00	Cd o	Cadmium	<	0,05	µg/L
OW172100	2022-10-11	21572592	13:33:00	Cd t	Cadmium	<	0,1	µg/L
OW172100	2022-10-11	21572592	13:33:00	Cl-	Chloride	=	73	mg/L
OW172100	2022-10-11	21572592	13:33:00	Co o	Kobalt	=	0,21	µg/L
OW172100	2022-10-11	21572592	13:33:00	Co t	Kobalt	=	0,479	µg/L
OW172100	2022-10-11	21572592	13:33:00	Cr o	Chroom	<	1,5	µg/L
OW172100	2022-10-11	21572592	13:33:00	Cr t	Chroom	=	3,02	µg/L
OW172100	2022-10-11	21572592	13:33:00	Cu o	Koper	<	2	µg/L
OW172100	2022-10-11	21572592	13:33:00	Cu t	Koper	<	4	µg/L
OW172100	2022-10-11	21572592	13:33:00	CZV	Chemisch zuurstofverbruik	=	13,1	mgO2/L
OW172100	2022-10-11	21572592	13:33:00	DOC	Koolstof	=	4,6	mgC/L
OW172100	2022-10-11	21572592	13:33:00	EC 20	Geleidbaarheid (20°C)	=	792	µS/cm
OW172100	2022-10-11	21572592	13:33:00	EC 25	Geleidbaarheid (25°C)	=	867,636	µS/cm
OW172100	2022-10-11	21572592	13:33:00	Fe o	Ijzer	<	12,5	µg/L
OW172100	2022-10-11	21572592	13:33:00	Fe t	Ijzer	=	524	µg/L
OW172100	2022-10-11	21572592	13:33:00	H t	Hardheid	=	28	°F
OW172100	2022-10-11	21572592	13:33:00	Hg o	Kwik	<	0,025	µg/L
OW172100	2022-10-11	21572592	13:33:00	Hg t	Kwik	<	0,025	µg/L
OW172100	2022-10-11	21572592	13:33:00	K o	Kalium	=	15800	µg/L
OW172100	2022-10-11	21572592	13:33:00	KjN	Kjeldahlstikstof	=	1,036	mgN/L
OW172100	2022-10-11	21572592	13:33:00	Mg o	Magnesium	=	10600	µg/L
OW172100	2022-10-11	21572592	13:33:00	Mn o	Mangaan	=	8,1	µg/L
OW172100	2022-10-11	21572592	13:33:00	Mn t	Mangaan	=	60	µg/L
OW172100	2022-10-11	21572592	13:33:00	Mo o	Molybdeen	<	2,5	µg/L
OW172100	2022-10-11	21572592	13:33:00	Mo t	Molybdeen	<	2,5	µg/L
OW172100	2022-10-11	21572592	13:33:00	N t	Stikstof	=	6,5	mgN/L
OW172100	2022-10-11	21572592	13:33:00	N+N	Nitraat+nitriet	=	5,464	mgN/L
OW172100	2022-10-11	21572592	13:33:00	N+N+N	Nitraat+nitriet+ammonium	=	5,784	mgN/L
OW172100	2022-10-11	21572592	13:33:00	Na o	Natrium	=	55000	µg/L
OW172100	2022-10-11	21572592	13:33:00	NH4+	Ammonium	=	0,32	mgN/L
OW172100	2022-10-11	21572592	13:33:00	Ni o	Nikkel	<	3,2	µg/L
OW172100	2022-10-11	21572592	13:33:00	Ni t	Nikkel	=	3,2	µg/L
OW172100	2022-10-11	21572592	13:33:00	NO2-	Nitriet	=	0,264	mgN/L
OW172100	2022-10-11	21572592	13:33:00	NO3-	Nitraat	=	5,2	mgN/L
OW172100	2022-10-11	21572592	13:33:00	O2	Zuurstof	=	8,46	mg/L
OW172100	2022-10-11	21572592	13:33:00	O2 verz	Zuurstof	=	82,4	%
OW172100	2022-10-11	21572592	13:33:00	oPO4 f	Orthofosfaat	=	0,271	mgP/L
OW172100	2022-10-11	21572592	13:33:00	P t	Fosfor	=	0,401	mgP/L
OW172100	2022-10-11	21572592	13:33:00	Pb o	Lood	<	1,25	µg/L
OW172100	2022-10-11	21572592	13:33:00	Pb t	Lood	<	2,5	µg/L
OW172100	2022-10-11	21572592	13:33:00	pH	pH	=	7,79	-
OW172100	2022-10-11	21572592	13:33:00	Sb o	Antimoon	<	1,5	µg/L
OW172100	2022-10-11	21572592	13:33:00	Sb t	Antimoon	<	1,5	µg/L
OW172100	2022-10-11	21572592	13:33:00	Se o	Seleen	<	0,75	µg/L
OW172100	2022-10-11	21572592	13:33:00	Se t	Seleen	<	1,5	µg/L
OW172100	2022-10-11	21572592	13:33:00	SiO2 o	Silicaat	=	9	mgSiO2/L
OW172100	2022-10-11	21572592	13:33:00	Sn o	Tin	<	1,5	µg/L
OW172100	2022-10-11	21572592	13:33:00	Sn t	Tin	<	1,5	µg/L
OW172100	2022-10-11	21572592	13:33:00	SO4=	Sulfaat	=	76	mg/L
OW172100	2022-10-11	21572592	13:33:00	T	Temperatuur	=	14,7	°C
OW172100	2022-10-11	21572592	13:33:00	TAM	Alkaliniteit met methyloranje	=	4,3	meq/L
OW172100	2022-10-11	21572592	13:33:00	Te o	Telluur	<	2,5	µg/L
OW172100	2022-10-11	21572592	13:33:00	Te t	Telluur	<	2,5	µg/L
OW172100	2022-10-11	21572592	13:33:00	Ti o	Titaan	<	2	µg/L
OW172100	2022-10-11	21572592	13:33:00	Ti t	Titaan	=	8,3	µg/L
OW172100	2022-10-11	21572592	13:33:00	Tl o	Thallium	<	0,1	µg/L
OW172100	2022-10-11	21572592	13:33:00	Tl t	Thallium	<	0,1	µg/L
OW172100	2022-10-11	21572592	13:33:00	U o	Uranium	=	0,74	µg/L
OW172100	2022-10-11	21572592	13:33:00	U t	Uranium	=	0,83	µg/L
OW172100	2022-10-11	21572592	13:33:00	V o	Vanadium	<	3	µg/L
OW172100	2022-10-11	21572592	13:33:00	V t	Vanadium	=	3,73	µg/L
OW172100	2022-10-11	21572592	13:33:00	Zn o	Zink	<	15	µg/L
OW172100	2022-10-11	21572592	13:33:00	Zn t	Zink	=	19	µg/L
OW172100	2022-10-11	21572592	13:33:00	ZS	Zwevende stoffen	=	15,5	mg/L
OW172100	2022-11-08	21574275	14:30:00	Ag o	Zilver	<	0,05	µg/L
OW172100	2022-11-08	21574275	14:30:00	Ag t	Zilver	<	0,05	µg/L
OW172100	2022-11-08	21574275	14:30:00	Al o	Aluminium	<	150	µg/L
OW172100	2022-11-08	21574275	14:30:00	As o	Arseen	=	1,56	µg/L
OW172100	2022-11-08	21574275	14:30:00	As t	Arseen	=	2,08	µg/L
OW172100	2022-11-08	21574275	14:30:00	B o	Boor	=	81	µg/L
OW172100	2022-11-08	21574275	14:30:00	B t	Boor	=	86	µg/L
OW172100	2022-11-08	21574275	14:30:00	Ba o	Barium	=	33	µg/L
OW172100	2022-11-08	21574275	14:30:00	Ba t	Barium	=	46	µg/L
OW172100	2022-11-08	21574275	14:30:00	Be o	Beryllium	<	0,15	µg/L
OW172100	2022-11-08	21574275	14:30:00	Be t	Beryllium	<	0,15	µg/L
OW172100	2022-11-08	21574275	14:30:00	BZV5	Biochemisch zuurstofverbruik na 5d.	<	2	mgO2/L
OW172100	2022-11-08	21574275	14:30:00	Ca o	Calcium	=	120000	µg/L
OW172100	2022-11-08	21574275	14:30:00	Cd o	Cadmium	<	0,05	µg/L
OW172100	2022-11-08	21574275	14:30:00	Cd t	Cadmium	<	0,2	µg/L
OW172100	2022-11-08	21574275	14:30:00	Cl-	Chloride	=	108	mg/L
OW172100	2022-11-08	21574275	14:30:00	Co o	Kobalt	=	0,26	µg/L
OW172100	2022-11-08	21574275	14:30:00	Co t	Kobalt	=	0,83	µg/L
OW172100	2022-11-08	21574275	14:30:00	Cr o	Chroom	<	1,5	µg/L
OW172100	2022-11-08	21574275	14:30:00	Cr t	Chroom	=	4,56	µg/L
OW172100	2022-11-08	21574275	14:30:00	Cu o	Koper	<	2	µg/L
OW172100	2022-11-08	21574275	14:30:00	Cu t	Koper	=	4,91	µg/L
OW172100	2022-11-08	21574275	14:30:00	CZV	Chemisch zuurstofverbruik	=	14,5	mgO2/L
OW172100	2022-11-08	21574275	14:30:00	DOC	Koolstof	=	5	mgC/L
OW172100	2022-11-08	21574275	14:30:00	EC 20	Geleidbaarheid (20°C)	=	975	µS/cm
OW172100	2022-11-08	21574275	14:30:00	EC 25	Geleidbaarheid (25°C)	=	1068,1125	µS/cm
OW172100	2022-11-08	21574275	14:30:00	Fe o	Ijzer	<	12,5	µg/L
OW172100	2022-11-08	21574275	14:30:00	Fe t	Ijzer	=	1080	µg/L
OW172100	2022-11-08	21574275	14:30:00	H t	Hardheid	=	35	°F
OW172100	2022-11-08	21574275	14:30:00	Hg o	Kwik	<	0,025	µg/L
OW172100	2022-11-08	21574275	14:30:00	Hg t	Kwik	<	0,025	µg/L
OW172100	2022-11-08	21574275	14:30:00	K o	Kalium	=	21000	µg/L
OW172100	2022-11-08	21574275	14:30:00	KjN	Kjeldahlstikstof	=	0,99	mgN/L
OW172100	2022-11-08	21574275	14:30:00	Mg o	Magnesium	=	12800	µg/L
OW172100	2022-11-08	21574275	14:30:00	Mn o	Mangaan	=	12,9	µg/L
OW172100	2022-11-08	21574275	14:30:00	Mn t	Mangaan	=	84	µg/L
OW172100	2022-11-08	21574275	14:30:00	Mo o	Molybdeen	<	2,5	µg/L
OW172100	2022-11-08	21574275	14:30:00	Mo t	Molybdeen	<	2,5	µg/L
OW172100	2022-11-08	21574275	14:30:00	N t	Stikstof	=	6,8	mgN/L
OW172100	2022-11-08	21574275	14:30:00	N+N	Nitraat+nitriet	=	5,81	mgN/L
OW172100	2022-11-08	21574275	14:30:00	N+N+N	Nitraat+nitriet+ammonium	=	5,924	mgN/L
OW172100	2022-11-08	21574275	14:30:00	Na o	Natrium	=	74000	µg/L
OW172100	2022-11-08	21574275	14:30:00	NH4+	Ammonium	=	0,114	mgN/L
OW172100	2022-11-08	21574275	14:30:00	Ni o	Nikkel	<	3,2	µg/L
OW172100	2022-11-08	21574275	14:30:00	Ni t	Nikkel	=	3,98	µg/L
OW172100	2022-11-08	21574275	14:30:00	NO2-	Nitriet	=	0,11	mgN/L
OW172100	2022-11-08	21574275	14:30:00	NO3-	Nitraat	=	5,7	mgN/L
OW172100	2022-11-08	21574275	14:30:00	O2	Zuurstof	=	7,51	mg/L
OW172100	2022-11-08	21574275	14:30:00	O2 verz	Zuurstof	=	71,8	%
OW172100	2022-11-08	21574275	14:30:00	oPO4 f	Orthofosfaat	=	0,291	mgP/L
OW172100	2022-11-08	21574275	14:30:00	P t	Fosfor	=	0,458	mgP/L
OW172100	2022-11-08	21574275	14:30:00	Pb o	Lood	<	1,25	µg/L
OW172100	2022-11-08	21574275	14:30:00	Pb t	Lood	=	3,4	µg/L
OW172100	2022-11-08	21574275	14:30:00	pH	pH	=	7,89	-
OW172100	2022-11-08	21574275	14:30:00	Sb o	Antimoon	<	1,5	µg/L
OW172100	2022-11-08	21574275	14:30:00	Sb t	Antimoon	<	1,5	µg/L
OW172100	2022-11-08	21574275	14:30:00	Se o	Seleen	<	1,5	µg/L
OW172100	2022-11-08	21574275	14:30:00	Se t	Seleen	<	1,5	µg/L
OW172100	2022-11-08	21574275	14:30:00	SiO2 o	Silicaat	=	16	mgSiO2/L
OW172100	2022-11-08	21574275	14:30:00	Sn o	Tin	<	1,5	µg/L
OW172100	2022-11-08	21574275	14:30:00	Sn t	Tin	<	1,5	µg/L
OW172100	2022-11-08	21574275	14:30:00	SO4=	Sulfaat	=	97	mg/L
OW172100	2022-11-08	21574275	14:30:00	T	Temperatuur	=	13,1	°C
OW172100	2022-11-08	21574275	14:30:00	TAM	Alkaliniteit met methyloranje	=	6	meq/L
OW172100	2022-11-08	21574275	14:30:00	Te o	Telluur	<	2,5	µg/L
OW172100	2022-11-08	21574275	14:30:00	Te t	Telluur	<	2,5	µg/L
OW172100	2022-11-08	21574275	14:30:00	Ti o	Titaan	<	2	µg/L
OW172100	2022-11-08	21574275	14:30:00	Ti t	Titaan	=	21,4	µg/L
OW172100	2022-11-08	21574275	14:30:00	Tl o	Thallium	<	0,1	µg/L
OW172100	2022-11-08	21574275	14:30:00	Tl t	Thallium	<	0,1	µg/L
OW172100	2022-11-08	21574275	14:30:00	U o	Uranium	=	0,99	µg/L
OW172100	2022-11-08	21574275	14:30:00	U t	Uranium	=	1,07	µg/L
OW172100	2022-11-08	21574275	14:30:00	V o	Vanadium	<	3	µg/L
OW172100	2022-11-08	21574275	14:30:00	V t	Vanadium	=	4,07	µg/L
OW172100	2022-11-08	21574275	14:30:00	Zn o	Zink	<	7,5	µg/L
OW172100	2022-11-08	21574275	14:30:00	Zn t	Zink	=	26,7	µg/L
OW172100	2022-11-08	21574275	14:30:00	ZS	Zwevende stoffen	=	20,2	mg/L
OW172100	2022-12-13	21575963	13:23:00	Ag o	Zilver	<	0,05	µg/L
OW172100	2022-12-13	21575963	13:23:00	Ag t	Zilver	<	0,1	µg/L
OW172100	2022-12-13	21575963	13:23:00	Al o	Aluminium	<	150	µg/L
OW172100	2022-12-13	21575963	13:23:00	As o	Arseen	=	1,3	µg/L
OW172100	2022-12-13	21575963	13:23:00	As t	Arseen	=	1,91	µg/L
OW172100	2022-12-13	21575963	13:23:00	B o	Boor	=	82	µg/L
OW172100	2022-12-13	21575963	13:23:00	B t	Boor	=	81	µg/L
OW172100	2022-12-13	21575963	13:23:00	Ba o	Barium	=	29	µg/L
OW172100	2022-12-13	21575963	13:23:00	Ba t	Barium	=	42	µg/L
OW172100	2022-12-13	21575963	13:23:00	Be o	Beryllium	<	0,15	µg/L
OW172100	2022-12-13	21575963	13:23:00	Be t	Beryllium	<	0,15	µg/L
OW172100	2022-12-13	21575963	13:23:00	BZV5	Biochemisch zuurstofverbruik na 5d.	<	2	mgO2/L
OW172100	2022-12-13	21575963	13:23:00	Ca o	Calcium	=	117000	µg/L
OW172100	2022-12-13	21575963	13:23:00	Cd o	Cadmium	<	0,05	µg/L
OW172100	2022-12-13	21575963	13:23:00	Cd t	Cadmium	<	0,2	µg/L
OW172100	2022-12-13	21575963	13:23:00	Cl-	Chloride	=	95	mg/L
OW172100	2022-12-13	21575963	13:23:00	Co o	Kobalt	=	0,33	µg/L
OW172100	2022-12-13	21575963	13:23:00	Co t	Kobalt	=	0,94	µg/L
OW172100	2022-12-13	21575963	13:23:00	Cr o	Chroom	<	1,5	µg/L
OW172100	2022-12-13	21575963	13:23:00	Cr t	Chroom	=	6,6	µg/L
OW172100	2022-12-13	21575963	13:23:00	Cu o	Koper	<	2	µg/L
OW172100	2022-12-13	21575963	13:23:00	Cu t	Koper	=	7,6	µg/L
OW172100	2022-12-13	21575963	13:23:00	CZV	Chemisch zuurstofverbruik	=	13,5	mgO2/L
OW172100	2022-12-13	21575963	13:23:00	DOC	Koolstof	=	4,5	mgC/L
OW172100	2022-12-13	21575963	13:23:00	EC 20	Geleidbaarheid (20°C)	=	940	µS/cm
OW172100	2022-12-13	21575963	13:23:00	EC 25	Geleidbaarheid (25°C)	=	1029,77	µS/cm
OW172100	2022-12-13	21575963	13:23:00	Fe o	Ijzer	<	25	µg/L
OW172100	2022-12-13	21575963	13:23:00	Fe t	Ijzer	=	1490	µg/L
OW172100	2022-12-13	21575963	13:23:00	H t	Hardheid	=	34	°F
OW172100	2022-12-13	21575963	13:23:00	Hg o	Kwik	<	0,025	µg/L
OW172100	2022-12-13	21575963	13:23:00	Hg t	Kwik	<	0,05	µg/L
OW172100	2022-12-13	21575963	13:23:00	K o	Kalium	=	18000	µg/L
OW172100	2022-12-13	21575963	13:23:00	KjN	Kjeldahlstikstof	=	0,835	mgN/L
OW172100	2022-12-13	21575963	13:23:00	Mg o	Magnesium	=	12300	µg/L
OW172100	2022-12-13	21575963	13:23:00	Mn o	Mangaan	=	38	µg/L
OW172100	2022-12-13	21575963	13:23:00	Mn t	Mangaan	=	125	µg/L
OW172100	2022-12-13	21575963	13:23:00	Mo o	Molybdeen	<	2,5	µg/L
OW172100	2022-12-13	21575963	13:23:00	Mo t	Molybdeen	<	2,5	µg/L
OW172100	2022-12-13	21575963	13:23:00	N t	Stikstof	=	6,9	mgN/L
OW172100	2022-12-13	21575963	13:23:00	N+N	Nitraat+nitriet	=	6,065	mgN/L
OW172100	2022-12-13	21575963	13:23:00	N+N+N	Nitraat+nitriet+ammonium	=	6,375	mgN/L
OW172100	2022-12-13	21575963	13:23:00	Na o	Natrium	=	64000	µg/L
OW172100	2022-12-13	21575963	13:23:00	NH4+	Ammonium	=	0,31	mgN/L
OW172100	2022-12-13	21575963	13:23:00	Ni o	Nikkel	<	3,2	µg/L
OW172100	2022-12-13	21575963	13:23:00	Ni t	Nikkel	=	4,46	µg/L
OW172100	2022-12-13	21575963	13:23:00	NO2-	Nitriet	=	0,065	mgN/L
OW172100	2022-12-13	21575963	13:23:00	NO3-	Nitraat	=	6	mgN/L
OW172100	2022-12-13	21575963	13:23:00	O2	Zuurstof	=	10,15	mg/L
OW172100	2022-12-13	21575963	13:23:00	O2 verz	Zuurstof	=	78,2	%
OW172100	2022-12-13	21575963	13:23:00	oPO4 f	Orthofosfaat	=	0,247	mgP/L
OW172100	2022-12-13	21575963	13:23:00	P t	Fosfor	=	0,498	mgP/L
OW172100	2022-12-13	21575963	13:23:00	Pb o	Lood	<	1,25	µg/L
OW172100	2022-12-13	21575963	13:23:00	Pb t	Lood	=	5,37	µg/L
OW172100	2022-12-13	21575963	13:23:00	pH	pH	=	7,78	-
OW172100	2022-12-13	21575963	13:23:00	Sb o	Antimoon	<	1,5	µg/L
OW172100	2022-12-13	21575963	13:23:00	Sb t	Antimoon	<	1,5	µg/L
OW172100	2022-12-13	21575963	13:23:00	Se o	Seleen	<	0,75	µg/L
OW172100	2022-12-13	21575963	13:23:00	Se t	Seleen	<	1,5	µg/L
OW172100	2022-12-13	21575963	13:23:00	SiO2 o	Silicaat	=	16	mgSiO2/L
OW172100	2022-12-13	21575963	13:23:00	Sn o	Tin	<	1,5	µg/L
OW172100	2022-12-13	21575963	13:23:00	Sn t	Tin	<	1,5	µg/L
OW172100	2022-12-13	21575963	13:23:00	SO4=	Sulfaat	=	98	mg/L
OW172100	2022-12-13	21575963	13:23:00	T	Temperatuur	=	4	°C
OW172100	2022-12-13	21575963	13:23:00	TAM	Alkaliniteit met methyloranje	=	5,5	meq/L
OW172100	2022-12-13	21575963	13:23:00	Te o	Telluur	<	2,5	µg/L
OW172100	2022-12-13	21575963	13:23:00	Te t	Telluur	<	2,5	µg/L
OW172100	2022-12-13	21575963	13:23:00	Ti o	Titaan	<	2	µg/L
OW172100	2022-12-13	21575963	13:23:00	Ti t	Titaan	=	23	µg/L
OW172100	2022-12-13	21575963	13:23:00	Tl o	Thallium	<	0,1	µg/L
OW172100	2022-12-13	21575963	13:23:00	Tl t	Thallium	<	0,1	µg/L
OW172100	2022-12-13	21575963	13:23:00	U o	Uranium	=	0,98	µg/L
OW172100	2022-12-13	21575963	13:23:00	U t	Uranium	=	1,16	µg/L
OW172100	2022-12-13	21575963	13:23:00	V o	Vanadium	<	3	µg/L
OW172100	2022-12-13	21575963	13:23:00	V t	Vanadium	=	4,18	µg/L
OW172100	2022-12-13	21575963	13:23:00	Zn o	Zink	<	15	µg/L
OW172100	2022-12-13	21575963	13:23:00	Zn t	Zink	=	36,5	µg/L
OW172100	2022-12-13	21575963	13:23:00	ZS	Zwevende stoffen	=	34	mg/L
OW172100	2023-01-17	21577023	13:40:00	Ag o	Zilver	<	0,05	µg/L
OW172100	2023-01-17	21577023	13:40:00	Ag t	Zilver	<	0,1	µg/L
OW172100	2023-01-17	21577023	13:40:00	Al o	Aluminium	<	150	µg/L
OW172100	2023-01-17	21577023	13:40:00	As o	Arseen	=	1,47	µg/L
OW172100	2023-01-17	21577023	13:40:00	As t	Arseen	=	2,45	µg/L
OW172100	2023-01-17	21577023	13:40:00	B o	Boor	=	66	µg/L
OW172100	2023-01-17	21577023	13:40:00	B t	Boor	=	57,3	µg/L
OW172100	2023-01-17	21577023	13:40:00	Ba o	Barium	=	29	µg/L
OW172100	2023-01-17	21577023	13:40:00	Ba t	Barium	=	40	µg/L
OW172100	2023-01-17	21577023	13:40:00	Be o	Beryllium	<	0,15	µg/L
OW172100	2023-01-17	21577023	13:40:00	Be t	Beryllium	<	0,15	µg/L
OW172100	2023-01-17	21577023	13:40:00	BZV5	Biochemisch zuurstofverbruik na 5d.	<	2	mgO2/L
OW172100	2023-01-17	21577023	13:40:00	Ca o	Calcium	=	104000	µg/L
OW172100	2023-01-17	21577023	13:40:00	Cd o	Cadmium	<	0,05	µg/L
OW172100	2023-01-17	21577023	13:40:00	Cd t	Cadmium	<	0,2	µg/L
OW172100	2023-01-17	21577023	13:40:00	Cl-	Chloride	=	46,7	mg/L
OW172100	2023-01-17	21577023	13:40:00	Co o	Kobalt	=	0,47	µg/L
OW172100	2023-01-17	21577023	13:40:00	Co t	Kobalt	=	1,16	µg/L
OW172100	2023-01-17	21577023	13:40:00	Cr o	Chroom	<	1,5	µg/L
OW172100	2023-01-17	21577023	13:40:00	Cr t	Chroom	=	5,24	µg/L
OW172100	2023-01-17	21577023	13:40:00	Cu o	Koper	<	4	µg/L
OW172100	2023-01-17	21577023	13:40:00	Cu t	Koper	=	6,9	µg/L
OW172100	2023-01-17	21577023	13:40:00	CZV	Chemisch zuurstofverbruik	=	25	mgO2/L
OW172100	2023-01-17	21577023	13:40:00	DOC	Koolstof	=	6,1	mgC/L
OW172100	2023-01-17	21577023	13:40:00	EC 20	Geleidbaarheid (20°C)	=	704	µS/cm
OW172100	2023-01-17	21577023	13:40:00	EC 25	Geleidbaarheid (25°C)	=	771,232	µS/cm
OW172100	2023-01-17	21577023	13:40:00	Fe o	Ijzer	=	33	µg/L
OW172100	2023-01-17	21577023	13:40:00	Fe t	Ijzer	=	2030	µg/L
OW172100	2023-01-17	21577023	13:40:00	H t	Hardheid	=	30	°F
OW172100	2023-01-17	21577023	13:40:00	Hg o	Kwik	<	0,025	µg/L
OW172100	2023-01-17	21577023	13:40:00	Hg t	Kwik	<	0,025	µg/L
OW172100	2023-01-17	21577023	13:40:00	K o	Kalium	=	11000	µg/L
OW172100	2023-01-17	21577023	13:40:00	KjN	Kjeldahlstikstof	=	1,687	mgN/L
OW172100	2023-01-17	21577023	13:40:00	Mg o	Magnesium	=	10200	µg/L
OW172100	2023-01-17	21577023	13:40:00	Mn o	Mangaan	=	81	µg/L
OW172100	2023-01-17	21577023	13:40:00	Mn t	Mangaan	=	129	µg/L
OW172100	2023-01-17	21577023	13:40:00	Mo o	Molybdeen	<	2,5	µg/L
OW172100	2023-01-17	21577023	13:40:00	Mo t	Molybdeen	<	2,5	µg/L
OW172100	2023-01-17	21577023	13:40:00	N t	Stikstof	=	7,6	mgN/L
OW172100	2023-01-17	21577023	13:40:00	N+N	Nitraat+nitriet	=	5,913	mgN/L
OW172100	2023-01-17	21577023	13:40:00	N+N+N	Nitraat+nitriet+ammonium	=	6,643	mgN/L
OW172100	2023-01-17	21577023	13:40:00	Na o	Natrium	=	32400	µg/L
OW172100	2023-01-17	21577023	13:40:00	NH4+	Ammonium	=	0,73	mgN/L
OW172100	2023-01-17	21577023	13:40:00	Ni o	Nikkel	<	3,2	µg/L
OW172100	2023-01-17	21577023	13:40:00	Ni t	Nikkel	=	4,29	µg/L
OW172100	2023-01-17	21577023	13:40:00	NO2-	Nitriet	=	0,113	mgN/L
OW172100	2023-01-17	21577023	13:40:00	NO3-	Nitraat	=	5,8	mgN/L
OW172100	2023-01-17	21577023	13:40:00	O2	Zuurstof	=	8,51	mg/L
OW172100	2023-01-17	21577023	13:40:00	O2 verz	Zuurstof	=	73	%
OW172100	2023-01-17	21577023	13:40:00	oPO4 f	Orthofosfaat	=	0,254	mgP/L
OW172100	2023-01-17	21577023	13:40:00	P t	Fosfor	=	0,46	mgP/L
OW172100	2023-01-17	21577023	13:40:00	Pb o	Lood	<	1,25	µg/L
OW172100	2023-01-17	21577023	13:40:00	Pb t	Lood	=	4,69	µg/L
OW172100	2023-01-17	21577023	13:40:00	pH	pH	=	7,78	-
OW172100	2023-01-17	21577023	13:40:00	Sb o	Antimoon	<	1,5	µg/L
OW172100	2023-01-17	21577023	13:40:00	Sb t	Antimoon	<	1,5	µg/L
OW172100	2023-01-17	21577023	13:40:00	Se o	Seleen	<	1,5	µg/L
OW172100	2023-01-17	21577023	13:40:00	Se t	Seleen	<	1,5	µg/L
OW172100	2023-01-17	21577023	13:40:00	SiO2 o	Silicaat	=	14	mgSiO2/L
OW172100	2023-01-17	21577023	13:40:00	Sn o	Tin	<	1,5	µg/L
OW172100	2023-01-17	21577023	13:40:00	Sn t	Tin	<	1,5	µg/L
OW172100	2023-01-17	21577023	13:40:00	SO4=	Sulfaat	=	83	mg/L
OW172100	2023-01-17	21577023	13:40:00	T	Temperatuur	=	7,6	°C
OW172100	2023-01-17	21577023	13:40:00	TAM	Alkaliniteit met methyloranje	=	4,4	meq/L
OW172100	2023-01-17	21577023	13:40:00	Te o	Telluur	<	2,5	µg/L
OW172100	2023-01-17	21577023	13:40:00	Te t	Telluur	<	2,5	µg/L
OW172100	2023-01-17	21577023	13:40:00	Ti o	Titaan	<	2	µg/L
OW172100	2023-01-17	21577023	13:40:00	Ti t	Titaan	=	39	µg/L
OW172100	2023-01-17	21577023	13:40:00	Tl o	Thallium	<	0,1	µg/L
OW172100	2023-01-17	21577023	13:40:00	Tl t	Thallium	<	0,1	µg/L
OW172100	2023-01-17	21577023	13:40:00	U o	Uranium	=	1,23	µg/L
OW172100	2023-01-17	21577023	13:40:00	U t	Uranium	=	1,35	µg/L
OW172100	2023-01-17	21577023	13:40:00	V o	Vanadium	<	3	µg/L
OW172100	2023-01-17	21577023	13:40:00	V t	Vanadium	=	6,4	µg/L
OW172100	2023-01-17	21577023	13:40:00	Zn o	Zink	<	7,5	µg/L
OW172100	2023-01-17	21577023	13:40:00	Zn t	Zink	=	32,4	µg/L
OW172100	2023-01-17	21577023	13:40:00	ZS	Zwevende stoffen	=	46	mg/L
OW172100	2023-02-14	21578630	13:21:00	Ag o	Zilver	<	0,05	µg/L
OW172100	2023-02-14	21578630	13:21:00	Ag t	Zilver	<	0,05	µg/L
OW172100	2023-02-14	21578630	13:21:00	Al o	Aluminium	<	150	µg/L
OW172100	2023-02-14	21578630	13:21:00	As o	Arseen	=	1,12	µg/L
OW172100	2023-02-14	21578630	13:21:00	As t	Arseen	=	1,7	µg/L
OW172100	2023-02-14	21578630	13:21:00	B o	Boor	=	84	µg/L
OW172100	2023-02-14	21578630	13:21:00	B t	Boor	=	87	µg/L
OW172100	2023-02-14	21578630	13:21:00	Ba o	Barium	=	36	µg/L
OW172100	2023-02-14	21578630	13:21:00	Ba t	Barium	=	47	µg/L
OW172100	2023-02-14	21578630	13:21:00	Be o	Beryllium	<	0,15	µg/L
OW172100	2023-02-14	21578630	13:21:00	Be t	Beryllium	<	0,15	µg/L
OW172100	2023-02-14	21578630	13:21:00	BZV5	Biochemisch zuurstofverbruik na 5d.	<	2	mgO2/L
OW172100	2023-02-14	21578630	13:21:00	Ca o	Calcium	=	140000	µg/L
OW172100	2023-02-14	21578630	13:21:00	Cd o	Cadmium	<	0,05	µg/L
OW172100	2023-02-14	21578630	13:21:00	Cd t	Cadmium	<	0,2	µg/L
OW172100	2023-02-14	21578630	13:21:00	Cl-	Chloride	=	88	mg/L
OW172100	2023-02-14	21578630	13:21:00	Co o	Kobalt	=	0,42	µg/L
OW172100	2023-02-14	21578630	13:21:00	Co t	Kobalt	=	0,86	µg/L
OW172100	2023-02-14	21578630	13:21:00	Cr o	Chroom	<	1,5	µg/L
OW172100	2023-02-14	21578630	13:21:00	Cr t	Chroom	=	3,85	µg/L
OW172100	2023-02-14	21578630	13:21:00	Cu o	Koper	<	2	µg/L
OW172100	2023-02-14	21578630	13:21:00	Cu t	Koper	=	5,25	µg/L
OW172100	2023-02-14	21578630	13:21:00	CZV	Chemisch zuurstofverbruik	=	14,6	mgO2/L
OW172100	2023-02-14	21578630	13:21:00	DOC	Koolstof	=	4,9	mgC/L
OW172100	2023-02-14	21578630	13:21:00	EC 20	Geleidbaarheid (20°C)	=	983	µS/cm
OW172100	2023-02-14	21578630	13:21:00	EC 25	Geleidbaarheid (25°C)	=	1076,8765	µS/cm
OW172100	2023-02-14	21578630	13:21:00	Fe o	Ijzer	<	25	µg/L
OW172100	2023-02-14	21578630	13:21:00	Fe t	Ijzer	=	1110	µg/L
OW172100	2023-02-14	21578630	13:21:00	H t	Hardheid	=	41	°F
OW172100	2023-02-14	21578630	13:21:00	Hg o	Kwik	<	0,025	µg/L
OW172100	2023-02-14	21578630	13:21:00	Hg t	Kwik	<	0,025	µg/L
OW172100	2023-02-14	21578630	13:21:00	K o	Kalium	=	14500	µg/L
OW172100	2023-02-14	21578630	13:21:00	KjN	Kjeldahlstikstof	=	0,615	mgN/L
OW172100	2023-02-14	21578630	13:21:00	Mg o	Magnesium	=	14900	µg/L
OW172100	2023-02-14	21578630	13:21:00	Mn o	Mangaan	=	84	µg/L
OW172100	2023-02-14	21578630	13:21:00	Mn t	Mangaan	=	131	µg/L
OW172100	2023-02-14	21578630	13:21:00	Mo o	Molybdeen	<	2,5	µg/L
OW172100	2023-02-14	21578630	13:21:00	Mo t	Molybdeen	<	2,5	µg/L
OW172100	2023-02-14	21578630	13:21:00	N t	Stikstof	=	7,8	mgN/L
OW172100	2023-02-14	21578630	13:21:00	N+N	Nitraat+nitriet	=	7,185	mgN/L
OW172100	2023-02-14	21578630	13:21:00	N+N+N	Nitraat+nitriet+ammonium	=	7,745	mgN/L
OW172100	2023-02-14	21578630	13:21:00	Na o	Natrium	=	56000	µg/L
OW172100	2023-02-14	21578630	13:21:00	NH4+	Ammonium	=	0,56	mgN/L
OW172100	2023-02-14	21578630	13:21:00	Ni o	Nikkel	<	3,2	µg/L
OW172100	2023-02-14	21578630	13:21:00	Ni t	Nikkel	=	4	µg/L
OW172100	2023-02-14	21578630	13:21:00	NO2-	Nitriet	=	0,085	mgN/L
OW172100	2023-02-14	21578630	13:21:00	NO3-	Nitraat	=	7,1	mgN/L
OW172100	2023-02-14	21578630	13:21:00	oPO4 f	Orthofosfaat	=	0,186	mgP/L
OW172100	2023-02-14	21578630	13:21:00	P t	Fosfor	=	0,367	mgP/L
OW172100	2023-02-14	21578630	13:21:00	Pb o	Lood	<	1,25	µg/L
OW172100	2023-02-14	21578630	13:21:00	Pb t	Lood	=	3,82	µg/L
OW172100	2023-02-14	21578630	13:21:00	pH	pH	=	7,78	-
OW172100	2023-02-14	21578630	13:21:00	Sb o	Antimoon	<	1,5	µg/L
OW172100	2023-02-14	21578630	13:21:00	Sb t	Antimoon	<	1,5	µg/L
OW172100	2023-02-14	21578630	13:21:00	Se o	Seleen	<	1,5	µg/L
OW172100	2023-02-14	21578630	13:21:00	Se t	Seleen	<	1,5	µg/L
OW172100	2023-02-14	21578630	13:21:00	SiO2 o	Silicaat	=	18	mgSiO2/L
OW172100	2023-02-14	21578630	13:21:00	Sn o	Tin	<	1,5	µg/L
OW172100	2023-02-14	21578630	13:21:00	Sn t	Tin	<	1,5	µg/L
OW172100	2023-02-14	21578630	13:21:00	SO4=	Sulfaat	=	119	mg/L
OW172100	2023-02-14	21578630	13:21:00	T	Temperatuur	=	6,7	°C
OW172100	2023-02-14	21578630	13:21:00	TAM	Alkaliniteit met methyloranje	=	6,5	meq/L
OW172100	2023-02-14	21578630	13:21:00	Te o	Telluur	<	2,5	µg/L
OW172100	2023-02-14	21578630	13:21:00	Te t	Telluur	<	2,5	µg/L
OW172100	2023-02-14	21578630	13:21:00	Ti o	Titaan	<	2	µg/L
OW172100	2023-02-14	21578630	13:21:00	Ti t	Titaan	=	17,2	µg/L
OW172100	2023-02-14	21578630	13:21:00	Tl o	Thallium	<	0,1	µg/L
OW172100	2023-02-14	21578630	13:21:00	Tl t	Thallium	<	0,1	µg/L
OW172100	2023-02-14	21578630	13:21:00	U o	Uranium	=	1,48	µg/L
OW172100	2023-02-14	21578630	13:21:00	U t	Uranium	=	1,62	µg/L
OW172100	2023-02-14	21578630	13:21:00	V o	Vanadium	<	3	µg/L
OW172100	2023-02-14	21578630	13:21:00	V t	Vanadium	=	4,39	µg/L
OW172100	2023-02-14	21578630	13:21:00	Zn o	Zink	<	15	µg/L
OW172100	2023-02-14	21578630	13:21:00	Zn t	Zink	=	28,6	µg/L
OW172100	2023-02-14	21578630	13:21:00	ZS	Zwevende stoffen	=	23	mg/L
OW172100	2023-03-14	21580114	14:28:00	Ag o	Zilver	<	0,05	µg/L
OW172100	2023-03-14	21580114	14:28:00	Ag t	Zilver	<	0,05	µg/L
OW172100	2023-03-14	21580114	14:28:00	Al o	Aluminium	<	150	µg/L
OW172100	2023-03-14	21580114	14:28:00	As o	Arseen	=	1,14	µg/L
OW172100	2023-03-14	21580114	14:28:00	As t	Arseen	=	1,85	µg/L
OW172100	2023-03-14	21580114	14:28:00	B o	Boor	=	56	µg/L
OW172100	2023-03-14	21580114	14:28:00	B t	Boor	=	55,2	µg/L
OW172100	2023-03-14	21580114	14:28:00	Ba o	Barium	=	29	µg/L
OW172100	2023-03-14	21580114	14:28:00	Ba t	Barium	=	40	µg/L
OW172100	2023-03-14	21580114	14:28:00	Be o	Beryllium	<	0,15	µg/L
OW172100	2023-03-14	21580114	14:28:00	Be t	Beryllium	<	0,15	µg/L
OW172100	2023-03-14	21580114	14:28:00	BZV5	Biochemisch zuurstofverbruik na 5d.	=	2,4	mgO2/L
OW172100	2023-03-14	21580114	14:28:00	Ca o	Calcium	=	111000	µg/L
OW172100	2023-03-14	21580114	14:28:00	Cd o	Cadmium	<	0,05	µg/L
OW172100	2023-03-14	21580114	14:28:00	Cd t	Cadmium	<	0,2	µg/L
OW172100	2023-03-14	21580114	14:28:00	Cl-	Chloride	=	60,3	mg/L
OW172100	2023-03-14	21580114	14:28:00	Co o	Kobalt	=	0,35	µg/L
OW172100	2023-03-14	21580114	14:28:00	Co t	Kobalt	=	0,97	µg/L
OW172100	2023-03-14	21580114	14:28:00	Cr o	Chroom	<	1,5	µg/L
OW172100	2023-03-14	21580114	14:28:00	Cr t	Chroom	=	4,67	µg/L
OW172100	2023-03-14	21580114	14:28:00	Cu o	Koper	<	4	µg/L
OW172100	2023-03-14	21580114	14:28:00	Cu t	Koper	=	7,5	µg/L
OW172100	2023-03-14	21580114	14:28:00	CZV	Chemisch zuurstofverbruik	=	17,2	mgO2/L
OW172100	2023-03-14	21580114	14:28:00	DOC	Koolstof	=	5,8	mgC/L
OW172100	2023-03-14	21580114	14:28:00	EC 20	Geleidbaarheid (20°C)	=	709	µS/cm
OW172100	2023-03-14	21580114	14:28:00	EC 25	Geleidbaarheid (25°C)	=	776,7095	µS/cm
OW172100	2023-03-14	21580114	14:28:00	Fe o	Ijzer	<	25	µg/L
OW172100	2023-03-14	21580114	14:28:00	Fe t	Ijzer	=	1570	µg/L
OW172100	2023-03-14	21580114	14:28:00	H t	Hardheid	=	32	°F
OW172100	2023-03-14	21580114	14:28:00	Hg o	Kwik	<	0,025	µg/L
OW172100	2023-03-14	21580114	14:28:00	Hg t	Kwik	<	0,025	µg/L
OW172100	2023-03-14	21580114	14:28:00	K o	Kalium	=	10400	µg/L
OW172100	2023-03-14	21580114	14:28:00	KjN	Kjeldahlstikstof	=	1,095	mgN/L
OW172100	2023-03-14	21580114	14:28:00	Mg o	Magnesium	=	10400	µg/L
OW172100	2023-03-14	21580114	14:28:00	Mn o	Mangaan	=	53	µg/L
OW172100	2023-03-14	21580114	14:28:00	Mn t	Mangaan	=	118	µg/L
OW172100	2023-03-14	21580114	14:28:00	Mo o	Molybdeen	<	2,5	µg/L
OW172100	2023-03-14	21580114	14:28:00	Mo t	Molybdeen	<	2,5	µg/L
OW172100	2023-03-14	21580114	14:28:00	N t	Stikstof	=	7,5	mgN/L
OW172100	2023-03-14	21580114	14:28:00	N+N	Nitraat+nitriet	=	6,405	mgN/L
OW172100	2023-03-14	21580114	14:28:00	N+N+N	Nitraat+nitriet+ammonium	=	7,125	mgN/L
OW172100	2023-03-14	21580114	14:28:00	Na o	Natrium	=	35600	µg/L
OW172100	2023-03-14	21580114	14:28:00	NH4+	Ammonium	=	0,72	mgN/L
OW172100	2023-03-14	21580114	14:28:00	Ni o	Nikkel	<	3,2	µg/L
OW172100	2023-03-14	21580114	14:28:00	Ni t	Nikkel	=	3,85	µg/L
OW172100	2023-03-14	21580114	14:28:00	NO2-	Nitriet	=	0,105	mgN/L
OW172100	2023-03-14	21580114	14:28:00	NO3-	Nitraat	=	6,3	mgN/L
OW172100	2023-03-14	21580114	14:28:00	O2	Zuurstof	=	9,9	mg/L
OW172100	2023-03-14	21580114	14:28:00	O2 verz	Zuurstof	=	86,4	%
OW172100	2023-03-14	21580114	14:28:00	oPO4 f	Orthofosfaat	=	0,177	mgP/L
OW172100	2023-03-14	21580114	14:28:00	P t	Fosfor	=	0,395	mgP/L
OW172100	2023-03-14	21580114	14:28:00	Pb o	Lood	<	1,25	µg/L
OW172100	2023-03-14	21580114	14:28:00	Pb t	Lood	=	4,45	µg/L
OW172100	2023-03-14	21580114	14:28:00	pH	pH	=	7,79	-
OW172100	2023-03-14	21580114	14:28:00	Sb o	Antimoon	<	1,5	µg/L
OW172100	2023-03-14	21580114	14:28:00	Sb t	Antimoon	<	1,5	µg/L
OW172100	2023-03-14	21580114	14:28:00	Se o	Seleen	<	1,5	µg/L
OW172100	2023-03-14	21580114	14:28:00	Se t	Seleen	<	1,5	µg/L
OW172100	2023-03-14	21580114	14:28:00	SiO2 o	Silicaat	=	12	mgSiO2/L
OW172100	2023-03-14	21580114	14:28:00	Sn o	Tin	<	1,5	µg/L
OW172100	2023-03-14	21580114	14:28:00	Sn t	Tin	<	1,5	µg/L
OW172100	2023-03-14	21580114	14:28:00	SO4=	Sulfaat	=	79	mg/L
OW172100	2023-03-14	21580114	14:28:00	T	Temperatuur	=	9	°C
OW172100	2023-03-14	21580114	14:28:00	TAM	Alkaliniteit met methyloranje	=	4,4	meq/L
OW172100	2023-03-14	21580114	14:28:00	Te o	Telluur	<	2,5	µg/L
OW172100	2023-03-14	21580114	14:28:00	Te t	Telluur	<	2,5	µg/L
OW172100	2023-03-14	21580114	14:28:00	Ti o	Titaan	<	2	µg/L
OW172100	2023-03-14	21580114	14:28:00	Ti t	Titaan	=	25	µg/L
OW172100	2023-03-14	21580114	14:28:00	Tl o	Thallium	<	0,1	µg/L
OW172100	2023-03-14	21580114	14:28:00	Tl t	Thallium	<	0,1	µg/L
OW172100	2023-03-14	21580114	14:28:00	U o	Uranium	=	1,22	µg/L
OW172100	2023-03-14	21580114	14:28:00	U t	Uranium	=	1,36	µg/L
OW172100	2023-03-14	21580114	14:28:00	V o	Vanadium	<	3	µg/L
OW172100	2023-03-14	21580114	14:28:00	V t	Vanadium	=	5,4	µg/L
OW172100	2023-03-14	21580114	14:28:00	Zn o	Zink	<	7,5	µg/L
OW172100	2023-03-14	21580114	14:28:00	Zn t	Zink	=	32,7	µg/L
OW172100	2023-03-14	21580114	14:28:00	ZS	Zwevende stoffen	=	54	mg/L
OW172100	2023-04-04	21581304	14:20:00	Ag o	Zilver	<	0,05	µg/L
OW172100	2023-04-04	21581304	14:20:00	Ag t	Zilver	<	0,1	µg/L
OW172100	2023-04-04	21581304	14:20:00	Al o	Aluminium	<	150	µg/L
OW172100	2023-04-04	21581304	14:20:00	As o	Arseen	=	1,2	µg/L
OW172100	2023-04-04	21581304	14:20:00	As t	Arseen	=	2,06	µg/L
OW172100	2023-04-04	21581304	14:20:00	B o	Boor	=	64	µg/L
OW172100	2023-04-04	21581304	14:20:00	B t	Boor	=	66	µg/L
OW172100	2023-04-04	21581304	14:20:00	Ba o	Barium	=	28	µg/L
OW172100	2023-04-04	21581304	14:20:00	Ba t	Barium	=	45	µg/L
OW172100	2023-04-04	21581304	14:20:00	Be o	Beryllium	<	0,15	µg/L
OW172100	2023-04-04	21581304	14:20:00	Be t	Beryllium	<	0,15	µg/L
OW172100	2023-04-04	21581304	14:20:00	BZV5	Biochemisch zuurstofverbruik na 5d.	=	2,1	mgO2/L
OW172100	2023-04-04	21581304	14:20:00	Ca o	Calcium	=	102000	µg/L
OW172100	2023-04-04	21581304	14:20:00	Cd o	Cadmium	<	0,05	µg/L
OW172100	2023-04-04	21581304	14:20:00	Cd t	Cadmium	=	0,242	µg/L
OW172100	2023-04-04	21581304	14:20:00	Cl-	Chloride	=	55,6	mg/L
OW172100	2023-04-04	21581304	14:20:00	Co o	Kobalt	=	0,43	µg/L
OW172100	2023-04-04	21581304	14:20:00	Co t	Kobalt	=	1,28	µg/L
OW172100	2023-04-04	21581304	14:20:00	Cr o	Chroom	<	1,5	µg/L
OW172100	2023-04-04	21581304	14:20:00	Cr t	Chroom	=	6,6	µg/L
OW172100	2023-04-04	21581304	14:20:00	Cu o	Koper	<	4	µg/L
OW172100	2023-04-04	21581304	14:20:00	Cu t	Koper	=	10	µg/L
OW172100	2023-04-04	21581304	14:20:00	CZV	Chemisch zuurstofverbruik	=	24	mgO2/L
OW172100	2023-04-04	21581304	14:20:00	DOC	Koolstof	=	6,3	mgC/L
OW172100	2023-04-04	21581304	14:20:00	EC 20	Geleidbaarheid (20°C)	=	740	µS/cm
OW172100	2023-04-04	21581304	14:20:00	EC 25	Geleidbaarheid (25°C)	=	810,67	µS/cm
OW172100	2023-04-04	21581304	14:20:00	Fe o	Ijzer	<	25	µg/L
OW172100	2023-04-04	21581304	14:20:00	Fe t	Ijzer	=	2260	µg/L
OW172100	2023-04-04	21581304	14:20:00	H t	Hardheid	=	30	°F
OW172100	2023-04-04	21581304	14:20:00	Hg o	Kwik	<	0,025	µg/L
OW172100	2023-04-04	21581304	14:20:00	Hg t	Kwik	<	0,05	µg/L
OW172100	2023-04-04	21581304	14:20:00	K o	Kalium	=	8400	µg/L
OW172100	2023-04-04	21581304	14:20:00	KjN	Kjeldahlstikstof	=	1,656	mgN/L
OW172100	2023-04-04	21581304	14:20:00	Mg o	Magnesium	=	10800	µg/L
OW172100	2023-04-04	21581304	14:20:00	Mn o	Mangaan	=	98	µg/L
OW172100	2023-04-04	21581304	14:20:00	Mn t	Mangaan	=	210	µg/L
OW172100	2023-04-04	21581304	14:20:00	Mo o	Molybdeen	<	2,5	µg/L
OW172100	2023-04-04	21581304	14:20:00	Mo t	Molybdeen	<	2,5	µg/L
OW172100	2023-04-04	21581304	14:20:00	N t	Stikstof	=	6,9	mgN/L
OW172100	2023-04-04	21581304	14:20:00	N+N	Nitraat+nitriet	=	5,244	mgN/L
OW172100	2023-04-04	21581304	14:20:00	N+N+N	Nitraat+nitriet+ammonium	=	5,874	mgN/L
OW172100	2023-04-04	21581304	14:20:00	Na o	Natrium	=	32300	µg/L
OW172100	2023-04-04	21581304	14:20:00	NH4+	Ammonium	=	0,63	mgN/L
OW172100	2023-04-04	21581304	14:20:00	Ni o	Nikkel	<	3,2	µg/L
OW172100	2023-04-04	21581304	14:20:00	Ni t	Nikkel	=	4,55	µg/L
OW172100	2023-04-04	21581304	14:20:00	NO2-	Nitriet	=	0,144	mgN/L
OW172100	2023-04-04	21581304	14:20:00	NO3-	Nitraat	=	5,1	mgN/L
OW172100	2023-04-04	21581304	14:20:00	O2	Zuurstof	=	7,69	mg/L
OW172100	2023-04-04	21581304	14:20:00	O2 verz	Zuurstof	=	69,8	%
OW172100	2023-04-04	21581304	14:20:00	oPO4 f	Orthofosfaat	=	0,186	mgP/L
OW172100	2023-04-04	21581304	14:20:00	P t	Fosfor	=	0,463	mgP/L
OW172100	2023-04-04	21581304	14:20:00	Pb o	Lood	<	1,25	µg/L
OW172100	2023-04-04	21581304	14:20:00	Pb t	Lood	=	6,92	µg/L
OW172100	2023-04-04	21581304	14:20:00	pH	pH	=	7,79	-
OW172100	2023-04-04	21581304	14:20:00	Sb o	Antimoon	<	1,5	µg/L
OW172100	2023-04-04	21581304	14:20:00	Sb t	Antimoon	<	1,5	µg/L
OW172100	2023-04-04	21581304	14:20:00	Se o	Seleen	<	1,5	µg/L
OW172100	2023-04-04	21581304	14:20:00	Se t	Seleen	<	1,5	µg/L
OW172100	2023-04-04	21581304	14:20:00	SiO2 o	Silicaat	=	11	mgSiO2/L
OW172100	2023-04-04	21581304	14:20:00	Sn o	Tin	<	1,5	µg/L
OW172100	2023-04-04	21581304	14:20:00	Sn t	Tin	<	1,5	µg/L
OW172100	2023-04-04	21581304	14:20:00	SO4=	Sulfaat	=	89	mg/L
OW172100	2023-04-04	21581304	14:20:00	T	Temperatuur	=	11,6	°C
OW172100	2023-04-04	21581304	14:20:00	TAM	Alkaliniteit met methyloranje	=	5,5	meq/L
OW172100	2023-04-04	21581304	14:20:00	Te o	Telluur	<	2,5	µg/L
OW172100	2023-04-04	21581304	14:20:00	Te t	Telluur	<	2,5	µg/L
OW172100	2023-04-04	21581304	14:20:00	Ti o	Titaan	<	2	µg/L
OW172100	2023-04-04	21581304	14:20:00	Ti t	Titaan	=	37	µg/L
OW172100	2023-04-04	21581304	14:20:00	Tl o	Thallium	<	0,1	µg/L
OW172100	2023-04-04	21581304	14:20:00	Tl t	Thallium	<	0,1	µg/L
OW172100	2023-04-04	21581304	14:20:00	U o	Uranium	=	1,35	µg/L
OW172100	2023-04-04	21581304	14:20:00	U t	Uranium	=	1,64	µg/L
OW172100	2023-04-04	21581304	14:20:00	V o	Vanadium	<	3	µg/L
OW172100	2023-04-04	21581304	14:20:00	V t	Vanadium	=	5,8	µg/L
OW172100	2023-04-04	21581304	14:20:00	Zn o	Zink	<	7,5	µg/L
OW172100	2023-04-04	21581304	14:20:00	Zn t	Zink	=	47	µg/L
OW172100	2023-04-04	21581304	14:20:00	ZS	Zwevende stoffen	=	62	mg/L
OW172100	2023-05-09	21583182	14:25:00	Ag o	Zilver	<	0,05	µg/L
OW172100	2023-05-09	21583182	14:25:00	Ag t	Zilver	<	0,05	µg/L
OW172100	2023-05-09	21583182	14:25:00	Al o	Aluminium	<	150	µg/L
OW172100	2023-05-09	21583182	14:25:00	As o	Arseen	=	1,29	µg/L
OW172100	2023-05-09	21583182	14:25:00	As t	Arseen	=	1,73	µg/L
OW172100	2023-05-09	21583182	14:25:00	B o	Boor	=	87	µg/L
OW172100	2023-05-09	21583182	14:25:00	B t	Boor	=	77	µg/L
OW172100	2023-05-09	21583182	14:25:00	Ba o	Barium	=	30	µg/L
OW172100	2023-05-09	21583182	14:25:00	Ba t	Barium	=	39	µg/L
OW172100	2023-05-09	21583182	14:25:00	Be o	Beryllium	<	0,15	µg/L
OW172100	2023-05-09	21583182	14:25:00	Be t	Beryllium	<	0,15	µg/L
OW172100	2023-05-09	21583182	14:25:00	BZV5	Biochemisch zuurstofverbruik na 5d.	=	2,2	mgO2/L
OW172100	2023-05-09	21583182	14:25:00	Ca o	Calcium	=	114000	µg/L
OW172100	2023-05-09	21583182	14:25:00	Cd o	Cadmium	<	0,05	µg/L
OW172100	2023-05-09	21583182	14:25:00	Cd t	Cadmium	<	0,2	µg/L
OW172100	2023-05-09	21583182	14:25:00	Cl-	Chloride	=	66	mg/L
OW172100	2023-05-09	21583182	14:25:00	Co o	Kobalt	=	0,29	µg/L
OW172100	2023-05-09	21583182	14:25:00	Co t	Kobalt	=	0,73	µg/L
OW172100	2023-05-09	21583182	14:25:00	Cr o	Chroom	<	1,5	µg/L
OW172100	2023-05-09	21583182	14:25:00	Cr t	Chroom	=	3,79	µg/L
OW172100	2023-05-09	21583182	14:25:00	Cu o	Koper	<	4	µg/L
OW172100	2023-05-09	21583182	14:25:00	Cu t	Koper	=	5,42	µg/L
OW172100	2023-05-09	21583182	14:25:00	CZV	Chemisch zuurstofverbruik	=	20,5	mgO2/L
OW172100	2023-05-09	21583182	14:25:00	DOC	Koolstof	=	6,2	mgC/L
OW172100	2023-05-09	21583182	14:25:00	EC 20	Geleidbaarheid (20°C)	=	831	µS/cm
OW172100	2023-05-09	21583182	14:25:00	EC 25	Geleidbaarheid (25°C)	=	910,3605	µS/cm
OW172100	2023-05-09	21583182	14:25:00	Fe o	Ijzer	<	25	µg/L
OW172100	2023-05-09	21583182	14:25:00	Fe t	Ijzer	=	970	µg/L
OW172100	2023-05-09	21583182	14:25:00	H t	Hardheid	=	34	°F
OW172100	2023-05-09	21583182	14:25:00	Hg o	Kwik	<	0,025	µg/L
OW172100	2023-05-09	21583182	14:25:00	Hg t	Kwik	<	0,025	µg/L
OW172100	2023-05-09	21583182	14:25:00	K o	Kalium	=	14900	µg/L
OW172100	2023-05-09	21583182	14:25:00	KjN	Kjeldahlstikstof	=	1,446	mgN/L
OW172100	2023-05-09	21583182	14:25:00	Mg o	Magnesium	=	14000	µg/L
OW172100	2023-05-09	21583182	14:25:00	Mn o	Mangaan	=	12,6	µg/L
OW172100	2023-05-09	21583182	14:25:00	Mn t	Mangaan	=	107	µg/L
OW172100	2023-05-09	21583182	14:25:00	Mo o	Molybdeen	<	2,5	µg/L
OW172100	2023-05-09	21583182	14:25:00	Mo t	Molybdeen	<	2,5	µg/L
OW172100	2023-05-09	21583182	14:25:00	N t	Stikstof	=	5	mgN/L
OW172100	2023-05-09	21583182	14:25:00	N+N	Nitraat+nitriet	=	3,554	mgN/L
OW172100	2023-05-09	21583182	14:25:00	N+N+N	Nitraat+nitriet+ammonium	=	3,934	mgN/L
OW172100	2023-05-09	21583182	14:25:00	Na o	Natrium	=	47000	µg/L
OW172100	2023-05-09	21583182	14:25:00	NH4+	Ammonium	=	0,38	mgN/L
OW172100	2023-05-09	21583182	14:25:00	Ni o	Nikkel	<	3,2	µg/L
OW172100	2023-05-09	21583182	14:25:00	Ni t	Nikkel	=	3,47	µg/L
OW172100	2023-05-09	21583182	14:25:00	NO2-	Nitriet	=	0,144	mgN/L
OW172100	2023-05-09	21583182	14:25:00	NO3-	Nitraat	=	3,41	mgN/L
OW172100	2023-05-09	21583182	14:25:00	O2	Zuurstof	=	8,28	mg/L
OW172100	2023-05-09	21583182	14:25:00	O2 verz	Zuurstof	=	85	%
OW172100	2023-05-09	21583182	14:25:00	oPO4 f	Orthofosfaat	=	0,224	mgP/L
OW172100	2023-05-09	21583182	14:25:00	P t	Fosfor	=	0,401	mgP/L
OW172100	2023-05-09	21583182	14:25:00	Pb o	Lood	<	1,25	µg/L
OW172100	2023-05-09	21583182	14:25:00	Pb t	Lood	=	3,61	µg/L
OW172100	2023-05-09	21583182	14:25:00	pH	pH	=	7,77	-
OW172100	2023-05-09	21583182	14:25:00	Sb o	Antimoon	<	1,5	µg/L
OW172100	2023-05-09	21583182	14:25:00	Sb t	Antimoon	<	1,5	µg/L
OW172100	2023-05-09	21583182	14:25:00	Se o	Seleen	<	1,5	µg/L
OW172100	2023-05-09	21583182	14:25:00	Se t	Seleen	<	1,5	µg/L
OW172100	2023-05-09	21583182	14:25:00	SiO2 o	Silicaat	=	7,2	mgSiO2/L
OW172100	2023-05-09	21583182	14:25:00	Sn o	Tin	<	1,5	µg/L
OW172100	2023-05-09	21583182	14:25:00	Sn t	Tin	<	1,5	µg/L
OW172100	2023-05-09	21583182	14:25:00	SO4=	Sulfaat	=	92	mg/L
OW172100	2023-05-09	21583182	14:25:00	T	Temperatuur	=	16,4	°C
OW172100	2023-05-09	21583182	14:25:00	TAM	Alkaliniteit met methyloranje	=	5,5	meq/L
OW172100	2023-05-09	21583182	14:25:00	Te o	Telluur	<	2,5	µg/L
OW172100	2023-05-09	21583182	14:25:00	Te t	Telluur	<	2,5	µg/L
OW172100	2023-05-09	21583182	14:25:00	Ti o	Titaan	<	2	µg/L
OW172100	2023-05-09	21583182	14:25:00	Ti t	Titaan	=	15,9	µg/L
OW172100	2023-05-09	21583182	14:25:00	Tl o	Thallium	<	0,1	µg/L
OW172100	2023-05-09	21583182	14:25:00	Tl t	Thallium	<	0,1	µg/L
OW172100	2023-05-09	21583182	14:25:00	U o	Uranium	=	1,17	µg/L
OW172100	2023-05-09	21583182	14:25:00	U t	Uranium	=	1,34	µg/L
OW172100	2023-05-09	21583182	14:25:00	V o	Vanadium	<	3	µg/L
OW172100	2023-05-09	21583182	14:25:00	V t	Vanadium	=	3,71	µg/L
OW172100	2023-05-09	21583182	14:25:00	Zn o	Zink	<	7,5	µg/L
OW172100	2023-05-09	21583182	14:25:00	Zn t	Zink	=	26,6	µg/L
OW172100	2023-05-09	21583182	14:25:00	ZS	Zwevende stoffen	=	34	mg/L
OW172100	2023-06-06	21584335	14:18:00	Ag o	Zilver	<	0,05	µg/L
OW172100	2023-06-06	21584335	14:18:00	Ag t	Zilver	<	0,05	µg/L
OW172100	2023-06-06	21584335	14:18:00	Al o	Aluminium	<	150	µg/L
OW172100	2023-06-06	21584335	14:18:00	As o	Arseen	=	1,63	µg/L
OW172100	2023-06-06	21584335	14:18:00	As t	Arseen	=	2,23	µg/L
OW172100	2023-06-06	21584335	14:18:00	B o	Boor	=	89	µg/L
OW172100	2023-06-06	21584335	14:18:00	B t	Boor	=	88	µg/L
OW172100	2023-06-06	21584335	14:18:00	Ba o	Barium	=	34	µg/L
OW172100	2023-06-06	21584335	14:18:00	Ba t	Barium	=	44	µg/L
OW172100	2023-06-06	21584335	14:18:00	Be o	Beryllium	<	0,15	µg/L
OW172100	2023-06-06	21584335	14:18:00	Be t	Beryllium	<	0,15	µg/L
OW172100	2023-06-06	21584335	14:18:00	BZV5	Biochemisch zuurstofverbruik na 5d.	<	2	mgO2/L
OW172100	2023-06-06	21584335	14:18:00	Ca o	Calcium	=	120000	µg/L
OW172100	2023-06-06	21584335	14:18:00	Cd o	Cadmium	<	0,05	µg/L
OW172100	2023-06-06	21584335	14:18:00	Cd t	Cadmium	<	0,2	µg/L
OW172100	2023-06-06	21584335	14:18:00	Cl-	Chloride	=	77	mg/L
OW172100	2023-06-06	21584335	14:18:00	Co o	Kobalt	=	0,36	µg/L
OW172100	2023-06-06	21584335	14:18:00	Co t	Kobalt	=	0,94	µg/L
OW172100	2023-06-06	21584335	14:18:00	Cr o	Chroom	<	1,5	µg/L
OW172100	2023-06-06	21584335	14:18:00	Cr t	Chroom	=	5,4	µg/L
OW172100	2023-06-06	21584335	14:18:00	Cu o	Koper	<	4	µg/L
OW172100	2023-06-06	21584335	14:18:00	Cu t	Koper	=	6,6	µg/L
OW172100	2023-06-06	21584335	14:18:00	CZV	Chemisch zuurstofverbruik	=	18,5	mgO2/L
OW172100	2023-06-06	21584335	14:18:00	DOC	Koolstof	=	5,7	mgC/L
OW172100	2023-06-06	21584335	14:18:00	EC 20	Geleidbaarheid (20°C)	=	884	µS/cm
OW172100	2023-06-06	21584335	14:18:00	EC 25	Geleidbaarheid (25°C)	=	968,422	µS/cm
OW172100	2023-06-06	21584335	14:18:00	Fe o	Ijzer	<	12,5	µg/L
OW172100	2023-06-06	21584335	14:18:00	Fe t	Ijzer	=	1300	µg/L
OW172100	2023-06-06	21584335	14:18:00	H t	Hardheid	=	36	°F
OW172100	2023-06-06	21584335	14:18:00	Hg o	Kwik	<	0,025	µg/L
OW172100	2023-06-06	21584335	14:18:00	Hg t	Kwik	<	0,05	µg/L
OW172100	2023-06-06	21584335	14:18:00	K o	Kalium	=	15000	µg/L
OW172100	2023-06-06	21584335	14:18:00	KjN	Kjeldahlstikstof	=	0,698	mgN/L
OW172100	2023-06-06	21584335	14:18:00	Mg o	Magnesium	=	13900	µg/L
OW172100	2023-06-06	21584335	14:18:00	Mn o	Mangaan	=	23	µg/L
OW172100	2023-06-06	21584335	14:18:00	Mn t	Mangaan	=	122	µg/L
OW172100	2023-06-06	21584335	14:18:00	Mo o	Molybdeen	<	2,5	µg/L
OW172100	2023-06-06	21584335	14:18:00	Mo t	Molybdeen	<	2,5	µg/L
OW172100	2023-06-06	21584335	14:18:00	N t	Stikstof	=	4,9	mgN/L
OW172100	2023-06-06	21584335	14:18:00	N+N	Nitraat+nitriet	=	4,202	mgN/L
OW172100	2023-06-06	21584335	14:18:00	N+N+N	Nitraat+nitriet+ammonium	=	4,296	mgN/L
OW172100	2023-06-06	21584335	14:18:00	Na o	Natrium	=	52000	µg/L
OW172100	2023-06-06	21584335	14:18:00	NH4+	Ammonium	=	0,094	mgN/L
OW172100	2023-06-06	21584335	14:18:00	Ni o	Nikkel	<	3,2	µg/L
OW172100	2023-06-06	21584335	14:18:00	Ni t	Nikkel	=	3,83	µg/L
OW172100	2023-06-06	21584335	14:18:00	NO2-	Nitriet	=	0,082	mgN/L
OW172100	2023-06-06	21584335	14:18:00	NO3-	Nitraat	=	4,12	mgN/L
OW172100	2023-06-06	21584335	14:18:00	O2	Zuurstof	=	7,8	mg/L
OW172100	2023-06-06	21584335	14:18:00	O2 verz	Zuurstof	=	86,1	%
OW172100	2023-06-06	21584335	14:18:00	oPO4 f	Orthofosfaat	=	0,203	mgP/L
OW172100	2023-06-06	21584335	14:18:00	P t	Fosfor	=	0,376	mgP/L
OW172100	2023-06-06	21584335	14:18:00	Pb o	Lood	<	1,25	µg/L
OW172100	2023-06-06	21584335	14:18:00	Pb t	Lood	=	4,1	µg/L
OW172100	2023-06-06	21584335	14:18:00	pH	pH	=	7,9	-
OW172100	2023-06-06	21584335	14:18:00	Sb o	Antimoon	<	1,5	µg/L
OW172100	2023-06-06	21584335	14:18:00	Sb t	Antimoon	<	1,5	µg/L
OW172100	2023-06-06	21584335	14:18:00	Se o	Seleen	<	1,5	µg/L
OW172100	2023-06-06	21584335	14:18:00	Se t	Seleen	<	1,5	µg/L
OW172100	2023-06-06	21584335	14:18:00	SiO2 o	Silicaat	=	5,9	mgSiO2/L
OW172100	2023-06-06	21584335	14:18:00	Sn o	Tin	<	1,5	µg/L
OW172100	2023-06-06	21584335	14:18:00	Sn t	Tin	<	1,5	µg/L
OW172100	2023-06-06	21584335	14:18:00	SO4=	Sulfaat	=	98	mg/L
OW172100	2023-06-06	21584335	14:18:00	T	Temperatuur	=	20,5	°C
OW172100	2023-06-06	21584335	14:18:00	TAM	Alkaliniteit met methyloranje	=	5,4	meq/L
OW172100	2023-06-06	21584335	14:18:00	Te o	Telluur	<	2,5	µg/L
OW172100	2023-06-06	21584335	14:18:00	Te t	Telluur	<	2,5	µg/L
OW172100	2023-06-06	21584335	14:18:00	Ti o	Titaan	<	2	µg/L
OW172100	2023-06-06	21584335	14:18:00	Ti t	Titaan	=	21,5	µg/L
OW172100	2023-06-06	21584335	14:18:00	Tl o	Thallium	<	0,1	µg/L
OW172100	2023-06-06	21584335	14:18:00	Tl t	Thallium	<	0,1	µg/L
OW172100	2023-06-06	21584335	14:18:00	U o	Uranium	=	1,35	µg/L
OW172100	2023-06-06	21584335	14:18:00	U t	Uranium	=	1,46	µg/L
OW172100	2023-06-06	21584335	14:18:00	V o	Vanadium	<	3	µg/L
OW172100	2023-06-06	21584335	14:18:00	V t	Vanadium	=	4,02	µg/L
OW172100	2023-06-06	21584335	14:18:00	Zn o	Zink	<	7,5	µg/L
OW172100	2023-06-06	21584335	14:18:00	Zn t	Zink	=	32,6	µg/L
OW172100	2023-06-06	21584335	14:18:00	ZS	Zwevende stoffen	=	37	mg/L
OW172100	2023-07-04	21586394	13:40:00	Ag o	Zilver	<	0,05	µg/L
OW172100	2023-07-04	21586394	13:40:00	Ag t	Zilver	<	0,05	µg/L
OW172100	2023-07-04	21586394	13:40:00	Al o	Aluminium	<	150	µg/L
OW172100	2023-07-04	21586394	13:40:00	As o	Arseen	=	2,29	µg/L
OW172100	2023-07-04	21586394	13:40:00	As t	Arseen	=	2,71	µg/L
OW172100	2023-07-04	21586394	13:40:00	B o	Boor	=	86	µg/L
OW172100	2023-07-04	21586394	13:40:00	B t	Boor	=	82	µg/L
OW172100	2023-07-04	21586394	13:40:00	Ba o	Barium	=	34	µg/L
OW172100	2023-07-04	21586394	13:40:00	Ba t	Barium	=	41	µg/L
OW172100	2023-07-04	21586394	13:40:00	Be o	Beryllium	<	0,15	µg/L
OW172100	2023-07-04	21586394	13:40:00	Be t	Beryllium	<	0,15	µg/L
OW172100	2023-07-04	21586394	13:40:00	BZV5	Biochemisch zuurstofverbruik na 5d.	<	2	mgO2/L
OW172100	2023-07-04	21586394	13:40:00	Ca o	Calcium	=	110000	µg/L
OW172100	2023-07-04	21586394	13:40:00	Cd o	Cadmium	<	0,05	µg/L
OW172100	2023-07-04	21586394	13:40:00	Cd t	Cadmium	<	0,1	µg/L
OW172100	2023-07-04	21586394	13:40:00	Cl-	Chloride	=	86	mg/L
OW172100	2023-07-04	21586394	13:40:00	Co o	Kobalt	=	0,28	µg/L
OW172100	2023-07-04	21586394	13:40:00	Co t	Kobalt	=	0,65	µg/L
OW172100	2023-07-04	21586394	13:40:00	Cr o	Chroom	<	1,5	µg/L
OW172100	2023-07-04	21586394	13:40:00	Cr t	Chroom	=	3,49	µg/L
OW172100	2023-07-04	21586394	13:40:00	Cu o	Koper	<	4	µg/L
OW172100	2023-07-04	21586394	13:40:00	Cu t	Koper	=	4,52	µg/L
OW172100	2023-07-04	21586394	13:40:00	CZV	Chemisch zuurstofverbruik	=	18,7	mgO2/L
OW172100	2023-07-04	21586394	13:40:00	DOC	Koolstof	=	6,3	mgC/L
OW172100	2023-07-04	21586394	13:40:00	EC 20	Geleidbaarheid (20°C)	=	880	µS/cm
OW172100	2023-07-04	21586394	13:40:00	EC 25	Geleidbaarheid (25°C)	=	964,04	µS/cm
OW172100	2023-07-04	21586394	13:40:00	Fe o	Ijzer	<	12,5	µg/L
OW172100	2023-07-04	21586394	13:40:00	Fe t	Ijzer	=	740	µg/L
OW172100	2023-07-04	21586394	13:40:00	H t	Hardheid	=	33	°F
OW172100	2023-07-04	21586394	13:40:00	Hg o	Kwik	<	0,025	µg/L
OW172100	2023-07-04	21586394	13:40:00	Hg t	Kwik	<	0,025	µg/L
OW172100	2023-07-04	21586394	13:40:00	K o	Kalium	=	15600	µg/L
OW172100	2023-07-04	21586394	13:40:00	KjN	Kjeldahlstikstof	=	0,466	mgN/L
OW172100	2023-07-04	21586394	13:40:00	Mg o	Magnesium	=	13000	µg/L
OW172100	2023-07-04	21586394	13:40:00	Mn o	Mangaan	=	8,5	µg/L
OW172100	2023-07-04	21586394	13:40:00	Mn t	Mangaan	=	79	µg/L
OW172100	2023-07-04	21586394	13:40:00	Mo o	Molybdeen	<	2,5	µg/L
OW172100	2023-07-04	21586394	13:40:00	Mo t	Molybdeen	=	2,65	µg/L
OW172100	2023-07-04	21586394	13:40:00	N t	Stikstof	=	4,6	mgN/L
OW172100	2023-07-04	21586394	13:40:00	N+N	Nitraat+nitriet	=	4,134	mgN/L
OW172100	2023-07-04	21586394	13:40:00	N+N+N	Nitraat+nitriet+ammonium	=	4,204	mgN/L
OW172100	2023-07-04	21586394	13:40:00	Na o	Natrium	=	57000	µg/L
OW172100	2023-07-04	21586394	13:40:00	NH4+	Ammonium	=	0,07	mgN/L
OW172100	2023-07-04	21586394	13:40:00	Ni o	Nikkel	<	3,2	µg/L
OW172100	2023-07-04	21586394	13:40:00	Ni t	Nikkel	=	3,79	µg/L
OW172100	2023-07-04	21586394	13:40:00	NO2-	Nitriet	=	0,214	mgN/L
OW172100	2023-07-04	21586394	13:40:00	NO3-	Nitraat	=	3,92	mgN/L
OW172100	2023-07-04	21586394	13:40:00	O2	Zuurstof	=	7,54	mg/L
OW172100	2023-07-04	21586394	13:40:00	O2 verz	Zuurstof	=	85,7	%
OW172100	2023-07-04	21586394	13:40:00	oPO4 f	Orthofosfaat	=	0,36	mgP/L
OW172100	2023-07-04	21586394	13:40:00	P t	Fosfor	=	0,478	mgP/L
OW172100	2023-07-04	21586394	13:40:00	Pb o	Lood	<	1,25	µg/L
OW172100	2023-07-04	21586394	13:40:00	Pb t	Lood	<	2,5	µg/L
OW172100	2023-07-04	21586394	13:40:00	pH	pH	=	8,02	-
OW172100	2023-07-04	21586394	13:40:00	Sb o	Antimoon	<	1,5	µg/L
OW172100	2023-07-04	21586394	13:40:00	Sb t	Antimoon	<	1,5	µg/L
OW172100	2023-07-04	21586394	13:40:00	Se o	Seleen	<	1,5	µg/L
OW172100	2023-07-04	21586394	13:40:00	Se t	Seleen	<	1,5	µg/L
OW172100	2023-07-04	21586394	13:40:00	SiO2 o	Silicaat	<	0,25	mgSiO2/L
OW172100	2023-07-04	21586394	13:40:00	Sn o	Tin	<	1,5	µg/L
OW172100	2023-07-04	21586394	13:40:00	Sn t	Tin	<	1,5	µg/L
OW172100	2023-07-04	21586394	13:40:00	SO4=	Sulfaat	=	89	mg/L
OW172100	2023-07-04	21586394	13:40:00	T	Temperatuur	=	21,6	°C
OW172100	2023-07-04	21586394	13:40:00	TAM	Alkaliniteit met methyloranje	=	5,3	meq/L
OW172100	2023-07-04	21586394	13:40:00	Te o	Telluur	<	2,5	µg/L
OW172100	2023-07-04	21586394	13:40:00	Te t	Telluur	<	2,5	µg/L
OW172100	2023-07-04	21586394	13:40:00	Ti o	Titaan	<	2	µg/L
OW172100	2023-07-04	21586394	13:40:00	Ti t	Titaan	=	14,6	µg/L
OW172100	2023-07-04	21586394	13:40:00	Tl o	Thallium	<	0,1	µg/L
OW172100	2023-07-04	21586394	13:40:00	Tl t	Thallium	<	0,1	µg/L
OW172100	2023-07-04	21586394	13:40:00	U o	Uranium	=	1	µg/L
OW172100	2023-07-04	21586394	13:40:00	U t	Uranium	=	1,09	µg/L
OW172100	2023-07-04	21586394	13:40:00	V o	Vanadium	<	3	µg/L
OW172100	2023-07-04	21586394	13:40:00	V t	Vanadium	=	5,01	µg/L
OW172100	2023-07-04	21586394	13:40:00	Zn o	Zink	<	7,5	µg/L
OW172100	2023-07-04	21586394	13:40:00	Zn t	Zink	=	20,5	µg/L
OW172100	2023-07-04	21586394	13:40:00	ZS	Zwevende stoffen	=	53	mg/L
OW172100	2023-07-05	21587831	10:44:00	EC 20	Geleidbaarheid (20°C)	=	878	µS/cm
OW172100	2023-07-05	21587831	10:44:00	EC 25	Geleidbaarheid (25°C)	=	961,849	µS/cm
OW172100	2023-07-05	21587831	10:44:00	O2	Zuurstof	=	6,88	mg/L
OW172100	2023-07-05	21587831	10:44:00	O2 verz	Zuurstof	=	76,4	%
OW172100	2023-07-05	21587831	10:44:00	pH	pH	=	7,89	-
OW172100	2023-07-05	21587831	10:44:00	T	Temperatuur	=	20,7	°C
OW172100	2023-08-08	21588617	14:20:00	Ag o	Zilver	<	0,05	µg/L
OW172100	2023-08-08	21588617	14:20:00	Ag t	Zilver	<	0,1	µg/L
OW172100	2023-08-08	21588617	14:20:00	Al o	Aluminium	<	150	µg/L
OW172100	2023-08-08	21588617	14:20:00	As o	Arseen	=	1,54	µg/L
OW172100	2023-08-08	21588617	14:20:00	As t	Arseen	=	2,49	µg/L
OW172100	2023-08-08	21588617	14:20:00	B o	Boor	=	59	µg/L
OW172100	2023-08-08	21588617	14:20:00	B t	Boor	=	58,5	µg/L
OW172100	2023-08-08	21588617	14:20:00	Ba o	Barium	=	22,1	µg/L
OW172100	2023-08-08	21588617	14:20:00	Ba t	Barium	=	36	µg/L
OW172100	2023-08-08	21588617	14:20:00	Be o	Beryllium	<	0,15	µg/L
OW172100	2023-08-08	21588617	14:20:00	Be t	Beryllium	<	0,15	µg/L
OW172100	2023-08-08	21588617	14:20:00	BZV5	Biochemisch zuurstofverbruik na 5d.	<	2	mgO2/L
OW172100	2023-08-08	21588617	14:20:00	Ca o	Calcium	=	80000	µg/L
OW172100	2023-08-08	21588617	14:20:00	Cd o	Cadmium	<	0,05	µg/L
OW172100	2023-08-08	21588617	14:20:00	Cd t	Cadmium	=	0,207	µg/L
OW172100	2023-08-08	21588617	14:20:00	Cl-	Chloride	=	44,2	mg/L
OW172100	2023-08-08	21588617	14:20:00	Co o	Kobalt	=	0,188	µg/L
OW172100	2023-08-08	21588617	14:20:00	Co t	Kobalt	=	1,07	µg/L
OW172100	2023-08-08	21588617	14:20:00	Cr o	Chroom	<	1,5	µg/L
OW172100	2023-08-08	21588617	14:20:00	Cr t	Chroom	=	8,5	µg/L
OW172100	2023-08-08	21588617	14:20:00	Cu o	Koper	<	2	µg/L
OW172100	2023-08-08	21588617	14:20:00	Cu t	Koper	=	7	µg/L
OW172100	2023-08-08	21588617	14:20:00	CZV	Chemisch zuurstofverbruik	=	20	mgO2/L
OW172100	2023-08-08	21588617	14:20:00	DOC	Koolstof	=	4,4	mgC/L
OW172100	2023-08-08	21588617	14:20:00	EC 20	Geleidbaarheid (20°C)	=	571	µS/cm
OW172100	2023-08-08	21588617	14:20:00	EC 25	Geleidbaarheid (25°C)	=	625,5305	µS/cm
OW172100	2023-08-08	21588617	14:20:00	Fe o	Ijzer	<	25	µg/L
OW172100	2023-08-08	21588617	14:20:00	Fe t	Ijzer	=	1770	µg/L
OW172100	2023-08-08	21588617	14:20:00	H t	Hardheid	=	23	°F
OW172100	2023-08-08	21588617	14:20:00	Hg o	Kwik	<	0,025	µg/L
OW172100	2023-08-08	21588617	14:20:00	Hg t	Kwik	<	0,025	µg/L
OW172100	2023-08-08	21588617	14:20:00	K o	Kalium	=	9800	µg/L
OW172100	2023-08-08	21588617	14:20:00	KjN	Kjeldahlstikstof	=	0,819	mgN/L
OW172100	2023-08-08	21588617	14:20:00	Mg o	Magnesium	=	7600	µg/L
OW172100	2023-08-08	21588617	14:20:00	Mn o	Mangaan	=	21,9	µg/L
OW172100	2023-08-08	21588617	14:20:00	Mn t	Mangaan	=	162	µg/L
OW172100	2023-08-08	21588617	14:20:00	Mo o	Molybdeen	<	2,5	µg/L
OW172100	2023-08-08	21588617	14:20:00	Mo t	Molybdeen	<	2,5	µg/L
OW172100	2023-08-08	21588617	14:20:00	N t	Stikstof	=	4,7	mgN/L
OW172100	2023-08-08	21588617	14:20:00	N+N	Nitraat+nitriet	=	3,881	mgN/L
OW172100	2023-08-08	21588617	14:20:00	N+N+N	Nitraat+nitriet+ammonium	=	4,06	mgN/L
OW172100	2023-08-08	21588617	14:20:00	Na o	Natrium	=	28600	µg/L
OW172100	2023-08-08	21588617	14:20:00	NH4+	Ammonium	=	0,179	mgN/L
OW172100	2023-08-08	21588617	14:20:00	Ni o	Nikkel	<	3,2	µg/L
OW172100	2023-08-08	21588617	14:20:00	Ni t	Nikkel	=	5,33	µg/L
OW172100	2023-08-08	21588617	14:20:00	NO2-	Nitriet	=	0,191	mgN/L
OW172100	2023-08-08	21588617	14:20:00	NO3-	Nitraat	=	3,69	mgN/L
OW172100	2023-08-08	21588617	14:20:00	O2	Zuurstof	=	7,58	mg/L
OW172100	2023-08-08	21588617	14:20:00	O2 verz	Zuurstof	=	82,4	%
OW172100	2023-08-08	21588617	14:20:00	oPO4 f	Orthofosfaat	=	0,39	mgP/L
OW172100	2023-08-08	21588617	14:20:00	P t	Fosfor	=	0,65	mgP/L
OW172100	2023-08-08	21588617	14:20:00	Pb o	Lood	<	1,25	µg/L
OW172100	2023-08-08	21588617	14:20:00	Pb t	Lood	=	6,19	µg/L
OW172100	2023-08-08	21588617	14:20:00	pH	pH	=	7,67	-
OW172100	2023-08-08	21588617	14:20:00	Sb o	Antimoon	<	1,5	µg/L
OW172100	2023-08-08	21588617	14:20:00	Sb t	Antimoon	<	1,5	µg/L
OW172100	2023-08-08	21588617	14:20:00	Se o	Seleen	<	0,75	µg/L
OW172100	2023-08-08	21588617	14:20:00	Se t	Seleen	<	1,5	µg/L
OW172100	2023-08-08	21588617	14:20:00	SiO2 o	Silicaat	=	6,4	mgSiO2/L
OW172100	2023-08-08	21588617	14:20:00	Sn o	Tin	<	1,5	µg/L
OW172100	2023-08-08	21588617	14:20:00	Sn t	Tin	<	1,5	µg/L
OW172100	2023-08-08	21588617	14:20:00	SO4=	Sulfaat	=	57	mg/L
OW172100	2023-08-08	21588617	14:20:00	T	Temperatuur	=	19,3	°C
OW172100	2023-08-08	21588617	14:20:00	TAM	Alkaliniteit met methyloranje	=	3,5	meq/L
OW172100	2023-08-08	21588617	14:20:00	Te o	Telluur	<	2,5	µg/L
OW172100	2023-08-08	21588617	14:20:00	Te t	Telluur	<	2,5	µg/L
OW172100	2023-08-08	21588617	14:20:00	Ti o	Titaan	<	2	µg/L
OW172100	2023-08-08	21588617	14:20:00	Ti t	Titaan	=	31	µg/L
OW172100	2023-08-08	21588617	14:20:00	Tl o	Thallium	<	0,1	µg/L
OW172100	2023-08-08	21588617	14:20:00	Tl t	Thallium	<	0,1	µg/L
OW172100	2023-08-08	21588617	14:20:00	U o	Uranium	=	0,59	µg/L
OW172100	2023-08-08	21588617	14:20:00	U t	Uranium	=	0,7	µg/L
OW172100	2023-08-08	21588617	14:20:00	V o	Vanadium	<	3	µg/L
OW172100	2023-08-08	21588617	14:20:00	V t	Vanadium	=	7,6	µg/L
OW172100	2023-08-08	21588617	14:20:00	Zn o	Zink	<	7,5	µg/L
OW172100	2023-08-08	21588617	14:20:00	Zn t	Zink	=	38,4	µg/L
OW172100	2023-08-08	21588617	14:20:00	ZS	Zwevende stoffen	=	48	mg/L
OW172100	2023-09-12	21590297	13:45:00	Ag o	Zilver	<	0,05	µg/L
OW172100	2023-09-12	21590297	13:45:00	Ag t	Zilver	<	0,05	µg/L
OW172100	2023-09-12	21590297	13:45:00	Al o	Aluminium	<	150	µg/L
OW172100	2023-09-12	21590297	13:45:00	As o	Arseen	=	1,7	µg/L
OW172100	2023-09-12	21590297	13:45:00	As t	Arseen	=	1,98	µg/L
OW172100	2023-09-12	21590297	13:45:00	B o	Boor	=	76	µg/L
OW172100	2023-09-12	21590297	13:45:00	B t	Boor	=	74	µg/L
OW172100	2023-09-12	21590297	13:45:00	Ba o	Barium	=	31	µg/L
OW172100	2023-09-12	21590297	13:45:00	Ba t	Barium	=	34	µg/L
OW172100	2023-09-12	21590297	13:45:00	Be o	Beryllium	<	0,15	µg/L
OW172100	2023-09-12	21590297	13:45:00	Be t	Beryllium	<	0,15	µg/L
OW172100	2023-09-12	21590297	13:45:00	BZV5	Biochemisch zuurstofverbruik na 5d.	<	2	mgO2/L
OW172100	2023-09-12	21590297	13:45:00	Ca o	Calcium	=	97000	µg/L
OW172100	2023-09-12	21590297	13:45:00	Cd o	Cadmium	<	0,05	µg/L
OW172100	2023-09-12	21590297	13:45:00	Cd t	Cadmium	<	0,1	µg/L
OW172100	2023-09-12	21590297	13:45:00	Cl-	Chloride	=	61	mg/L
OW172100	2023-09-12	21590297	13:45:00	Co o	Kobalt	=	0,19	µg/L
OW172100	2023-09-12	21590297	13:45:00	Co t	Kobalt	=	0,577	µg/L
OW172100	2023-09-12	21590297	13:45:00	Cr o	Chroom	<	1,5	µg/L
OW172100	2023-09-12	21590297	13:45:00	Cr t	Chroom	=	3,14	µg/L
OW172100	2023-09-12	21590297	13:45:00	Cu o	Koper	<	2	µg/L
OW172100	2023-09-12	21590297	13:45:00	Cu t	Koper	<	4	µg/L
OW172100	2023-09-12	21590297	13:45:00	CZV	Chemisch zuurstofverbruik	=	10,8	mgO2/L
OW172100	2023-09-12	21590297	13:45:00	DOC	Koolstof	=	4,7	mgC/L
OW172100	2023-09-12	21590297	13:45:00	EC 20	Geleidbaarheid (20°C)	=	696	µS/cm
OW172100	2023-09-12	21590297	13:45:00	EC 25	Geleidbaarheid (25°C)	=	762,468	µS/cm
OW172100	2023-09-12	21590297	13:45:00	Fe o	Ijzer	<	12,5	µg/L
OW172100	2023-09-12	21590297	13:45:00	Fe t	Ijzer	=	780	µg/L
OW172100	2023-09-12	21590297	13:45:00	H t	Hardheid	=	29	°F
OW172100	2023-09-12	21590297	13:45:00	Hg o	Kwik	<	0,025	µg/L
OW172100	2023-09-12	21590297	13:45:00	Hg t	Kwik	<	0,025	µg/L
OW172100	2023-09-12	21590297	13:45:00	K o	Kalium	=	12800	µg/L
OW172100	2023-09-12	21590297	13:45:00	KjN	Kjeldahlstikstof	<	0,4	mgN/L
OW172100	2023-09-12	21590297	13:45:00	Mg o	Magnesium	=	10600	µg/L
OW172100	2023-09-12	21590297	13:45:00	Mn o	Mangaan	=	5	µg/L
OW172100	2023-09-12	21590297	13:45:00	Mn t	Mangaan	=	69	µg/L
OW172100	2023-09-12	21590297	13:45:00	Mo o	Molybdeen	<	2,5	µg/L
OW172100	2023-09-12	21590297	13:45:00	Mo t	Molybdeen	<	2,5	µg/L
OW172100	2023-09-12	21590297	13:45:00	N t	Stikstof	=	4,2	mgN/L
OW172100	2023-09-12	21590297	13:45:00	N+N	Nitraat+nitriet	=	3,915	mgN/L
OW172100	2023-09-12	21590297	13:45:00	N+N+N	Nitraat+nitriet+ammonium	<	3,965	mgN/L
OW172100	2023-09-12	21590297	13:45:00	Na o	Natrium	=	42000	µg/L
OW172100	2023-09-12	21590297	13:45:00	NH4+	Ammonium	<	0,05	mgN/L
OW172100	2023-09-12	21590297	13:45:00	Ni o	Nikkel	<	3,2	µg/L
OW172100	2023-09-12	21590297	13:45:00	Ni t	Nikkel	<	3,2	µg/L
OW172100	2023-09-12	21590297	13:45:00	NO2-	Nitriet	=	0,115	mgN/L
OW172100	2023-09-12	21590297	13:45:00	NO3-	Nitraat	=	3,8	mgN/L
OW172100	2023-09-12	21590297	13:45:00	O2	Zuurstof	=	7,49	mg/L
OW172100	2023-09-12	21590297	13:45:00	O2 verz	Zuurstof	=	87,8	%
OW172100	2023-09-12	21590297	13:45:00	oPO4 f	Orthofosfaat	=	0,266	mgP/L
OW172100	2023-09-12	21590297	13:45:00	P t	Fosfor	=	0,37	mgP/L
OW172100	2023-09-12	21590297	13:45:00	Pb o	Lood	<	1,25	µg/L
OW172100	2023-09-12	21590297	13:45:00	Pb t	Lood	<	2,5	µg/L
OW172100	2023-09-12	21590297	13:45:00	pH	pH	=	7,76	-
OW172100	2023-09-12	21590297	13:45:00	Sb o	Antimoon	<	1,5	µg/L
OW172100	2023-09-12	21590297	13:45:00	Sb t	Antimoon	<	1,5	µg/L
OW172100	2023-09-12	21590297	13:45:00	Se o	Seleen	<	1,5	µg/L
OW172100	2023-09-12	21590297	13:45:00	Se t	Seleen	<	1,5	µg/L
OW172100	2023-09-12	21590297	13:45:00	SiO2 o	Silicaat	=	9	mgSiO2/L
OW172100	2023-09-12	21590297	13:45:00	Sn o	Tin	<	1,5	µg/L
OW172100	2023-09-12	21590297	13:45:00	Sn t	Tin	<	1,5	µg/L
OW172100	2023-09-12	21590297	13:45:00	SO4=	Sulfaat	=	73	mg/L
OW172100	2023-09-12	21590297	13:45:00	T	Temperatuur	=	23,5	°C
OW172100	2023-09-12	21590297	13:45:00	TAM	Alkaliniteit met methyloranje	=	4,6	meq/L
OW172100	2023-09-12	21590297	13:45:00	Te o	Telluur	<	2,5	µg/L
OW172100	2023-09-12	21590297	13:45:00	Te t	Telluur	<	2,5	µg/L
OW172100	2023-09-12	21590297	13:45:00	Ti o	Titaan	<	2	µg/L
OW172100	2023-09-12	21590297	13:45:00	Ti t	Titaan	=	12,2	µg/L
OW172100	2023-09-12	21590297	13:45:00	Tl o	Thallium	<	0,1	µg/L
OW172100	2023-09-12	21590297	13:45:00	Tl t	Thallium	<	0,1	µg/L
OW172100	2023-09-12	21590297	13:45:00	U o	Uranium	=	0,88	µg/L
OW172100	2023-09-12	21590297	13:45:00	U t	Uranium	=	0,93	µg/L
OW172100	2023-09-12	21590297	13:45:00	V o	Vanadium	<	3	µg/L
OW172100	2023-09-12	21590297	13:45:00	V t	Vanadium	=	4,95	µg/L
OW172100	2023-09-12	21590297	13:45:00	Zn o	Zink	<	7,5	µg/L
OW172100	2023-09-12	21590297	13:45:00	Zn t	Zink	=	17,5	µg/L
OW172100	2023-09-12	21590297	13:45:00	ZS	Zwevende stoffen	=	21,6	mg/L
OW172100	2023-10-10	21591772	13:06:00	Ag mo	Zilver	<	0,05	µg/L
OW172100	2023-10-10	21591772	13:06:00	Ag o	Zilver	<	0,05	µg/L
OW172100	2023-10-10	21591772	13:06:00	Ag t	Zilver	<	0,05	µg/L
OW172100	2023-10-10	21591772	13:06:00	Al mo	Aluminium	<	150	µg/L
OW172100	2023-10-10	21591772	13:06:00	Al o	Aluminium	<	150	µg/L
OW172100	2023-10-10	21591772	13:06:00	As mo	Arseen	=	1,66	µg/L
OW172100	2023-10-10	21591772	13:06:00	As o	Arseen	=	1,64	µg/L
OW172100	2023-10-10	21591772	13:06:00	As t	Arseen	=	2,2	µg/L
OW172100	2023-10-10	21591772	13:06:00	Au mo	Goud	<	0,25	µg/L
OW172100	2023-10-10	21591772	13:06:00	B mo	Boor	=	77	µg/L
OW172100	2023-10-10	21591772	13:06:00	B o	Boor	=	86	µg/L
OW172100	2023-10-10	21591772	13:06:00	B t	Boor	=	85	µg/L
OW172100	2023-10-10	21591772	13:06:00	Ba mo	Barium	=	33	µg/L
OW172100	2023-10-10	21591772	13:06:00	Ba o	Barium	=	33	µg/L
OW172100	2023-10-10	21591772	13:06:00	Ba t	Barium	=	42	µg/L
OW172100	2023-10-10	21591772	13:06:00	Be mo	Beryllium	<	0,15	µg/L
OW172100	2023-10-10	21591772	13:06:00	Be o	Beryllium	<	0,15	µg/L
OW172100	2023-10-10	21591772	13:06:00	Be t	Beryllium	<	0,15	µg/L
OW172100	2023-10-10	21591772	13:06:00	Bi mo	Bismut	<	0,5	µg/L
OW172100	2023-10-10	21591772	13:06:00	BZV5	Biochemisch zuurstofverbruik na 5d.	<	2	mgO2/L
OW172100	2023-10-10	21591772	13:06:00	Ca mo	Calcium	=	105	mg/L
OW172100	2023-10-10	21591772	13:06:00	Ca o	Calcium	=	115000	µg/L
OW172100	2023-10-10	21591772	13:06:00	Cd mo	Cadmium	<	0,05	µg/L
OW172100	2023-10-10	21591772	13:06:00	Cd o	Cadmium	<	0,05	µg/L
OW172100	2023-10-10	21591772	13:06:00	Cd t	Cadmium	<	0,2	µg/L
OW172100	2023-10-10	21591772	13:06:00	Ce mo	Cerium	<	0,5	µg/L
OW172100	2023-10-10	21591772	13:06:00	Cl-	Chloride	=	84	mg/L
OW172100	2023-10-10	21591772	13:06:00	Co mo	Kobalt	<	0,05	µg/L
OW172100	2023-10-10	21591772	13:06:00	Co o	Kobalt	=	0,215	µg/L
OW172100	2023-10-10	21591772	13:06:00	Co t	Kobalt	=	0,7	µg/L
OW172100	2023-10-10	21591772	13:06:00	Cr mo	Chroom	<	1,5	µg/L
OW172100	2023-10-10	21591772	13:06:00	Cr o	Chroom	<	1,5	µg/L
OW172100	2023-10-10	21591772	13:06:00	Cr t	Chroom	=	3,96	µg/L
OW172100	2023-10-10	21591772	13:06:00	Cs mo	Cesium	<	0,5	µg/L
OW172100	2023-10-10	21591772	13:06:00	Cu mo	Koper	<	2	µg/L
OW172100	2023-10-10	21591772	13:06:00	Cu o	Koper	<	2	µg/L
OW172100	2023-10-10	21591772	13:06:00	Cu t	Koper	=	4,27	µg/L
OW172100	2023-10-10	21591772	13:06:00	CZV	Chemisch zuurstofverbruik	=	14,4	mgO2/L
OW172100	2023-10-10	21591772	13:06:00	DIC	Koolstof	=	59	mgC/L
OW172100	2023-10-10	21591772	13:06:00	DOC	Koolstof	=	5,3	mgC/L
OW172100	2023-10-10	21591772	13:06:00	Dy mo	Dysprosium	<	0,5	µg/L
OW172100	2023-10-10	21591772	13:06:00	EC 20	Geleidbaarheid (20°C)	=	835	µS/cm
OW172100	2023-10-10	21591772	13:06:00	EC 25	Geleidbaarheid (25°C)	=	914,7425	µS/cm
OW172100	2023-10-10	21591772	13:06:00	Er mo	Erbium	<	0,5	µg/L
OW172100	2023-10-10	21591772	13:06:00	Eu mo	Europium	<	0,5	µg/L
OW172100	2023-10-10	21591772	13:06:00	F- o	Fluoride	=	0,212	mg/L
OW172100	2023-10-10	21591772	13:06:00	Fe mo	Ijzer	<	12,5	µg/L
OW172100	2023-10-10	21591772	13:06:00	Fe o	Ijzer	<	12,5	µg/L
OW172100	2023-10-10	21591772	13:06:00	Fe t	Ijzer	=	930	µg/L
OW172100	2023-10-10	21591772	13:06:00	Ga mo	Gallium	=	1,07	µg/L
OW172100	2023-10-10	21591772	13:06:00	Gd mo	Gadolinium	<	0,5	µg/L
OW172100	2023-10-10	21591772	13:06:00	Ge mo	Germanium	<	0,5	µg/L
OW172100	2023-10-10	21591772	13:06:00	H t	Hardheid	=	34	°F
OW172100	2023-10-10	21591772	13:06:00	Hf mo	Hafnium	<	0,5	µg/L
OW172100	2023-10-10	21591772	13:06:00	Hg mo	Kwik	<	20	ng/L
OW172100	2023-10-10	21591772	13:06:00	Hg o	Kwik	<	0,025	µg/L
OW172100	2023-10-10	21591772	13:06:00	Hg t	Kwik	<	0,025	µg/L
OW172100	2023-10-10	21591772	13:06:00	Ho mo	Holmium	<	0,5	µg/L
OW172100	2023-10-10	21591772	13:06:00	In mo	Indium	<	0,5	µg/L
OW172100	2023-10-10	21591772	13:06:00	K mo	Kalium	=	14,7	mg/L
OW172100	2023-10-10	21591772	13:06:00	K o	Kalium	=	16400	µg/L
OW172100	2023-10-10	21591772	13:06:00	KjN	Kjeldahlstikstof	<	0,2	mgN/L
OW172100	2023-10-10	21591772	13:06:00	La mo	Lanthaan	<	0,5	µg/L
OW172100	2023-10-10	21591772	13:06:00	Lu mo	Lutetium	<	0,5	µg/L
OW172100	2023-10-10	21591772	13:06:00	Mg mo	Magnesium	=	12,5	mg/L
OW172100	2023-10-10	21591772	13:06:00	Mg o	Magnesium	=	13000	µg/L
OW172100	2023-10-10	21591772	13:06:00	Mn mo	Mangaan	<	3	µg/L
OW172100	2023-10-10	21591772	13:06:00	Mn o	Mangaan	<	3	µg/L
OW172100	2023-10-10	21591772	13:06:00	Mn t	Mangaan	=	72	µg/L
OW172100	2023-10-10	21591772	13:06:00	Mo mo	Molybdeen	=	2,1	µg/L
OW172100	2023-10-10	21591772	13:06:00	Mo o	Molybdeen	<	2,5	µg/L
OW172100	2023-10-10	21591772	13:06:00	Mo t	Molybdeen	<	2,5	µg/L
OW172100	2023-10-10	21591772	13:06:00	N t	Stikstof	=	5,6	mgN/L
OW172100	2023-10-10	21591772	13:06:00	N+N	Nitraat+nitriet	=	5,538	mgN/L
OW172100	2023-10-10	21591772	13:06:00	N+N+N	Nitraat+nitriet+ammonium	<	5,588	mgN/L
OW172100	2023-10-10	21591772	13:06:00	Na mo	Natrium	=	59	mg/L
OW172100	2023-10-10	21591772	13:06:00	Na o	Natrium	=	57000	µg/L
OW172100	2023-10-10	21591772	13:06:00	Nb mo	Niobium	<	0,5	µg/L
OW172100	2023-10-10	21591772	13:06:00	Nd mo	Neodymium	<	0,5	µg/L
OW172100	2023-10-10	21591772	13:06:00	NH4+	Ammonium	<	0,05	mgN/L
OW172100	2023-10-10	21591772	13:06:00	Ni mo	Nikkel	<	3,2	µg/L
OW172100	2023-10-10	21591772	13:06:00	Ni o	Nikkel	<	3,2	µg/L
OW172100	2023-10-10	21591772	13:06:00	Ni t	Nikkel	=	3,72	µg/L
OW172100	2023-10-10	21591772	13:06:00	NO2-	Nitriet	=	0,138	mgN/L
OW172100	2023-10-10	21591772	13:06:00	NO3-	Nitraat	=	5,4	mgN/L
OW172100	2023-10-10	21591772	13:06:00	O2	Zuurstof	=	7,96	mg/L
OW172100	2023-10-10	21591772	13:06:00	O2 verz	Zuurstof	=	83	%
OW172100	2023-10-10	21591772	13:06:00	oPO4 f	Orthofosfaat	=	0,33	mgP/L
OW172100	2023-10-10	21591772	13:06:00	P mo	Fosfor	=	0,34	mgP/L
OW172100	2023-10-10	21591772	13:06:00	P t	Fosfor	=	0,477	mgP/L
OW172100	2023-10-10	21591772	13:06:00	Pb mo	Lood	<	0,5	µg/L
OW172100	2023-10-10	21591772	13:06:00	Pb o	Lood	<	1,25	µg/L
OW172100	2023-10-10	21591772	13:06:00	Pb t	Lood	=	3,07	µg/L
OW172100	2023-10-10	21591772	13:06:00	Pd mo	Palladium	<	0,5	µg/L
OW172100	2023-10-10	21591772	13:06:00	pH	pH	=	7,9	-
OW172100	2023-10-10	21591772	13:06:00	Pr mo	Praseodymium	<	0,5	µg/L
OW172100	2023-10-10	21591772	13:06:00	Pt mo	Platina	<	0,5	µg/L
OW172100	2023-10-10	21591772	13:06:00	Rb mo	Rubidium	=	7,8	µg/L
OW172100	2023-10-10	21591772	13:06:00	Re mo	Renium	<	0,5	µg/L
OW172100	2023-10-10	21591772	13:06:00	Ru mo	Ruthenium	<	0,5	µg/L
OW172100	2023-10-10	21591772	13:06:00	S mo	Zwavel	=	28	mg/L
OW172100	2023-10-10	21591772	13:06:00	Sb mo	Antimoon	<	1,2	µg/L
OW172100	2023-10-10	21591772	13:06:00	Sb o	Antimoon	<	1,5	µg/L
OW172100	2023-10-10	21591772	13:06:00	Sb t	Antimoon	<	1,5	µg/L
OW172100	2023-10-10	21591772	13:06:00	Sc mo	Scandium	<	0,5	µg/L
OW172100	2023-10-10	21591772	13:06:00	Se mo	Seleen	<	1,3	µg/L
OW172100	2023-10-10	21591772	13:06:00	Se o	Seleen	<	1,5	µg/L
OW172100	2023-10-10	21591772	13:06:00	Se t	Seleen	<	1,5	µg/L
OW172100	2023-10-10	21591772	13:06:00	Si mo	Silicium	=	6,2	mg/L
OW172100	2023-10-10	21591772	13:06:00	SiO2 o	Silicaat	=	14	mgSiO2/L
OW172100	2023-10-10	21591772	13:06:00	Sm mo	Samarium	<	0,5	µg/L
OW172100	2023-10-10	21591772	13:06:00	Sn mo	Tin	<	0,65	µg/L
OW172100	2023-10-10	21591772	13:06:00	Sn o	Tin	<	1,5	µg/L
OW172100	2023-10-10	21591772	13:06:00	Sn t	Tin	<	1,5	µg/L
OW172100	2023-10-10	21591772	13:06:00	SO4=	Sulfaat	=	89	mg/L
OW172100	2023-10-10	21591772	13:06:00	Sr mo	Strontium	=	510	µg/L
OW172100	2023-10-10	21591772	13:06:00	T	Temperatuur	=	17,9	°C
OW172100	2023-10-10	21591772	13:06:00	Ta mo	Tantaal	<	0,5	µg/L
OW172100	2023-10-10	21591772	13:06:00	TAM	Alkaliniteit met methyloranje	=	5,4	meq/L
OW172100	2023-10-10	21591772	13:06:00	Tb mo	Terbium	<	0,5	µg/L
OW172100	2023-10-10	21591772	13:06:00	Te mo	Telluur	<	1,5	µg/L
OW172100	2023-10-10	21591772	13:06:00	Te o	Telluur	<	2,5	µg/L
OW172100	2023-10-10	21591772	13:06:00	Te t	Telluur	<	2,5	µg/L
OW172100	2023-10-10	21591772	13:06:00	Th mo	Thorium	<	0,5	µg/L
OW172100	2023-10-10	21591772	13:06:00	Ti mo	Titaan	<	2	µg/L
OW172100	2023-10-10	21591772	13:06:00	Ti o	Titaan	<	2	µg/L
OW172100	2023-10-10	21591772	13:06:00	Ti t	Titaan	=	16,4	µg/L
OW172100	2023-10-10	21591772	13:06:00	Tl mo	Thallium	<	0,05	µg/L
OW172100	2023-10-10	21591772	13:06:00	Tl o	Thallium	<	0,1	µg/L
OW172100	2023-10-10	21591772	13:06:00	Tl t	Thallium	<	0,1	µg/L
OW172100	2023-10-10	21591772	13:06:00	Tm mo	Thulium	<	0,5	µg/L
OW172100	2023-10-10	21591772	13:06:00	U mo	Uranium	=	0,95	µg/L
OW172100	2023-10-10	21591772	13:06:00	U o	Uranium	=	0,9	µg/L
OW172100	2023-10-10	21591772	13:06:00	U t	Uranium	=	0,98	µg/L
OW172100	2023-10-10	21591772	13:06:00	V mo	Vanadium	=	2,7	µg/L
OW172100	2023-10-10	21591772	13:06:00	V o	Vanadium	<	3	µg/L
OW172100	2023-10-10	21591772	13:06:00	V t	Vanadium	=	5,9	µg/L
OW172100	2023-10-10	21591772	13:06:00	W mo	Wolfraam	<	0,5	µg/L
OW172100	2023-10-10	21591772	13:06:00	Y mo	Yttrium	<	0,5	µg/L
OW172100	2023-10-10	21591772	13:06:00	Yb mo	Ytterbium	<	0,5	µg/L
OW172100	2023-10-10	21591772	13:06:00	Zn mo	Zink	<	7,5	µg/L
OW172100	2023-10-10	21591772	13:06:00	Zn o	Zink	<	7,5	µg/L
OW172100	2023-10-10	21591772	13:06:00	Zn t	Zink	=	21,4	µg/L
OW172100	2023-10-10	21591772	13:06:00	Zr mo	Zirkonium	<	0,5	µg/L
OW172100	2023-10-10	21591772	13:06:00	ZS	Zwevende stoffen	=	23,7	mg/L
OW172100	2023-11-07	21593327	14:00:00	Ag o	Zilver	<	0,05	µg/L
OW172100	2023-11-07	21593327	14:00:00	Ag t	Zilver	<	0,1	µg/L
OW172100	2023-11-07	21593327	14:00:00	Al o	Aluminium	<	150	µg/L
OW172100	2023-11-07	21593327	14:00:00	As o	Arseen	=	1,48	µg/L
OW172100	2023-11-07	21593327	14:00:00	As t	Arseen	=	3,17	µg/L
OW172100	2023-11-07	21593327	14:00:00	B o	Boor	=	67	µg/L
OW172100	2023-11-07	21593327	14:00:00	B t	Boor	=	71	µg/L
OW172100	2023-11-07	21593327	14:00:00	Ba o	Barium	=	29	µg/L
OW172100	2023-11-07	21593327	14:00:00	Ba t	Barium	=	50	µg/L
OW172100	2023-11-07	21593327	14:00:00	Be o	Beryllium	<	0,15	µg/L
OW172100	2023-11-07	21593327	14:00:00	Be t	Beryllium	<	0,15	µg/L
OW172100	2023-11-07	21593327	14:00:00	BZV5	Biochemisch zuurstofverbruik na 5d.	=	2,5	mgO2/L
OW172100	2023-11-07	21593327	14:00:00	Ca o	Calcium	=	103000	µg/L
OW172100	2023-11-07	21593327	14:00:00	Cd o	Cadmium	<	0,05	µg/L
OW172100	2023-11-07	21593327	14:00:00	Cd t	Cadmium	=	0,23	µg/L
OW172100	2023-11-07	21593327	14:00:00	Cl-	Chloride	=	62,3	mg/L
OW172100	2023-11-07	21593327	14:00:00	Co o	Kobalt	=	0,33	µg/L
OW172100	2023-11-07	21593327	14:00:00	Co t	Kobalt	=	1,63	µg/L
OW172100	2023-11-07	21593327	14:00:00	Cr o	Chroom	<	1,5	µg/L
OW172100	2023-11-07	21593327	14:00:00	Cr t	Chroom	=	10,3	µg/L
OW172100	2023-11-07	21593327	14:00:00	Cu o	Koper	<	4	µg/L
OW172100	2023-11-07	21593327	14:00:00	Cu t	Koper	=	18,7	µg/L
OW172100	2023-11-07	21593327	14:00:00	CZV	Chemisch zuurstofverbruik	=	30	mgO2/L
OW172100	2023-11-07	21593327	14:00:00	DOC	Koolstof	=	6,3	mgC/L
OW172100	2023-11-07	21593327	14:00:00	EC 20	Geleidbaarheid (20°C)	=	731	µS/cm
OW172100	2023-11-07	21593327	14:00:00	EC 25	Geleidbaarheid (25°C)	=	800,8105	µS/cm
OW172100	2023-11-07	21593327	14:00:00	Fe o	Ijzer	<	25	µg/L
OW172100	2023-11-07	21593327	14:00:00	Fe t	Ijzer	=	3590	µg/L
OW172100	2023-11-07	21593327	14:00:00	H t	Hardheid	=	30	°F
OW172100	2023-11-07	21593327	14:00:00	Hg o	Kwik	<	0,025	µg/L
OW172100	2023-11-07	21593327	14:00:00	Hg t	Kwik	<	0,05	µg/L
OW172100	2023-11-07	21593327	14:00:00	K o	Kalium	=	13400	µg/L
OW172100	2023-11-07	21593327	14:00:00	KjN	Kjeldahlstikstof	=	1,391	mgN/L
OW172100	2023-11-07	21593327	14:00:00	Mg o	Magnesium	=	11100	µg/L
OW172100	2023-11-07	21593327	14:00:00	Mn o	Mangaan	=	47	µg/L
OW172100	2023-11-07	21593327	14:00:00	Mn t	Mangaan	=	223	µg/L
OW172100	2023-11-07	21593327	14:00:00	Mo o	Molybdeen	<	2,5	µg/L
OW172100	2023-11-07	21593327	14:00:00	Mo t	Molybdeen	<	2,5	µg/L
OW172100	2023-11-07	21593327	14:00:00	N t	Stikstof	=	6,8	mgN/L
OW172100	2023-11-07	21593327	14:00:00	N+N	Nitraat+nitriet	=	5,409	mgN/L
OW172100	2023-11-07	21593327	14:00:00	N+N+N	Nitraat+nitriet+ammonium	=	6,109	mgN/L
OW172100	2023-11-07	21593327	14:00:00	Na o	Natrium	=	39100	µg/L
OW172100	2023-11-07	21593327	14:00:00	NH4+	Ammonium	=	0,7	mgN/L
OW172100	2023-11-07	21593327	14:00:00	Ni o	Nikkel	<	3,2	µg/L
OW172100	2023-11-07	21593327	14:00:00	Ni t	Nikkel	=	5,54	µg/L
OW172100	2023-11-07	21593327	14:00:00	NO2-	Nitriet	=	0,209	mgN/L
OW172100	2023-11-07	21593327	14:00:00	NO3-	Nitraat	=	5,2	mgN/L
OW172100	2023-11-07	21593327	14:00:00	O2	Zuurstof	=	8,53	mg/L
OW172100	2023-11-07	21593327	14:00:00	O2 verz	Zuurstof	=	78,8	%
OW172100	2023-11-07	21593327	14:00:00	oPO4 f	Orthofosfaat	=	0,54	mgP/L
OW172100	2023-11-07	21593327	14:00:00	P t	Fosfor	=	0,83	mgP/L
OW172100	2023-11-07	21593327	14:00:00	Pb o	Lood	<	1,25	µg/L
OW172100	2023-11-07	21593327	14:00:00	Pb t	Lood	=	8,3	µg/L
OW172100	2023-11-07	21593327	14:00:00	pH	pH	=	7,75	-
OW172100	2023-11-07	21593327	14:00:00	Sb o	Antimoon	<	1,5	µg/L
OW172100	2023-11-07	21593327	14:00:00	Sb t	Antimoon	<	1,5	µg/L
OW172100	2023-11-07	21593327	14:00:00	Se o	Seleen	<	1,5	µg/L
OW172100	2023-11-07	21593327	14:00:00	Se t	Seleen	<	1,5	µg/L
OW172100	2023-11-07	21593327	14:00:00	SiO2 o	Silicaat	=	16	mgSiO2/L
OW172100	2023-11-07	21593327	14:00:00	Sn o	Tin	<	1,5	µg/L
OW172100	2023-11-07	21593327	14:00:00	Sn t	Tin	<	1,5	µg/L
OW172100	2023-11-07	21593327	14:00:00	SO4=	Sulfaat	=	86	mg/L
OW172100	2023-11-07	21593327	14:00:00	T	Temperatuur	=	11,4	°C
OW172100	2023-11-07	21593327	14:00:00	TAM	Alkaliniteit met methyloranje	=	4,7	meq/L
OW172100	2023-11-07	21593327	14:00:00	Te o	Telluur	<	2,5	µg/L
OW172100	2023-11-07	21593327	14:00:00	Te t	Telluur	<	2,5	µg/L
OW172100	2023-11-07	21593327	14:00:00	Ti o	Titaan	<	2	µg/L
OW172100	2023-11-07	21593327	14:00:00	Ti t	Titaan	=	69	µg/L
OW172100	2023-11-07	21593327	14:00:00	Tl o	Thallium	<	0,1	µg/L
OW172100	2023-11-07	21593327	14:00:00	Tl t	Thallium	<	0,1	µg/L
OW172100	2023-11-07	21593327	14:00:00	U o	Uranium	=	0,94	µg/L
OW172100	2023-11-07	21593327	14:00:00	U t	Uranium	=	1,11	µg/L
OW172100	2023-11-07	21593327	14:00:00	V o	Vanadium	<	3	µg/L
OW172100	2023-11-07	21593327	14:00:00	V t	Vanadium	=	10,8	µg/L
OW172100	2023-11-07	21593327	14:00:00	Zn o	Zink	<	7,5	µg/L
OW172100	2023-11-07	21593327	14:00:00	Zn t	Zink	=	67	µg/L
OW172100	2023-11-07	21593327	14:00:00	ZS	Zwevende stoffen	=	69	mg/L
OW172100	2023-12-05	21594932	13:45:00	Ag o	Zilver	<	0,05	µg/L
OW172100	2023-12-05	21594932	13:45:00	Ag t	Zilver	<	0,1	µg/L
OW172100	2023-12-05	21594932	13:45:00	Al o	Aluminium	<	300	µg/L
OW172100	2023-12-05	21594932	13:45:00	As o	Arseen	=	1,64	µg/L
OW172100	2023-12-05	21594932	13:45:00	As t	Arseen	=	1,95	µg/L
OW172100	2023-12-05	21594932	13:45:00	B o	Boor	=	71	µg/L
OW172100	2023-12-05	21594932	13:45:00	B t	Boor	=	67	µg/L
OW172100	2023-12-05	21594932	13:45:00	Ba o	Barium	=	40	µg/L
OW172100	2023-12-05	21594932	13:45:00	Ba t	Barium	=	45	µg/L
OW172100	2023-12-05	21594932	13:45:00	Be o	Beryllium	<	0,15	µg/L
OW172100	2023-12-05	21594932	13:45:00	Be t	Beryllium	<	0,15	µg/L
OW172100	2023-12-05	21594932	13:45:00	BZV5	Biochemisch zuurstofverbruik na 5d.	<	2	mgO2/L
OW172100	2023-12-05	21594932	13:45:00	Ca o	Calcium	=	122000	µg/L
OW172100	2023-12-05	21594932	13:45:00	Cd o	Cadmium	=	0,175	µg/L
OW172100	2023-12-05	21594932	13:45:00	Cd t	Cadmium	<	0,2	µg/L
OW172100	2023-12-05	21594932	13:45:00	Cl-	Chloride	=	56,7	mg/L
OW172100	2023-12-05	21594932	13:45:00	Co o	Kobalt	=	0,72	µg/L
OW172100	2023-12-05	21594932	13:45:00	Co t	Kobalt	=	1,03	µg/L
OW172100	2023-12-05	21594932	13:45:00	Cr o	Chroom	<	3	µg/L
OW172100	2023-12-05	21594932	13:45:00	Cr t	Chroom	=	4,71	µg/L
OW172100	2023-12-05	21594932	13:45:00	Cu o	Koper	=	6,1	µg/L
OW172100	2023-12-05	21594932	13:45:00	Cu t	Koper	=	7,3	µg/L
OW172100	2023-12-05	21594932	13:45:00	CZV	Chemisch zuurstofverbruik	=	19,2	mgO2/L
OW172100	2023-12-05	21594932	13:45:00	DOC	Koolstof	=	10,1	mgC/L
OW172100	2023-12-05	21594932	13:45:00	EC 20	Geleidbaarheid (20°C)	=	866	µS/cm
OW172100	2023-12-05	21594932	13:45:00	EC 25	Geleidbaarheid (25°C)	=	948,703	µS/cm
OW172100	2023-12-05	21594932	13:45:00	Fe o	Ijzer	=	650	µg/L
OW172100	2023-12-05	21594932	13:45:00	Fe t	Ijzer	=	1740	µg/L
OW172100	2023-12-05	21594932	13:45:00	H t	Hardheid	=	36	°F
OW172100	2023-12-05	21594932	13:45:00	Hg o	Kwik	<	0,025	µg/L
OW172100	2023-12-05	21594932	13:45:00	Hg t	Kwik	<	0,025	µg/L
OW172100	2023-12-05	21594932	13:45:00	K o	Kalium	=	12600	µg/L
OW172100	2023-12-05	21594932	13:45:00	KjN	Kjeldahlstikstof	=	0,714	mgN/L
OW172100	2023-12-05	21594932	13:45:00	Mg o	Magnesium	=	12700	µg/L
OW172100	2023-12-05	21594932	13:45:00	Mn o	Mangaan	=	127	µg/L
OW172100	2023-12-05	21594932	13:45:00	Mn t	Mangaan	=	133	µg/L
OW172100	2023-12-05	21594932	13:45:00	Mo o	Molybdeen	<	2,5	µg/L
OW172100	2023-12-05	21594932	13:45:00	Mo t	Molybdeen	<	2,5	µg/L
OW172100	2023-12-05	21594932	13:45:00	N t	Stikstof	=	6,6	mgN/L
OW172100	2023-12-05	21594932	13:45:00	N+N	Nitraat+nitriet	=	5,886	mgN/L
OW172100	2023-12-05	21594932	13:45:00	N+N+N	Nitraat+nitriet+ammonium	=	6,336	mgN/L
OW172100	2023-12-05	21594932	13:45:00	Na o	Natrium	=	35100	µg/L
OW172100	2023-12-05	21594932	13:45:00	NH4+	Ammonium	=	0,45	mgN/L
OW172100	2023-12-05	21594932	13:45:00	Ni o	Nikkel	=	3,3	µg/L
OW172100	2023-12-05	21594932	13:45:00	Ni t	Nikkel	=	4,26	µg/L
OW172100	2023-12-05	21594932	13:45:00	NO2-	Nitriet	=	0,086	mgN/L
OW172100	2023-12-05	21594932	13:45:00	NO3-	Nitraat	=	5,8	mgN/L
OW172100	2023-12-05	21594932	13:45:00	O2	Zuurstof	=	10,22	mg/L
OW172100	2023-12-05	21594932	13:45:00	O2 verz	Zuurstof	=	90,2	%
OW172100	2023-12-05	21594932	13:45:00	oPO4 f	Orthofosfaat	=	0,209	mgP/L
OW172100	2023-12-05	21594932	13:45:00	P t	Fosfor	=	0,424	mgP/L
OW172100	2023-12-05	21594932	13:45:00	Pb o	Lood	=	5,1	µg/L
OW172100	2023-12-05	21594932	13:45:00	Pb t	Lood	=	5,01	µg/L
OW172100	2023-12-05	21594932	13:45:00	pH	pH	=	7,89	-
OW172100	2023-12-05	21594932	13:45:00	Sb o	Antimoon	<	1,5	µg/L
OW172100	2023-12-05	21594932	13:45:00	Sb t	Antimoon	<	1,5	µg/L
OW172100	2023-12-05	21594932	13:45:00	Se o	Seleen	<	1,5	µg/L
OW172100	2023-12-05	21594932	13:45:00	Se t	Seleen	<	1,5	µg/L
OW172100	2023-12-05	21594932	13:45:00	SiO2 o	Silicaat	=	16	mgSiO2/L
OW172100	2023-12-05	21594932	13:45:00	Sn o	Tin	<	1,5	µg/L
OW172100	2023-12-05	21594932	13:45:00	Sn t	Tin	<	1,5	µg/L
OW172100	2023-12-05	21594932	13:45:00	SO4=	Sulfaat	=	89	mg/L
OW172100	2023-12-05	21594932	13:45:00	T	Temperatuur	=	6,1	°C
OW172100	2023-12-05	21594932	13:45:00	TAM	Alkaliniteit met methyloranje	=	5,2	meq/L
OW172100	2023-12-05	21594932	13:45:00	Te o	Telluur	<	2,5	µg/L
OW172100	2023-12-05	21594932	13:45:00	Te t	Telluur	<	2,5	µg/L
OW172100	2023-12-05	21594932	13:45:00	Ti o	Titaan	=	9,5	µg/L
OW172100	2023-12-05	21594932	13:45:00	Ti t	Titaan	=	29	µg/L
OW172100	2023-12-05	21594932	13:45:00	Tl o	Thallium	<	0,1	µg/L
OW172100	2023-12-05	21594932	13:45:00	Tl t	Thallium	<	0,1	µg/L
OW172100	2023-12-05	21594932	13:45:00	U o	Uranium	=	1,52	µg/L
OW172100	2023-12-05	21594932	13:45:00	U t	Uranium	=	1,62	µg/L
OW172100	2023-12-05	21594932	13:45:00	V o	Vanadium	<	3	µg/L
OW172100	2023-12-05	21594932	13:45:00	V t	Vanadium	=	5,1	µg/L
OW172100	2023-12-05	21594932	13:45:00	Zn o	Zink	=	42	µg/L
OW172100	2023-12-05	21594932	13:45:00	Zn t	Zink	=	38,5	µg/L
OW172100	2023-12-05	21594932	13:45:00	ZS	Zwevende stoffen	=	38	mg/L
OW172100	2024-01-16	      1913	10:56:14	10:2 FTS	10:2 fluortelomeersulfonzuur (10:2 FTS)	<	5	ng/L
OW172100	2024-01-16	      1913	10:56:14	1112CEa	1,1,1,2-Tetrachloorethaan	<	0,125	µg/L
OW172100	2024-01-16	      1913	10:56:14	111CEa	1,1,1-Trichloorethaan	<	0,125	µg/L
OW172100	2024-01-16	      1913	10:56:14	1122CEa	1,1,2,2-Tetrachloorethaan	<	0,175	µg/L
OW172100	2024-01-16	      1913	10:56:14	112CEa	1,1,2-Trichloorethaan	<	0,125	µg/L
OW172100	2024-01-16	      1913	10:56:14	112CTFEa	1,1,2-Trichloortrifluorethaan	<	0,125	µg/L
OW172100	2024-01-16	      1913	10:56:14	11CEa	1,1-Dichloorethaan	<	0,125	µg/L
OW172100	2024-01-16	      1913	10:56:14	11CEe	1,1-Dichlooretheen	<	0,125	µg/L
OW172100	2024-01-16	      1913	10:56:14	1234CBz	1,2,3,4-Tetrachloorbenzeen	<	1	ng/L
OW172100	2024-01-16	      1913	10:56:14	1235+1245CBz	1,2,3,5+1,2,4,5-Tetrachloorbenzeen	<	1,5	ng/L
OW172100	2024-01-16	      1913	10:56:14	123CBz	1,2,3-Trichloorbenzeen	<	0,05	µg/L
OW172100	2024-01-16	      1913	10:56:14	124CBz	1,2,4-Trichloorbenzeen	<	0,05	µg/L
OW172100	2024-01-16	      1913	10:56:14	124MyBz	1,2,4-Trimethylbenzeen	<	0,125	µg/L
OW172100	2024-01-16	      1913	10:56:14	12BEa	1,2-Dibroomethaan	<	0,125	µg/L
OW172100	2024-01-16	      1913	10:56:14	12CBz	1,2-Dichloorbenzeen	<	0,125	µg/L
OW172100	2024-01-16	      1913	10:56:14	12CEa	1,2-Dichloorethaan	<	0,125	µg/L
OW172100	2024-01-16	      1913	10:56:14	12CEe	1,2-Dichlooretheen	<	0,25	µg/L
OW172100	2024-01-16	      1913	10:56:14	12CPa	1,2-Dichloorpropaan	<	0,125	µg/L
OW172100	2024-01-16	      1913	10:56:14	135CBz	1,3,5-Trichloorbenzeen	<	0,05	µg/L
OW172100	2024-01-16	      1913	10:56:14	135MyBz	1,3,5-Trimethylbenzeen	<	0,125	µg/L
OW172100	2024-01-16	      1913	10:56:14	13CBz	1,3-Dichloorbenzeen	<	0,125	µg/L
OW172100	2024-01-16	      1913	10:56:14	14CBz	1,4-Dichloorbenzeen	<	0,125	µg/L
OW172100	2024-01-16	      1913	10:56:14	2+3+4MyFol	som 2-methylfenol, 3-methylfenol en 4-methylfenol	<	150	ng/L
OW172100	2024-01-16	      1913	10:56:14	2345CFol	2,3,4,5-Tetrachloorfenol	<	50	ng/L
OW172100	2024-01-16	      1913	10:56:14	2346CFol	2,3,4,6-Tetrachloorfenol	<	50	ng/L
OW172100	2024-01-16	      1913	10:56:14	234CFol	2,3,4-Trichloorfenol	<	50	ng/L
OW172100	2024-01-16	      1913	10:56:14	2356CFol	2,3,5,6-Tetrachloorfenol	<	50	ng/L
OW172100	2024-01-16	      1913	10:56:14	2356CNiBz	2,3,5,6-Tetrachloornitrobenzeen	<	2	ng/L
OW172100	2024-01-16	      1913	10:56:14	235CFol	2,3,5-Trichloorfenol	<	50	ng/L
OW172100	2024-01-16	      1913	10:56:14	235MyFol	2,3,5-Trimethylfenol	<	50	ng/L
OW172100	2024-01-16	      1913	10:56:14	236CFol	2,3,6-Trichloorfenol	<	50	ng/L
OW172100	2024-01-16	      1913	10:56:14	23CFol	2,3-Dichloorfenol	<	50	ng/L
OW172100	2024-01-16	      1913	10:56:14	23CPe	2,3-Dichloorpropeen	<	0,125	µg/L
OW172100	2024-01-16	      1913	10:56:14	23MyFol	2,3-Dimethylfenol	<	50	ng/L
OW172100	2024-01-16	      1913	10:56:14	24-D	2,4-Dichloorfenoxyazijnzuur	<	25	ng/L
OW172100	2024-01-16	      1913	10:56:14	24-DB	2,4-Dichloorfenoxybutaanzuur	<	25	ng/L
OW172100	2024-01-16	      1913	10:56:14	24-DP	Dichloorprop	<	25	ng/L
OW172100	2024-01-16	      1913	10:56:14	24+25-CFol	2,4+2,5-Dichloorfenol	<	100	ng/L
OW172100	2024-01-16	      1913	10:56:14	245-T	2,4,5-Trichloorfenoxyazijnzuur	<	25	ng/L
OW172100	2024-01-16	      1913	10:56:14	245CFol	2,4,5-Trichloorfenol	<	50	ng/L
OW172100	2024-01-16	      1913	10:56:14	246CFol	2,4,6-Trichloorfenol	<	50	ng/L
OW172100	2024-01-16	      1913	10:56:14	24DDD	op'Dichloordifenyldichloorethaan	<	1	ng/L
OW172100	2024-01-16	      1913	10:56:14	24DDE	op'Dichloordifenyldichlooretheen	<	1	ng/L
OW172100	2024-01-16	      1913	10:56:14	24DDT	op'Dichloordifenyltrichloorethaan	<	1	ng/L
OW172100	2024-01-16	      1913	10:56:14	24MyFol	2,4-Dimethylfenol	<	50	ng/L
OW172100	2024-01-16	      1913	10:56:14	24NiFol	2,4-Dinitrofenol	<	25	ng/L
OW172100	2024-01-16	      1913	10:56:14	25MyFol	2,5-Dimethylfenol	<	50	ng/L
OW172100	2024-01-16	      1913	10:56:14	26CFol	2,6-Dichloorfenol	<	50	ng/L
OW172100	2024-01-16	      1913	10:56:14	26MyFol	2,6-Dimethylfenol	<	50	ng/L
OW172100	2024-01-16	      1913	10:56:14	2CFol	2-Chloorfenol	<	50	ng/L
OW172100	2024-01-16	      1913	10:56:14	2CTol	2-Chloortolueen	<	0,125	µg/L
OW172100	2024-01-16	      1913	10:56:14	2EyFol	2-Ethylfenol	<	50	ng/L
OW172100	2024-01-16	      1913	10:56:14	2hAtraz	2-Hydroxy-atrazine	=	29	ng/L
OW172100	2024-01-16	      1913	10:56:14	2iPyFol	2-Isopropylfenol	<	50	ng/L
OW172100	2024-01-16	      1913	10:56:14	2MyFol	2-Methylfenol	<	50	ng/L
OW172100	2024-01-16	      1913	10:56:14	345CFol	3,4,5-Trichloorfenol	<	50	ng/L
OW172100	2024-01-16	      1913	10:56:14	34CFol	3,4-Dichloorfenol	<	50	ng/L
OW172100	2024-01-16	      1913	10:56:14	34MyFol	3,4-Dimethylfenol	<	50	ng/L
OW172100	2024-01-16	      1913	10:56:14	35CFol	3,5-Dichloorfenol	<	50	ng/L
OW172100	2024-01-16	      1913	10:56:14	3CFol	3-Chloorfenol	<	50	ng/L
OW172100	2024-01-16	      1913	10:56:14	3CPe	3-Chloorpropeen	<	0,125	µg/L
OW172100	2024-01-16	      1913	10:56:14	3CTol	3-Chloortolueen	<	0,125	µg/L
OW172100	2024-01-16	      1913	10:56:14	3EyFol	3-Ethylfenol	<	50	ng/L
OW172100	2024-01-16	      1913	10:56:14	3MyFol	3-Methylfenol	<	50	ng/L
OW172100	2024-01-16	      1913	10:56:14	44DDD	pp'Dichloordifenyldichloorethaan	<	1	ng/L
OW172100	2024-01-16	      1913	10:56:14	44DDE	pp'Dichloordifenyldichlooretheen	<	1	ng/L
OW172100	2024-01-16	      1913	10:56:14	44DDT	pp'Dichloordifenyltrichloorethaan	<	1	ng/L
OW172100	2024-01-16	      1913	10:56:14	4C3MyFol	4-Chloor-3-methylfenol	<	50	ng/L
OW172100	2024-01-16	      1913	10:56:14	4CFol	4-Chloorfenol	<	50	ng/L
OW172100	2024-01-16	      1913	10:56:14	4CTol	4-Chloortolueen	<	0,125	µg/L
OW172100	2024-01-16	      1913	10:56:14	4EyFol + 35MyFol	4-ethylfenol + 3,5 dimethylfenol	<	100	ng/L
OW172100	2024-01-16	      1913	10:56:14	4MyFol	4-Methylfenol	<	50	ng/L
OW172100	2024-01-16	      1913	10:56:14	4tOyFol	4-tert-Octylfenol	<	15	ng/L
OW172100	2024-01-16	      1913	10:56:14	6:2 diPAP	6:2 fluortelomeerfosfaat diester (6:2 diPAP)	<	5	ng/L
OW172100	2024-01-16	      1913	10:56:14	a+b+d+gHCHS	alfa+beta+gamma+delta Hexachloorcyclohexaan	<	3	ng/L
OW172100	2024-01-16	      1913	10:56:14	a+bEndoS	alfa+beta Endosulfan	<	2	ng/L
OW172100	2024-01-16	      1913	10:56:14	Acenaft	Acenafteen	=	18	ng/L
OW172100	2024-01-16	      1913	10:56:14	Acenaftyl	Acenaftyleen	<	10	ng/L
OW172100	2024-01-16	      1913	10:56:14	Acetamiprid	Acetamiprid	=	18	ng/L
OW172100	2024-01-16	      1913	10:56:14	Aclonifen	Aclonifen	<	3,14	ng/L
OW172100	2024-01-16	      1913	10:56:14	ADEIdrin	Aldrin+Dieldrin+Endrin+Isodrin	<	2,125	ng/L
OW172100	2024-01-16	      1913	10:56:14	aEndo	alfa-Endosulfan	<	1	ng/L
OW172100	2024-01-16	      1913	10:56:14	Ag o	Zilver	<	0,05	µg/L
OW172100	2024-01-16	      1913	10:56:14	Ag t	Zilver	<	0,05	µg/L
OW172100	2024-01-16	      1913	10:56:14	aHCH	alfa-Hexachloorcyclohexaan	<	0,75	ng/L
OW172100	2024-01-16	      1913	10:56:14	Al o	Aluminium	<	150	µg/L
OW172100	2024-01-16	      1913	10:56:14	Alachloor	Alachloor	<	10	ng/L
OW172100	2024-01-16	      1913	10:56:14	Aldrin	Aldrin	<	0,375	ng/L
OW172100	2024-01-16	      1913	10:56:14	Amidotriz	Amidotrizoinezuur	=	30,6	ng/L
OW172100	2024-01-16	      1913	10:56:14	Ant	Anthraceen	<	10	ng/L
OW172100	2024-01-16	      1913	10:56:14	As o	Arseen	=	1,09	µg/L
OW172100	2024-01-16	      1913	10:56:14	As t	Arseen	=	1,75	µg/L
OW172100	2024-01-16	      1913	10:56:14	Atenolol	Atenolol	=	36,3	ng/L
OW172100	2024-01-16	      1913	10:56:14	Atraz	Atrazine	<	5	ng/L
OW172100	2024-01-16	      1913	10:56:14	AzinfosMy	Azinfos-methyl	<	1,3	ng/L
OW172100	2024-01-16	      1913	10:56:14	B o	Boor	=	77	µg/L
OW172100	2024-01-16	      1913	10:56:14	B t	Boor	=	75	µg/L
OW172100	2024-01-16	      1913	10:56:14	B(a)A	Benzo(a)anthraceen	=	16	ng/L
OW172100	2024-01-16	      1913	10:56:14	B(a)P	Benzo(a)pyreen	=	19	ng/L
OW172100	2024-01-16	      1913	10:56:14	B(b)Flu	Benzo(b)fluorantheen	=	25	ng/L
OW172100	2024-01-16	      1913	10:56:14	B(ghi)Pe	Benzo(g,h,i)peryleen	=	18	ng/L
OW172100	2024-01-16	      1913	10:56:14	B(k)Flu	Benzo(k)fluorantheen	=	12	ng/L
OW172100	2024-01-16	      1913	10:56:14	b2EyHyFt	bis-(2-ethylhexyl)-ftalaat	<	0,17	µg/L
OW172100	2024-01-16	      1913	10:56:14	Ba o	Barium	=	34	µg/L
OW172100	2024-01-16	      1913	10:56:14	Ba t	Barium	=	43	µg/L
OW172100	2024-01-16	      1913	10:56:14	BAM	2,6-Dichloorbenzamide	<	10	ng/L
OW172100	2024-01-16	      1913	10:56:14	BBz	Broombenzeen	<	0,125	µg/L
OW172100	2024-01-16	      1913	10:56:14	BDCMa	Broomdichloormethaan	<	0,125	µg/L
OW172100	2024-01-16	      1913	10:56:14	Be o	Beryllium	<	0,15	µg/L
OW172100	2024-01-16	      1913	10:56:14	Be t	Beryllium	<	0,15	µg/L
OW172100	2024-01-16	      1913	10:56:14	bEndo	beta-Endosulfan	<	1	ng/L
OW172100	2024-01-16	      1913	10:56:14	Bentazone	Bentazone	<	50	ng/L
OW172100	2024-01-16	      1913	10:56:14	Benzeen	Benzeen	<	0,125	µg/L
OW172100	2024-01-16	      1913	10:56:14	Bezafibraat	Bezafibraat	<	10	ng/L
OW172100	2024-01-16	      1913	10:56:14	BFlu som	PAK benzo(b+k)fluorantheen (b)	=	37	ng/L
OW172100	2024-01-16	      1913	10:56:14	bHCH	beta-Hexachloorcyclohexaan	<	0,75	ng/L
OW172100	2024-01-16	      1913	10:56:14	Bifenox	Bifenox	<	2,56	ng/L
OW172100	2024-01-16	      1913	10:56:14	BPe + IP som	PAK Benzo(g,h,i)peryleen + Indeno(1,2,3-cd)pyreen	=	31	ng/L
OW172100	2024-01-16	      1913	10:56:14	BrfosEy	Bromofos-ethyl	<	1,98	ng/L
OW172100	2024-01-16	      1913	10:56:14	BrfosMy	Bromofos-methyl	<	1,47	ng/L
OW172100	2024-01-16	      1913	10:56:14	Bromacil	Bromacil	=	53	ng/L
OW172100	2024-01-16	      1913	10:56:14	Bromoxyn	Bromoxynil	<	25	ng/L
OW172100	2024-01-16	      1913	10:56:14	ByBzyFt	Butylbenzylftalaat	<	0,095	µg/L
OW172100	2024-01-16	      1913	10:56:14	BZV5	Biochemisch zuurstofverbruik na 5d.	=	3,1	mgO2/L
OW172100	2024-01-16	      1913	10:56:14	c12CEe	cis-1,2-Dichlooretheen	<	0,125	µg/L
OW172100	2024-01-16	      1913	10:56:14	c13CPe	cis-1,3-Dichloorpropeen	<	0,125	µg/L
OW172100	2024-01-16	      1913	10:56:14	Ca o	Calcium	=	131000	µg/L
OW172100	2024-01-16	      1913	10:56:14	Carbamaze	Carbamazepine	=	49,4	ng/L
OW172100	2024-01-16	      1913	10:56:14	Carbdzim	Carbendazim	<	5	ng/L
OW172100	2024-01-16	      1913	10:56:14	Cartamid	Carbetamide	<	10	ng/L
OW172100	2024-01-16	      1913	10:56:14	Cbromuron	Chloorbromuron	<	15	ng/L
OW172100	2024-01-16	      1913	10:56:14	CBz	Chloorbenzeen	<	0,125	µg/L
OW172100	2024-01-16	      1913	10:56:14	CBzsom	Dichloorbenzenen	<	0,375	µg/L
OW172100	2024-01-16	      1913	10:56:14	cCdaan	cis-Chloordaan	<	0,5	ng/L
OW172100	2024-01-16	      1913	10:56:14	Cd o	Cadmium	<	0,05	µg/L
OW172100	2024-01-16	      1913	10:56:14	Cd t	Cadmium	<	0,2	µg/L
OW172100	2024-01-16	      1913	10:56:14	Cdaan	Chloordaan	<	1	ng/L
OW172100	2024-01-16	      1913	10:56:14	Cdazon	Chloridazon	<	5	ng/L
OW172100	2024-01-16	      1913	10:56:14	CFolS	Chloorfenolen	<	150	ng/L
OW172100	2024-01-16	      1913	10:56:14	Cfvinfos	Chloorfenvinfos	<	1,95	ng/L
OW172100	2024-01-16	      1913	10:56:14	cHpCEpx	cis-Heptachloorepoxyde	<	1	ng/L
OW172100	2024-01-16	      1913	10:56:14	Chr	Chryseen	=	30	ng/L
OW172100	2024-01-16	      1913	10:56:14	Cl-	Chloride	=	56,9	mg/L
OW172100	2024-01-16	      1913	10:56:14	Clarithromyc	Clarithromycine	=	48	ng/L
OW172100	2024-01-16	      1913	10:56:14	Clfyl a	Chlorofyl a	<	2	µg/L
OW172100	2024-01-16	      1913	10:56:14	Clindamyc	Clindamycine	<	10	ng/L
OW172100	2024-01-16	      1913	10:56:14	ClindamycineHCl	Clindamycine, waterstofchloride	<	10	ng/L
OW172100	2024-01-16	      1913	10:56:14	Clopyralid	Clopyralid	<	125	ng/L
OW172100	2024-01-16	      1913	10:56:14	Clotidine	Clothianidine	<	5	ng/L
OW172100	2024-01-16	      1913	10:56:14	Clozapine	Clozapine	<	10	ng/L
OW172100	2024-01-16	      1913	10:56:14	Co o	Kobalt	=	0,44	µg/L
OW172100	2024-01-16	      1913	10:56:14	Co t	Kobalt	=	1,01	µg/L
OW172100	2024-01-16	      1913	10:56:14	CpfosEy	Chloorpyrifos-ethyl	<	2	ng/L
OW172100	2024-01-16	      1913	10:56:14	CpfosMy	Chloorpyrifos-methyl	<	1,94	ng/L
OW172100	2024-01-16	      1913	10:56:14	Cprofam	Chloorprofam	<	2,67	ng/L
OW172100	2024-01-16	      1913	10:56:14	Cr o	Chroom	<	1,5	µg/L
OW172100	2024-01-16	      1913	10:56:14	Cr t	Chroom	=	12,2	µg/L
OW172100	2024-01-16	      1913	10:56:14	ct13CPe	1,3-Dichloorpropeen (cis+trans)	<	0,25	µg/L
OW172100	2024-01-16	      1913	10:56:14	CTolS	Chloortoluenen	<	0,375	µg/L
OW172100	2024-01-16	      1913	10:56:14	Ctoluron	Chloortoluron	<	8	ng/L
OW172100	2024-01-16	      1913	10:56:14	Cu o	Koper	<	2	µg/L
OW172100	2024-01-16	      1913	10:56:14	Cu t	Koper	=	4,24	µg/L
OW172100	2024-01-16	      1913	10:56:14	Cumafos	Cumafos	<	1,44	ng/L
OW172100	2024-01-16	      1913	10:56:14	Cyanaz	Cyanazine	=	44	ng/L
OW172100	2024-01-16	      1913	10:56:14	Cybutrine	Cybutrine	<	1	ng/L
OW172100	2024-01-16	      1913	10:56:14	Cypmethrin	Cypermethrin	<	4,57	ng/L
OW172100	2024-01-16	      1913	10:56:14	CZV	Chemisch zuurstofverbruik	=	15,9	mgO2/L
OW172100	2024-01-16	      1913	10:56:14	DBCMa	Dibroomchloormethaan	<	0,125	µg/L
OW172100	2024-01-16	      1913	10:56:14	DBMa	Dibroommethaan	<	0,125	µg/L
OW172100	2024-01-16	      1913	10:56:14	DBySn	Dibutyltin	<	2	ngSn/L
OW172100	2024-01-16	      1913	10:56:14	DBySn som	Dibutyltinverbindingen	<	2	ngSn/L
OW172100	2024-01-16	      1913	10:56:14	dBz(ah)An	Dibenzo(a,h)anthraceen	<	5	ng/L
OW172100	2024-01-16	      1913	10:56:14	DcHyFt	Dicyclohexylftalaat	<	0,1	µg/L
OW172100	2024-01-16	      1913	10:56:14	DCMa	Dichloormethaan	<	0,125	µg/L
OW172100	2024-01-16	      1913	10:56:14	DCvos	Dichloorvos	<	0,48	ng/L
OW172100	2024-01-16	      1913	10:56:14	DDT t	DDT, totaal	<	4	ng/L
OW172100	2024-01-16	      1913	10:56:14	Demeton	Demeton	<	9,25	ng/L
OW172100	2024-01-16	      1913	10:56:14	DEyatraz	Desethylatrazine	<	5	ng/L
OW172100	2024-01-16	      1913	10:56:14	DEyFt	Diethylftalaat	<	0,125	µg/L
OW172100	2024-01-16	      1913	10:56:14	DEytByaz	Desethylterbutylazine	<	10	ng/L
OW172100	2024-01-16	      1913	10:56:14	Dflucan	Diflufenican	<	20,14	ng/L
OW172100	2024-01-16	      1913	10:56:14	dHCH	delta-Hexachloorcyclohexaan	<	0,75	ng/L
OW172100	2024-01-16	      1913	10:56:14	Diazinon	Diazinon	<	2,11	ng/L
OW172100	2024-01-16	      1913	10:56:14	DiByFt	Di-isobutylftalaat	<	0,105	µg/L
OW172100	2024-01-16	      1913	10:56:14	Dicamba	Dicamba	<	150	ng/L
OW172100	2024-01-16	      1913	10:56:14	Diclofenac	Diclofenac	=	108	ng/L
OW172100	2024-01-16	      1913	10:56:14	Dieldrin	Dieldrin	<	1	ng/L
OW172100	2024-01-16	      1913	10:56:14	Dimdazol	Dimetridazol	=	15	ng/L
OW172100	2024-01-16	      1913	10:56:14	DiMetamid	Dimethenamid	<	5	ng/L
OW172100	2024-01-16	      1913	10:56:14	DiMetmorf	Dimethomorf	<	10	ng/L
OW172100	2024-01-16	      1913	10:56:14	DiPyatraz	Desisopropylatrazine	<	10	ng/L
OW172100	2024-01-16	      1913	10:56:14	DiPyEt	Di-isopropylether	<	0,125	µg/L
OW172100	2024-01-16	      1913	10:56:14	Diuron	Diuron	<	5	ng/L
OW172100	2024-01-16	      1913	10:56:14	Dmetoat	Dimethoaat	<	2,5	ng/L
OW172100	2024-01-16	      1913	10:56:14	DMyFol som	Som van de dimethylfenolen	<	250	ng/L
OW172100	2024-01-16	      1913	10:56:14	DMyFt	Dimethylftalaat	<	0,105	µg/L
OW172100	2024-01-16	      1913	10:56:14	DnByFt	Di-n-butylftalaat	<	0,105	µg/L
OW172100	2024-01-16	      1913	10:56:14	DNOC	4,6-Dinitro-o-cresol	<	25	ng/L
OW172100	2024-01-16	      1913	10:56:14	DnOyFt	Di-n-octylftalaat	<	0,055	µg/L
OW172100	2024-01-16	      1913	10:56:14	DOC	Koolstof	=	6,1	mgC/L
OW172100	2024-01-16	      1913	10:56:14	DONA	4,8-dioxa-3H-perfluornonaanzuur (DONA)	<	2,5	ng/L
OW172100	2024-01-16	      1913	10:56:14	DPnyFt	Dipentylftalaat	<	0,095	µg/L
OW172100	2024-01-16	      1913	10:56:14	Dsulfoton	Disulfoton	<	16,27	ng/L
OW172100	2024-01-16	      1913	10:56:14	EC 20	Geleidbaarheid (20°C)	=	837	µS/cm
OW172100	2024-01-16	      1913	10:56:14	EC 25	Geleidbaarheid (25°C)	=	916,9335	µS/cm
OW172100	2024-01-16	      1913	10:56:14	EHDPP	2-Ethylhexyldifenylfosfaat	<	23,47	ng/L
OW172100	2024-01-16	      1913	10:56:14	EndoS	Endosulfansulfaat	<	1	ng/L
OW172100	2024-01-16	      1913	10:56:14	Endrin	Endrin	<	0,375	ng/L
OW172100	2024-01-16	      1913	10:56:14	Etfum	Ethofumesaat	<	11,25	ng/L
OW172100	2024-01-16	      1913	10:56:14	Ethopfos	Ethoprofos	<	1,28	ng/L
OW172100	2024-01-16	      1913	10:56:14	EtPFOSA	N-ethylperfluoroctaan-1-sulfonamide (EtPFOSA)	<	0,5	ng/L
OW172100	2024-01-16	      1913	10:56:14	EtPFOSA totaal	Totaal N-ethylperfluoroctaansulfonamide (lin+vert)	<	5	ng/L
OW172100	2024-01-16	      1913	10:56:14	EtPFOSA vertakt	= EtPFOSAtotaal - EtPFOSA	<	5	ng/L
OW172100	2024-01-16	      1913	10:56:14	EyBz	Ethylbenzeen	<	0,125	µg/L
OW172100	2024-01-16	      1913	10:56:14	EytByEt	Ethyl-tert-butylether	<	0,125	µg/L
OW172100	2024-01-16	      1913	10:56:14	F- o	Fluoride	=	0,263	mg/L
OW172100	2024-01-16	      1913	10:56:14	Fe o	Ijzer	<	25	µg/L
OW172100	2024-01-16	      1913	10:56:14	Fe t	Ijzer	=	1730	µg/L
OW172100	2024-01-16	      1913	10:56:14	Fen	Fenantreen	=	38	ng/L
OW172100	2024-01-16	      1913	10:56:14	Fenazon	Fenazon	<	5	ng/L
OW172100	2024-01-16	      1913	10:56:14	Fenithion	Fenitrothion	<	2,3	ng/L
OW172100	2024-01-16	      1913	10:56:14	Fenoprop	Fenoprop	<	25	ng/L
OW172100	2024-01-16	      1913	10:56:14	Fenthion	Fenthion	<	0,97	ng/L
OW172100	2024-01-16	      1913	10:56:14	Feofyt a	Feofytine a	<	4	µg/L
OW172100	2024-01-16	      1913	10:56:14	Floxpyr	Fluroxypyr	<	25	ng/L
OW172100	2024-01-16	      1913	10:56:14	Flu	Fluorantheen	=	53	ng/L
OW172100	2024-01-16	      1913	10:56:14	Flucet	Flufenacet	<	10	ng/L
OW172100	2024-01-16	      1913	10:56:14	Fluoreen	Fluoreen	=	10	ng/L
OW172100	2024-01-16	      1913	10:56:14	Fol	Fenol	<	250	ng/L
OW172100	2024-01-16	      1913	10:56:14	Fonofos	Fonofos	<	2,28	ng/L
OW172100	2024-01-16	      1913	10:56:14	Gabapentine	Gabapentine	=	330	ng/L
OW172100	2024-01-16	      1913	10:56:14	gHCH	gamma-Hexachloorcyclohexaan	<	0,75	ng/L
OW172100	2024-01-16	      1913	10:56:14	Glyfosaat	Glyfosaat	=	82	ng/L
OW172100	2024-01-16	      1913	10:56:14	H t	Hardheid	=	38,458333333333333379	°F
OW172100	2024-01-16	      1913	10:56:14	HCBdn	Hexachloorbutadieen	<	1	ng/L
OW172100	2024-01-16	      1913	10:56:14	HCBz	Hexachloorbenzeen	<	1,5	ng/L
OW172100	2024-01-16	      1913	10:56:14	HCH	Hexachloorcyclohexaan, alle isomeren	<	3	ng/L
OW172100	2024-01-16	      1913	10:56:14	Hexazinon	Hexazinon	=	26	ng/L
OW172100	2024-01-16	      1913	10:56:14	HFPO-DA	2,3,3,3-tetrafluor-2(heptafluorpropoxy)propionzuur	<	20	ng/L
OW172100	2024-01-16	      1913	10:56:14	Hg o	Kwik	<	0,025	µg/L
OW172100	2024-01-16	      1913	10:56:14	Hg t	Kwik	<	0,025	µg/L
OW172100	2024-01-16	      1913	10:56:14	HpC	Heptachloor	<	1	ng/L
OW172100	2024-01-16	      1913	10:56:14	HpC+Epx	Heptachloor+epoxyde	<	4	ng/L
OW172100	2024-01-16	      1913	10:56:14	HyCtazide	Hydrochloorthiazide	=	104	ng/L
OW172100	2024-01-16	      1913	10:56:14	Imcloprid	Imidacloprid	<	2,5	ng/L
OW172100	2024-01-16	      1913	10:56:14	Iopamidol	Iopamidol	<	5	ng/L
OW172100	2024-01-16	      1913	10:56:14	Iopromide	Iopromide	=	134	ng/L
OW172100	2024-01-16	      1913	10:56:14	IP	Indeno(1,2,3-cd)pyreen	=	13	ng/L
OW172100	2024-01-16	      1913	10:56:14	Iproturon	Isoproturon	<	10	ng/L
OW172100	2024-01-16	      1913	10:56:14	iPyBz	Isopropylbenzeen	<	0,125	µg/L
OW172100	2024-01-16	      1913	10:56:14	Isodrin	Isodrin	<	0,375	ng/L
OW172100	2024-01-16	      1913	10:56:14	K o	Kalium	=	11800	µg/L
OW172100	2024-01-16	      1913	10:56:14	Ketoprofen	Ketoprofen	<	5	ng/L
OW172100	2024-01-16	      1913	10:56:14	KjN	Kjeldahlstikstof	=	0,425	mgN/L
OW172100	2024-01-16	      1913	10:56:14	KWS ap.	Apolaire koolwaterstoffen	<	100	µg/L
OW172100	2024-01-16	      1913	10:56:14	Lenacil	Lenacil	<	25	ng/L
OW172100	2024-01-16	      1913	10:56:14	Lidocaine	Lidocaine	=	15,3	ng/L
OW172100	2024-01-16	      1913	10:56:14	Linuron	Linuron	<	5	ng/L
OW172100	2024-01-16	      1913	10:56:14	Malathion	Malathion	<	2,09	ng/L
OW172100	2024-01-16	      1913	10:56:14	Mbromuron	Metobromuron	<	10	ng/L
OW172100	2024-01-16	      1913	10:56:14	mBthiaz	Metabenzthiazuron	<	5	ng/L
OW172100	2024-01-16	      1913	10:56:14	MCPA	(4-Chloor-2-methylfenoxy)azijnzuur	<	25	ng/L
OW172100	2024-01-16	      1913	10:56:14	MCPB	4-(4-Chloor-2-methylfenoxy)boterzuur	<	25	ng/L
OW172100	2024-01-16	      1913	10:56:14	MCPP	Mecoprop	<	25	ng/L
OW172100	2024-01-16	      1913	10:56:14	MePFBSAA	N-methylperfluorbutaansulfonamidoazijnzuur	<	0,5	ng/L
OW172100	2024-01-16	      1913	10:56:14	MePFOSA	N-methylperfluoroctaan-1-sulfonamide (MePFOSA)	<	2,5	ng/L
OW172100	2024-01-16	      1913	10:56:14	MePFOSA totaal	Totaal N-methylperfluoroctaansulfonamide (lin+ver)	<	5	ng/L
OW172100	2024-01-16	      1913	10:56:14	MePFOSA vertakt	= MePFOSAtotaal - MePFOSA	<	5	ng/L
OW172100	2024-01-16	      1913	10:56:14	Metaza	Metazachloor	<	5	ng/L
OW172100	2024-01-16	      1913	10:56:14	Metbuzin	Metribuzin	<	17,24	ng/L
OW172100	2024-01-16	      1913	10:56:14	Metcarb	Methiocarb	<	1,21	ng/L
OW172100	2024-01-16	      1913	10:56:14	Methidat	Methidation	<	2,43	ng/L
OW172100	2024-01-16	      1913	10:56:14	Metola	Metolachloor	<	5	ng/L
OW172100	2024-01-16	      1913	10:56:14	Metoprolol	Metoprolol	<	10	ng/L
OW172100	2024-01-16	      1913	10:56:14	Metoprololtartraat	Metoprololtartraat	<	12,5	ng/L
OW172100	2024-01-16	      1913	10:56:14	Metoxur	Metoxuron	<	10	ng/L
OW172100	2024-01-16	      1913	10:56:14	Mevinfos	Mevinfos	<	0,7	ng/L
OW172100	2024-01-16	      1913	10:56:14	Mg o	Magnesium	=	13700	µg/L
OW172100	2024-01-16	      1913	10:56:14	Mlinuron	Monolinuron	<	5	ng/L
OW172100	2024-01-16	      1913	10:56:14	Mmitron	Metamitron	<	5	ng/L
OW172100	2024-01-16	      1913	10:56:14	Mn o	Mangaan	=	104	µg/L
OW172100	2024-01-16	      1913	10:56:14	Mn t	Mangaan	=	167	µg/L
OW172100	2024-01-16	      1913	10:56:14	Mo o	Molybdeen	<	2,5	µg/L
OW172100	2024-01-16	      1913	10:56:14	Mo t	Molybdeen	<	2,5	µg/L
OW172100	2024-01-16	      1913	10:56:14	mpXyl	Xylenen (m+p)	<	0,125	µg/L
OW172100	2024-01-16	      1913	10:56:14	MxyC	Methoxychloor	<	1	ng/L
OW172100	2024-01-16	      1913	10:56:14	MytByEt	Methyl-tert.butylether	<	0,125	µg/L
OW172100	2024-01-16	      1913	10:56:14	N t	Stikstof	=	6,3	mgN/L
OW172100	2024-01-16	      1913	10:56:14	N+N	Nitraat+nitriet	=	5,875	mgN/L
OW172100	2024-01-16	      1913	10:56:14	N+N+N	Nitraat+nitriet+ammonium	=	6,475	mgN/L
OW172100	2024-01-16	      1913	10:56:14	Na o	Natrium	=	36000	µg/L
OW172100	2024-01-16	      1913	10:56:14	Na_diclofenac	Diclofenac, natrium	=	116	ng/L
OW172100	2024-01-16	      1913	10:56:14	Naft	Naftaleen	<	20	ng/L
OW172100	2024-01-16	      1913	10:56:14	Naproxen	Naproxen	=	73	ng/L
OW172100	2024-01-16	      1913	10:56:14	NH4+	Ammonium	=	0,6	mgN/L
OW172100	2024-01-16	      1913	10:56:14	Ni o	Nikkel	<	3,2	µg/L
OW172100	2024-01-16	      1913	10:56:14	Ni t	Nikkel	=	4,13	µg/L
OW172100	2024-01-16	      1913	10:56:14	NO2-	Nitriet	=	0,075	mgN/L
OW172100	2024-01-16	      1913	10:56:14	NO3-	Nitraat	=	5,8	mgN/L
OW172100	2024-01-16	      1913	10:56:14	NPOC	Koolstof	=	7,3	mgC/L
OW172100	2024-01-16	      1913	10:56:14	NyFol	Nonylfenol	<	150	ng/L
OW172100	2024-01-16	      1913	10:56:14	NyFolsom	Nonylfenolen	<	150	ng/L
OW172100	2024-01-16	      1913	10:56:14	O2	Zuurstof	=	12,67	mg/L
OW172100	2024-01-16	      1913	10:56:14	O2 verz	Zuurstof	=	94,3	%
OW172100	2024-01-16	      1913	10:56:14	OCP t	Organochloorpesticiden, totaal	<	15,875	ng/L
OW172100	2024-01-16	      1913	10:56:14	ompXyl	Xylenen (o+m+p)	<	0,25	µg/L
OW172100	2024-01-16	      1913	10:56:14	oPO4 f	Orthofosfaat	=	0,204	mgP/L
OW172100	2024-01-16	      1913	10:56:14	Oxadiazon	Oxadiazon	<	1,76	ng/L
OW172100	2024-01-16	      1913	10:56:14	oXyl	ortho-Xyleen	<	0,125	µg/L
OW172100	2024-01-16	      1913	10:56:14	OyFolsom	Octylfenolen	<	15	ng/L
OW172100	2024-01-16	      1913	10:56:14	P t	Fosfor	=	0,353	mgP/L
OW172100	2024-01-16	      1913	10:56:14	PAK 10	Polyaromatische KWS (10 Vrom)	<	229	ng/L
OW172100	2024-01-16	      1913	10:56:14	PAK 6	Polyaromatische KWS (6 Borneff)	=	140	ng/L
OW172100	2024-01-16	      1913	10:56:14	PathionEy	Parathion-ethyl	<	1,83	ng/L
OW172100	2024-01-16	      1913	10:56:14	PathionMy	Parathion-methyl	<	1,47	ng/L
OW172100	2024-01-16	      1913	10:56:14	Pb o	Lood	<	1,25	µg/L
OW172100	2024-01-16	      1913	10:56:14	Pb t	Lood	=	3,82	µg/L
OW172100	2024-01-16	      1913	10:56:14	PCB 101	2,2',4,5,5'-Pentachloorbifenyl (PCB101)	<	0,5	ng/L
OW172100	2024-01-16	      1913	10:56:14	PCB 118	2,3',4,4',5-Pentachloorbifenyl (PCB118)	<	0,5	ng/L
OW172100	2024-01-16	      1913	10:56:14	PCB 138	2,2',3,4,4',5'-Hexachloorbifenyl (PCB138)	<	0,5	ng/L
OW172100	2024-01-16	      1913	10:56:14	PCB 153	2,2',4,4',5,5'-Hexachloorbifenyl (PCB153)	<	0,5	ng/L
OW172100	2024-01-16	      1913	10:56:14	PCB 180	2,2',3,4,4',5,5'-Heptachloorbifenyl (PCB180)	<	0,5	ng/L
OW172100	2024-01-16	      1913	10:56:14	PCB 28	2,4,4'-Trichloorbifenyl (PCB28)	<	0,5	ng/L
OW172100	2024-01-16	      1913	10:56:14	PCB 52	2,2',5,5'-Tetrachloorbifenyl (PCB52)	<	0,5	ng/L
OW172100	2024-01-16	      1913	10:56:14	PCB t	Polychloorbifenyl, totaal	<	3,5	ng/L
OW172100	2024-01-16	      1913	10:56:14	PCBz	Pentachloorbenzeen	<	1,5	ng/L
OW172100	2024-01-16	      1913	10:56:14	PCFol	Pentachloorfenol	<	50	ng/L
OW172100	2024-01-16	      1913	10:56:14	PCNiBz	Pentachloornitrobenzeen	<	2	ng/L
OW172100	2024-01-16	      1913	10:56:14	Pentoxif	Pentoxifylline	<	5	ng/L
OW172100	2024-01-16	      1913	10:56:14	PFAS-43	Som van de 43 PFAS	<	274,2	ng/L
OW172100	2024-01-16	      1913	10:56:14	PFBA	Perfluorbutaanzuur (PFBA)	<	5	ng/L
OW172100	2024-01-16	      1913	10:56:14	PFBS	Perfluorbutaansulfonzuur (PFBS)	<	5	ng/L
OW172100	2024-01-16	      1913	10:56:14	PFBSA	Perfluorbutaansulfonamide (PFBSA)	<	2,5	ng/L
OW172100	2024-01-16	      1913	10:56:14	PFDA	Perfluordecaanzuur (PFDA)	<	5	ng/L
OW172100	2024-01-16	      1913	10:56:14	PFDoDA	Perfluordodecaanzuur (PFDoDA)	<	1	ng/L
OW172100	2024-01-16	      1913	10:56:14	PFDoDS	Perfluordodecaansulfonzuur (PFDoDS)	<	20	ng/L
OW172100	2024-01-16	      1913	10:56:14	PFDS	Perfluordecaansulfonzuur (PFDS)	<	20	ng/L
OW172100	2024-01-16	      1913	10:56:14	PFECHS	Perfluor-4-ethylcyclohexaansulfonzuur (PFECHS)	<	20	ng/L
OW172100	2024-01-16	      1913	10:56:14	PFHpA	Perfluorheptaanzuur (PFHpA)	<	2,5	ng/L
OW172100	2024-01-16	      1913	10:56:14	PFHxA	Perfluorhexaanzuur (PFHxA)	=	5,7	ng/L
OW172100	2024-01-16	      1913	10:56:14	PFHxDA	Perfluorhexadecaanzuur (PFHxDA)	<	20	ng/L
OW172100	2024-01-16	      1913	10:56:14	PFHxS	Perfluorhexaansulfonzuur (PFHxS)	<	5	ng/L
OW172100	2024-01-16	      1913	10:56:14	PFHxS totaal	Totaal perfluorhexaansulfonzuur (lineair+vertakt)	<	5	ng/L
OW172100	2024-01-16	      1913	10:56:14	PFHxS vertakt	= PFHxStotaal - PFHxS	<	10	ng/L
OW172100	2024-01-16	      1913	10:56:14	PFHxSA	Perfluorhexaansulfonamide (PFHxSA)	<	0,5	ng/L
OW172100	2024-01-16	      1913	10:56:14	PFNA	Perfluornonaanzuur (PFNA)	<	20	ng/L
OW172100	2024-01-16	      1913	10:56:14	PFNS	Perfluornonaansulfonzuur (PFNS)	<	0,5	ng/L
OW172100	2024-01-16	      1913	10:56:14	PFOA	Perfluoroctaanzuur (PFOA)	<	5	ng/L
OW172100	2024-01-16	      1913	10:56:14	PFOA totaal	Totaal perfluoroctaanzuur (lineair + vertakt)	<	20	ng/L
OW172100	2024-01-16	      1913	10:56:14	PFOA vertakt	= PFOAtotaal - PFOA	<	20	ng/L
OW172100	2024-01-16	      1913	10:56:14	PFOS	Perfluoroctaansulfonzuur (PFOS)	<	5	ng/L
OW172100	2024-01-16	      1913	10:56:14	PFOS totaal	Totaal perfluoroctaansulfonzuur (lineair+vertakt)	<	20	ng/L
OW172100	2024-01-16	      1913	10:56:14	PFOS vertakt	= PFOStotaal - PFOS	<	40	ng/L
OW172100	2024-01-16	      1913	10:56:14	PFOSA	Perfluoroctaansulfonamide (PFOSA)	<	0,5	ng/L
OW172100	2024-01-16	      1913	10:56:14	PFOSA totaal	Totaal perfluoroctaansulfonamide (lineair+vertakt)	<	5	ng/L
OW172100	2024-01-16	      1913	10:56:14	PFOSA vertakt	= PFOSAtotaal - PFOSA	<	5	ng/L
OW172100	2024-01-16	      1913	10:56:14	PFPeA	Perfluorpentaanzuur (PFPeA)	<	10	ng/L
OW172100	2024-01-16	      1913	10:56:14	PFPeS	Perfluorpentaansulfonzuur (PFPeS)	<	1	ng/L
OW172100	2024-01-16	      1913	10:56:14	PFTrDS	Perfluor-1-tridecaansulfonzuur (PFTrS)	<	20	ng/L
OW172100	2024-01-16	      1913	10:56:14	PFUnDA	Perfluorundecaanzuur (PFUnDA)	<	2,5	ng/L
OW172100	2024-01-16	      1913	10:56:14	PFUnDS	Perfluor-1-undecaansulfonzuur (PFUnS)	<	20	ng/L
OW172100	2024-01-16	      1913	10:56:14	pH	pH	=	7,77	-
OW172100	2024-01-16	      1913	10:56:14	Picarb	Pirimicarb	<	5	ng/L
OW172100	2024-01-16	      1913	10:56:14	PirfosMy	Pirimifos-methyl	<	1,54	ng/L
OW172100	2024-01-16	      1913	10:56:14	Prochloor	Propachloor	<	10	ng/L
OW172100	2024-01-16	      1913	10:56:14	Prometryn	Prometryn	<	10	ng/L
OW172100	2024-01-16	      1913	10:56:14	Propanil	Propanil	<	25	ng/L
OW172100	2024-01-16	      1913	10:56:14	Propanolol	Propanolol	<	30	ng/L
OW172100	2024-01-16	      1913	10:56:14	PropanololHCl	Propanolol, waterstofchloride	=	31	ng/L
OW172100	2024-01-16	      1913	10:56:14	Propaz	Propazine	<	10	ng/L
OW172100	2024-01-16	      1913	10:56:14	PyBz	Propylbenzeen	<	0,125	µg/L
OW172100	2024-01-16	      1913	10:56:14	Pyr	Pyreen	=	39	ng/L
OW172100	2024-01-16	      1913	10:56:14	Quinofen	Quinoxyfen	<	2,6	ng/L
OW172100	2024-01-16	      1913	10:56:14	Sb o	Antimoon	<	1,5	µg/L
OW172100	2024-01-16	      1913	10:56:14	Sb t	Antimoon	<	1,5	µg/L
OW172100	2024-01-16	      1913	10:56:14	Se o	Seleen	<	1,5	µg/L
OW172100	2024-01-16	      1913	10:56:14	Se t	Seleen	=	1,6	µg/L
OW172100	2024-01-16	      1913	10:56:14	Sebutylaz	Sebutylazine	<	10	ng/L
OW172100	2024-01-16	      1913	10:56:14	Secchi	Doorzichtigheid	=	50	cm
OW172100	2024-01-16	      1913	10:56:14	Simaz	Simazine	<	5	ng/L
OW172100	2024-01-16	      1913	10:56:14	SiO2 o	Silicaat	=	17	mgSiO2/L
OW172100	2024-01-16	      1913	10:56:14	Sn o	Tin	<	1,5	µg/L
OW172100	2024-01-16	      1913	10:56:14	Sn t	Tin	<	1,5	µg/L
OW172100	2024-01-16	      1913	10:56:14	SO4=	Sulfaat	=	100	mg/L
OW172100	2024-01-16	      1913	10:56:14	Sotalol	Sotalol	=	155	ng/L
OW172100	2024-01-16	      1913	10:56:14	SotalolHCl	Sotalol, waterstofchloride	=	175	ng/L
OW172100	2024-01-16	      1913	10:56:14	Styreen	Styreen	<	0,125	µg/L
OW172100	2024-01-16	      1913	10:56:14	Sulfamazol	Sulfamethoxazol	=	43,3	ng/L
OW172100	2024-01-16	      1913	10:56:14	T	Temperatuur	=	2,9	°C
OW172100	2024-01-16	      1913	10:56:14	t12CEe	trans-1,2-Dichlooretheen	<	0,125	µg/L
OW172100	2024-01-16	      1913	10:56:14	t13CPe	trans-1,3-Dichloorpropeen	<	0,125	µg/L
OW172100	2024-01-16	      1913	10:56:14	TAM	Alkaliniteit met methyloranje	=	5,9	meq/L
OW172100	2024-01-16	      1913	10:56:14	TBEP	Tributoxyethylfosfaat	<	93,2	ng/L
OW172100	2024-01-16	      1913	10:56:14	TBMa	Tribroommethaan	<	0,125	µg/L
OW172100	2024-01-16	      1913	10:56:14	TBP	Tributylfosfaat	<	28,85	ng/L
OW172100	2024-01-16	      1913	10:56:14	TBySn	Tributyltin	=	0,065	ngSn/L
OW172100	2024-01-16	      1913	10:56:14	TCBz	Trichloorbenzenen	<	0,15	µg/L
OW172100	2024-01-16	      1913	10:56:14	tCdaan	trans-Chloordaan	<	0,5	ng/L
OW172100	2024-01-16	      1913	10:56:14	TCEe	Trichlooretheen	<	0,125	µg/L
OW172100	2024-01-16	      1913	10:56:14	TCEP	Tris-(2-chloorethyl)-fosfaat	<	14,93	ng/L
OW172100	2024-01-16	      1913	10:56:14	TclofosMy	Tolclofos-methyl	<	2,75	ng/L
OW172100	2024-01-16	      1913	10:56:14	TCMa	Trichloormethaan	<	0,125	µg/L
OW172100	2024-01-16	      1913	10:56:14	TCPP	Tris-(2-chloorisopropyl)-fosfaat	<	57,64	ng/L
OW172100	2024-01-16	      1913	10:56:14	TDC(P)P	Tris-(1,3-dichloor-2-propyl)-fosfaat	<	77,94	ng/L
OW172100	2024-01-16	      1913	10:56:14	Te o	Telluur	<	2,5	µg/L
OW172100	2024-01-16	      1913	10:56:14	Te t	Telluur	<	2,5	µg/L
OW172100	2024-01-16	      1913	10:56:14	Telodrin	Telodrin	<	1	ng/L
OW172100	2024-01-16	      1913	10:56:14	Terbufos	Terbufos	<	2,03	ng/L
OW172100	2024-01-16	      1913	10:56:14	Terbutryn	Terbutryn	<	10	ng/L
OW172100	2024-01-16	      1913	10:56:14	Tfluralin	Trifluralin	<	2	ng/L
OW172100	2024-01-16	      1913	10:56:14	TFySn	Trifenyltin	<	0,017	ngSn/L
OW172100	2024-01-16	      1913	10:56:14	TFySn som	Trifenyltinacetaat, chloride, hydroxide	<	0,017	ngSn/L
OW172100	2024-01-16	      1913	10:56:14	Thiacloprid	Thiacloprid	<	2,5	ng/L
OW172100	2024-01-16	      1913	10:56:14	tHpCEpx	trans-Heptachloorepoxyde	<	2	ng/L
OW172100	2024-01-16	      1913	10:56:14	Ti o	Titaan	<	2	µg/L
OW172100	2024-01-16	      1913	10:56:14	Ti t	Titaan	=	24	µg/L
OW172100	2024-01-16	      1913	10:56:14	Tl o	Thallium	<	0,1	µg/L
OW172100	2024-01-16	      1913	10:56:14	Tl t	Thallium	<	0,1	µg/L
OW172100	2024-01-16	      1913	10:56:14	Tmethoxam	Thiamethoxam	<	5	ng/L
OW172100	2024-01-16	      1913	10:56:14	Tolueen	Tolueen	<	0,125	µg/L
OW172100	2024-01-16	      1913	10:56:14	TPP	Trifenylfosfaat	<	9,65	ng/L
OW172100	2024-01-16	      1913	10:56:14	TrByaz	Terbutylazine	<	5	ng/L
OW172100	2024-01-16	      1913	10:56:14	Triazofos	Triazofos	<	1,24	ng/L
OW172100	2024-01-16	      1913	10:56:14	triCFolsom	Trichloorfenolen	<	300	ng/L
OW172100	2024-01-16	      1913	10:56:14	Triclopyr	Triclopyr	<	25	ng/L
OW172100	2024-01-16	      1913	10:56:14	Trimoprim	Trimethoprim	<	10	ng/L
OW172100	2024-01-16	      1913	10:56:14	TtBySn	Tetrabutyltin	<	0,34	ngSn/L
OW172100	2024-01-16	      1913	10:56:14	TtCEe	Tetrachlooretheen	<	0,125	µg/L
OW172100	2024-01-16	      1913	10:56:14	TtCMa	Tetrachloormethaan	<	0,125	µg/L
OW172100	2024-01-16	      1913	10:56:14	U o	Uranium	=	1,71	µg/L
OW172100	2024-01-16	      1913	10:56:14	U t	Uranium	=	1,82	µg/L
OW172100	2024-01-16	      1913	10:56:14	V o	Vanadium	<	3	µg/L
OW172100	2024-01-16	      1913	10:56:14	V t	Vanadium	=	3,55	µg/L
OW172100	2024-01-16	      1913	10:56:14	Valsartan	Valsartan	=	193	ng/L
OW172100	2024-01-16	      1913	10:56:14	VinCl	Vinylchloride	<	0,125	µg/L
OW172100	2024-01-16	      1913	10:56:14	Zn o	Zink	<	7,5	µg/L
OW172100	2024-01-16	      1913	10:56:14	Zn t	Zink	=	28,8	µg/L
OW172100	2024-01-16	      1913	10:56:14	ZS	Zwevende stoffen	=	22,8	mg/L
OW172100	2024-02-13	      6153	09:56:43	10:2 FTS	10:2 fluortelomeersulfonzuur (10:2 FTS)	<	5	ng/L
OW172100	2024-02-13	      6153	09:56:43	1112CEa	1,1,1,2-Tetrachloorethaan	<	0,125	µg/L
OW172100	2024-02-13	      6153	09:56:43	111CEa	1,1,1-Trichloorethaan	<	0,125	µg/L
OW172100	2024-02-13	      6153	09:56:43	1122CEa	1,1,2,2-Tetrachloorethaan	<	0,175	µg/L
OW172100	2024-02-13	      6153	09:56:43	112CEa	1,1,2-Trichloorethaan	<	0,125	µg/L
OW172100	2024-02-13	      6153	09:56:43	112CTFEa	1,1,2-Trichloortrifluorethaan	<	0,125	µg/L
OW172100	2024-02-13	      6153	09:56:43	11CEa	1,1-Dichloorethaan	<	0,125	µg/L
OW172100	2024-02-13	      6153	09:56:43	11CEe	1,1-Dichlooretheen	<	0,125	µg/L
OW172100	2024-02-13	      6153	09:56:43	1234CBz	1,2,3,4-Tetrachloorbenzeen	<	1	ng/L
OW172100	2024-02-13	      6153	09:56:43	1235+1245CBz	1,2,3,5+1,2,4,5-Tetrachloorbenzeen	<	1,5	ng/L
OW172100	2024-02-13	      6153	09:56:43	123CBz	1,2,3-Trichloorbenzeen	<	0,05	µg/L
OW172100	2024-02-13	      6153	09:56:43	124CBz	1,2,4-Trichloorbenzeen	<	0,05	µg/L
OW172100	2024-02-13	      6153	09:56:43	124MyBz	1,2,4-Trimethylbenzeen	<	0,125	µg/L
OW172100	2024-02-13	      6153	09:56:43	12BEa	1,2-Dibroomethaan	<	0,125	µg/L
OW172100	2024-02-13	      6153	09:56:43	12CBz	1,2-Dichloorbenzeen	<	0,125	µg/L
OW172100	2024-02-13	      6153	09:56:43	12CEa	1,2-Dichloorethaan	<	0,125	µg/L
OW172100	2024-02-13	      6153	09:56:43	12CEe	1,2-Dichlooretheen	<	0,25	µg/L
OW172100	2024-02-13	      6153	09:56:43	12CPa	1,2-Dichloorpropaan	<	0,125	µg/L
OW172100	2024-02-13	      6153	09:56:43	135CBz	1,3,5-Trichloorbenzeen	<	0,05	µg/L
OW172100	2024-02-13	      6153	09:56:43	135MyBz	1,3,5-Trimethylbenzeen	<	0,125	µg/L
OW172100	2024-02-13	      6153	09:56:43	13CBz	1,3-Dichloorbenzeen	<	0,125	µg/L
OW172100	2024-02-13	      6153	09:56:43	14CBz	1,4-Dichloorbenzeen	<	0,125	µg/L
OW172100	2024-02-13	      6153	09:56:43	2+3+4MyFol	som 2-methylfenol, 3-methylfenol en 4-methylfenol	<	150	ng/L
OW172100	2024-02-13	      6153	09:56:43	2345CFol	2,3,4,5-Tetrachloorfenol	<	50	ng/L
OW172100	2024-02-13	      6153	09:56:43	2346CFol	2,3,4,6-Tetrachloorfenol	<	50	ng/L
OW172100	2024-02-13	      6153	09:56:43	234CFol	2,3,4-Trichloorfenol	<	50	ng/L
OW172100	2024-02-13	      6153	09:56:43	2356CFol	2,3,5,6-Tetrachloorfenol	<	50	ng/L
OW172100	2024-02-13	      6153	09:56:43	2356CNiBz	2,3,5,6-Tetrachloornitrobenzeen	<	2	ng/L
OW172100	2024-02-13	      6153	09:56:43	235CFol	2,3,5-Trichloorfenol	<	50	ng/L
OW172100	2024-02-13	      6153	09:56:43	235MyFol	2,3,5-Trimethylfenol	<	50	ng/L
OW172100	2024-02-13	      6153	09:56:43	236CFol	2,3,6-Trichloorfenol	<	50	ng/L
OW172100	2024-02-13	      6153	09:56:43	23CFol	2,3-Dichloorfenol	<	50	ng/L
OW172100	2024-02-13	      6153	09:56:43	23CPe	2,3-Dichloorpropeen	<	0,125	µg/L
OW172100	2024-02-13	      6153	09:56:43	23MyFol	2,3-Dimethylfenol	<	50	ng/L
OW172100	2024-02-13	      6153	09:56:43	24-D	2,4-Dichloorfenoxyazijnzuur	<	25	ng/L
OW172100	2024-02-13	      6153	09:56:43	24-DB	2,4-Dichloorfenoxybutaanzuur	<	25	ng/L
OW172100	2024-02-13	      6153	09:56:43	24-DP	Dichloorprop	<	25	ng/L
OW172100	2024-02-13	      6153	09:56:43	24+25-CFol	2,4+2,5-Dichloorfenol	<	100	ng/L
OW172100	2024-02-13	      6153	09:56:43	245-T	2,4,5-Trichloorfenoxyazijnzuur	<	25	ng/L
OW172100	2024-02-13	      6153	09:56:43	245CFol	2,4,5-Trichloorfenol	<	50	ng/L
OW172100	2024-02-13	      6153	09:56:43	246CFol	2,4,6-Trichloorfenol	<	50	ng/L
OW172100	2024-02-13	      6153	09:56:43	24DDD	op'Dichloordifenyldichloorethaan	<	1	ng/L
OW172100	2024-02-13	      6153	09:56:43	24DDE	op'Dichloordifenyldichlooretheen	<	1	ng/L
OW172100	2024-02-13	      6153	09:56:43	24DDT	op'Dichloordifenyltrichloorethaan	<	1	ng/L
OW172100	2024-02-13	      6153	09:56:43	24MyFol	2,4-Dimethylfenol	<	50	ng/L
OW172100	2024-02-13	      6153	09:56:43	24NiFol	2,4-Dinitrofenol	<	25	ng/L
OW172100	2024-02-13	      6153	09:56:43	25MyFol	2,5-Dimethylfenol	<	50	ng/L
OW172100	2024-02-13	      6153	09:56:43	26CFol	2,6-Dichloorfenol	<	50	ng/L
OW172100	2024-02-13	      6153	09:56:43	26MyFol	2,6-Dimethylfenol	<	50	ng/L
OW172100	2024-02-13	      6153	09:56:43	2CFol	2-Chloorfenol	<	50	ng/L
OW172100	2024-02-13	      6153	09:56:43	2CTol	2-Chloortolueen	<	0,125	µg/L
OW172100	2024-02-13	      6153	09:56:43	2EyFol	2-Ethylfenol	<	50	ng/L
OW172100	2024-02-13	      6153	09:56:43	2hAtraz	2-Hydroxy-atrazine	=	28	ng/L
OW172100	2024-02-13	      6153	09:56:43	2iPyFol	2-Isopropylfenol	<	50	ng/L
OW172100	2024-02-13	      6153	09:56:43	2MyFol	2-Methylfenol	<	50	ng/L
OW172100	2024-02-13	      6153	09:56:43	345CFol	3,4,5-Trichloorfenol	<	50	ng/L
OW172100	2024-02-13	      6153	09:56:43	34CFol	3,4-Dichloorfenol	<	50	ng/L
OW172100	2024-02-13	      6153	09:56:43	34MyFol	3,4-Dimethylfenol	<	50	ng/L
OW172100	2024-02-13	      6153	09:56:43	35CFol	3,5-Dichloorfenol	<	50	ng/L
OW172100	2024-02-13	      6153	09:56:43	3CFol	3-Chloorfenol	<	50	ng/L
OW172100	2024-02-13	      6153	09:56:43	3CPe	3-Chloorpropeen	<	0,125	µg/L
OW172100	2024-02-13	      6153	09:56:43	3CTol	3-Chloortolueen	<	0,125	µg/L
OW172100	2024-02-13	      6153	09:56:43	3EyFol	3-Ethylfenol	<	50	ng/L
OW172100	2024-02-13	      6153	09:56:43	3MyFol	3-Methylfenol	<	50	ng/L
OW172100	2024-02-13	      6153	09:56:43	44DDD	pp'Dichloordifenyldichloorethaan	<	1	ng/L
OW172100	2024-02-13	      6153	09:56:43	44DDE	pp'Dichloordifenyldichlooretheen	<	1	ng/L
OW172100	2024-02-13	      6153	09:56:43	44DDT	pp'Dichloordifenyltrichloorethaan	<	1	ng/L
OW172100	2024-02-13	      6153	09:56:43	4C35MyFol	4-Chloor-3,5-dimethylfenol	<	50	ng/L
OW172100	2024-02-13	      6153	09:56:43	4C3MyFol	4-Chloor-3-methylfenol	<	50	ng/L
OW172100	2024-02-13	      6153	09:56:43	4CFol	4-Chloorfenol	<	50	ng/L
OW172100	2024-02-13	      6153	09:56:43	4CTol	4-Chloortolueen	<	0,125	µg/L
OW172100	2024-02-13	      6153	09:56:43	4EyFol + 35MyFol	4-ethylfenol + 3,5 dimethylfenol	<	100	ng/L
OW172100	2024-02-13	      6153	09:56:43	4MyFol	4-Methylfenol	<	50	ng/L
OW172100	2024-02-13	      6153	09:56:43	4tOyFol	4-tert-Octylfenol	<	30	ng/L
OW172100	2024-02-13	      6153	09:56:43	a+b+d+gHCHS	alfa+beta+gamma+delta Hexachloorcyclohexaan	<	3	ng/L
OW172100	2024-02-13	      6153	09:56:43	a+bEndoS	alfa+beta Endosulfan	<	2	ng/L
OW172100	2024-02-13	      6153	09:56:43	Acenaft	Acenafteen	=	14	ng/L
OW172100	2024-02-13	      6153	09:56:43	Acenaftyl	Acenaftyleen	<	5	ng/L
OW172100	2024-02-13	      6153	09:56:43	Acetamiprid	Acetamiprid	<	2,5	ng/L
OW172100	2024-02-13	      6153	09:56:43	Aclonifen	Aclonifen	<	3,14	ng/L
OW172100	2024-02-13	      6153	09:56:43	ADEIdrin	Aldrin+Dieldrin+Endrin+Isodrin	<	2,125	ng/L
OW172100	2024-02-13	      6153	09:56:43	aEndo	alfa-Endosulfan	<	1	ng/L
OW172100	2024-02-13	      6153	09:56:43	Ag o	Zilver	<	0,05	µg/L
OW172100	2024-02-13	      6153	09:56:43	Ag t	Zilver	=	0,173	µg/L
OW172100	2024-02-13	      6153	09:56:43	aHCH	alfa-Hexachloorcyclohexaan	<	0,75	ng/L
OW172100	2024-02-13	      6153	09:56:43	Al o	Aluminium	<	150	µg/L
OW172100	2024-02-13	      6153	09:56:43	Alachloor	Alachloor	<	10	ng/L
OW172100	2024-02-13	      6153	09:56:43	Aldrin	Aldrin	<	0,375	ng/L
OW172100	2024-02-13	      6153	09:56:43	Amidotriz	Amidotrizoinezuur	<	15	ng/L
OW172100	2024-02-13	      6153	09:56:43	Ant	Anthraceen	=	10	ng/L
OW172100	2024-02-13	      6153	09:56:43	As o	Arseen	=	1,42	µg/L
OW172100	2024-02-13	      6153	09:56:43	As t	Arseen	=	3,05	µg/L
OW172100	2024-02-13	      6153	09:56:43	Atenolol	Atenolol	=	21	ng/L
OW172100	2024-02-13	      6153	09:56:43	Atraz	Atrazine	<	5	ng/L
OW172100	2024-02-13	      6153	09:56:43	AzinfosEy	Azinfos-ethyl	<	2,3	ng/L
OW172100	2024-02-13	      6153	09:56:43	AzinfosMy	Azinfos-methyl	<	1,3	ng/L
OW172100	2024-02-13	      6153	09:56:43	B o	Boor	=	61	µg/L
OW172100	2024-02-13	      6153	09:56:43	B t	Boor	=	63	µg/L
OW172100	2024-02-13	      6153	09:56:43	B(a)A	Benzo(a)anthraceen	=	20	ng/L
OW172100	2024-02-13	      6153	09:56:43	B(a)P	Benzo(a)pyreen	=	22	ng/L
OW172100	2024-02-13	      6153	09:56:43	B(b)Flu	Benzo(b)fluorantheen	=	31	ng/L
OW172100	2024-02-13	      6153	09:56:43	B(ghi)Pe	Benzo(g,h,i)peryleen	=	18	ng/L
OW172100	2024-02-13	      6153	09:56:43	B(k)Flu	Benzo(k)fluorantheen	=	15	ng/L
OW172100	2024-02-13	      6153	09:56:43	b2EyHyFt	bis-(2-ethylhexyl)-ftalaat	<	0,17	µg/L
OW172100	2024-02-13	      6153	09:56:43	Ba o	Barium	=	30	µg/L
OW172100	2024-02-13	      6153	09:56:43	Ba t	Barium	=	52	µg/L
OW172100	2024-02-13	      6153	09:56:43	BAM	2,6-Dichloorbenzamide	=	105	ng/L
OW172100	2024-02-13	      6153	09:56:43	BBz	Broombenzeen	<	0,125	µg/L
OW172100	2024-02-13	      6153	09:56:43	BDCMa	Broomdichloormethaan	<	0,125	µg/L
OW172100	2024-02-13	      6153	09:56:43	Be o	Beryllium	<	0,15	µg/L
OW172100	2024-02-13	      6153	09:56:43	Be t	Beryllium	<	0,15	µg/L
OW172100	2024-02-13	      6153	09:56:43	bEndo	beta-Endosulfan	<	1	ng/L
OW172100	2024-02-13	      6153	09:56:43	Bentazone	Bentazone	<	25	ng/L
OW172100	2024-02-13	      6153	09:56:43	Benzeen	Benzeen	<	0,125	µg/L
OW172100	2024-02-13	      6153	09:56:43	Bezafibraat	Bezafibraat	<	10	ng/L
OW172100	2024-02-13	      6153	09:56:43	BFlu som	PAK benzo(b+k)fluorantheen (b)	=	46	ng/L
OW172100	2024-02-13	      6153	09:56:43	bFol-A	Bisfenol-A	=	230	ng/L
OW172100	2024-02-13	      6153	09:56:43	bHCH	beta-Hexachloorcyclohexaan	<	0,75	ng/L
OW172100	2024-02-13	      6153	09:56:43	Bifenox	Bifenox	<	2,56	ng/L
OW172100	2024-02-13	      6153	09:56:43	BPe + IP som	PAK Benzo(g,h,i)peryleen + Indeno(1,2,3-cd)pyreen	=	29	ng/L
OW172100	2024-02-13	      6153	09:56:43	BrfosEy	Bromofos-ethyl	<	1,98	ng/L
OW172100	2024-02-13	      6153	09:56:43	BrfosMy	Bromofos-methyl	<	1,47	ng/L
OW172100	2024-02-13	      6153	09:56:43	Bromacil	Bromacil	<	10	ng/L
OW172100	2024-02-13	      6153	09:56:43	Bromoxyn	Bromoxynil	<	25	ng/L
OW172100	2024-02-13	      6153	09:56:43	ByBzyFt	Butylbenzylftalaat	<	0,095	µg/L
OW172100	2024-02-13	      6153	09:56:43	BZV5	Biochemisch zuurstofverbruik na 5d.	=	3,4	mgO2/L
OW172100	2024-02-13	      6153	09:56:43	c12CEe	cis-1,2-Dichlooretheen	<	0,125	µg/L
OW172100	2024-02-13	      6153	09:56:43	c13CPe	cis-1,3-Dichloorpropeen	<	0,125	µg/L
OW172100	2024-02-13	      6153	09:56:43	Ca o	Calcium	=	96000	µg/L
OW172100	2024-02-13	      6153	09:56:43	Carbamaze	Carbamazepine	=	27,1	ng/L
OW172100	2024-02-13	      6153	09:56:43	Carbdzim	Carbendazim	=	20	ng/L
OW172100	2024-02-13	      6153	09:56:43	Cartamid	Carbetamide	<	10	ng/L
OW172100	2024-02-13	      6153	09:56:43	Cbromuron	Chloorbromuron	<	15	ng/L
OW172100	2024-02-13	      6153	09:56:43	CBz	Chloorbenzeen	<	0,125	µg/L
OW172100	2024-02-13	      6153	09:56:43	CBzsom	Dichloorbenzenen	<	0,375	µg/L
OW172100	2024-02-13	      6153	09:56:43	cCdaan	cis-Chloordaan	<	0,5	ng/L
OW172100	2024-02-13	      6153	09:56:43	Cd o	Cadmium	<	0,05	µg/L
OW172100	2024-02-13	      6153	09:56:43	Cd t	Cadmium	=	0,317	µg/L
OW172100	2024-02-13	      6153	09:56:43	Cdaan	Chloordaan	<	1	ng/L
OW172100	2024-02-13	      6153	09:56:43	Cdazon	Chloridazon	<	5	ng/L
OW172100	2024-02-13	      6153	09:56:43	CFolS	Chloorfenolen	<	150	ng/L
OW172100	2024-02-13	      6153	09:56:43	Cfvinfos	Chloorfenvinfos	<	1,95	ng/L
OW172100	2024-02-13	      6153	09:56:43	cHpCEpx	cis-Heptachloorepoxyde	<	1	ng/L
OW172100	2024-02-13	      6153	09:56:43	Chr	Chryseen	=	33	ng/L
OW172100	2024-02-13	      6153	09:56:43	Cl-	Chloride	=	36,3	mg/L
OW172100	2024-02-13	      6153	09:56:43	Clarithromyc	Clarithromycine	=	21,4	ng/L
OW172100	2024-02-13	      6153	09:56:43	Clfyl a	Chlorofyl a	<	4	µg/L
OW172100	2024-02-13	      6153	09:56:43	Clindamyc	Clindamycine	<	5	ng/L
OW172100	2024-02-13	      6153	09:56:43	ClindamycineHCl	Clindamycine, waterstofchloride	<	10	ng/L
OW172100	2024-02-13	      6153	09:56:43	Clopyralid	Clopyralid	<	125	ng/L
OW172100	2024-02-13	      6153	09:56:43	Clotidine	Clothianidine	<	5	ng/L
OW172100	2024-02-13	      6153	09:56:43	Clozapine	Clozapine	<	5	ng/L
OW172100	2024-02-13	      6153	09:56:43	Co o	Kobalt	=	0,46	µg/L
OW172100	2024-02-13	      6153	09:56:43	Co t	Kobalt	=	1,8	µg/L
OW172100	2024-02-13	      6153	09:56:43	CpfosEy	Chloorpyrifos-ethyl	<	2	ng/L
OW172100	2024-02-13	      6153	09:56:43	CpfosMy	Chloorpyrifos-methyl	<	1,94	ng/L
OW172100	2024-02-13	      6153	09:56:43	Cprofam	Chloorprofam	<	2,67	ng/L
OW172100	2024-02-13	      6153	09:56:43	Cr o	Chroom	=	3,4	µg/L
OW172100	2024-02-13	      6153	09:56:43	Cr t	Chroom	=	19,1	µg/L
OW172100	2024-02-13	      6153	09:56:43	ct13CPe	1,3-Dichloorpropeen (cis+trans)	<	0,25	µg/L
OW172100	2024-02-13	      6153	09:56:43	CTolS	Chloortoluenen	<	0,375	µg/L
OW172100	2024-02-13	      6153	09:56:43	Ctoluron	Chloortoluron	=	40	ng/L
OW172100	2024-02-13	      6153	09:56:43	Cu o	Koper	<	2	µg/L
OW172100	2024-02-13	      6153	09:56:43	Cu t	Koper	=	8,6	µg/L
OW172100	2024-02-13	      6153	09:56:43	Cumafos	Cumafos	<	1,44	ng/L
OW172100	2024-02-13	      6153	09:56:43	Cyanaz	Cyanazine	<	5	ng/L
OW172100	2024-02-13	      6153	09:56:43	Cybutrine	Cybutrine	<	1	ng/L
OW172100	2024-02-13	      6153	09:56:43	Cypmethrin	Cypermethrin	<	4,57	ng/L
OW172100	2024-02-13	      6153	09:56:43	CZV	Chemisch zuurstofverbruik	=	26	mgO2/L
OW172100	2024-02-13	      6153	09:56:43	DBCMa	Dibroomchloormethaan	<	0,125	µg/L
OW172100	2024-02-13	      6153	09:56:43	DBMa	Dibroommethaan	<	0,125	µg/L
OW172100	2024-02-13	      6153	09:56:43	DBySn	Dibutyltin	<	2	ngSn/L
OW172100	2024-02-13	      6153	09:56:43	DBySn som	Dibutyltinverbindingen	<	2	ngSn/L
OW172100	2024-02-13	      6153	09:56:43	dBz(ah)An	Dibenzo(a,h)anthraceen	<	10	ng/L
OW172100	2024-02-13	      6153	09:56:43	DcHyFt	Dicyclohexylftalaat	<	0,1	µg/L
OW172100	2024-02-13	      6153	09:56:43	DCMa	Dichloormethaan	<	0,125	µg/L
OW172100	2024-02-13	      6153	09:56:43	DCvos	Dichloorvos	<	0,48	ng/L
OW172100	2024-02-13	      6153	09:56:43	DDT t	DDT, totaal	<	4	ng/L
OW172100	2024-02-13	      6153	09:56:43	Demeton	Demeton	<	9,25	ng/L
OW172100	2024-02-13	      6153	09:56:43	DEyatraz	Desethylatrazine	<	5	ng/L
OW172100	2024-02-13	      6153	09:56:43	DEyFt	Diethylftalaat	<	0,125	µg/L
OW172100	2024-02-13	      6153	09:56:43	DEytByaz	Desethylterbutylazine	<	10	ng/L
OW172100	2024-02-13	      6153	09:56:43	Dflucan	Diflufenican	<	20,14	ng/L
OW172100	2024-02-13	      6153	09:56:43	dHCH	delta-Hexachloorcyclohexaan	<	0,75	ng/L
OW172100	2024-02-13	      6153	09:56:43	Diazinon	Diazinon	<	2,11	ng/L
OW172100	2024-02-13	      6153	09:56:43	DiByFt	Di-isobutylftalaat	<	0,105	µg/L
OW172100	2024-02-13	      6153	09:56:43	Dicamba	Dicamba	<	150	ng/L
OW172100	2024-02-13	      6153	09:56:43	Diclofenac	Diclofenac	=	54	ng/L
OW172100	2024-02-13	      6153	09:56:43	Dieldrin	Dieldrin	<	1	ng/L
OW172100	2024-02-13	      6153	09:56:43	Dimdazol	Dimetridazol	=	11,9	ng/L
OW172100	2024-02-13	      6153	09:56:43	DiMetamid	Dimethenamid	<	10	ng/L
OW172100	2024-02-13	      6153	09:56:43	DiMetmorf	Dimethomorf	<	10	ng/L
OW172100	2024-02-13	      6153	09:56:43	DiPyatraz	Desisopropylatrazine	<	10	ng/L
OW172100	2024-02-13	      6153	09:56:43	DiPyEt	Di-isopropylether	<	0,125	µg/L
OW172100	2024-02-13	      6153	09:56:43	Diuron	Diuron	<	5	ng/L
OW172100	2024-02-13	      6153	09:56:43	Dmetoat	Dimethoaat	<	2,5	ng/L
OW172100	2024-02-13	      6153	09:56:43	DMyFol som	Som van de dimethylfenolen	<	250	ng/L
OW172100	2024-02-13	      6153	09:56:43	DMyFt	Dimethylftalaat	<	0,105	µg/L
OW172100	2024-02-13	      6153	09:56:43	DnByFt	Di-n-butylftalaat	<	0,105	µg/L
OW172100	2024-02-13	      6153	09:56:43	DNOC	4,6-Dinitro-o-cresol	<	25	ng/L
OW172100	2024-02-13	      6153	09:56:43	DnOyFt	Di-n-octylftalaat	<	0,055	µg/L
OW172100	2024-02-13	      6153	09:56:43	DOC	Koolstof	=	7,2	mgC/L
OW172100	2024-02-13	      6153	09:56:43	DONA	4,8-dioxa-3H-perfluornonaanzuur (DONA)	<	2,5	ng/L
OW172100	2024-02-13	      6153	09:56:43	DPnyFt	Dipentylftalaat	<	0,095	µg/L
OW172100	2024-02-13	      6153	09:56:43	Dsulfoton	Disulfoton	<	16,27	ng/L
OW172100	2024-02-13	      6153	09:56:43	EC 20	Geleidbaarheid (20°C)	=	632	µS/cm
OW172100	2024-02-13	      6153	09:56:43	EC 25	Geleidbaarheid (25°C)	=	692,356	µS/cm
OW172100	2024-02-13	      6153	09:56:43	EHDPP	2-Ethylhexyldifenylfosfaat	<	23,47	ng/L
OW172100	2024-02-13	      6153	09:56:43	Endrin	Endrin	<	0,375	ng/L
OW172100	2024-02-13	      6153	09:56:43	Etfum	Ethofumesaat	<	11,25	ng/L
OW172100	2024-02-13	      6153	09:56:43	Ethopfos	Ethoprofos	<	1,28	ng/L
OW172100	2024-02-13	      6153	09:56:43	EtPFOSA	N-ethylperfluoroctaan-1-sulfonamide (EtPFOSA)	<	0,5	ng/L
OW172100	2024-02-13	      6153	09:56:43	EtPFOSA totaal	Totaal N-ethylperfluoroctaansulfonamide (lin+vert)	<	20	ng/L
OW172100	2024-02-13	      6153	09:56:43	EtPFOSA vertakt	= EtPFOSAtotaal - EtPFOSA	<	20	ng/L
OW172100	2024-02-13	      6153	09:56:43	EtPFOSAA	N-ethylperfluoroctaansulfonamidoazijnzuur	<	20	ng/L
OW172100	2024-02-13	      6153	09:56:43	EyBz	Ethylbenzeen	<	0,125	µg/L
OW172100	2024-02-13	      6153	09:56:43	EytByEt	Ethyl-tert-butylether	<	0,125	µg/L
OW172100	2024-02-13	      6153	09:56:43	F- o	Fluoride	=	0,272	mg/L
OW172100	2024-02-13	      6153	09:56:43	Fe o	Ijzer	=	65	µg/L
OW172100	2024-02-13	      6153	09:56:43	Fe t	Ijzer	=	3560	µg/L
OW172100	2024-02-13	      6153	09:56:43	Fen	Fenantreen	=	40	ng/L
OW172100	2024-02-13	      6153	09:56:43	Fenazon	Fenazon	<	5	ng/L
OW172100	2024-02-13	      6153	09:56:43	Fenithion	Fenitrothion	<	2,3	ng/L
OW172100	2024-02-13	      6153	09:56:43	Fenoprop	Fenoprop	<	25	ng/L
OW172100	2024-02-13	      6153	09:56:43	Fenthion	Fenthion	<	0,97	ng/L
OW172100	2024-02-13	      6153	09:56:43	Feofyt a	Feofytine a	=	4,4	µg/L
OW172100	2024-02-13	      6153	09:56:43	Fipronil	Fipronil	<	1,24	ng/L
OW172100	2024-02-13	      6153	09:56:43	Floxpyr	Fluroxypyr	<	25	ng/L
OW172100	2024-02-13	      6153	09:56:43	Flu	Fluorantheen	=	65	ng/L
OW172100	2024-02-13	      6153	09:56:43	Flucet	Flufenacet	=	70	ng/L
OW172100	2024-02-13	      6153	09:56:43	Fluoreen	Fluoreen	=	14	ng/L
OW172100	2024-02-13	      6153	09:56:43	Fol	Fenol	<	250	ng/L
OW172100	2024-02-13	      6153	09:56:43	Fonofos	Fonofos	<	2,28	ng/L
OW172100	2024-02-13	      6153	09:56:43	Gabapentine	Gabapentine	=	204	ng/L
OW172100	2024-02-13	      6153	09:56:43	gHCH	gamma-Hexachloorcyclohexaan	<	0,75	ng/L
OW172100	2024-02-13	      6153	09:56:43	Glyfosaat	Glyfosaat	=	83	ng/L
OW172100	2024-02-13	      6153	09:56:43	H t	Hardheid	=	27,875000000000000031	°F
OW172100	2024-02-13	      6153	09:56:43	HCBz	Hexachloorbenzeen	<	1,5	ng/L
OW172100	2024-02-13	      6153	09:56:43	HCH	Hexachloorcyclohexaan, alle isomeren	<	3	ng/L
OW172100	2024-02-13	      6153	09:56:43	Hexazinon	Hexazinon	<	10	ng/L
OW172100	2024-02-13	      6153	09:56:43	HFPO-DA	2,3,3,3-tetrafluor-2(heptafluorpropoxy)propionzuur	<	20	ng/L
OW172100	2024-02-13	      6153	09:56:43	Hg o	Kwik	<	0,025	µg/L
OW172100	2024-02-13	      6153	09:56:43	Hg t	Kwik	<	0,05	µg/L
OW172100	2024-02-13	      6153	09:56:43	HpC	Heptachloor	<	1	ng/L
OW172100	2024-02-13	      6153	09:56:43	HpC+Epx	Heptachloor+epoxyde	<	4	ng/L
OW172100	2024-02-13	      6153	09:56:43	HyCtazide	Hydrochloorthiazide	=	49	ng/L
OW172100	2024-02-13	      6153	09:56:43	Imcloprid	Imidacloprid	<	5	ng/L
OW172100	2024-02-13	      6153	09:56:43	Iopamidol	Iopamidol	<	5	ng/L
OW172100	2024-02-13	      6153	09:56:43	Iopromide	Iopromide	=	28,3	ng/L
OW172100	2024-02-13	      6153	09:56:43	IP	Indeno(1,2,3-cd)pyreen	=	11	ng/L
OW172100	2024-02-13	      6153	09:56:43	Iproturon	Isoproturon	<	5	ng/L
OW172100	2024-02-13	      6153	09:56:43	iPyBz	Isopropylbenzeen	<	0,125	µg/L
OW172100	2024-02-13	      6153	09:56:43	Isodrin	Isodrin	<	0,375	ng/L
OW172100	2024-02-13	      6153	09:56:43	K o	Kalium	=	9300	µg/L
OW172100	2024-02-13	      6153	09:56:43	Ketoprofen	Ketoprofen	=	15,8	ng/L
OW172100	2024-02-13	      6153	09:56:43	KjN	Kjeldahlstikstof	=	1,12	mgN/L
OW172100	2024-02-13	      6153	09:56:43	KWS ap.	Apolaire koolwaterstoffen	<	100	µg/L
OW172100	2024-02-13	      6153	09:56:43	Lenacil	Lenacil	<	25	ng/L
OW172100	2024-02-13	      6153	09:56:43	Lidocaine	Lidocaine	<	10	ng/L
OW172100	2024-02-13	      6153	09:56:43	Linuron	Linuron	<	5	ng/L
OW172100	2024-02-13	      6153	09:56:43	Malathion	Malathion	<	2,09	ng/L
OW172100	2024-02-13	      6153	09:56:43	Mbromuron	Metobromuron	<	10	ng/L
OW172100	2024-02-13	      6153	09:56:43	mBthiaz	Metabenzthiazuron	<	5	ng/L
OW172100	2024-02-13	      6153	09:56:43	MCPA	(4-Chloor-2-methylfenoxy)azijnzuur	<	25	ng/L
OW172100	2024-02-13	      6153	09:56:43	MCPB	4-(4-Chloor-2-methylfenoxy)boterzuur	<	25	ng/L
OW172100	2024-02-13	      6153	09:56:43	MCPP	Mecoprop	<	25	ng/L
OW172100	2024-02-13	      6153	09:56:43	MePFBSAA	N-methylperfluorbutaansulfonamidoazijnzuur	<	20	ng/L
OW172100	2024-02-13	      6153	09:56:43	MePFOSA	N-methylperfluoroctaan-1-sulfonamide (MePFOSA)	<	2,5	ng/L
OW172100	2024-02-13	      6153	09:56:43	MePFOSA totaal	Totaal N-methylperfluoroctaansulfonamide (lin+ver)	<	5	ng/L
OW172100	2024-02-13	      6153	09:56:43	MePFOSA vertakt	= MePFOSAtotaal - MePFOSA	<	5	ng/L
OW172100	2024-02-13	      6153	09:56:43	MePFOSAA	N-methylperfluoroctaansulfonamidoazijnzuur	<	0,5	ng/L
OW172100	2024-02-13	      6153	09:56:43	Metaza	Metazachloor	<	5	ng/L
OW172100	2024-02-13	      6153	09:56:43	Metbuzin	Metribuzin	<	17,24	ng/L
OW172100	2024-02-13	      6153	09:56:43	Metcarb	Methiocarb	<	1,21	ng/L
OW172100	2024-02-13	      6153	09:56:43	Methidat	Methidation	<	2,43	ng/L
OW172100	2024-02-13	      6153	09:56:43	Metola	Metolachloor	=	13	ng/L
OW172100	2024-02-13	      6153	09:56:43	Metoprolol	Metoprolol	<	10	ng/L
OW172100	2024-02-13	      6153	09:56:43	Metoprololtartraat	Metoprololtartraat	<	12,5	ng/L
OW172100	2024-02-13	      6153	09:56:43	Metoxur	Metoxuron	<	5	ng/L
OW172100	2024-02-13	      6153	09:56:43	Mevinfos	Mevinfos	<	0,7	ng/L
OW172100	2024-02-13	      6153	09:56:43	Mg o	Magnesium	=	9300	µg/L
OW172100	2024-02-13	      6153	09:56:43	Mlinuron	Monolinuron	<	5	ng/L
OW172100	2024-02-13	      6153	09:56:43	Mmitron	Metamitron	<	5	ng/L
OW172100	2024-02-13	      6153	09:56:43	Mn o	Mangaan	=	61	µg/L
OW172100	2024-02-13	      6153	09:56:43	Mn t	Mangaan	=	154	µg/L
OW172100	2024-02-13	      6153	09:56:43	Mo o	Molybdeen	<	2,5	µg/L
OW172100	2024-02-13	      6153	09:56:43	Mo t	Molybdeen	<	2,5	µg/L
OW172100	2024-02-13	      6153	09:56:43	mpXyl	Xylenen (m+p)	<	0,125	µg/L
OW172100	2024-02-13	      6153	09:56:43	MxyC	Methoxychloor	<	1	ng/L
OW172100	2024-02-13	      6153	09:56:43	MytByEt	Methyl-tert.butylether	<	0,125	µg/L
OW172100	2024-02-13	      6153	09:56:43	N t	Stikstof	=	6,6	mgN/L
OW172100	2024-02-13	      6153	09:56:43	N+N	Nitraat+nitriet	=	5,48	mgN/L
OW172100	2024-02-13	      6153	09:56:43	N+N+N	Nitraat+nitriet+ammonium	=	5,84	mgN/L
OW172100	2024-02-13	      6153	09:56:43	Na o	Natrium	=	24100	µg/L
OW172100	2024-02-13	      6153	09:56:43	Na_diclofenac	Diclofenac, natrium	=	57	ng/L
OW172100	2024-02-13	      6153	09:56:43	Naft	Naftaleen	<	20	ng/L
OW172100	2024-02-13	      6153	09:56:43	Naproxen	Naproxen	=	55	ng/L
OW172100	2024-02-13	      6153	09:56:43	NH4+	Ammonium	=	0,36	mgN/L
OW172100	2024-02-13	      6153	09:56:43	Ni o	Nikkel	<	3,2	µg/L
OW172100	2024-02-13	      6153	09:56:43	Ni t	Nikkel	=	6,2	µg/L
OW172100	2024-02-13	      6153	09:56:43	NO2-	Nitriet	=	0,08	mgN/L
OW172100	2024-02-13	      6153	09:56:43	NO3-	Nitraat	=	5,4	mgN/L
OW172100	2024-02-13	      6153	09:56:43	NPOC	Koolstof	=	9,8	mgC/L
OW172100	2024-02-13	      6153	09:56:43	NyFol	Nonylfenol	<	300	ng/L
OW172100	2024-02-13	      6153	09:56:43	NyFolsom	Nonylfenolen	<	300	ng/L
OW172100	2024-02-13	      6153	09:56:43	O2	Zuurstof	=	9,85	mg/L
OW172100	2024-02-13	      6153	09:56:43	O2 verz	Zuurstof	=	84,3	%
OW172100	2024-02-13	      6153	09:56:43	OCP t	Organochloorpesticiden, totaal	<	15,875	ng/L
OW172100	2024-02-13	      6153	09:56:43	ompXyl	Xylenen (o+m+p)	<	0,25	µg/L
OW172100	2024-02-13	      6153	09:56:43	oPO4 f	Orthofosfaat	=	0,185	mgP/L
OW172100	2024-02-13	      6153	09:56:43	Oxadiazon	Oxadiazon	<	1,76	ng/L
OW172100	2024-02-13	      6153	09:56:43	oXyl	ortho-Xyleen	<	0,125	µg/L
OW172100	2024-02-13	      6153	09:56:43	OyFolsom	Octylfenolen	<	30	ng/L
OW172100	2024-02-13	      6153	09:56:43	P t	Fosfor	=	0,49	mgP/L
OW172100	2024-02-13	      6153	09:56:43	PAK 10	Polyaromatische KWS (10 Vrom)	<	254	ng/L
OW172100	2024-02-13	      6153	09:56:43	PAK 6	Polyaromatische KWS (6 Borneff)	=	162	ng/L
OW172100	2024-02-13	      6153	09:56:43	PathionEy	Parathion-ethyl	<	1,83	ng/L
OW172100	2024-02-13	      6153	09:56:43	PathionMy	Parathion-methyl	<	1,47	ng/L
OW172100	2024-02-13	      6153	09:56:43	Pb o	Lood	<	1,25	µg/L
OW172100	2024-02-13	      6153	09:56:43	Pb t	Lood	=	7,19	µg/L
OW172100	2024-02-13	      6153	09:56:43	PCB 101	2,2',4,5,5'-Pentachloorbifenyl (PCB101)	<	0,5	ng/L
OW172100	2024-02-13	      6153	09:56:43	PCB 118	2,3',4,4',5-Pentachloorbifenyl (PCB118)	<	0,5	ng/L
OW172100	2024-02-13	      6153	09:56:43	PCB 138	2,2',3,4,4',5'-Hexachloorbifenyl (PCB138)	<	1	ng/L
OW172100	2024-02-13	      6153	09:56:43	PCB 153	2,2',4,4',5,5'-Hexachloorbifenyl (PCB153)	<	1	ng/L
OW172100	2024-02-13	      6153	09:56:43	PCB 180	2,2',3,4,4',5,5'-Heptachloorbifenyl (PCB180)	<	0,5	ng/L
OW172100	2024-02-13	      6153	09:56:43	PCB 28	2,4,4'-Trichloorbifenyl (PCB28)	<	0,5	ng/L
OW172100	2024-02-13	      6153	09:56:43	PCB 52	2,2',5,5'-Tetrachloorbifenyl (PCB52)	<	0,5	ng/L
OW172100	2024-02-13	      6153	09:56:43	PCB t	Polychloorbifenyl, totaal	<	4,5	ng/L
OW172100	2024-02-13	      6153	09:56:43	PCBz	Pentachloorbenzeen	<	1,5	ng/L
OW172100	2024-02-13	      6153	09:56:43	PCFol	Pentachloorfenol	<	50	ng/L
OW172100	2024-02-13	      6153	09:56:43	PCNiBz	Pentachloornitrobenzeen	<	2	ng/L
OW172100	2024-02-13	      6153	09:56:43	Pentoxif	Pentoxifylline	<	5	ng/L
OW172100	2024-02-13	      6153	09:56:43	PFAS-43	Som van de 43 PFAS	<	192,8	ng/L
OW172100	2024-02-13	      6153	09:56:43	PFBA	Perfluorbutaanzuur (PFBA)	<	5	ng/L
OW172100	2024-02-13	      6153	09:56:43	PFBS	Perfluorbutaansulfonzuur (PFBS)	=	5,2	ng/L
OW172100	2024-02-13	      6153	09:56:43	PFBSA	Perfluorbutaansulfonamide (PFBSA)	=	9,1	ng/L
OW172100	2024-02-13	      6153	09:56:43	PFDA	Perfluordecaanzuur (PFDA)	<	5	ng/L
OW172100	2024-02-13	      6153	09:56:43	PFDoDA	Perfluordodecaanzuur (PFDoDA)	<	1	ng/L
OW172100	2024-02-13	      6153	09:56:43	PFDoDS	Perfluordodecaansulfonzuur (PFDoDS)	<	5	ng/L
OW172100	2024-02-13	      6153	09:56:43	PFDS	Perfluordecaansulfonzuur (PFDS)	<	0,5	ng/L
OW172100	2024-02-13	      6153	09:56:43	PFECHS	Perfluor-4-ethylcyclohexaansulfonzuur (PFECHS)	<	0,5	ng/L
OW172100	2024-02-13	      6153	09:56:43	PFHpS	Perfluorheptaansulfonzuur (PFHpS)	<	2,5	ng/L
OW172100	2024-02-13	      6153	09:56:43	PFHxA	Perfluorhexaanzuur (PFHxA)	<	2,5	ng/L
OW172100	2024-02-13	      6153	09:56:43	PFHxS	Perfluorhexaansulfonzuur (PFHxS)	<	2,5	ng/L
OW172100	2024-02-13	      6153	09:56:43	PFHxS totaal	Totaal perfluorhexaansulfonzuur (lineair+vertakt)	<	5	ng/L
OW172100	2024-02-13	      6153	09:56:43	PFHxS vertakt	= PFHxStotaal - PFHxS	<	5	ng/L
OW172100	2024-02-13	      6153	09:56:43	PFHxSA	Perfluorhexaansulfonamide (PFHxSA)	<	20	ng/L
OW172100	2024-02-13	      6153	09:56:43	PFNA	Perfluornonaanzuur (PFNA)	<	5	ng/L
OW172100	2024-02-13	      6153	09:56:43	PFNS	Perfluornonaansulfonzuur (PFNS)	<	0,5	ng/L
OW172100	2024-02-13	      6153	09:56:43	PFOA	Perfluoroctaanzuur (PFOA)	<	5	ng/L
OW172100	2024-02-13	      6153	09:56:43	PFOA totaal	Totaal perfluoroctaanzuur (lineair + vertakt)	<	5	ng/L
OW172100	2024-02-13	      6153	09:56:43	PFOA vertakt	= PFOAtotaal - PFOA	<	5	ng/L
OW172100	2024-02-13	      6153	09:56:43	PFOS	Perfluoroctaansulfonzuur (PFOS)	<	2,5	ng/L
OW172100	2024-02-13	      6153	09:56:43	PFOS totaal	Totaal perfluoroctaansulfonzuur (lineair+vertakt)	<	5	ng/L
OW172100	2024-02-13	      6153	09:56:43	PFOS vertakt	= PFOStotaal - PFOS	<	5	ng/L
OW172100	2024-02-13	      6153	09:56:43	PFOSA	Perfluoroctaansulfonamide (PFOSA)	<	0,5	ng/L
OW172100	2024-02-13	      6153	09:56:43	PFOSA totaal	Totaal perfluoroctaansulfonamide (lineair+vertakt)	<	5	ng/L
OW172100	2024-02-13	      6153	09:56:43	PFOSA vertakt	= PFOSAtotaal - PFOSA	<	5	ng/L
OW172100	2024-02-13	      6153	09:56:43	PFPeA	Perfluorpentaanzuur (PFPeA)	<	5	ng/L
OW172100	2024-02-13	      6153	09:56:43	PFPeS	Perfluorpentaansulfonzuur (PFPeS)	<	0,5	ng/L
OW172100	2024-02-13	      6153	09:56:43	PFTrDA	Perfluortridecaanzuur (PFTrDA)	<	5	ng/L
OW172100	2024-02-13	      6153	09:56:43	PFUnDA	Perfluorundecaanzuur (PFUnDA)	<	2,5	ng/L
OW172100	2024-02-13	      6153	09:56:43	PFUnDS	Perfluor-1-undecaansulfonzuur (PFUnS)	<	5	ng/L
OW172100	2024-02-13	      6153	09:56:43	pH	pH	=	7,64	-
OW172100	2024-02-13	      6153	09:56:43	Picarb	Pirimicarb	<	5	ng/L
OW172100	2024-02-13	      6153	09:56:43	PirfosMy	Pirimifos-methyl	<	1,54	ng/L
OW172100	2024-02-13	      6153	09:56:43	Prochloor	Propachloor	<	10	ng/L
OW172100	2024-02-13	      6153	09:56:43	Prometryn	Prometryn	<	10	ng/L
OW172100	2024-02-13	      6153	09:56:43	Propanil	Propanil	<	25	ng/L
OW172100	2024-02-13	      6153	09:56:43	Propanolol	Propanolol	<	30	ng/L
OW172100	2024-02-13	      6153	09:56:43	PropanololHCl	Propanolol, waterstofchloride	<	30	ng/L
OW172100	2024-02-13	      6153	09:56:43	Propaz	Propazine	<	10	ng/L
OW172100	2024-02-13	      6153	09:56:43	PyBz	Propylbenzeen	<	0,125	µg/L
OW172100	2024-02-13	      6153	09:56:43	Pyr	Pyreen	=	51	ng/L
OW172100	2024-02-13	      6153	09:56:43	Quinofen	Quinoxyfen	<	2,6	ng/L
OW172100	2024-02-13	      6153	09:56:43	Sb o	Antimoon	<	1,5	µg/L
OW172100	2024-02-13	      6153	09:56:43	Sb t	Antimoon	<	1,5	µg/L
OW172100	2024-02-13	      6153	09:56:43	Se o	Seleen	<	1,5	µg/L
OW172100	2024-02-13	      6153	09:56:43	Se t	Seleen	<	1,5	µg/L
OW172100	2024-02-13	      6153	09:56:43	Sebutylaz	Sebutylazine	<	10	ng/L
OW172100	2024-02-13	      6153	09:56:43	Secchi	Doorzichtigheid	=	25	cm
OW172100	2024-02-13	      6153	09:56:43	Simaz	Simazine	<	5	ng/L
OW172100	2024-02-13	      6153	09:56:43	SiO2 o	Silicaat	=	14	mgSiO2/L
OW172100	2024-02-13	      6153	09:56:43	Sn o	Tin	<	1,5	µg/L
OW172100	2024-02-13	      6153	09:56:43	Sn t	Tin	<	1,5	µg/L
OW172100	2024-02-13	      6153	09:56:43	SO4=	Sulfaat	=	72	mg/L
OW172100	2024-02-13	      6153	09:56:43	Sotalol	Sotalol	=	73	ng/L
OW172100	2024-02-13	      6153	09:56:43	SotalolHCl	Sotalol, waterstofchloride	=	82	ng/L
OW172100	2024-02-13	      6153	09:56:43	Styreen	Styreen	<	0,125	µg/L
OW172100	2024-02-13	      6153	09:56:43	Sulfamazol	Sulfamethoxazol	=	22,4	ng/L
OW172100	2024-02-13	      6153	09:56:43	T	Temperatuur	=	8,5	°C
OW172100	2024-02-13	      6153	09:56:43	t12CEe	trans-1,2-Dichlooretheen	<	0,125	µg/L
OW172100	2024-02-13	      6153	09:56:43	t13CPe	trans-1,3-Dichloorpropeen	<	0,125	µg/L
OW172100	2024-02-13	      6153	09:56:43	TAM	Alkaliniteit met methyloranje	=	4,3	meq/L
OW172100	2024-02-13	      6153	09:56:43	TBEP	Tributoxyethylfosfaat	<	93,2	ng/L
OW172100	2024-02-13	      6153	09:56:43	TBMa	Tribroommethaan	<	0,125	µg/L
OW172100	2024-02-13	      6153	09:56:43	TBP	Tributylfosfaat	<	28,95	ng/L
OW172100	2024-02-13	      6153	09:56:43	TBySn	Tributyltin	=	0,049	ngSn/L
OW172100	2024-02-13	      6153	09:56:43	TCBz	Trichloorbenzenen	<	0,15	µg/L
OW172100	2024-02-13	      6153	09:56:43	tCdaan	trans-Chloordaan	<	0,5	ng/L
OW172100	2024-02-13	      6153	09:56:43	TCEe	Trichlooretheen	<	0,125	µg/L
OW172100	2024-02-13	      6153	09:56:43	TCEP	Tris-(2-chloorethyl)-fosfaat	=	36	ng/L
OW172100	2024-02-13	      6153	09:56:43	TclofosMy	Tolclofos-methyl	<	2,75	ng/L
OW172100	2024-02-13	      6153	09:56:43	TCMa	Trichloormethaan	<	0,125	µg/L
OW172100	2024-02-13	      6153	09:56:43	TCPP	Tris-(2-chloorisopropyl)-fosfaat	=	150	ng/L
OW172100	2024-02-13	      6153	09:56:43	TDC(P)P	Tris-(1,3-dichloor-2-propyl)-fosfaat	<	77,94	ng/L
OW172100	2024-02-13	      6153	09:56:43	Te o	Telluur	<	2,5	µg/L
OW172100	2024-02-13	      6153	09:56:43	Te t	Telluur	<	2,5	µg/L
OW172100	2024-02-13	      6153	09:56:43	Telodrin	Telodrin	<	1	ng/L
OW172100	2024-02-13	      6153	09:56:43	Terbufos	Terbufos	<	2,03	ng/L
OW172100	2024-02-13	      6153	09:56:43	Terbutryn	Terbutryn	<	10	ng/L
OW172100	2024-02-13	      6153	09:56:43	Tfluralin	Trifluralin	<	2	ng/L
OW172100	2024-02-13	      6153	09:56:43	TFySn	Trifenyltin	<	0,017	ngSn/L
OW172100	2024-02-13	      6153	09:56:43	TFySn som	Trifenyltinacetaat, chloride, hydroxide	<	0,017	ngSn/L
OW172100	2024-02-13	      6153	09:56:43	Thiacloprid	Thiacloprid	<	2,5	ng/L
OW172100	2024-02-13	      6153	09:56:43	tHpCEpx	trans-Heptachloorepoxyde	<	2	ng/L
OW172100	2024-02-13	      6153	09:56:43	Ti o	Titaan	<	2	µg/L
OW172100	2024-02-13	      6153	09:56:43	Ti t	Titaan	=	58	µg/L
OW172100	2024-02-13	      6153	09:56:43	Tl o	Thallium	<	0,1	µg/L
OW172100	2024-02-13	      6153	09:56:43	Tl t	Thallium	<	0,1	µg/L
OW172100	2024-02-13	      6153	09:56:43	Tmethoxam	Thiamethoxam	<	5	ng/L
OW172100	2024-02-13	      6153	09:56:43	Tolueen	Tolueen	<	0,125	µg/L
OW172100	2024-02-13	      6153	09:56:43	TPP	Trifenylfosfaat	<	9,65	ng/L
OW172100	2024-02-13	      6153	09:56:43	TrByaz	Terbutylazine	<	5	ng/L
OW172100	2024-02-13	      6153	09:56:43	Triazofos	Triazofos	<	1,24	ng/L
OW172100	2024-02-13	      6153	09:56:43	triCFolsom	Trichloorfenolen	<	300	ng/L
OW172100	2024-02-13	      6153	09:56:43	Triclopyr	Triclopyr	<	25	ng/L
OW172100	2024-02-13	      6153	09:56:43	Trimoprim	Trimethoprim	<	10	ng/L
OW172100	2024-02-13	      6153	09:56:43	TtBySn	Tetrabutyltin	<	0,34	ngSn/L
OW172100	2024-02-13	      6153	09:56:43	TtCEe	Tetrachlooretheen	<	0,125	µg/L
OW172100	2024-02-13	      6153	09:56:43	TtCMa	Tetrachloormethaan	<	0,125	µg/L
OW172100	2024-02-13	      6153	09:56:43	U o	Uranium	=	1,35	µg/L
OW172100	2024-02-13	      6153	09:56:43	U t	Uranium	=	1,55	µg/L
OW172100	2024-02-13	      6153	09:56:43	V o	Vanadium	<	3	µg/L
OW172100	2024-02-13	      6153	09:56:43	V t	Vanadium	=	9,3	µg/L
OW172100	2024-02-13	      6153	09:56:43	Valsartan	Valsartan	=	98	ng/L
OW172100	2024-02-13	      6153	09:56:43	VinCl	Vinylchloride	<	0,125	µg/L
OW172100	2024-02-13	      6153	09:56:43	Zn o	Zink	<	7,5	µg/L
OW172100	2024-02-13	      6153	09:56:43	Zn t	Zink	=	48	µg/L
OW172100	2024-02-13	      6153	09:56:43	ZS	Zwevende stoffen	=	54	mg/L
OW172100	2024-03-12	     11298	08:06:59	10:2 FTS	10:2 fluortelomeersulfonzuur (10:2 FTS)	<	5	ng/L
OW172100	2024-03-12	     11298	08:06:59	1112CEa	1,1,1,2-Tetrachloorethaan	<	0,125	µg/L
OW172100	2024-03-12	     11298	08:06:59	111CEa	1,1,1-Trichloorethaan	<	0,125	µg/L
OW172100	2024-03-12	     11298	08:06:59	1122CEa	1,1,2,2-Tetrachloorethaan	<	0,175	µg/L
OW172100	2024-03-12	     11298	08:06:59	112CEa	1,1,2-Trichloorethaan	<	0,125	µg/L
OW172100	2024-03-12	     11298	08:06:59	112CTFEa	1,1,2-Trichloortrifluorethaan	<	0,125	µg/L
OW172100	2024-03-12	     11298	08:06:59	11CEa	1,1-Dichloorethaan	<	0,125	µg/L
OW172100	2024-03-12	     11298	08:06:59	11CEe	1,1-Dichlooretheen	<	0,125	µg/L
OW172100	2024-03-12	     11298	08:06:59	1234CBz	1,2,3,4-Tetrachloorbenzeen	<	1	ng/L
OW172100	2024-03-12	     11298	08:06:59	1235+1245CBz	1,2,3,5+1,2,4,5-Tetrachloorbenzeen	<	1,5	ng/L
OW172100	2024-03-12	     11298	08:06:59	123CBz	1,2,3-Trichloorbenzeen	<	0,05	µg/L
OW172100	2024-03-12	     11298	08:06:59	124CBz	1,2,4-Trichloorbenzeen	<	0,05	µg/L
OW172100	2024-03-12	     11298	08:06:59	124MyBz	1,2,4-Trimethylbenzeen	<	0,125	µg/L
OW172100	2024-03-12	     11298	08:06:59	12BEa	1,2-Dibroomethaan	<	0,125	µg/L
OW172100	2024-03-12	     11298	08:06:59	12CBz	1,2-Dichloorbenzeen	<	0,125	µg/L
OW172100	2024-03-12	     11298	08:06:59	12CEa	1,2-Dichloorethaan	<	0,125	µg/L
OW172100	2024-03-12	     11298	08:06:59	12CEe	1,2-Dichlooretheen	<	0,25	µg/L
OW172100	2024-03-12	     11298	08:06:59	12CPa	1,2-Dichloorpropaan	<	0,125	µg/L
OW172100	2024-03-12	     11298	08:06:59	135CBz	1,3,5-Trichloorbenzeen	<	0,05	µg/L
OW172100	2024-03-12	     11298	08:06:59	135MyBz	1,3,5-Trimethylbenzeen	<	0,125	µg/L
OW172100	2024-03-12	     11298	08:06:59	13CBz	1,3-Dichloorbenzeen	<	0,125	µg/L
OW172100	2024-03-12	     11298	08:06:59	14CBz	1,4-Dichloorbenzeen	<	0,125	µg/L
OW172100	2024-03-12	     11298	08:06:59	2+3+4MyFol	som 2-methylfenol, 3-methylfenol en 4-methylfenol	<	150	ng/L
OW172100	2024-03-12	     11298	08:06:59	2345CFol	2,3,4,5-Tetrachloorfenol	<	50	ng/L
OW172100	2024-03-12	     11298	08:06:59	2346CFol	2,3,4,6-Tetrachloorfenol	<	50	ng/L
OW172100	2024-03-12	     11298	08:06:59	234CFol	2,3,4-Trichloorfenol	<	50	ng/L
OW172100	2024-03-12	     11298	08:06:59	2356CFol	2,3,5,6-Tetrachloorfenol	<	50	ng/L
OW172100	2024-03-12	     11298	08:06:59	2356CNiBz	2,3,5,6-Tetrachloornitrobenzeen	<	2	ng/L
OW172100	2024-03-12	     11298	08:06:59	235CFol	2,3,5-Trichloorfenol	<	50	ng/L
OW172100	2024-03-12	     11298	08:06:59	235MyFol	2,3,5-Trimethylfenol	<	50	ng/L
OW172100	2024-03-12	     11298	08:06:59	236CFol	2,3,6-Trichloorfenol	<	50	ng/L
OW172100	2024-03-12	     11298	08:06:59	23CFol	2,3-Dichloorfenol	<	50	ng/L
OW172100	2024-03-12	     11298	08:06:59	23CPe	2,3-Dichloorpropeen	<	0,125	µg/L
OW172100	2024-03-12	     11298	08:06:59	23MyFol	2,3-Dimethylfenol	<	50	ng/L
OW172100	2024-03-12	     11298	08:06:59	24-D	2,4-Dichloorfenoxyazijnzuur	<	25	ng/L
OW172100	2024-03-12	     11298	08:06:59	24-DB	2,4-Dichloorfenoxybutaanzuur	<	25	ng/L
OW172100	2024-03-12	     11298	08:06:59	24-DP	Dichloorprop	<	25	ng/L
OW172100	2024-03-12	     11298	08:06:59	24+25-CFol	2,4+2,5-Dichloorfenol	<	100	ng/L
OW172100	2024-03-12	     11298	08:06:59	245-T	2,4,5-Trichloorfenoxyazijnzuur	<	25	ng/L
OW172100	2024-03-12	     11298	08:06:59	245CFol	2,4,5-Trichloorfenol	<	50	ng/L
OW172100	2024-03-12	     11298	08:06:59	246CFol	2,4,6-Trichloorfenol	<	50	ng/L
OW172100	2024-03-12	     11298	08:06:59	24DDD	op'Dichloordifenyldichloorethaan	<	1	ng/L
OW172100	2024-03-12	     11298	08:06:59	24DDE	op'Dichloordifenyldichlooretheen	<	1	ng/L
OW172100	2024-03-12	     11298	08:06:59	24DDT	op'Dichloordifenyltrichloorethaan	<	1	ng/L
OW172100	2024-03-12	     11298	08:06:59	24MyFol	2,4-Dimethylfenol	<	50	ng/L
OW172100	2024-03-12	     11298	08:06:59	24NiFol	2,4-Dinitrofenol	<	50	ng/L
OW172100	2024-03-12	     11298	08:06:59	25MyFol	2,5-Dimethylfenol	<	50	ng/L
OW172100	2024-03-12	     11298	08:06:59	26CFol	2,6-Dichloorfenol	<	50	ng/L
OW172100	2024-03-12	     11298	08:06:59	26MyFol	2,6-Dimethylfenol	<	50	ng/L
OW172100	2024-03-12	     11298	08:06:59	2CFol	2-Chloorfenol	<	50	ng/L
OW172100	2024-03-12	     11298	08:06:59	2CTol	2-Chloortolueen	<	0,125	µg/L
OW172100	2024-03-12	     11298	08:06:59	2EyFol	2-Ethylfenol	<	50	ng/L
OW172100	2024-03-12	     11298	08:06:59	2hAtraz	2-Hydroxy-atrazine	=	32	ng/L
OW172100	2024-03-12	     11298	08:06:59	2iPyFol	2-Isopropylfenol	<	50	ng/L
OW172100	2024-03-12	     11298	08:06:59	2MyFol	2-Methylfenol	<	50	ng/L
OW172100	2024-03-12	     11298	08:06:59	345CFol	3,4,5-Trichloorfenol	<	50	ng/L
OW172100	2024-03-12	     11298	08:06:59	34CFol	3,4-Dichloorfenol	<	50	ng/L
OW172100	2024-03-12	     11298	08:06:59	34MyFol	3,4-Dimethylfenol	<	50	ng/L
OW172100	2024-03-12	     11298	08:06:59	35CFol	3,5-Dichloorfenol	<	50	ng/L
OW172100	2024-03-12	     11298	08:06:59	3CFol	3-Chloorfenol	<	50	ng/L
OW172100	2024-03-12	     11298	08:06:59	3CPe	3-Chloorpropeen	<	0,125	µg/L
OW172100	2024-03-12	     11298	08:06:59	3CTol	3-Chloortolueen	<	0,125	µg/L
OW172100	2024-03-12	     11298	08:06:59	3EyFol	3-Ethylfenol	<	50	ng/L
OW172100	2024-03-12	     11298	08:06:59	3MyFol	3-Methylfenol	<	50	ng/L
OW172100	2024-03-12	     11298	08:06:59	44DDD	pp'Dichloordifenyldichloorethaan	<	1	ng/L
OW172100	2024-03-12	     11298	08:06:59	44DDE	pp'Dichloordifenyldichlooretheen	<	1	ng/L
OW172100	2024-03-12	     11298	08:06:59	44DDT	pp'Dichloordifenyltrichloorethaan	<	1	ng/L
OW172100	2024-03-12	     11298	08:06:59	4C35MyFol	4-Chloor-3,5-dimethylfenol	<	50	ng/L
OW172100	2024-03-12	     11298	08:06:59	4C3MyFol	4-Chloor-3-methylfenol	<	50	ng/L
OW172100	2024-03-12	     11298	08:06:59	4CFol	4-Chloorfenol	<	50	ng/L
OW172100	2024-03-12	     11298	08:06:59	4CTol	4-Chloortolueen	<	0,125	µg/L
OW172100	2024-03-12	     11298	08:06:59	4EyFol + 35MyFol	4-ethylfenol + 3,5 dimethylfenol	<	100	ng/L
OW172100	2024-03-12	     11298	08:06:59	4MyFol	4-Methylfenol	<	50	ng/L
OW172100	2024-03-12	     11298	08:06:59	4tOyFol	4-tert-Octylfenol	<	15	ng/L
OW172100	2024-03-12	     11298	08:06:59	6:2 diPAP	6:2 fluortelomeerfosfaat diester (6:2 diPAP)	<	5	ng/L
OW172100	2024-03-12	     11298	08:06:59	6:2/8:2 diPAP	6:2/8:2 Fluortelomeerfosfaat diester	<	20	ng/L
OW172100	2024-03-12	     11298	08:06:59	8:2 FTS	8:2 fluortelomeersulfonzuur (8:2 FTS)	<	5	ng/L
OW172100	2024-03-12	     11298	08:06:59	a+b+d+gHCHS	alfa+beta+gamma+delta Hexachloorcyclohexaan	<	3	ng/L
OW172100	2024-03-12	     11298	08:06:59	a+bEndoS	alfa+beta Endosulfan	<	2	ng/L
OW172100	2024-03-12	     11298	08:06:59	Acenaft	Acenafteen	=	11	ng/L
OW172100	2024-03-12	     11298	08:06:59	Acenaftyl	Acenaftyleen	<	5	ng/L
OW172100	2024-03-12	     11298	08:06:59	Acetamiprid	Acetamiprid	<	2,5	ng/L
OW172100	2024-03-12	     11298	08:06:59	Aclonifen	Aclonifen	<	2	ng/L
OW172100	2024-03-12	     11298	08:06:59	ADEIdrin	Aldrin+Dieldrin+Endrin+Isodrin	<	2,125	ng/L
OW172100	2024-03-12	     11298	08:06:59	aEndo	alfa-Endosulfan	<	1	ng/L
OW172100	2024-03-12	     11298	08:06:59	Ag o	Zilver	<	0,05	µg/L
OW172100	2024-03-12	     11298	08:06:59	Ag t	Zilver	<	0,05	µg/L
OW172100	2024-03-12	     11298	08:06:59	aHCH	alfa-Hexachloorcyclohexaan	<	0,75	ng/L
OW172100	2024-03-12	     11298	08:06:59	Al o	Aluminium	<	150	µg/L
OW172100	2024-03-12	     11298	08:06:59	Alachloor	Alachloor	<	10	ng/L
OW172100	2024-03-12	     11298	08:06:59	Aldrin	Aldrin	<	0,375	ng/L
OW172100	2024-03-12	     11298	08:06:59	Amidotriz	Amidotrizoinezuur	<	15	ng/L
OW172100	2024-03-12	     11298	08:06:59	AMPA	Aminomethylfosfonzuur	=	550	ng/L
OW172100	2024-03-12	     11298	08:06:59	Ant	Anthraceen	<	5	ng/L
OW172100	2024-03-12	     11298	08:06:59	As o	Arseen	=	1,23	µg/L
OW172100	2024-03-12	     11298	08:06:59	As t	Arseen	=	2,36	µg/L
OW172100	2024-03-12	     11298	08:06:59	Atenolol	Atenolol	=	21,2	ng/L
OW172100	2024-03-12	     11298	08:06:59	Atraz	Atrazine	<	5	ng/L
OW172100	2024-03-12	     11298	08:06:59	AzinfosEy	Azinfos-ethyl	<	2	ng/L
OW172100	2024-03-12	     11298	08:06:59	AzinfosMy	Azinfos-methyl	<	1	ng/L
OW172100	2024-03-12	     11298	08:06:59	B o	Boor	=	69	µg/L
OW172100	2024-03-12	     11298	08:06:59	B t	Boor	=	64	µg/L
OW172100	2024-03-12	     11298	08:06:59	B(a)A	Benzo(a)anthraceen	=	11	ng/L
OW172100	2024-03-12	     11298	08:06:59	B(a)P	Benzo(a)pyreen	=	12	ng/L
OW172100	2024-03-12	     11298	08:06:59	B(b)Flu	Benzo(b)fluorantheen	=	15	ng/L
OW172100	2024-03-12	     11298	08:06:59	B(ghi)Pe	Benzo(g,h,i)peryleen	=	11	ng/L
OW172100	2024-03-12	     11298	08:06:59	B(k)Flu	Benzo(k)fluorantheen	<	10	ng/L
OW172100	2024-03-12	     11298	08:06:59	b2EyHyFt	bis-(2-ethylhexyl)-ftalaat	<	0,17	µg/L
OW172100	2024-03-12	     11298	08:06:59	Ba o	Barium	=	32	µg/L
OW172100	2024-03-12	     11298	08:06:59	Ba t	Barium	=	45	µg/L
OW172100	2024-03-12	     11298	08:06:59	BAM	2,6-Dichloorbenzamide	=	54	ng/L
OW172100	2024-03-12	     11298	08:06:59	BBz	Broombenzeen	<	0,125	µg/L
OW172100	2024-03-12	     11298	08:06:59	BDCMa	Broomdichloormethaan	<	0,125	µg/L
OW172100	2024-03-12	     11298	08:06:59	Be o	Beryllium	<	0,15	µg/L
OW172100	2024-03-12	     11298	08:06:59	Be t	Beryllium	<	0,15	µg/L
OW172100	2024-03-12	     11298	08:06:59	bEndo	beta-Endosulfan	<	1	ng/L
OW172100	2024-03-12	     11298	08:06:59	Bentazone	Bentazone	<	50	ng/L
OW172100	2024-03-12	     11298	08:06:59	Benzeen	Benzeen	<	0,125	µg/L
OW172100	2024-03-12	     11298	08:06:59	Benzotriazool	Benzotriazool	=	630	ng/L
OW172100	2024-03-12	     11298	08:06:59	Bezafibraat	Bezafibraat	<	10	ng/L
OW172100	2024-03-12	     11298	08:06:59	BFlu som	PAK benzo(b+k)fluorantheen (b)	<	25	ng/L
OW172100	2024-03-12	     11298	08:06:59	bFol-A	Bisfenol-A	<	50	ng/L
OW172100	2024-03-12	     11298	08:06:59	bHCH	beta-Hexachloorcyclohexaan	<	0,75	ng/L
OW172100	2024-03-12	     11298	08:06:59	Bifenox	Bifenox	<	2	ng/L
OW172100	2024-03-12	     11298	08:06:59	BPe + IP som	PAK Benzo(g,h,i)peryleen + Indeno(1,2,3-cd)pyreen	<	21	ng/L
OW172100	2024-03-12	     11298	08:06:59	BrfosEy	Bromofos-ethyl	<	1	ng/L
OW172100	2024-03-12	     11298	08:06:59	BrfosMy	Bromofos-methyl	<	1	ng/L
OW172100	2024-03-12	     11298	08:06:59	Bromacil	Bromacil	<	10	ng/L
OW172100	2024-03-12	     11298	08:06:59	Bromoxyn	Bromoxynil	<	25	ng/L
OW172100	2024-03-12	     11298	08:06:59	ByBzyFt	Butylbenzylftalaat	<	0,095	µg/L
OW172100	2024-03-12	     11298	08:06:59	BZV5	Biochemisch zuurstofverbruik na 5d.	=	3,7	mgO2/L
OW172100	2024-03-12	     11298	08:06:59	c12CEe	cis-1,2-Dichlooretheen	<	0,125	µg/L
OW172100	2024-03-12	     11298	08:06:59	c13CPe	cis-1,3-Dichloorpropeen	<	0,125	µg/L
OW172100	2024-03-12	     11298	08:06:59	Ca o	Calcium	=	112000	µg/L
OW172100	2024-03-12	     11298	08:06:59	Carbamaze	Carbamazepine	=	35,1	ng/L
OW172100	2024-03-12	     11298	08:06:59	Carbdzim	Carbendazim	<	5	ng/L
OW172100	2024-03-12	     11298	08:06:59	Cartamid	Carbetamide	<	10	ng/L
OW172100	2024-03-12	     11298	08:06:59	Cbromuron	Chloorbromuron	<	15	ng/L
OW172100	2024-03-12	     11298	08:06:59	CBz	Chloorbenzeen	<	0,125	µg/L
OW172100	2024-03-12	     11298	08:06:59	CBzsom	Dichloorbenzenen	<	0,375	µg/L
OW172100	2024-03-12	     11298	08:06:59	cCdaan	cis-Chloordaan	<	0,5	ng/L
OW172100	2024-03-12	     11298	08:06:59	Cd o	Cadmium	<	0,05	µg/L
OW172100	2024-03-12	     11298	08:06:59	Cd t	Cadmium	=	0,227	µg/L
OW172100	2024-03-12	     11298	08:06:59	Cdaan	Chloordaan	<	1	ng/L
OW172100	2024-03-12	     11298	08:06:59	Cdazon	Chloridazon	<	5	ng/L
OW172100	2024-03-12	     11298	08:06:59	CFolS	Chloorfenolen	<	150	ng/L
OW172100	2024-03-12	     11298	08:06:59	Cfvinfos	Chloorfenvinfos	<	1	ng/L
OW172100	2024-03-12	     11298	08:06:59	cHpCEpx	cis-Heptachloorepoxyde	<	1	ng/L
OW172100	2024-03-12	     11298	08:06:59	Chr	Chryseen	=	14	ng/L
OW172100	2024-03-12	     11298	08:06:59	Cl-	Chloride	=	43,5	mg/L
OW172100	2024-03-12	     11298	08:06:59	Clarithromyc	Clarithromycine	=	16,1	ng/L
OW172100	2024-03-12	     11298	08:06:59	Clfyl a	Chlorofyl a	<	5,93	µg/L
OW172100	2024-03-12	     11298	08:06:59	Clindamyc	Clindamycine	<	10	ng/L
OW172100	2024-03-12	     11298	08:06:59	ClindamycineHCl	Clindamycine, waterstofchloride	<	10	ng/L
OW172100	2024-03-12	     11298	08:06:59	Clopyralid	Clopyralid	<	125	ng/L
OW172100	2024-03-12	     11298	08:06:59	Clotidine	Clothianidine	<	2,5	ng/L
OW172100	2024-03-12	     11298	08:06:59	Clozapine	Clozapine	<	5	ng/L
OW172100	2024-03-12	     11298	08:06:59	Co o	Kobalt	=	0,48	µg/L
OW172100	2024-03-12	     11298	08:06:59	Co t	Kobalt	=	1,3	µg/L
OW172100	2024-03-12	     11298	08:06:59	CpfosEy	Chloorpyrifos-ethyl	<	2	ng/L
OW172100	2024-03-12	     11298	08:06:59	CpfosMy	Chloorpyrifos-methyl	<	2	ng/L
OW172100	2024-03-12	     11298	08:06:59	Cprofam	Chloorprofam	=	4,4	ng/L
OW172100	2024-03-12	     11298	08:06:59	Cr o	Chroom	<	1,5	µg/L
OW172100	2024-03-12	     11298	08:06:59	Cr t	Chroom	=	5,8	µg/L
OW172100	2024-03-12	     11298	08:06:59	ct13CPe	1,3-Dichloorpropeen (cis+trans)	<	0,25	µg/L
OW172100	2024-03-12	     11298	08:06:59	CTolS	Chloortoluenen	<	0,375	µg/L
OW172100	2024-03-12	     11298	08:06:59	Ctoluron	Chloortoluron	=	17	ng/L
OW172100	2024-03-12	     11298	08:06:59	Cu o	Koper	<	2	µg/L
OW172100	2024-03-12	     11298	08:06:59	Cu t	Koper	=	4,87	µg/L
OW172100	2024-03-12	     11298	08:06:59	Cumafos	Cumafos	<	1	ng/L
OW172100	2024-03-12	     11298	08:06:59	Cyanaz	Cyanazine	<	5	ng/L
OW172100	2024-03-12	     11298	08:06:59	Cybutrine	Cybutrine	<	1	ng/L
OW172100	2024-03-12	     11298	08:06:59	Cypmethrin	Cypermethrin	<	3	ng/L
OW172100	2024-03-12	     11298	08:06:59	CZV	Chemisch zuurstofverbruik	=	20	mgO2/L
OW172100	2024-03-12	     11298	08:06:59	DBCMa	Dibroomchloormethaan	<	0,125	µg/L
OW172100	2024-03-12	     11298	08:06:59	DBMa	Dibroommethaan	<	0,125	µg/L
OW172100	2024-03-12	     11298	08:06:59	DBySn	Dibutyltin	<	2,1	ngSn/L
OW172100	2024-03-12	     11298	08:06:59	DBySn som	Dibutyltinverbindingen	<	2,1	ngSn/L
OW172100	2024-03-12	     11298	08:06:59	dBz(ah)An	Dibenzo(a,h)anthraceen	<	5	ng/L
OW172100	2024-03-12	     11298	08:06:59	DcHyFt	Dicyclohexylftalaat	<	0,1	µg/L
OW172100	2024-03-12	     11298	08:06:59	DCMa	Dichloormethaan	<	0,125	µg/L
OW172100	2024-03-12	     11298	08:06:59	DCvos	Dichloorvos	<	1	ng/L
OW172100	2024-03-12	     11298	08:06:59	DDT t	DDT, totaal	<	4	ng/L
OW172100	2024-03-12	     11298	08:06:59	Demeton	Demeton	<	25	ng/L
OW172100	2024-03-12	     11298	08:06:59	Demeton-O	Demeton-O	<	16	ng/L
OW172100	2024-03-12	     11298	08:06:59	Demeton-S	Demeton-S	<	9	ng/L
OW172100	2024-03-12	     11298	08:06:59	DEyatraz	Desethylatrazine	<	10	ng/L
OW172100	2024-03-12	     11298	08:06:59	DEyFt	Diethylftalaat	<	0,125	µg/L
OW172100	2024-03-12	     11298	08:06:59	DEytByaz	Desethylterbutylazine	<	10	ng/L
OW172100	2024-03-12	     11298	08:06:59	Dflucan	Diflufenican	<	14	ng/L
OW172100	2024-03-12	     11298	08:06:59	dHCH	delta-Hexachloorcyclohexaan	<	0,75	ng/L
OW172100	2024-03-12	     11298	08:06:59	Diazinon	Diazinon	<	2	ng/L
OW172100	2024-03-12	     11298	08:06:59	DiByFt	Di-isobutylftalaat	<	0,105	µg/L
OW172100	2024-03-12	     11298	08:06:59	Dicamba	Dicamba	<	150	ng/L
OW172100	2024-03-12	     11298	08:06:59	Diclofenac	Diclofenac	=	73	ng/L
OW172100	2024-03-12	     11298	08:06:59	Dieldrin	Dieldrin	<	1	ng/L
OW172100	2024-03-12	     11298	08:06:59	Dimdazol	Dimetridazol	<	10	ng/L
OW172100	2024-03-12	     11298	08:06:59	DiMetamid	Dimethenamid	<	10	ng/L
OW172100	2024-03-12	     11298	08:06:59	DiMetmorf	Dimethomorf	<	10	ng/L
OW172100	2024-03-12	     11298	08:06:59	DiPyatraz	Desisopropylatrazine	<	10	ng/L
OW172100	2024-03-12	     11298	08:06:59	DiPyEt	Di-isopropylether	<	0,125	µg/L
OW172100	2024-03-12	     11298	08:06:59	Diuron	Diuron	=	19	ng/L
OW172100	2024-03-12	     11298	08:06:59	Dmetoat	Dimethoaat	<	2	ng/L
OW172100	2024-03-12	     11298	08:06:59	DMyFol som	Som van de dimethylfenolen	<	250	ng/L
OW172100	2024-03-12	     11298	08:06:59	DMyFt	Dimethylftalaat	<	0,105	µg/L
OW172100	2024-03-12	     11298	08:06:59	DnByFt	Di-n-butylftalaat	<	0,105	µg/L
OW172100	2024-03-12	     11298	08:06:59	DNOC	4,6-Dinitro-o-cresol	<	25	ng/L
OW172100	2024-03-12	     11298	08:06:59	DnOyFt	Di-n-octylftalaat	<	0,055	µg/L
OW172100	2024-03-12	     11298	08:06:59	DOC	Koolstof	=	7	mgC/L
OW172100	2024-03-12	     11298	08:06:59	DONA	4,8-dioxa-3H-perfluornonaanzuur (DONA)	<	2,5	ng/L
OW172100	2024-03-12	     11298	08:06:59	DPnyFt	Dipentylftalaat	<	0,095	µg/L
OW172100	2024-03-12	     11298	08:06:59	Dsulfoton	Disulfoton	<	16	ng/L
OW172100	2024-03-12	     11298	08:06:59	EC 20	Geleidbaarheid (20°C)	=	721	µS/cm
OW172100	2024-03-12	     11298	08:06:59	EC 25	Geleidbaarheid (25°C)	=	789,8555	µS/cm
OW172100	2024-03-12	     11298	08:06:59	EHDPP	2-Ethylhexyldifenylfosfaat	<	16	ng/L
OW172100	2024-03-12	     11298	08:06:59	EndoS	Endosulfansulfaat	<	1	ng/L
OW172100	2024-03-12	     11298	08:06:59	Endrin	Endrin	<	0,375	ng/L
OW172100	2024-03-12	     11298	08:06:59	Etfum	Ethofumesaat	<	4	ng/L
OW172100	2024-03-12	     11298	08:06:59	Ethopfos	Ethoprofos	<	1	ng/L
OW172100	2024-03-12	     11298	08:06:59	EtPFOSA	N-ethylperfluoroctaan-1-sulfonamide (EtPFOSA)	<	0,5	ng/L
OW172100	2024-03-12	     11298	08:06:59	EtPFOSA totaal	Totaal N-ethylperfluoroctaansulfonamide (lin+vert)	<	5	ng/L
OW172100	2024-03-12	     11298	08:06:59	EtPFOSA vertakt	= EtPFOSAtotaal - EtPFOSA	<	5	ng/L
OW172100	2024-03-12	     11298	08:06:59	EtPFOSAA	N-ethylperfluoroctaansulfonamidoazijnzuur	<	0,5	ng/L
OW172100	2024-03-12	     11298	08:06:59	EyBz	Ethylbenzeen	<	0,125	µg/L
OW172100	2024-03-12	     11298	08:06:59	EytByEt	Ethyl-tert-butylether	<	0,125	µg/L
OW172100	2024-03-12	     11298	08:06:59	F- o	Fluoride	=	0,3	mg/L
OW172100	2024-03-12	     11298	08:06:59	Fe o	Ijzer	=	32	µg/L
OW172100	2024-03-12	     11298	08:06:59	Fe t	Ijzer	=	2440	µg/L
OW172100	2024-03-12	     11298	08:06:59	Fen	Fenantreen	=	22	ng/L
OW172100	2024-03-12	     11298	08:06:59	Fenazon	Fenazon	<	5	ng/L
OW172100	2024-03-12	     11298	08:06:59	Fenithion	Fenitrothion	<	2	ng/L
OW172100	2024-03-12	     11298	08:06:59	Fenoprop	Fenoprop	<	25	ng/L
OW172100	2024-03-12	     11298	08:06:59	Fenthion	Fenthion	<	1	ng/L
OW172100	2024-03-12	     11298	08:06:59	Feofyt a	Feofytine a	<	4,46	µg/L
OW172100	2024-03-12	     11298	08:06:59	Fipronil	Fipronil	<	2	ng/L
OW172100	2024-03-12	     11298	08:06:59	Floxpyr	Fluroxypyr	<	25	ng/L
OW172100	2024-03-12	     11298	08:06:59	Flu	Fluorantheen	=	31	ng/L
OW172100	2024-03-12	     11298	08:06:59	Flucet	Flufenacet	=	34	ng/L
OW172100	2024-03-12	     11298	08:06:59	Fluoreen	Fluoreen	<	5	ng/L
OW172100	2024-03-12	     11298	08:06:59	Fol	Fenol	<	250	ng/L
OW172100	2024-03-12	     11298	08:06:59	Fonofos	Fonofos	<	2	ng/L
OW172100	2024-03-12	     11298	08:06:59	Gabapentine	Gabapentine	=	260	ng/L
OW172100	2024-03-12	     11298	08:06:59	gHCH	gamma-Hexachloorcyclohexaan	<	0,75	ng/L
OW172100	2024-03-12	     11298	08:06:59	Glyfosaat	Glyfosaat	=	125	ng/L
OW172100	2024-03-12	     11298	08:06:59	H t	Hardheid	=	32,875000000000000039	°F
OW172100	2024-03-12	     11298	08:06:59	HCBz	Hexachloorbenzeen	<	1,5	ng/L
OW172100	2024-03-12	     11298	08:06:59	HCH	Hexachloorcyclohexaan, alle isomeren	<	3	ng/L
OW172100	2024-03-12	     11298	08:06:59	Hexazinon	Hexazinon	<	10	ng/L
OW172100	2024-03-12	     11298	08:06:59	HFPO-DA	2,3,3,3-tetrafluor-2(heptafluorpropoxy)propionzuur	<	0,5	ng/L
OW172100	2024-03-12	     11298	08:06:59	Hg o	Kwik	<	0,025	µg/L
OW172100	2024-03-12	     11298	08:06:59	Hg t	Kwik	<	0,025	µg/L
OW172100	2024-03-12	     11298	08:06:59	HpC	Heptachloor	<	1	ng/L
OW172100	2024-03-12	     11298	08:06:59	HpC+Epx	Heptachloor+epoxyde	<	4	ng/L
OW172100	2024-03-12	     11298	08:06:59	HyCtazide	Hydrochloorthiazide	=	60	ng/L
OW172100	2024-03-12	     11298	08:06:59	Imcloprid	Imidacloprid	<	5	ng/L
OW172100	2024-03-12	     11298	08:06:59	Iopamidol	Iopamidol	<	5	ng/L
OW172100	2024-03-12	     11298	08:06:59	Iopromide	Iopromide	=	99	ng/L
OW172100	2024-03-12	     11298	08:06:59	IP	Indeno(1,2,3-cd)pyreen	<	10	ng/L
OW172100	2024-03-12	     11298	08:06:59	Iproturon	Isoproturon	<	5	ng/L
OW172100	2024-03-12	     11298	08:06:59	iPyBz	Isopropylbenzeen	<	0,125	µg/L
OW172100	2024-03-12	     11298	08:06:59	Isodrin	Isodrin	<	0,375	ng/L
OW172100	2024-03-12	     11298	08:06:59	K o	Kalium	=	9500	µg/L
OW172100	2024-03-12	     11298	08:06:59	Ketoprofen	Ketoprofen	<	5	ng/L
OW172100	2024-03-12	     11298	08:06:59	KjN	Kjeldahlstikstof	=	1,199	mgN/L
OW172100	2024-03-12	     11298	08:06:59	KWS ap.	Apolaire koolwaterstoffen	<	50	µg/L
OW172100	2024-03-12	     11298	08:06:59	Lenacil	Lenacil	<	25	ng/L
OW172100	2024-03-12	     11298	08:06:59	Lidocaine	Lidocaine	<	10	ng/L
OW172100	2024-03-12	     11298	08:06:59	Linuron	Linuron	<	5	ng/L
OW172100	2024-03-12	     11298	08:06:59	Malathion	Malathion	<	2	ng/L
OW172100	2024-03-12	     11298	08:06:59	Mbromuron	Metobromuron	<	10	ng/L
OW172100	2024-03-12	     11298	08:06:59	mBthiaz	Metabenzthiazuron	<	5	ng/L
OW172100	2024-03-12	     11298	08:06:59	MCPA	(4-Chloor-2-methylfenoxy)azijnzuur	<	25	ng/L
OW172100	2024-03-12	     11298	08:06:59	MCPB	4-(4-Chloor-2-methylfenoxy)boterzuur	<	25	ng/L
OW172100	2024-03-12	     11298	08:06:59	MCPP	Mecoprop	<	25	ng/L
OW172100	2024-03-12	     11298	08:06:59	MePFBSAA	N-methylperfluorbutaansulfonamidoazijnzuur	<	0,5	ng/L
OW172100	2024-03-12	     11298	08:06:59	MePFOSA	N-methylperfluoroctaan-1-sulfonamide (MePFOSA)	<	2,5	ng/L
OW172100	2024-03-12	     11298	08:06:59	MePFOSA totaal	Totaal N-methylperfluoroctaansulfonamide (lin+ver)	<	5	ng/L
OW172100	2024-03-12	     11298	08:06:59	MePFOSA vertakt	= MePFOSAtotaal - MePFOSA	<	5	ng/L
OW172100	2024-03-12	     11298	08:06:59	MePFOSAA	N-methylperfluoroctaansulfonamidoazijnzuur	<	0,5	ng/L
OW172100	2024-03-12	     11298	08:06:59	Metaza	Metazachloor	<	5	ng/L
OW172100	2024-03-12	     11298	08:06:59	Metbuzin	Metribuzin	<	4	ng/L
OW172100	2024-03-12	     11298	08:06:59	Metcarb	Methiocarb	<	1	ng/L
OW172100	2024-03-12	     11298	08:06:59	Methidat	Methidation	<	1	ng/L
OW172100	2024-03-12	     11298	08:06:59	Metola	Metolachloor	<	10	ng/L
OW172100	2024-03-12	     11298	08:06:59	Metoprolol	Metoprolol	<	10	ng/L
OW172100	2024-03-12	     11298	08:06:59	Metoprololtartraat	Metoprololtartraat	<	12,5	ng/L
OW172100	2024-03-12	     11298	08:06:59	Metoxur	Metoxuron	<	5	ng/L
OW172100	2024-03-12	     11298	08:06:59	Mevinfos	Mevinfos	<	1	ng/L
OW172100	2024-03-12	     11298	08:06:59	Mg o	Magnesium	=	11700	µg/L
OW172100	2024-03-12	     11298	08:06:59	Mlinuron	Monolinuron	<	5	ng/L
OW172100	2024-03-12	     11298	08:06:59	Mmitron	Metamitron	<	5	ng/L
OW172100	2024-03-12	     11298	08:06:59	Mn o	Mangaan	=	78	µg/L
OW172100	2024-03-12	     11298	08:06:59	Mn t	Mangaan	=	141	µg/L
OW172100	2024-03-12	     11298	08:06:59	Mo o	Molybdeen	<	2,5	µg/L
OW172100	2024-03-12	     11298	08:06:59	Mo t	Molybdeen	<	2,5	µg/L
OW172100	2024-03-12	     11298	08:06:59	mpXyl	Xylenen (m+p)	<	0,125	µg/L
OW172100	2024-03-12	     11298	08:06:59	MxyC	Methoxychloor	<	1	ng/L
OW172100	2024-03-12	     11298	08:06:59	MytByEt	Methyl-tert.butylether	<	0,125	µg/L
OW172100	2024-03-12	     11298	08:06:59	N t	Stikstof	=	6,5	mgN/L
OW172100	2024-03-12	     11298	08:06:59	N+N	Nitraat+nitriet	=	5,301	mgN/L
OW172100	2024-03-12	     11298	08:06:59	N+N+N	Nitraat+nitriet+ammonium	=	5,831	mgN/L
OW172100	2024-03-12	     11298	08:06:59	Na o	Natrium	=	28900	µg/L
OW172100	2024-03-12	     11298	08:06:59	Na_diclofenac	Diclofenac, natrium	=	79	ng/L
OW172100	2024-03-12	     11298	08:06:59	Naft	Naftaleen	<	40	ng/L
OW172100	2024-03-12	     11298	08:06:59	Naproxen	Naproxen	=	63	ng/L
OW172100	2024-03-12	     11298	08:06:59	NH4+	Ammonium	=	0,53	mgN/L
OW172100	2024-03-12	     11298	08:06:59	Ni o	Nikkel	<	3,2	µg/L
OW172100	2024-03-12	     11298	08:06:59	Ni t	Nikkel	=	5,16	µg/L
OW172100	2024-03-12	     11298	08:06:59	NO2-	Nitriet	=	0,101	mgN/L
OW172100	2024-03-12	     11298	08:06:59	NO3-	Nitraat	=	5,2	mgN/L
OW172100	2024-03-12	     11298	08:06:59	NPOC	Koolstof	=	9,2	mgC/L
OW172100	2024-03-12	     11298	08:06:59	NyFol	Nonylfenol	<	150	ng/L
OW172100	2024-03-12	     11298	08:06:59	NyFolsom	Nonylfenolen	<	150	ng/L
OW172100	2024-03-12	     11298	08:06:59	O2	Zuurstof	=	10,24	mg/L
OW172100	2024-03-12	     11298	08:06:59	O2 verz	Zuurstof	=	89,2	%
OW172100	2024-03-12	     11298	08:06:59	OCP t	Organochloorpesticiden, totaal	<	15,875	ng/L
OW172100	2024-03-12	     11298	08:06:59	ompXyl	Xylenen (o+m+p)	<	0,25	µg/L
OW172100	2024-03-12	     11298	08:06:59	oPO4 f	Orthofosfaat	=	0,18	mgP/L
OW172100	2024-03-12	     11298	08:06:59	Oxadiazon	Oxadiazon	<	2	ng/L
OW172100	2024-03-12	     11298	08:06:59	oXyl	ortho-Xyleen	<	0,125	µg/L
OW172100	2024-03-12	     11298	08:06:59	OyFolsom	Octylfenolen	<	15	ng/L
OW172100	2024-03-12	     11298	08:06:59	P t	Fosfor	=	0,404	mgP/L
OW172100	2024-03-12	     11298	08:06:59	PAK 10	Polyaromatische KWS (10 Vrom)	<	166	ng/L
OW172100	2024-03-12	     11298	08:06:59	PAK 6	Polyaromatische KWS (6 Borneff)	<	89	ng/L
OW172100	2024-03-12	     11298	08:06:59	PathionEy	Parathion-ethyl	<	1	ng/L
OW172100	2024-03-12	     11298	08:06:59	PathionMy	Parathion-methyl	<	2	ng/L
OW172100	2024-03-12	     11298	08:06:59	Pb o	Lood	<	1,25	µg/L
OW172100	2024-03-12	     11298	08:06:59	Pb t	Lood	=	4,62	µg/L
OW172100	2024-03-12	     11298	08:06:59	PCB 101	2,2',4,5,5'-Pentachloorbifenyl (PCB101)	<	0,5	ng/L
OW172100	2024-03-12	     11298	08:06:59	PCB 118	2,3',4,4',5-Pentachloorbifenyl (PCB118)	<	0,5	ng/L
OW172100	2024-03-12	     11298	08:06:59	PCB 138	2,2',3,4,4',5'-Hexachloorbifenyl (PCB138)	<	1	ng/L
OW172100	2024-03-12	     11298	08:06:59	PCB 153	2,2',4,4',5,5'-Hexachloorbifenyl (PCB153)	<	1	ng/L
OW172100	2024-03-12	     11298	08:06:59	PCB 28	2,4,4'-Trichloorbifenyl (PCB28)	<	0,5	ng/L
OW172100	2024-03-12	     11298	08:06:59	PCB 52	2,2',5,5'-Tetrachloorbifenyl (PCB52)	<	0,5	ng/L
OW172100	2024-03-12	     11298	08:06:59	PCB t	Polychloorbifenyl, totaal	<	4	ng/L
OW172100	2024-03-12	     11298	08:06:59	PCBz	Pentachloorbenzeen	<	1,5	ng/L
OW172100	2024-03-12	     11298	08:06:59	PCFol	Pentachloorfenol	<	50	ng/L
OW172100	2024-03-12	     11298	08:06:59	PCNiBz	Pentachloornitrobenzeen	<	2	ng/L
OW172100	2024-03-12	     11298	08:06:59	Pentoxif	Pentoxifylline	<	5	ng/L
OW172100	2024-03-12	     11298	08:06:59	PFAS-43	Som van de 43 PFAS	<	145,3	ng/L
OW172100	2024-03-12	     11298	08:06:59	PFBA	Perfluorbutaanzuur (PFBA)	=	6,3	ng/L
OW172100	2024-03-12	     11298	08:06:59	PFBS	Perfluorbutaansulfonzuur (PFBS)	<	2,5	ng/L
OW172100	2024-03-12	     11298	08:06:59	PFDA	Perfluordecaanzuur (PFDA)	<	5	ng/L
OW172100	2024-03-12	     11298	08:06:59	PFDoDA	Perfluordodecaanzuur (PFDoDA)	<	2	ng/L
OW172100	2024-03-12	     11298	08:06:59	PFDoDS	Perfluordodecaansulfonzuur (PFDoDS)	<	5	ng/L
OW172100	2024-03-12	     11298	08:06:59	PFDS	Perfluordecaansulfonzuur (PFDS)	<	0,5	ng/L
OW172100	2024-03-12	     11298	08:06:59	PFECHS	Perfluor-4-ethylcyclohexaansulfonzuur (PFECHS)	<	0,5	ng/L
OW172100	2024-03-12	     11298	08:06:59	PFHpA	Perfluorheptaanzuur (PFHpA)	<	2,5	ng/L
OW172100	2024-03-12	     11298	08:06:59	PFHxA	Perfluorhexaanzuur (PFHxA)	<	5	ng/L
OW172100	2024-03-12	     11298	08:06:59	PFHxDA	Perfluorhexadecaanzuur (PFHxDA)	<	5	ng/L
OW172100	2024-03-12	     11298	08:06:59	PFHxS	Perfluorhexaansulfonzuur (PFHxS)	<	5	ng/L
OW172100	2024-03-12	     11298	08:06:59	PFHxS totaal	Totaal perfluorhexaansulfonzuur (lineair+vertakt)	<	5	ng/L
OW172100	2024-03-12	     11298	08:06:59	PFHxS vertakt	= PFHxStotaal - PFHxS	<	10	ng/L
OW172100	2024-03-12	     11298	08:06:59	PFHxSA	Perfluorhexaansulfonamide (PFHxSA)	<	2,5	ng/L
OW172100	2024-03-12	     11298	08:06:59	PFNA	Perfluornonaanzuur (PFNA)	<	5	ng/L
OW172100	2024-03-12	     11298	08:06:59	PFNS	Perfluornonaansulfonzuur (PFNS)	<	0,5	ng/L
OW172100	2024-03-12	     11298	08:06:59	PFOA	Perfluoroctaanzuur (PFOA)	<	5	ng/L
OW172100	2024-03-12	     11298	08:06:59	PFOA totaal	Totaal perfluoroctaanzuur (lineair + vertakt)	<	10	ng/L
OW172100	2024-03-12	     11298	08:06:59	PFOA vertakt	= PFOAtotaal - PFOA	<	10	ng/L
OW172100	2024-03-12	     11298	08:06:59	PFOS	Perfluoroctaansulfonzuur (PFOS)	<	5	ng/L
OW172100	2024-03-12	     11298	08:06:59	PFOS totaal	Totaal perfluoroctaansulfonzuur (lineair+vertakt)	<	10	ng/L
OW172100	2024-03-12	     11298	08:06:59	PFOS vertakt	= PFOStotaal - PFOS	<	10	ng/L
OW172100	2024-03-12	     11298	08:06:59	PFOSA	Perfluoroctaansulfonamide (PFOSA)	<	0,5	ng/L
OW172100	2024-03-12	     11298	08:06:59	PFOSA totaal	Totaal perfluoroctaansulfonamide (lineair+vertakt)	<	5	ng/L
OW172100	2024-03-12	     11298	08:06:59	PFOSA vertakt	= PFOSAtotaal - PFOSA	<	5	ng/L
OW172100	2024-03-12	     11298	08:06:59	PFPeA	Perfluorpentaanzuur (PFPeA)	<	5	ng/L
OW172100	2024-03-12	     11298	08:06:59	PFPeS	Perfluorpentaansulfonzuur (PFPeS)	<	1	ng/L
OW172100	2024-03-12	     11298	08:06:59	PFTrDA	Perfluortridecaanzuur (PFTrDA)	<	5	ng/L
OW172100	2024-03-12	     11298	08:06:59	PFTrDS	Perfluor-1-tridecaansulfonzuur (PFTrS)	<	5	ng/L
OW172100	2024-03-12	     11298	08:06:59	PFUnDA	Perfluorundecaanzuur (PFUnDA)	<	2,5	ng/L
OW172100	2024-03-12	     11298	08:06:59	PFUnDS	Perfluor-1-undecaansulfonzuur (PFUnS)	<	5	ng/L
OW172100	2024-03-12	     11298	08:06:59	pH	pH	=	7,79	-
OW172100	2024-03-12	     11298	08:06:59	Picarb	Pirimicarb	<	10	ng/L
OW172100	2024-03-12	     11298	08:06:59	PirfosMy	Pirimifos-methyl	<	1	ng/L
OW172100	2024-03-12	     11298	08:06:59	Prochloor	Propachloor	<	10	ng/L
OW172100	2024-03-12	     11298	08:06:59	Prometryn	Prometryn	<	10	ng/L
OW172100	2024-03-12	     11298	08:06:59	Propanil	Propanil	<	25	ng/L
OW172100	2024-03-12	     11298	08:06:59	Propanolol	Propanolol	<	30	ng/L
OW172100	2024-03-12	     11298	08:06:59	PropanololHCl	Propanolol, waterstofchloride	<	30	ng/L
OW172100	2024-03-12	     11298	08:06:59	Propaz	Propazine	<	10	ng/L
OW172100	2024-03-12	     11298	08:06:59	PyBz	Propylbenzeen	<	0,125	µg/L
OW172100	2024-03-12	     11298	08:06:59	Pyr	Pyreen	=	28	ng/L
OW172100	2024-03-12	     11298	08:06:59	Quinofen	Quinoxyfen	<	1	ng/L
OW172100	2024-03-12	     11298	08:06:59	Sb o	Antimoon	<	1,5	µg/L
OW172100	2024-03-12	     11298	08:06:59	Sb t	Antimoon	<	1,5	µg/L
OW172100	2024-03-12	     11298	08:06:59	Se o	Seleen	<	1,5	µg/L
OW172100	2024-03-12	     11298	08:06:59	Se t	Seleen	<	1,5	µg/L
OW172100	2024-03-12	     11298	08:06:59	Sebutylaz	Sebutylazine	<	10	ng/L
OW172100	2024-03-12	     11298	08:06:59	Secchi	Doorzichtigheid	=	35	cm
OW172100	2024-03-12	     11298	08:06:59	Simaz	Simazine	<	5	ng/L
OW172100	2024-03-12	     11298	08:06:59	SiO2 o	Silicaat	=	14	mgSiO2/L
OW172100	2024-03-12	     11298	08:06:59	Sn o	Tin	<	1,5	µg/L
OW172100	2024-03-12	     11298	08:06:59	Sn t	Tin	<	1,5	µg/L
OW172100	2024-03-12	     11298	08:06:59	SO4=	Sulfaat	=	88	mg/L
OW172100	2024-03-12	     11298	08:06:59	Sotalol	Sotalol	=	111	ng/L
OW172100	2024-03-12	     11298	08:06:59	SotalolHCl	Sotalol, waterstofchloride	=	125	ng/L
OW172100	2024-03-12	     11298	08:06:59	Styreen	Styreen	<	0,125	µg/L
OW172100	2024-03-12	     11298	08:06:59	Sulfamazol	Sulfamethoxazol	=	32,5	ng/L
OW172100	2024-03-12	     11298	08:06:59	T	Temperatuur	=	9,4	°C
OW172100	2024-03-12	     11298	08:06:59	t12CEe	trans-1,2-Dichlooretheen	<	0,125	µg/L
OW172100	2024-03-12	     11298	08:06:59	t13CPe	trans-1,3-Dichloorpropeen	<	0,125	µg/L
OW172100	2024-03-12	     11298	08:06:59	TAM	Alkaliniteit met methyloranje	=	5,1	meq/L
OW172100	2024-03-12	     11298	08:06:59	TBEP	Tributoxyethylfosfaat	<	24	ng/L
OW172100	2024-03-12	     11298	08:06:59	TBMa	Tribroommethaan	<	0,125	µg/L
OW172100	2024-03-12	     11298	08:06:59	TBP	Tributylfosfaat	<	18	ng/L
OW172100	2024-03-12	     11298	08:06:59	TBySn	Tributyltin	=	0,038	ngSn/L
OW172100	2024-03-12	     11298	08:06:59	TCBz	Trichloorbenzenen	<	0,15	µg/L
OW172100	2024-03-12	     11298	08:06:59	tCdaan	trans-Chloordaan	<	0,5	ng/L
OW172100	2024-03-12	     11298	08:06:59	TCEe	Trichlooretheen	<	0,125	µg/L
OW172100	2024-03-12	     11298	08:06:59	TCEP	Tris-(2-chloorethyl)-fosfaat	=	19	ng/L
OW172100	2024-03-12	     11298	08:06:59	TclofosMy	Tolclofos-methyl	<	2	ng/L
OW172100	2024-03-12	     11298	08:06:59	TCMa	Trichloormethaan	<	0,125	µg/L
OW172100	2024-03-12	     11298	08:06:59	TCPP	Tris-(2-chloorisopropyl)-fosfaat	=	170	ng/L
OW172100	2024-03-12	     11298	08:06:59	Te o	Telluur	<	2,5	µg/L
OW172100	2024-03-12	     11298	08:06:59	Te t	Telluur	<	2,5	µg/L
OW172100	2024-03-12	     11298	08:06:59	Telodrin	Telodrin	<	1	ng/L
OW172100	2024-03-12	     11298	08:06:59	Terbufos	Terbufos	<	2	ng/L
OW172100	2024-03-12	     11298	08:06:59	Terbutryn	Terbutryn	<	10	ng/L
OW172100	2024-03-12	     11298	08:06:59	Tfluralin	Trifluralin	<	2	ng/L
OW172100	2024-03-12	     11298	08:06:59	TFySn	Trifenyltin	=	0,018	ngSn/L
OW172100	2024-03-12	     11298	08:06:59	TFySn som	Trifenyltinacetaat, chloride, hydroxide	=	0,018	ngSn/L
OW172100	2024-03-12	     11298	08:06:59	Thiacloprid	Thiacloprid	<	2,5	ng/L
OW172100	2024-03-12	     11298	08:06:59	tHpCEpx	trans-Heptachloorepoxyde	<	2	ng/L
OW172100	2024-03-12	     11298	08:06:59	Ti o	Titaan	<	2	µg/L
OW172100	2024-03-12	     11298	08:06:59	Ti t	Titaan	=	44	µg/L
OW172100	2024-03-12	     11298	08:06:59	Tl o	Thallium	<	0,1	µg/L
OW172100	2024-03-12	     11298	08:06:59	Tl t	Thallium	<	0,1	µg/L
OW172100	2024-03-12	     11298	08:06:59	Tmethoxam	Thiamethoxam	<	5	ng/L
OW172100	2024-03-12	     11298	08:06:59	Tolueen	Tolueen	<	0,125	µg/L
OW172100	2024-03-12	     11298	08:06:59	TPP	Trifenylfosfaat	=	13	ng/L
OW172100	2024-03-12	     11298	08:06:59	TrByaz	Terbutylazine	<	5	ng/L
OW172100	2024-03-12	     11298	08:06:59	Triazofos	Triazofos	<	1	ng/L
OW172100	2024-03-12	     11298	08:06:59	triCFolsom	Trichloorfenolen	<	300	ng/L
OW172100	2024-03-12	     11298	08:06:59	Triclopyr	Triclopyr	<	25	ng/L
OW172100	2024-03-12	     11298	08:06:59	Trimoprim	Trimethoprim	<	10	ng/L
OW172100	2024-03-12	     11298	08:06:59	TtBySn	Tetrabutyltin	<	0,34	ngSn/L
OW172100	2024-03-12	     11298	08:06:59	TtCEe	Tetrachlooretheen	<	0,125	µg/L
OW172100	2024-03-12	     11298	08:06:59	TtCMa	Tetrachloormethaan	<	0,125	µg/L
OW172100	2024-03-12	     11298	08:06:59	U o	Uranium	=	1,61	µg/L
OW172100	2024-03-12	     11298	08:06:59	U t	Uranium	=	1,81	µg/L
OW172100	2024-03-12	     11298	08:06:59	V o	Vanadium	<	3	µg/L
OW172100	2024-03-12	     11298	08:06:59	V t	Vanadium	=	7,2	µg/L
OW172100	2024-03-12	     11298	08:06:59	VinCl	Vinylchloride	<	0,125	µg/L
OW172100	2024-03-12	     11298	08:06:59	Zn o	Zink	<	15	µg/L
OW172100	2024-03-12	     11298	08:06:59	Zn t	Zink	=	37,7	µg/L
OW172100	2024-03-12	     11298	08:06:59	ZS	Zwevende stoffen	=	39	mg/L
OW172100	2024-04-09	     12576	08:56:40	10:2 FTS	10:2 fluortelomeersulfonzuur (10:2 FTS)	<	5	ng/L
OW172100	2024-04-09	     12576	08:56:40	1112CEa	1,1,1,2-Tetrachloorethaan	<	0,125	µg/L
OW172100	2024-04-09	     12576	08:56:40	111CEa	1,1,1-Trichloorethaan	<	0,125	µg/L
OW172100	2024-04-09	     12576	08:56:40	1122CEa	1,1,2,2-Tetrachloorethaan	<	0,175	µg/L
OW172100	2024-04-09	     12576	08:56:40	112CEa	1,1,2-Trichloorethaan	<	0,125	µg/L
OW172100	2024-04-09	     12576	08:56:40	112CTFEa	1,1,2-Trichloortrifluorethaan	<	0,125	µg/L
OW172100	2024-04-09	     12576	08:56:40	11CEa	1,1-Dichloorethaan	<	0,125	µg/L
OW172100	2024-04-09	     12576	08:56:40	11CEe	1,1-Dichlooretheen	<	0,125	µg/L
OW172100	2024-04-09	     12576	08:56:40	1234CBz	1,2,3,4-Tetrachloorbenzeen	<	1	ng/L
OW172100	2024-04-09	     12576	08:56:40	1235+1245CBz	1,2,3,5+1,2,4,5-Tetrachloorbenzeen	<	1,5	ng/L
OW172100	2024-04-09	     12576	08:56:40	123CBz	1,2,3-Trichloorbenzeen	<	0,05	µg/L
OW172100	2024-04-09	     12576	08:56:40	124CBz	1,2,4-Trichloorbenzeen	<	0,05	µg/L
OW172100	2024-04-09	     12576	08:56:40	124MyBz	1,2,4-Trimethylbenzeen	<	0,125	µg/L
OW172100	2024-04-09	     12576	08:56:40	12BEa	1,2-Dibroomethaan	<	0,125	µg/L
OW172100	2024-04-09	     12576	08:56:40	12CBz	1,2-Dichloorbenzeen	<	0,125	µg/L
OW172100	2024-04-09	     12576	08:56:40	12CEa	1,2-Dichloorethaan	<	0,125	µg/L
OW172100	2024-04-09	     12576	08:56:40	12CEe	1,2-Dichlooretheen	<	0,25	µg/L
OW172100	2024-04-09	     12576	08:56:40	12CPa	1,2-Dichloorpropaan	<	0,125	µg/L
OW172100	2024-04-09	     12576	08:56:40	135CBz	1,3,5-Trichloorbenzeen	<	0,05	µg/L
OW172100	2024-04-09	     12576	08:56:40	135MyBz	1,3,5-Trimethylbenzeen	<	0,125	µg/L
OW172100	2024-04-09	     12576	08:56:40	13CBz	1,3-Dichloorbenzeen	<	0,125	µg/L
OW172100	2024-04-09	     12576	08:56:40	14CBz	1,4-Dichloorbenzeen	<	0,125	µg/L
OW172100	2024-04-09	     12576	08:56:40	2+3+4MyFol	som 2-methylfenol, 3-methylfenol en 4-methylfenol	<	150	ng/L
OW172100	2024-04-09	     12576	08:56:40	2345CFol	2,3,4,5-Tetrachloorfenol	<	50	ng/L
OW172100	2024-04-09	     12576	08:56:40	2346CFol	2,3,4,6-Tetrachloorfenol	<	50	ng/L
OW172100	2024-04-09	     12576	08:56:40	234CFol	2,3,4-Trichloorfenol	<	50	ng/L
OW172100	2024-04-09	     12576	08:56:40	2356CFol	2,3,5,6-Tetrachloorfenol	<	50	ng/L
OW172100	2024-04-09	     12576	08:56:40	2356CNiBz	2,3,5,6-Tetrachloornitrobenzeen	<	2	ng/L
OW172100	2024-04-09	     12576	08:56:40	235CFol	2,3,5-Trichloorfenol	<	50	ng/L
OW172100	2024-04-09	     12576	08:56:40	235MyFol	2,3,5-Trimethylfenol	<	50	ng/L
OW172100	2024-04-09	     12576	08:56:40	236CFol	2,3,6-Trichloorfenol	<	50	ng/L
OW172100	2024-04-09	     12576	08:56:40	23CFol	2,3-Dichloorfenol	<	50	ng/L
OW172100	2024-04-09	     12576	08:56:40	23CPe	2,3-Dichloorpropeen	<	0,125	µg/L
OW172100	2024-04-09	     12576	08:56:40	23MyFol	2,3-Dimethylfenol	<	50	ng/L
OW172100	2024-04-09	     12576	08:56:40	24-D	2,4-Dichloorfenoxyazijnzuur	<	25	ng/L
OW172100	2024-04-09	     12576	08:56:40	24-DB	2,4-Dichloorfenoxybutaanzuur	<	25	ng/L
OW172100	2024-04-09	     12576	08:56:40	24-DP	Dichloorprop	<	25	ng/L
OW172100	2024-04-09	     12576	08:56:40	24+25-CFol	2,4+2,5-Dichloorfenol	<	100	ng/L
OW172100	2024-04-09	     12576	08:56:40	245-T	2,4,5-Trichloorfenoxyazijnzuur	<	25	ng/L
OW172100	2024-04-09	     12576	08:56:40	245CFol	2,4,5-Trichloorfenol	<	50	ng/L
OW172100	2024-04-09	     12576	08:56:40	246CFol	2,4,6-Trichloorfenol	<	50	ng/L
OW172100	2024-04-09	     12576	08:56:40	24DDD	op'Dichloordifenyldichloorethaan	<	1	ng/L
OW172100	2024-04-09	     12576	08:56:40	24DDE	op'Dichloordifenyldichlooretheen	<	1	ng/L
OW172100	2024-04-09	     12576	08:56:40	24DDT	op'Dichloordifenyltrichloorethaan	<	1	ng/L
OW172100	2024-04-09	     12576	08:56:40	24MyFol	2,4-Dimethylfenol	<	50	ng/L
OW172100	2024-04-09	     12576	08:56:40	24NiFol	2,4-Dinitrofenol	<	25	ng/L
OW172100	2024-04-09	     12576	08:56:40	25MyFol	2,5-Dimethylfenol	<	50	ng/L
OW172100	2024-04-09	     12576	08:56:40	26CFol	2,6-Dichloorfenol	<	50	ng/L
OW172100	2024-04-09	     12576	08:56:40	26MyFol	2,6-Dimethylfenol	<	50	ng/L
OW172100	2024-04-09	     12576	08:56:40	2CFol	2-Chloorfenol	<	50	ng/L
OW172100	2024-04-09	     12576	08:56:40	2CTol	2-Chloortolueen	<	0,125	µg/L
OW172100	2024-04-09	     12576	08:56:40	2EyFol	2-Ethylfenol	<	50	ng/L
OW172100	2024-04-09	     12576	08:56:40	2hAtraz	2-Hydroxy-atrazine	=	34	ng/L
OW172100	2024-04-09	     12576	08:56:40	2iPyFol	2-Isopropylfenol	<	50	ng/L
OW172100	2024-04-09	     12576	08:56:40	2MyFol	2-Methylfenol	<	50	ng/L
OW172100	2024-04-09	     12576	08:56:40	345CFol	3,4,5-Trichloorfenol	<	50	ng/L
OW172100	2024-04-09	     12576	08:56:40	34CFol	3,4-Dichloorfenol	<	50	ng/L
OW172100	2024-04-09	     12576	08:56:40	34MyFol	3,4-Dimethylfenol	<	50	ng/L
OW172100	2024-04-09	     12576	08:56:40	35CFol	3,5-Dichloorfenol	<	50	ng/L
OW172100	2024-04-09	     12576	08:56:40	3CFol	3-Chloorfenol	<	50	ng/L
OW172100	2024-04-09	     12576	08:56:40	3CPe	3-Chloorpropeen	<	0,125	µg/L
OW172100	2024-04-09	     12576	08:56:40	3CTol	3-Chloortolueen	<	0,125	µg/L
OW172100	2024-04-09	     12576	08:56:40	3EyFol	3-Ethylfenol	<	50	ng/L
OW172100	2024-04-09	     12576	08:56:40	3MyFol	3-Methylfenol	<	50	ng/L
OW172100	2024-04-09	     12576	08:56:40	44DDD	pp'Dichloordifenyldichloorethaan	<	1	ng/L
OW172100	2024-04-09	     12576	08:56:40	44DDE	pp'Dichloordifenyldichlooretheen	<	1	ng/L
OW172100	2024-04-09	     12576	08:56:40	44DDT	pp'Dichloordifenyltrichloorethaan	<	1	ng/L
OW172100	2024-04-09	     12576	08:56:40	4C35MyFol	4-Chloor-3,5-dimethylfenol	<	50	ng/L
OW172100	2024-04-09	     12576	08:56:40	4C3MyFol	4-Chloor-3-methylfenol	<	50	ng/L
OW172100	2024-04-09	     12576	08:56:40	4CFol	4-Chloorfenol	<	50	ng/L
OW172100	2024-04-09	     12576	08:56:40	4CTol	4-Chloortolueen	<	0,125	µg/L
OW172100	2024-04-09	     12576	08:56:40	4EyFol + 35MyFol	4-ethylfenol + 3,5 dimethylfenol	<	100	ng/L
OW172100	2024-04-09	     12576	08:56:40	4MyFol	4-Methylfenol	<	50	ng/L
OW172100	2024-04-09	     12576	08:56:40	4tOyFol	4-tert-Octylfenol	<	15	ng/L
OW172100	2024-04-09	     12576	08:56:40	8:2 FTS	8:2 fluortelomeersulfonzuur (8:2 FTS)	<	20	ng/L
OW172100	2024-04-09	     12576	08:56:40	a+b+d+gHCHS	alfa+beta+gamma+delta Hexachloorcyclohexaan	<	3	ng/L
OW172100	2024-04-09	     12576	08:56:40	a+bEndoS	alfa+beta Endosulfan	<	2	ng/L
OW172100	2024-04-09	     12576	08:56:40	Acenaft	Acenafteen	=	15	ng/L
OW172100	2024-04-09	     12576	08:56:40	Acenaftyl	Acenaftyleen	<	5	ng/L
OW172100	2024-04-09	     12576	08:56:40	Acetamiprid	Acetamiprid	<	2,5	ng/L
OW172100	2024-04-09	     12576	08:56:40	Aclonifen	Aclonifen	=	5,2	ng/L
OW172100	2024-04-09	     12576	08:56:40	ADEIdrin	Aldrin+Dieldrin+Endrin+Isodrin	<	2,125	ng/L
OW172100	2024-04-09	     12576	08:56:40	aEndo	alfa-Endosulfan	<	1	ng/L
OW172100	2024-04-09	     12576	08:56:40	Ag o	Zilver	<	0,05	µg/L
OW172100	2024-04-09	     12576	08:56:40	Ag t	Zilver	<	0,05	µg/L
OW172100	2024-04-09	     12576	08:56:40	aHCH	alfa-Hexachloorcyclohexaan	<	0,75	ng/L
OW172100	2024-04-09	     12576	08:56:40	Al o	Aluminium	<	150	µg/L
OW172100	2024-04-09	     12576	08:56:40	Alachloor	Alachloor	<	10	ng/L
OW172100	2024-04-09	     12576	08:56:40	Aldrin	Aldrin	<	0,375	ng/L
OW172100	2024-04-09	     12576	08:56:40	Amidotriz	Amidotrizoinezuur	<	15	ng/L
OW172100	2024-04-09	     12576	08:56:40	AMPA	Aminomethylfosfonzuur	=	680	ng/L
OW172100	2024-04-09	     12576	08:56:40	Ant	Anthraceen	<	10	ng/L
OW172100	2024-04-09	     12576	08:56:40	As o	Arseen	=	1,27	µg/L
OW172100	2024-04-09	     12576	08:56:40	As t	Arseen	=	2,06	µg/L
OW172100	2024-04-09	     12576	08:56:40	Atenolol	Atenolol	<	20	ng/L
OW172100	2024-04-09	     12576	08:56:40	Atraz	Atrazine	<	5	ng/L
OW172100	2024-04-09	     12576	08:56:40	AzinfosEy	Azinfos-ethyl	<	2	ng/L
OW172100	2024-04-09	     12576	08:56:40	AzinfosMy	Azinfos-methyl	<	1	ng/L
OW172100	2024-04-09	     12576	08:56:40	B o	Boor	=	65	µg/L
OW172100	2024-04-09	     12576	08:56:40	B t	Boor	=	61	µg/L
OW172100	2024-04-09	     12576	08:56:40	B(a)A	Benzo(a)anthraceen	=	14	ng/L
OW172100	2024-04-09	     12576	08:56:40	B(a)P	Benzo(a)pyreen	<	10	ng/L
OW172100	2024-04-09	     12576	08:56:40	B(b)Flu	Benzo(b)fluorantheen	=	19	ng/L
OW172100	2024-04-09	     12576	08:56:40	B(ghi)Pe	Benzo(g,h,i)peryleen	=	14	ng/L
OW172100	2024-04-09	     12576	08:56:40	B(k)Flu	Benzo(k)fluorantheen	<	10	ng/L
OW172100	2024-04-09	     12576	08:56:40	b2EyHyFt	bis-(2-ethylhexyl)-ftalaat	<	0,17	µg/L
OW172100	2024-04-09	     12576	08:56:40	Ba o	Barium	=	31	µg/L
OW172100	2024-04-09	     12576	08:56:40	Ba t	Barium	=	42	µg/L
OW172100	2024-04-09	     12576	08:56:40	BAM	2,6-Dichloorbenzamide	=	55	ng/L
OW172100	2024-04-09	     12576	08:56:40	BBz	Broombenzeen	<	0,125	µg/L
OW172100	2024-04-09	     12576	08:56:40	BDCMa	Broomdichloormethaan	<	0,125	µg/L
OW172100	2024-04-09	     12576	08:56:40	Be o	Beryllium	<	0,15	µg/L
OW172100	2024-04-09	     12576	08:56:40	Be t	Beryllium	<	0,15	µg/L
OW172100	2024-04-09	     12576	08:56:40	bEndo	beta-Endosulfan	<	1	ng/L
OW172100	2024-04-09	     12576	08:56:40	Bentazone	Bentazone	<	25	ng/L
OW172100	2024-04-09	     12576	08:56:40	Benzeen	Benzeen	<	0,125	µg/L
OW172100	2024-04-09	     12576	08:56:40	Benzotriazool	Benzotriazool	=	480	ng/L
OW172100	2024-04-09	     12576	08:56:40	Bezafibraat	Bezafibraat	<	10	ng/L
OW172100	2024-04-09	     12576	08:56:40	BFlu som	PAK benzo(b+k)fluorantheen (b)	<	29	ng/L
OW172100	2024-04-09	     12576	08:56:40	bFol-A	Bisfenol-A	<	100	ng/L
OW172100	2024-04-09	     12576	08:56:40	bHCH	beta-Hexachloorcyclohexaan	<	0,75	ng/L
OW172100	2024-04-09	     12576	08:56:40	Bifenox	Bifenox	<	2	ng/L
OW172100	2024-04-09	     12576	08:56:40	BPe + IP som	PAK Benzo(g,h,i)peryleen + Indeno(1,2,3-cd)pyreen	<	24	ng/L
OW172100	2024-04-09	     12576	08:56:40	BrfosEy	Bromofos-ethyl	<	1	ng/L
OW172100	2024-04-09	     12576	08:56:40	BrfosMy	Bromofos-methyl	<	1	ng/L
OW172100	2024-04-09	     12576	08:56:40	Bromacil	Bromacil	<	10	ng/L
OW172100	2024-04-09	     12576	08:56:40	Bromoxyn	Bromoxynil	<	25	ng/L
OW172100	2024-04-09	     12576	08:56:40	ByBzyFt	Butylbenzylftalaat	<	0,095	µg/L
OW172100	2024-04-09	     12576	08:56:40	BZV5	Biochemisch zuurstofverbruik na 5d.	<	2	mgO2/L
OW172100	2024-04-09	     12576	08:56:40	c12CEe	cis-1,2-Dichlooretheen	<	0,125	µg/L
OW172100	2024-04-09	     12576	08:56:40	c13CPe	cis-1,3-Dichloorpropeen	<	0,125	µg/L
OW172100	2024-04-09	     12576	08:56:40	Ca o	Calcium	=	110000	µg/L
OW172100	2024-04-09	     12576	08:56:40	Carbamaze	Carbamazepine	=	36,4	ng/L
OW172100	2024-04-09	     12576	08:56:40	Carbdzim	Carbendazim	<	5	ng/L
OW172100	2024-04-09	     12576	08:56:40	Cartamid	Carbetamide	<	10	ng/L
OW172100	2024-04-09	     12576	08:56:40	Cbromuron	Chloorbromuron	<	15	ng/L
OW172100	2024-04-09	     12576	08:56:40	CBz	Chloorbenzeen	<	0,125	µg/L
OW172100	2024-04-09	     12576	08:56:40	CBzsom	Dichloorbenzenen	<	0,375	µg/L
OW172100	2024-04-09	     12576	08:56:40	cCdaan	cis-Chloordaan	<	0,5	ng/L
OW172100	2024-04-09	     12576	08:56:40	Cd o	Cadmium	<	0,05	µg/L
OW172100	2024-04-09	     12576	08:56:40	Cd t	Cadmium	<	0,2	µg/L
OW172100	2024-04-09	     12576	08:56:40	Cdaan	Chloordaan	<	1	ng/L
OW172100	2024-04-09	     12576	08:56:40	Cdazon	Chloridazon	<	5	ng/L
OW172100	2024-04-09	     12576	08:56:40	CFolS	Chloorfenolen	<	150	ng/L
OW172100	2024-04-09	     12576	08:56:40	Cfvinfos	Chloorfenvinfos	<	1	ng/L
OW172100	2024-04-09	     12576	08:56:40	cHpCEpx	cis-Heptachloorepoxyde	<	1	ng/L
OW172100	2024-04-09	     12576	08:56:40	Chr	Chryseen	=	24	ng/L
OW172100	2024-04-09	     12576	08:56:40	Cl-	Chloride	=	37,4	mg/L
OW172100	2024-04-09	     12576	08:56:40	Clarithromyc	Clarithromycine	<	15	ng/L
OW172100	2024-04-09	     12576	08:56:40	Clfyl a	Chlorofyl a	=	7,6	µg/L
OW172100	2024-04-09	     12576	08:56:40	Clindamyc	Clindamycine	<	5	ng/L
OW172100	2024-04-09	     12576	08:56:40	ClindamycineHCl	Clindamycine, waterstofchloride	<	10	ng/L
OW172100	2024-04-09	     12576	08:56:40	Clopyralid	Clopyralid	<	125	ng/L
OW172100	2024-04-09	     12576	08:56:40	Clotidine	Clothianidine	<	2,5	ng/L
OW172100	2024-04-09	     12576	08:56:40	Clozapine	Clozapine	<	5	ng/L
OW172100	2024-04-09	     12576	08:56:40	Co o	Kobalt	=	0,26	µg/L
OW172100	2024-04-09	     12576	08:56:40	Co t	Kobalt	=	1,03	µg/L
OW172100	2024-04-09	     12576	08:56:40	CpfosEy	Chloorpyrifos-ethyl	<	2	ng/L
OW172100	2024-04-09	     12576	08:56:40	CpfosMy	Chloorpyrifos-methyl	<	2	ng/L
OW172100	2024-04-09	     12576	08:56:40	Cprofam	Chloorprofam	<	2	ng/L
OW172100	2024-04-09	     12576	08:56:40	Cr o	Chroom	<	1,5	µg/L
OW172100	2024-04-09	     12576	08:56:40	Cr t	Chroom	=	4,73	µg/L
OW172100	2024-04-09	     12576	08:56:40	ct13CPe	1,3-Dichloorpropeen (cis+trans)	<	0,25	µg/L
OW172100	2024-04-09	     12576	08:56:40	CTolS	Chloortoluenen	<	0,375	µg/L
OW172100	2024-04-09	     12576	08:56:40	Ctoluron	Chloortoluron	=	68	ng/L
OW172100	2024-04-09	     12576	08:56:40	Cu o	Koper	<	2	µg/L
OW172100	2024-04-09	     12576	08:56:40	Cu t	Koper	=	5,08	µg/L
OW172100	2024-04-09	     12576	08:56:40	Cumafos	Cumafos	<	1	ng/L
OW172100	2024-04-09	     12576	08:56:40	Cyanaz	Cyanazine	<	5	ng/L
OW172100	2024-04-09	     12576	08:56:40	Cybutrine	Cybutrine	<	1	ng/L
OW172100	2024-04-09	     12576	08:56:40	Cypmethrin	Cypermethrin	<	3	ng/L
OW172100	2024-04-09	     12576	08:56:40	CZV	Chemisch zuurstofverbruik	=	17,1	mgO2/L
OW172100	2024-04-09	     12576	08:56:40	DBCMa	Dibroomchloormethaan	<	0,125	µg/L
OW172100	2024-04-09	     12576	08:56:40	DBMa	Dibroommethaan	<	0,125	µg/L
OW172100	2024-04-09	     12576	08:56:40	DBySn	Dibutyltin	<	2,1	ngSn/L
OW172100	2024-04-09	     12576	08:56:40	DBySn som	Dibutyltinverbindingen	<	2,1	ngSn/L
OW172100	2024-04-09	     12576	08:56:40	dBz(ah)An	Dibenzo(a,h)anthraceen	<	5	ng/L
OW172100	2024-04-09	     12576	08:56:40	DcHyFt	Dicyclohexylftalaat	<	0,1	µg/L
OW172100	2024-04-09	     12576	08:56:40	DCMa	Dichloormethaan	<	0,125	µg/L
OW172100	2024-04-09	     12576	08:56:40	DCvos	Dichloorvos	<	1	ng/L
OW172100	2024-04-09	     12576	08:56:40	DDT t	DDT, totaal	<	4	ng/L
OW172100	2024-04-09	     12576	08:56:40	Demeton	Demeton	<	25	ng/L
OW172100	2024-04-09	     12576	08:56:40	Demeton-O	Demeton-O	<	16	ng/L
OW172100	2024-04-09	     12576	08:56:40	Demeton-S	Demeton-S	<	9	ng/L
OW172100	2024-04-09	     12576	08:56:40	DEyatraz	Desethylatrazine	<	10	ng/L
OW172100	2024-04-09	     12576	08:56:40	DEyFt	Diethylftalaat	<	0,125	µg/L
OW172100	2024-04-09	     12576	08:56:40	DEytByaz	Desethylterbutylazine	<	10	ng/L
OW172100	2024-04-09	     12576	08:56:40	Dflucan	Diflufenican	=	32	ng/L
OW172100	2024-04-09	     12576	08:56:40	dHCH	delta-Hexachloorcyclohexaan	<	0,75	ng/L
OW172100	2024-04-09	     12576	08:56:40	Diazinon	Diazinon	<	2	ng/L
OW172100	2024-04-09	     12576	08:56:40	DiByFt	Di-isobutylftalaat	<	0,105	µg/L
OW172100	2024-04-09	     12576	08:56:40	Dicamba	Dicamba	<	150	ng/L
OW172100	2024-04-09	     12576	08:56:40	Diclofenac	Diclofenac	=	63	ng/L
OW172100	2024-04-09	     12576	08:56:40	Dieldrin	Dieldrin	<	1	ng/L
OW172100	2024-04-09	     12576	08:56:40	Dimdazol	Dimetridazol	<	10	ng/L
OW172100	2024-04-09	     12576	08:56:40	DiMetamid	Dimethenamid	<	5	ng/L
OW172100	2024-04-09	     12576	08:56:40	DiMetmorf	Dimethomorf	<	5	ng/L
OW172100	2024-04-09	     12576	08:56:40	DiPyatraz	Desisopropylatrazine	<	10	ng/L
OW172100	2024-04-09	     12576	08:56:40	DiPyEt	Di-isopropylether	<	0,125	µg/L
OW172100	2024-04-09	     12576	08:56:40	Diuron	Diuron	<	10	ng/L
OW172100	2024-04-09	     12576	08:56:40	Dmetoat	Dimethoaat	<	2	ng/L
OW172100	2024-04-09	     12576	08:56:40	DMyFol som	Som van de dimethylfenolen	<	250	ng/L
OW172100	2024-04-09	     12576	08:56:40	DMyFt	Dimethylftalaat	<	0,105	µg/L
OW172100	2024-04-09	     12576	08:56:40	DnByFt	Di-n-butylftalaat	<	0,105	µg/L
OW172100	2024-04-09	     12576	08:56:40	DNOC	4,6-Dinitro-o-cresol	<	25	ng/L
OW172100	2024-04-09	     12576	08:56:40	DnOyFt	Di-n-octylftalaat	<	0,055	µg/L
OW172100	2024-04-09	     12576	08:56:40	DOC	Koolstof	=	6,3	mgC/L
OW172100	2024-04-09	     12576	08:56:40	DONA	4,8-dioxa-3H-perfluornonaanzuur (DONA)	<	2,5	ng/L
OW172100	2024-04-09	     12576	08:56:40	DPnyFt	Dipentylftalaat	<	0,095	µg/L
OW172100	2024-04-09	     12576	08:56:40	Dsulfoton	Disulfoton	<	16	ng/L
OW172100	2024-04-09	     12576	08:56:40	EC 20	Geleidbaarheid (20°C)	=	657	µS/cm
OW172100	2024-04-09	     12576	08:56:40	EC 25	Geleidbaarheid (25°C)	=	719,7435	µS/cm
OW172100	2024-04-09	     12576	08:56:40	EHDPP	2-Ethylhexyldifenylfosfaat	<	16	ng/L
OW172100	2024-04-09	     12576	08:56:40	EndoS	Endosulfansulfaat	<	1	ng/L
OW172100	2024-04-09	     12576	08:56:40	Endrin	Endrin	<	0,375	ng/L
OW172100	2024-04-09	     12576	08:56:40	Etfum	Ethofumesaat	<	4	ng/L
OW172100	2024-04-09	     12576	08:56:40	Ethopfos	Ethoprofos	<	1	ng/L
OW172100	2024-04-09	     12576	08:56:40	EtPFOSA	N-ethylperfluoroctaan-1-sulfonamide (EtPFOSA)	<	5	ng/L
OW172100	2024-04-09	     12576	08:56:40	EtPFOSA totaal	Totaal N-ethylperfluoroctaansulfonamide (lin+vert)	<	5	ng/L
OW172100	2024-04-09	     12576	08:56:40	EtPFOSA vertakt	= EtPFOSAtotaal - EtPFOSA	<	5	ng/L
OW172100	2024-04-09	     12576	08:56:40	EtPFOSAA	N-ethylperfluoroctaansulfonamidoazijnzuur	<	0,5	ng/L
OW172100	2024-04-09	     12576	08:56:40	EyBz	Ethylbenzeen	<	0,125	µg/L
OW172100	2024-04-09	     12576	08:56:40	EytByEt	Ethyl-tert-butylether	<	0,125	µg/L
OW172100	2024-04-09	     12576	08:56:40	F- o	Fluoride	=	0,29	mg/L
OW172100	2024-04-09	     12576	08:56:40	Fe o	Ijzer	<	25	µg/L
OW172100	2024-04-09	     12576	08:56:40	Fe t	Ijzer	=	2070	µg/L
OW172100	2024-04-09	     12576	08:56:40	Fen	Fenantreen	=	27	ng/L
OW172100	2024-04-09	     12576	08:56:40	Fenazon	Fenazon	<	5	ng/L
OW172100	2024-04-09	     12576	08:56:40	Fenithion	Fenitrothion	<	2	ng/L
OW172100	2024-04-09	     12576	08:56:40	Fenoprop	Fenoprop	<	25	ng/L
OW172100	2024-04-09	     12576	08:56:40	Fenthion	Fenthion	<	1	ng/L
OW172100	2024-04-09	     12576	08:56:40	Feofyt a	Feofytine a	<	8,92	µg/L
OW172100	2024-04-09	     12576	08:56:40	Fipronil	Fipronil	<	2	ng/L
OW172100	2024-04-09	     12576	08:56:40	Floxpyr	Fluroxypyr	<	50	ng/L
OW172100	2024-04-09	     12576	08:56:40	Flu	Fluorantheen	=	47	ng/L
OW172100	2024-04-09	     12576	08:56:40	Flucet	Flufenacet	=	35	ng/L
OW172100	2024-04-09	     12576	08:56:40	Fluoreen	Fluoreen	=	13	ng/L
OW172100	2024-04-09	     12576	08:56:40	Fol	Fenol	<	250	ng/L
OW172100	2024-04-09	     12576	08:56:40	Fonofos	Fonofos	<	2	ng/L
OW172100	2024-04-09	     12576	08:56:40	Gabapentine	Gabapentine	=	240	ng/L
OW172100	2024-04-09	     12576	08:56:40	gHCH	gamma-Hexachloorcyclohexaan	<	0,75	ng/L
OW172100	2024-04-09	     12576	08:56:40	Glyfosaat	Glyfosaat	=	240	ng/L
OW172100	2024-04-09	     12576	08:56:40	H t	Hardheid	=	31,916666666666666702	°F
OW172100	2024-04-09	     12576	08:56:40	HCBdn	Hexachloorbutadieen	<	1	ng/L
OW172100	2024-04-09	     12576	08:56:40	HCBz	Hexachloorbenzeen	<	1,5	ng/L
OW172100	2024-04-09	     12576	08:56:40	HCH	Hexachloorcyclohexaan, alle isomeren	<	3	ng/L
OW172100	2024-04-09	     12576	08:56:40	Hexazinon	Hexazinon	<	10	ng/L
OW172100	2024-04-09	     12576	08:56:40	HFPO-DA	2,3,3,3-tetrafluor-2(heptafluorpropoxy)propionzuur	<	1	ng/L
OW172100	2024-04-09	     12576	08:56:40	Hg o	Kwik	<	0,025	µg/L
OW172100	2024-04-09	     12576	08:56:40	Hg t	Kwik	<	0,025	µg/L
OW172100	2024-04-09	     12576	08:56:40	HpC	Heptachloor	<	1	ng/L
OW172100	2024-04-09	     12576	08:56:40	HpC+Epx	Heptachloor+epoxyde	<	4	ng/L
OW172100	2024-04-09	     12576	08:56:40	HyCtazide	Hydrochloorthiazide	=	50	ng/L
OW172100	2024-04-09	     12576	08:56:40	Imcloprid	Imidacloprid	<	5	ng/L
OW172100	2024-04-09	     12576	08:56:40	Iopamidol	Iopamidol	<	5	ng/L
OW172100	2024-04-09	     12576	08:56:40	Iopromide	Iopromide	=	32,2	ng/L
OW172100	2024-04-09	     12576	08:56:40	IP	Indeno(1,2,3-cd)pyreen	<	10	ng/L
OW172100	2024-04-09	     12576	08:56:40	Iproturon	Isoproturon	<	5	ng/L
OW172100	2024-04-09	     12576	08:56:40	iPyBz	Isopropylbenzeen	<	0,125	µg/L
OW172100	2024-04-09	     12576	08:56:40	Irbesartan	Irbesartan	=	166	ng/L
OW172100	2024-04-09	     12576	08:56:40	Isodrin	Isodrin	<	0,375	ng/L
OW172100	2024-04-09	     12576	08:56:40	K o	Kalium	=	8700	µg/L
OW172100	2024-04-09	     12576	08:56:40	Ketoprofen	Ketoprofen	<	5	ng/L
OW172100	2024-04-09	     12576	08:56:40	KjN	Kjeldahlstikstof	<	0,44	mgN/L
OW172100	2024-04-09	     12576	08:56:40	KWS ap.	Apolaire koolwaterstoffen	=	122	µg/L
OW172100	2024-04-09	     12576	08:56:40	KWS C10-12	Apolaire koolwaterstoffen, fractie C10-C12	=	8	%
OW172100	2024-04-09	     12576	08:56:40	KWS C12-20	Apolaire koolwaterstoffen, fractie C12-C20	=	19	%
OW172100	2024-04-09	     12576	08:56:40	KWS C20-30	Apolaire koolwaterstoffen, fractie C20-C30	=	43	%
OW172100	2024-04-09	     12576	08:56:40	KWS C30-40	Apolaire koolwaterstoffen, fractie C30-C40	=	30	%
OW172100	2024-04-09	     12576	08:56:40	Lenacil	Lenacil	<	25	ng/L
OW172100	2024-04-09	     12576	08:56:40	Lidocaine	Lidocaine	=	10,2	ng/L
OW172100	2024-04-09	     12576	08:56:40	Linuron	Linuron	<	5	ng/L
OW172100	2024-04-09	     12576	08:56:40	Malathion	Malathion	<	2	ng/L
OW172100	2024-04-09	     12576	08:56:40	Mbromuron	Metobromuron	<	10	ng/L
OW172100	2024-04-09	     12576	08:56:40	mBthiaz	Metabenzthiazuron	<	5	ng/L
OW172100	2024-04-09	     12576	08:56:40	MCPA	(4-Chloor-2-methylfenoxy)azijnzuur	=	160	ng/L
OW172100	2024-04-09	     12576	08:56:40	MCPB	4-(4-Chloor-2-methylfenoxy)boterzuur	<	25	ng/L
OW172100	2024-04-09	     12576	08:56:40	MCPP	Mecoprop	<	25	ng/L
OW172100	2024-04-09	     12576	08:56:40	MePFBSAA	N-methylperfluorbutaansulfonamidoazijnzuur	<	0,5	ng/L
OW172100	2024-04-09	     12576	08:56:40	MePFOSA	N-methylperfluoroctaan-1-sulfonamide (MePFOSA)	<	5	ng/L
OW172100	2024-04-09	     12576	08:56:40	MePFOSA totaal	Totaal N-methylperfluoroctaansulfonamide (lin+ver)	<	5	ng/L
OW172100	2024-04-09	     12576	08:56:40	MePFOSA vertakt	= MePFOSAtotaal - MePFOSA	<	5	ng/L
OW172100	2024-04-09	     12576	08:56:40	MePFOSAA	N-methylperfluoroctaansulfonamidoazijnzuur	<	0,5	ng/L
OW172100	2024-04-09	     12576	08:56:40	Metaza	Metazachloor	<	5	ng/L
OW172100	2024-04-09	     12576	08:56:40	Metbuzin	Metribuzin	<	4	ng/L
OW172100	2024-04-09	     12576	08:56:40	Metcarb	Methiocarb	<	1	ng/L
OW172100	2024-04-09	     12576	08:56:40	Methidat	Methidation	<	1	ng/L
OW172100	2024-04-09	     12576	08:56:40	Metola	Metolachloor	<	10	ng/L
OW172100	2024-04-09	     12576	08:56:40	Metoprolol	Metoprolol	<	10	ng/L
OW172100	2024-04-09	     12576	08:56:40	Metoprololtartraat	Metoprololtartraat	<	12,5	ng/L
OW172100	2024-04-09	     12576	08:56:40	Metoxur	Metoxuron	<	5	ng/L
OW172100	2024-04-09	     12576	08:56:40	Mevinfos	Mevinfos	<	1	ng/L
OW172100	2024-04-09	     12576	08:56:40	Mg o	Magnesium	=	10600	µg/L
OW172100	2024-04-09	     12576	08:56:40	Mlinuron	Monolinuron	<	5	ng/L
OW172100	2024-04-09	     12576	08:56:40	Mmitron	Metamitron	<	5	ng/L
OW172100	2024-04-09	     12576	08:56:40	Mn o	Mangaan	=	22,2	µg/L
OW172100	2024-04-09	     12576	08:56:40	Mn t	Mangaan	=	106	µg/L
OW172100	2024-04-09	     12576	08:56:40	Mo o	Molybdeen	<	1,25	µg/L
OW172100	2024-04-09	     12576	08:56:40	Mo t	Molybdeen	<	2,5	µg/L
OW172100	2024-04-09	     12576	08:56:40	mpXyl	Xylenen (m+p)	<	0,125	µg/L
OW172100	2024-04-09	     12576	08:56:40	MxyC	Methoxychloor	<	1	ng/L
OW172100	2024-04-09	     12576	08:56:40	MytByEt	Methyl-tert.butylether	<	0,125	µg/L
OW172100	2024-04-09	     12576	08:56:40	N t	Stikstof	=	5,5	mgN/L
OW172100	2024-04-09	     12576	08:56:40	N+N	Nitraat+nitriet	=	5,216	mgN/L
OW172100	2024-04-09	     12576	08:56:40	N+N+N	Nitraat+nitriet+ammonium	=	5,45	mgN/L
OW172100	2024-04-09	     12576	08:56:40	Na o	Natrium	=	25100	µg/L
OW172100	2024-04-09	     12576	08:56:40	Na_diclofenac	Diclofenac, natrium	=	67	ng/L
OW172100	2024-04-09	     12576	08:56:40	Naft	Naftaleen	<	20	ng/L
OW172100	2024-04-09	     12576	08:56:40	Naproxen	Naproxen	=	44	ng/L
OW172100	2024-04-09	     12576	08:56:40	NH4+	Ammonium	=	0,234	mgN/L
OW172100	2024-04-09	     12576	08:56:40	Ni o	Nikkel	<	3,2	µg/L
OW172100	2024-04-09	     12576	08:56:40	Ni t	Nikkel	=	4,74	µg/L
OW172100	2024-04-09	     12576	08:56:40	NO2-	Nitriet	=	0,116	mgN/L
OW172100	2024-04-09	     12576	08:56:40	NO3-	Nitraat	=	5,1	mgN/L
OW172100	2024-04-09	     12576	08:56:40	NPOC	Koolstof	=	9,1	mgC/L
OW172100	2024-04-09	     12576	08:56:40	NyFol	Nonylfenol	<	150	ng/L
OW172100	2024-04-09	     12576	08:56:40	NyFolsom	Nonylfenolen	<	150	ng/L
OW172100	2024-04-09	     12576	08:56:40	O2	Zuurstof	=	9,48	mg/L
OW172100	2024-04-09	     12576	08:56:40	O2 verz	Zuurstof	=	91,8	%
OW172100	2024-04-09	     12576	08:56:40	OCP t	Organochloorpesticiden, totaal	<	15,875	ng/L
OW172100	2024-04-09	     12576	08:56:40	ompXyl	Xylenen (o+m+p)	<	0,25	µg/L
OW172100	2024-04-09	     12576	08:56:40	oPO4 f	Orthofosfaat	=	0,159	mgP/L
OW172100	2024-04-09	     12576	08:56:40	Oxadiazon	Oxadiazon	<	2	ng/L
OW172100	2024-04-09	     12576	08:56:40	oXyl	ortho-Xyleen	<	0,125	µg/L
OW172100	2024-04-09	     12576	08:56:40	OyFolsom	Octylfenolen	<	15	ng/L
OW172100	2024-04-09	     12576	08:56:40	P t	Fosfor	=	0,36	mgP/L
OW172100	2024-04-09	     12576	08:56:40	PAK 10	Polyaromatische KWS (10 Vrom)	<	186	ng/L
OW172100	2024-04-09	     12576	08:56:40	PAK 6	Polyaromatische KWS (6 Borneff)	<	110	ng/L
OW172100	2024-04-09	     12576	08:56:40	PathionEy	Parathion-ethyl	<	1	ng/L
OW172100	2024-04-09	     12576	08:56:40	PathionMy	Parathion-methyl	<	2	ng/L
OW172100	2024-04-09	     12576	08:56:40	Pb o	Lood	<	1,25	µg/L
OW172100	2024-04-09	     12576	08:56:40	Pb t	Lood	=	4,31	µg/L
OW172100	2024-04-09	     12576	08:56:40	PCB 101	2,2',4,5,5'-Pentachloorbifenyl (PCB101)	<	0,5	ng/L
OW172100	2024-04-09	     12576	08:56:40	PCB 118	2,3',4,4',5-Pentachloorbifenyl (PCB118)	<	0,5	ng/L
OW172100	2024-04-09	     12576	08:56:40	PCB 138	2,2',3,4,4',5'-Hexachloorbifenyl (PCB138)	<	0,5	ng/L
OW172100	2024-04-09	     12576	08:56:40	PCB 153	2,2',4,4',5,5'-Hexachloorbifenyl (PCB153)	<	1	ng/L
OW172100	2024-04-09	     12576	08:56:40	PCB 180	2,2',3,4,4',5,5'-Heptachloorbifenyl (PCB180)	<	0,5	ng/L
OW172100	2024-04-09	     12576	08:56:40	PCB 28	2,4,4'-Trichloorbifenyl (PCB28)	<	0,5	ng/L
OW172100	2024-04-09	     12576	08:56:40	PCB 52	2,2',5,5'-Tetrachloorbifenyl (PCB52)	<	0,5	ng/L
OW172100	2024-04-09	     12576	08:56:40	PCB t	Polychloorbifenyl, totaal	<	4	ng/L
OW172100	2024-04-09	     12576	08:56:40	PCBz	Pentachloorbenzeen	<	1,5	ng/L
OW172100	2024-04-09	     12576	08:56:40	PCFol	Pentachloorfenol	<	50	ng/L
OW172100	2024-04-09	     12576	08:56:40	PCNiBz	Pentachloornitrobenzeen	<	2	ng/L
OW172100	2024-04-09	     12576	08:56:40	Pentoxif	Pentoxifylline	<	5	ng/L
OW172100	2024-04-09	     12576	08:56:40	PFAS-43	Som van de 43 PFAS	<	133,6	ng/L
OW172100	2024-04-09	     12576	08:56:40	PFBA	Perfluorbutaanzuur (PFBA)	<	2,5	ng/L
OW172100	2024-04-09	     12576	08:56:40	PFBS	Perfluorbutaansulfonzuur (PFBS)	<	2,5	ng/L
OW172100	2024-04-09	     12576	08:56:40	PFBSA	Perfluorbutaansulfonamide (PFBSA)	=	9,4	ng/L
OW172100	2024-04-09	     12576	08:56:40	PFDA	Perfluordecaanzuur (PFDA)	<	5	ng/L
OW172100	2024-04-09	     12576	08:56:40	PFDoDA	Perfluordodecaanzuur (PFDoDA)	<	1	ng/L
OW172100	2024-04-09	     12576	08:56:40	PFDoDS	Perfluordodecaansulfonzuur (PFDoDS)	<	5	ng/L
OW172100	2024-04-09	     12576	08:56:40	PFDS	Perfluordecaansulfonzuur (PFDS)	<	0,5	ng/L
OW172100	2024-04-09	     12576	08:56:40	PFECHS	Perfluor-4-ethylcyclohexaansulfonzuur (PFECHS)	<	0,5	ng/L
OW172100	2024-04-09	     12576	08:56:40	PFHpA	Perfluorheptaanzuur (PFHpA)	<	2,5	ng/L
OW172100	2024-04-09	     12576	08:56:40	PFHpS	Perfluorheptaansulfonzuur (PFHpS)	<	2,5	ng/L
OW172100	2024-04-09	     12576	08:56:40	PFHxA	Perfluorhexaanzuur (PFHxA)	<	2,5	ng/L
OW172100	2024-04-09	     12576	08:56:40	PFHxS	Perfluorhexaansulfonzuur (PFHxS)	<	2,5	ng/L
OW172100	2024-04-09	     12576	08:56:40	PFHxS totaal	Totaal perfluorhexaansulfonzuur (lineair+vertakt)	<	5	ng/L
OW172100	2024-04-09	     12576	08:56:40	PFHxS vertakt	= PFHxStotaal - PFHxS	<	5	ng/L
OW172100	2024-04-09	     12576	08:56:40	PFHxSA	Perfluorhexaansulfonamide (PFHxSA)	=	11,2	ng/L
OW172100	2024-04-09	     12576	08:56:40	PFNA	Perfluornonaanzuur (PFNA)	<	5	ng/L
OW172100	2024-04-09	     12576	08:56:40	PFNS	Perfluornonaansulfonzuur (PFNS)	<	0,5	ng/L
OW172100	2024-04-09	     12576	08:56:40	PFOA	Perfluoroctaanzuur (PFOA)	<	5	ng/L
OW172100	2024-04-09	     12576	08:56:40	PFOA totaal	Totaal perfluoroctaanzuur (lineair + vertakt)	<	5	ng/L
OW172100	2024-04-09	     12576	08:56:40	PFOA vertakt	= PFOAtotaal - PFOA	<	5	ng/L
OW172100	2024-04-09	     12576	08:56:40	PFOS	Perfluoroctaansulfonzuur (PFOS)	<	2,5	ng/L
OW172100	2024-04-09	     12576	08:56:40	PFOS totaal	Totaal perfluoroctaansulfonzuur (lineair+vertakt)	<	5	ng/L
OW172100	2024-04-09	     12576	08:56:40	PFOS vertakt	= PFOStotaal - PFOS	<	5	ng/L
OW172100	2024-04-09	     12576	08:56:40	PFOSA	Perfluoroctaansulfonamide (PFOSA)	<	0,5	ng/L
OW172100	2024-04-09	     12576	08:56:40	PFOSA totaal	Totaal perfluoroctaansulfonamide (lineair+vertakt)	<	5	ng/L
OW172100	2024-04-09	     12576	08:56:40	PFOSA vertakt	= PFOSAtotaal - PFOSA	<	5	ng/L
OW172100	2024-04-09	     12576	08:56:40	PFPeA	Perfluorpentaanzuur (PFPeA)	<	5	ng/L
OW172100	2024-04-09	     12576	08:56:40	PFPeS	Perfluorpentaansulfonzuur (PFPeS)	<	0,5	ng/L
OW172100	2024-04-09	     12576	08:56:40	PFTrDA	Perfluortridecaanzuur (PFTrDA)	<	5	ng/L
OW172100	2024-04-09	     12576	08:56:40	PFTrDS	Perfluor-1-tridecaansulfonzuur (PFTrS)	<	5	ng/L
OW172100	2024-04-09	     12576	08:56:40	PFUnDA	Perfluorundecaanzuur (PFUnDA)	<	2,5	ng/L
OW172100	2024-04-09	     12576	08:56:40	PFUnDS	Perfluor-1-undecaansulfonzuur (PFUnS)	<	5	ng/L
OW172100	2024-04-09	     12576	08:56:40	pH	pH	=	7,82	-
OW172100	2024-04-09	     12576	08:56:40	Picarb	Pirimicarb	<	5	ng/L
OW172100	2024-04-09	     12576	08:56:40	PirfosMy	Pirimifos-methyl	<	1	ng/L
OW172100	2024-04-09	     12576	08:56:40	Prochloor	Propachloor	<	10	ng/L
OW172100	2024-04-09	     12576	08:56:40	Prometryn	Prometryn	<	10	ng/L
OW172100	2024-04-09	     12576	08:56:40	Propanil	Propanil	<	25	ng/L
OW172100	2024-04-09	     12576	08:56:40	Propanolol	Propanolol	<	15	ng/L
OW172100	2024-04-09	     12576	08:56:40	PropanololHCl	Propanolol, waterstofchloride	<	30	ng/L
OW172100	2024-04-09	     12576	08:56:40	Propaz	Propazine	<	10	ng/L
OW172100	2024-04-09	     12576	08:56:40	PyBz	Propylbenzeen	<	0,125	µg/L
OW172100	2024-04-09	     12576	08:56:40	Pyr	Pyreen	=	35	ng/L
OW172100	2024-04-09	     12576	08:56:40	Quinofen	Quinoxyfen	<	1	ng/L
OW172100	2024-04-09	     12576	08:56:40	Sb o	Antimoon	<	1,5	µg/L
OW172100	2024-04-09	     12576	08:56:40	Sb t	Antimoon	<	1,5	µg/L
OW172100	2024-04-09	     12576	08:56:40	Se o	Seleen	<	1,5	µg/L
OW172100	2024-04-09	     12576	08:56:40	Se t	Seleen	<	1,5	µg/L
OW172100	2024-04-09	     12576	08:56:40	Sebutylaz	Sebutylazine	<	10	ng/L
OW172100	2024-04-09	     12576	08:56:40	Secchi	Doorzichtigheid	=	40	cm
OW172100	2024-04-09	     12576	08:56:40	Simaz	Simazine	<	5	ng/L
OW172100	2024-04-09	     12576	08:56:40	SiO2 o	Silicaat	=	11	mgSiO2/L
OW172100	2024-04-09	     12576	08:56:40	Sn o	Tin	<	1,5	µg/L
OW172100	2024-04-09	     12576	08:56:40	Sn t	Tin	<	1,5	µg/L
OW172100	2024-04-09	     12576	08:56:40	SO4=	Sulfaat	=	72	mg/L
OW172100	2024-04-09	     12576	08:56:40	Sotalol	Sotalol	=	86	ng/L
OW172100	2024-04-09	     12576	08:56:40	SotalolHCl	Sotalol, waterstofchloride	=	97	ng/L
OW172100	2024-04-09	     12576	08:56:40	Styreen	Styreen	<	0,125	µg/L
OW172100	2024-04-09	     12576	08:56:40	Sulfamazol	Sulfamethoxazol	=	26,7	ng/L
OW172100	2024-04-09	     12576	08:56:40	T	Temperatuur	=	13,4	°C
OW172100	2024-04-09	     12576	08:56:40	t12CEe	trans-1,2-Dichlooretheen	<	0,125	µg/L
OW172100	2024-04-09	     12576	08:56:40	t13CPe	trans-1,3-Dichloorpropeen	<	0,125	µg/L
OW172100	2024-04-09	     12576	08:56:40	TAM	Alkaliniteit met methyloranje	=	4,9	meq/L
OW172100	2024-04-09	     12576	08:56:40	TBEP	Tributoxyethylfosfaat	=	44	ng/L
OW172100	2024-04-09	     12576	08:56:40	TBMa	Tribroommethaan	<	0,125	µg/L
OW172100	2024-04-09	     12576	08:56:40	TBP	Tributylfosfaat	<	18	ng/L
OW172100	2024-04-09	     12576	08:56:40	TBySn	Tributyltin	=	0,065	ngSn/L
OW172100	2024-04-09	     12576	08:56:40	TCBz	Trichloorbenzenen	<	0,15	µg/L
OW172100	2024-04-09	     12576	08:56:40	tCdaan	trans-Chloordaan	<	0,5	ng/L
OW172100	2024-04-09	     12576	08:56:40	TCEe	Trichlooretheen	<	0,125	µg/L
OW172100	2024-04-09	     12576	08:56:40	TCEP	Tris-(2-chloorethyl)-fosfaat	<	16	ng/L
OW172100	2024-04-09	     12576	08:56:40	TclofosMy	Tolclofos-methyl	<	2	ng/L
OW172100	2024-04-09	     12576	08:56:40	TCMa	Trichloormethaan	<	0,125	µg/L
OW172100	2024-04-09	     12576	08:56:40	TCPP	Tris-(2-chloorisopropyl)-fosfaat	=	110	ng/L
OW172100	2024-04-09	     12576	08:56:40	TDC(P)P	Tris-(1,3-dichloor-2-propyl)-fosfaat	<	71	ng/L
OW172100	2024-04-09	     12576	08:56:40	Te o	Telluur	<	2,5	µg/L
OW172100	2024-04-09	     12576	08:56:40	Te t	Telluur	<	2,5	µg/L
OW172100	2024-04-09	     12576	08:56:40	Telodrin	Telodrin	<	1	ng/L
OW172100	2024-04-09	     12576	08:56:40	Terbufos	Terbufos	<	2	ng/L
OW172100	2024-04-09	     12576	08:56:40	Terbutryn	Terbutryn	<	10	ng/L
OW172100	2024-04-09	     12576	08:56:40	Tfluralin	Trifluralin	<	2	ng/L
OW172100	2024-04-09	     12576	08:56:40	TFySn	Trifenyltin	<	0,017	ngSn/L
OW172100	2024-04-09	     12576	08:56:40	TFySn som	Trifenyltinacetaat, chloride, hydroxide	<	0,017	ngSn/L
OW172100	2024-04-09	     12576	08:56:40	Thiacloprid	Thiacloprid	<	2,5	ng/L
OW172100	2024-04-09	     12576	08:56:40	tHpCEpx	trans-Heptachloorepoxyde	<	2	ng/L
OW172100	2024-04-09	     12576	08:56:40	Ti o	Titaan	<	2	µg/L
OW172100	2024-04-09	     12576	08:56:40	Ti t	Titaan	=	34	µg/L
OW172100	2024-04-09	     12576	08:56:40	Tl o	Thallium	<	0,1	µg/L
OW172100	2024-04-09	     12576	08:56:40	Tl t	Thallium	<	0,1	µg/L
OW172100	2024-04-09	     12576	08:56:40	Tmethoxam	Thiamethoxam	<	5	ng/L
OW172100	2024-04-09	     12576	08:56:40	Tolueen	Tolueen	<	0,125	µg/L
OW172100	2024-04-09	     12576	08:56:40	TPP	Trifenylfosfaat	<	12	ng/L
OW172100	2024-04-09	     12576	08:56:40	TrByaz	Terbutylazine	<	5	ng/L
OW172100	2024-04-09	     12576	08:56:40	Triazofos	Triazofos	<	1	ng/L
OW172100	2024-04-09	     12576	08:56:40	triCFolsom	Trichloorfenolen	<	300	ng/L
OW172100	2024-04-09	     12576	08:56:40	Triclopyr	Triclopyr	<	25	ng/L
OW172100	2024-04-09	     12576	08:56:40	Trimoprim	Trimethoprim	<	10	ng/L
OW172100	2024-04-09	     12576	08:56:40	TtBySn	Tetrabutyltin	<	0,34	ngSn/L
OW172100	2024-04-09	     12576	08:56:40	TtCEe	Tetrachlooretheen	<	0,125	µg/L
OW172100	2024-04-09	     12576	08:56:40	TtCMa	Tetrachloormethaan	<	0,125	µg/L
OW172100	2024-04-09	     12576	08:56:40	U o	Uranium	=	1,35	µg/L
OW172100	2024-04-09	     12576	08:56:40	U t	Uranium	=	1,46	µg/L
OW172100	2024-04-09	     12576	08:56:40	V o	Vanadium	<	3	µg/L
OW172100	2024-04-09	     12576	08:56:40	V t	Vanadium	=	6,5	µg/L
OW172100	2024-04-09	     12576	08:56:40	Valsartan	Valsartan	=	99	ng/L
OW172100	2024-04-09	     12576	08:56:40	VinCl	Vinylchloride	<	0,125	µg/L
OW172100	2024-04-09	     12576	08:56:40	Zn o	Zink	<	7,5	µg/L
OW172100	2024-04-09	     12576	08:56:40	Zn t	Zink	=	30,2	µg/L
OW172100	2024-04-09	     12576	08:56:40	ZS	Zwevende stoffen	=	50	mg/L
OW172100	2024-05-14	     19643	09:29:58	10:2 FTS	10:2 fluortelomeersulfonzuur (10:2 FTS)	<	5	ng/L
OW172100	2024-05-14	     19643	09:29:58	1112CEa	1,1,1,2-Tetrachloorethaan	<	0,125	µg/L
OW172100	2024-05-14	     19643	09:29:58	111CEa	1,1,1-Trichloorethaan	<	0,125	µg/L
OW172100	2024-05-14	     19643	09:29:58	1122CEa	1,1,2,2-Tetrachloorethaan	<	0,175	µg/L
OW172100	2024-05-14	     19643	09:29:58	112CEa	1,1,2-Trichloorethaan	<	0,125	µg/L
OW172100	2024-05-14	     19643	09:29:58	112CTFEa	1,1,2-Trichloortrifluorethaan	<	0,125	µg/L
OW172100	2024-05-14	     19643	09:29:58	11CEa	1,1-Dichloorethaan	<	0,125	µg/L
OW172100	2024-05-14	     19643	09:29:58	11CEe	1,1-Dichlooretheen	<	0,125	µg/L
OW172100	2024-05-14	     19643	09:29:58	1234CBz	1,2,3,4-Tetrachloorbenzeen	<	1	ng/L
OW172100	2024-05-14	     19643	09:29:58	1235+1245CBz	1,2,3,5+1,2,4,5-Tetrachloorbenzeen	<	1,5	ng/L
OW172100	2024-05-14	     19643	09:29:58	123CBz	1,2,3-Trichloorbenzeen	<	0,05	µg/L
OW172100	2024-05-14	     19643	09:29:58	124CBz	1,2,4-Trichloorbenzeen	<	0,05	µg/L
OW172100	2024-05-14	     19643	09:29:58	124MyBz	1,2,4-Trimethylbenzeen	<	0,125	µg/L
OW172100	2024-05-14	     19643	09:29:58	12BEa	1,2-Dibroomethaan	<	0,125	µg/L
OW172100	2024-05-14	     19643	09:29:58	12CBz	1,2-Dichloorbenzeen	<	0,125	µg/L
OW172100	2024-05-14	     19643	09:29:58	12CEa	1,2-Dichloorethaan	<	0,125	µg/L
OW172100	2024-05-14	     19643	09:29:58	12CEe	1,2-Dichlooretheen	<	0,25	µg/L
OW172100	2024-05-14	     19643	09:29:58	12CPa	1,2-Dichloorpropaan	<	0,125	µg/L
OW172100	2024-05-14	     19643	09:29:58	135CBz	1,3,5-Trichloorbenzeen	<	0,05	µg/L
OW172100	2024-05-14	     19643	09:29:58	135MyBz	1,3,5-Trimethylbenzeen	<	0,125	µg/L
OW172100	2024-05-14	     19643	09:29:58	13CBz	1,3-Dichloorbenzeen	<	0,125	µg/L
OW172100	2024-05-14	     19643	09:29:58	14CBz	1,4-Dichloorbenzeen	<	0,125	µg/L
OW172100	2024-05-14	     19643	09:29:58	2+3+4MyFol	som 2-methylfenol, 3-methylfenol en 4-methylfenol	<	150	ng/L
OW172100	2024-05-14	     19643	09:29:58	2345CFol	2,3,4,5-Tetrachloorfenol	<	50	ng/L
OW172100	2024-05-14	     19643	09:29:58	2346CFol	2,3,4,6-Tetrachloorfenol	<	50	ng/L
OW172100	2024-05-14	     19643	09:29:58	234CFol	2,3,4-Trichloorfenol	<	50	ng/L
OW172100	2024-05-14	     19643	09:29:58	2356CFol	2,3,5,6-Tetrachloorfenol	<	50	ng/L
OW172100	2024-05-14	     19643	09:29:58	2356CNiBz	2,3,5,6-Tetrachloornitrobenzeen	<	2	ng/L
OW172100	2024-05-14	     19643	09:29:58	235CFol	2,3,5-Trichloorfenol	<	50	ng/L
OW172100	2024-05-14	     19643	09:29:58	235MyFol	2,3,5-Trimethylfenol	<	50	ng/L
OW172100	2024-05-14	     19643	09:29:58	236CFol	2,3,6-Trichloorfenol	<	50	ng/L
OW172100	2024-05-14	     19643	09:29:58	23CFol	2,3-Dichloorfenol	<	50	ng/L
OW172100	2024-05-14	     19643	09:29:58	23CPe	2,3-Dichloorpropeen	<	0,125	µg/L
OW172100	2024-05-14	     19643	09:29:58	23MyFol	2,3-Dimethylfenol	<	50	ng/L
OW172100	2024-05-14	     19643	09:29:58	24-D	2,4-Dichloorfenoxyazijnzuur	<	50	ng/L
OW172100	2024-05-14	     19643	09:29:58	24-DB	2,4-Dichloorfenoxybutaanzuur	<	25	ng/L
OW172100	2024-05-14	     19643	09:29:58	24-DP	Dichloorprop	<	25	ng/L
OW172100	2024-05-14	     19643	09:29:58	24+25-CFol	2,4+2,5-Dichloorfenol	<	100	ng/L
OW172100	2024-05-14	     19643	09:29:58	245-T	2,4,5-Trichloorfenoxyazijnzuur	<	25	ng/L
OW172100	2024-05-14	     19643	09:29:58	245CFol	2,4,5-Trichloorfenol	<	50	ng/L
OW172100	2024-05-14	     19643	09:29:58	246CFol	2,4,6-Trichloorfenol	<	50	ng/L
OW172100	2024-05-14	     19643	09:29:58	24DDD	op'Dichloordifenyldichloorethaan	<	1	ng/L
OW172100	2024-05-14	     19643	09:29:58	24DDE	op'Dichloordifenyldichlooretheen	<	1	ng/L
OW172100	2024-05-14	     19643	09:29:58	24DDT	op'Dichloordifenyltrichloorethaan	<	1	ng/L
OW172100	2024-05-14	     19643	09:29:58	24MyFol	2,4-Dimethylfenol	<	50	ng/L
OW172100	2024-05-14	     19643	09:29:58	24NiFol	2,4-Dinitrofenol	<	25	ng/L
OW172100	2024-05-14	     19643	09:29:58	25MyFol	2,5-Dimethylfenol	<	50	ng/L
OW172100	2024-05-14	     19643	09:29:58	26CFol	2,6-Dichloorfenol	<	50	ng/L
OW172100	2024-05-14	     19643	09:29:58	26MyFol	2,6-Dimethylfenol	<	50	ng/L
OW172100	2024-05-14	     19643	09:29:58	2CFol	2-Chloorfenol	<	50	ng/L
OW172100	2024-05-14	     19643	09:29:58	2CTol	2-Chloortolueen	<	0,125	µg/L
OW172100	2024-05-14	     19643	09:29:58	2EyFol	2-Ethylfenol	<	50	ng/L
OW172100	2024-05-14	     19643	09:29:58	2hAtraz	2-Hydroxy-atrazine	=	11	ng/L
OW172100	2024-05-14	     19643	09:29:58	2iPyFol	2-Isopropylfenol	<	50	ng/L
OW172100	2024-05-14	     19643	09:29:58	2MyFol	2-Methylfenol	<	50	ng/L
OW172100	2024-05-14	     19643	09:29:58	345CFol	3,4,5-Trichloorfenol	<	50	ng/L
OW172100	2024-05-14	     19643	09:29:58	34CFol	3,4-Dichloorfenol	<	50	ng/L
OW172100	2024-05-14	     19643	09:29:58	34MyFol	3,4-Dimethylfenol	<	50	ng/L
OW172100	2024-05-14	     19643	09:29:58	35CFol	3,5-Dichloorfenol	<	50	ng/L
OW172100	2024-05-14	     19643	09:29:58	3CFol	3-Chloorfenol	<	50	ng/L
OW172100	2024-05-14	     19643	09:29:58	3CPe	3-Chloorpropeen	<	0,125	µg/L
OW172100	2024-05-14	     19643	09:29:58	3CTol	3-Chloortolueen	<	0,125	µg/L
OW172100	2024-05-14	     19643	09:29:58	3EyFol	3-Ethylfenol	<	50	ng/L
OW172100	2024-05-14	     19643	09:29:58	3MyFol	3-Methylfenol	<	50	ng/L
OW172100	2024-05-14	     19643	09:29:58	44DDD	pp'Dichloordifenyldichloorethaan	<	1	ng/L
OW172100	2024-05-14	     19643	09:29:58	44DDE	pp'Dichloordifenyldichlooretheen	<	1	ng/L
OW172100	2024-05-14	     19643	09:29:58	44DDT	pp'Dichloordifenyltrichloorethaan	<	1	ng/L
OW172100	2024-05-14	     19643	09:29:58	4C35MyFol	4-Chloor-3,5-dimethylfenol	<	50	ng/L
OW172100	2024-05-14	     19643	09:29:58	4C3MyFol	4-Chloor-3-methylfenol	<	50	ng/L
OW172100	2024-05-14	     19643	09:29:58	4CFol	4-Chloorfenol	<	50	ng/L
OW172100	2024-05-14	     19643	09:29:58	4CTol	4-Chloortolueen	<	0,125	µg/L
OW172100	2024-05-14	     19643	09:29:58	4EyFol + 35MyFol	4-ethylfenol + 3,5 dimethylfenol	<	100	ng/L
OW172100	2024-05-14	     19643	09:29:58	4MyFol	4-Methylfenol	<	50	ng/L
OW172100	2024-05-14	     19643	09:29:58	4tOyFol	4-tert-Octylfenol	<	30	ng/L
OW172100	2024-05-14	     19643	09:29:58	8:2 FTS	8:2 fluortelomeersulfonzuur (8:2 FTS)	<	1	ng/L
OW172100	2024-05-14	     19643	09:29:58	a+b+d+gHCHS	alfa+beta+gamma+delta Hexachloorcyclohexaan	<	3	ng/L
OW172100	2024-05-14	     19643	09:29:58	a+bEndoS	alfa+beta Endosulfan	<	2	ng/L
OW172100	2024-05-14	     19643	09:29:58	Acenaft	Acenafteen	=	11	ng/L
OW172100	2024-05-14	     19643	09:29:58	Acenaftyl	Acenaftyleen	<	5	ng/L
OW172100	2024-05-14	     19643	09:29:58	Acetamiprid	Acetamiprid	<	5	ng/L
OW172100	2024-05-14	     19643	09:29:58	Aclonifen	Aclonifen	<	4	ng/L
OW172100	2024-05-14	     19643	09:29:58	ADEIdrin	Aldrin+Dieldrin+Endrin+Isodrin	<	2,125	ng/L
OW172100	2024-05-14	     19643	09:29:58	aEndo	alfa-Endosulfan	<	1	ng/L
OW172100	2024-05-14	     19643	09:29:58	Ag o	Zilver	<	0,05	µg/L
OW172100	2024-05-14	     19643	09:29:58	Ag t	Zilver	<	0,05	µg/L
OW172100	2024-05-14	     19643	09:29:58	aHCH	alfa-Hexachloorcyclohexaan	<	0,75	ng/L
OW172100	2024-05-14	     19643	09:29:58	Al o	Aluminium	<	150	µg/L
OW172100	2024-05-14	     19643	09:29:58	Alachloor	Alachloor	<	10	ng/L
OW172100	2024-05-14	     19643	09:29:58	Aldrin	Aldrin	<	0,375	ng/L
OW172100	2024-05-14	     19643	09:29:58	Amidotriz	Amidotrizoinezuur	<	15	ng/L
OW172100	2024-05-14	     19643	09:29:58	AMPA	Aminomethylfosfonzuur	=	1240	ng/L
OW172100	2024-05-14	     19643	09:29:58	Ant	Anthraceen	<	10	ng/L
OW172100	2024-05-14	     19643	09:29:58	As o	Arseen	=	1,2	µg/L
OW172100	2024-05-14	     19643	09:29:58	As t	Arseen	=	1,94	µg/L
OW172100	2024-05-14	     19643	09:29:58	Atenolol	Atenolol	<	20	ng/L
OW172100	2024-05-14	     19643	09:29:58	Atraz	Atrazine	<	10	ng/L
OW172100	2024-05-14	     19643	09:29:58	AzinfosEy	Azinfos-ethyl	<	2	ng/L
OW172100	2024-05-14	     19643	09:29:58	AzinfosMy	Azinfos-methyl	<	1	ng/L
OW172100	2024-05-14	     19643	09:29:58	B o	Boor	=	76	µg/L
OW172100	2024-05-14	     19643	09:29:58	B t	Boor	=	76	µg/L
OW172100	2024-05-14	     19643	09:29:58	B(a)A	Benzo(a)anthraceen	<	10	ng/L
OW172100	2024-05-14	     19643	09:29:58	B(a)P	Benzo(a)pyreen	<	10	ng/L
OW172100	2024-05-14	     19643	09:29:58	B(b)Flu	Benzo(b)fluorantheen	=	14	ng/L
OW172100	2024-05-14	     19643	09:29:58	B(ghi)Pe	Benzo(g,h,i)peryleen	<	10	ng/L
OW172100	2024-05-14	     19643	09:29:58	B(k)Flu	Benzo(k)fluorantheen	<	10	ng/L
OW172100	2024-05-14	     19643	09:29:58	b2EyHyFt	bis-(2-ethylhexyl)-ftalaat	<	0,17	µg/L
OW172100	2024-05-14	     19643	09:29:58	Ba o	Barium	=	34	µg/L
OW172100	2024-05-14	     19643	09:29:58	Ba t	Barium	=	46	µg/L
OW172100	2024-05-14	     19643	09:29:58	BAM	2,6-Dichloorbenzamide	=	20	ng/L
OW172100	2024-05-14	     19643	09:29:58	BBz	Broombenzeen	<	0,125	µg/L
OW172100	2024-05-14	     19643	09:29:58	BDCMa	Broomdichloormethaan	<	0,125	µg/L
OW172100	2024-05-14	     19643	09:29:58	Be o	Beryllium	<	0,11	µg/L
OW172100	2024-05-14	     19643	09:29:58	Be t	Beryllium	<	0,15	µg/L
OW172100	2024-05-14	     19643	09:29:58	bEndo	beta-Endosulfan	<	1	ng/L
OW172100	2024-05-14	     19643	09:29:58	Bentazone	Bentazone	<	25	ng/L
OW172100	2024-05-14	     19643	09:29:58	Benzeen	Benzeen	<	0,125	µg/L
OW172100	2024-05-14	     19643	09:29:58	Benzotriazool	Benzotriazool	=	230	ng/L
OW172100	2024-05-14	     19643	09:29:58	Bezafibraat	Bezafibraat	<	10	ng/L
OW172100	2024-05-14	     19643	09:29:58	BFlu som	PAK benzo(b+k)fluorantheen (b)	<	24	ng/L
OW172100	2024-05-14	     19643	09:29:58	bFol-A	Bisfenol-A	<	50	ng/L
OW172100	2024-05-14	     19643	09:29:58	bHCH	beta-Hexachloorcyclohexaan	<	0,75	ng/L
OW172100	2024-05-14	     19643	09:29:58	Bifenox	Bifenox	<	2	ng/L
OW172100	2024-05-14	     19643	09:29:58	BPe + IP som	PAK Benzo(g,h,i)peryleen + Indeno(1,2,3-cd)pyreen	<	20	ng/L
OW172100	2024-05-14	     19643	09:29:58	BrfosEy	Bromofos-ethyl	<	1	ng/L
OW172100	2024-05-14	     19643	09:29:58	BrfosMy	Bromofos-methyl	<	1	ng/L
OW172100	2024-05-14	     19643	09:29:58	Bromacil	Bromacil	<	10	ng/L
OW172100	2024-05-14	     19643	09:29:58	Bromoxyn	Bromoxynil	<	25	ng/L
OW172100	2024-05-14	     19643	09:29:58	ByBzyFt	Butylbenzylftalaat	<	0,095	µg/L
OW172100	2024-05-14	     19643	09:29:58	BZV5	Biochemisch zuurstofverbruik na 5d.	<	2	mgO2/L
OW172100	2024-05-14	     19643	09:29:58	c12CEe	cis-1,2-Dichlooretheen	<	0,125	µg/L
OW172100	2024-05-14	     19643	09:29:58	c13CPe	cis-1,3-Dichloorpropeen	<	0,125	µg/L
OW172100	2024-05-14	     19643	09:29:58	Ca o	Calcium	=	134000	µg/L
OW172100	2024-05-14	     19643	09:29:58	Carbamaze	Carbamazepine	=	40,7	ng/L
OW172100	2024-05-14	     19643	09:29:58	Carbdzim	Carbendazim	<	5	ng/L
OW172100	2024-05-14	     19643	09:29:58	Cartamid	Carbetamide	<	10	ng/L
OW172100	2024-05-14	     19643	09:29:58	Cbromuron	Chloorbromuron	<	15	ng/L
OW172100	2024-05-14	     19643	09:29:58	CBz	Chloorbenzeen	<	0,125	µg/L
OW172100	2024-05-14	     19643	09:29:58	CBzsom	Dichloorbenzenen	<	0,375	µg/L
OW172100	2024-05-14	     19643	09:29:58	cCdaan	cis-Chloordaan	<	0,5	ng/L
OW172100	2024-05-14	     19643	09:29:58	Cd o	Cadmium	<	0,05	µg/L
OW172100	2024-05-14	     19643	09:29:58	Cd t	Cadmium	<	0,2	µg/L
OW172100	2024-05-14	     19643	09:29:58	Cdaan	Chloordaan	<	1	ng/L
OW172100	2024-05-14	     19643	09:29:58	Cdazon	Chloridazon	<	5	ng/L
OW172100	2024-05-14	     19643	09:29:58	CFolS	Chloorfenolen	<	150	ng/L
OW172100	2024-05-14	     19643	09:29:58	Cfvinfos	Chloorfenvinfos	<	1	ng/L
OW172100	2024-05-14	     19643	09:29:58	cHpCEpx	cis-Heptachloorepoxyde	<	1	ng/L
OW172100	2024-05-14	     19643	09:29:58	Chr	Chryseen	=	19	ng/L
OW172100	2024-05-14	     19643	09:29:58	Cl-	Chloride	=	56,8	mg/L
OW172100	2024-05-14	     19643	09:29:58	Clfyl a	Chlorofyl a	=	29	µg/L
OW172100	2024-05-14	     19643	09:29:58	Clindamyc	Clindamycine	<	10	ng/L
OW172100	2024-05-14	     19643	09:29:58	ClindamycineHCl	Clindamycine, waterstofchloride	<	10	ng/L
OW172100	2024-05-14	     19643	09:29:58	Clopyralid	Clopyralid	<	125	ng/L
OW172100	2024-05-14	     19643	09:29:58	Clotidine	Clothianidine	<	2,5	ng/L
OW172100	2024-05-14	     19643	09:29:58	Clozapine	Clozapine	<	5	ng/L
OW172100	2024-05-14	     19643	09:29:58	Co o	Kobalt	=	0,3	µg/L
OW172100	2024-05-14	     19643	09:29:58	Co t	Kobalt	=	0,88	µg/L
OW172100	2024-05-14	     19643	09:29:58	CpfosEy	Chloorpyrifos-ethyl	<	2	ng/L
OW172100	2024-05-14	     19643	09:29:58	CpfosMy	Chloorpyrifos-methyl	<	2	ng/L
OW172100	2024-05-14	     19643	09:29:58	Cprofam	Chloorprofam	=	6,3	ng/L
OW172100	2024-05-14	     19643	09:29:58	Cr o	Chroom	<	1,5	µg/L
OW172100	2024-05-14	     19643	09:29:58	Cr t	Chroom	=	4,5	µg/L
OW172100	2024-05-14	     19643	09:29:58	ct13CPe	1,3-Dichloorpropeen (cis+trans)	<	0,25	µg/L
OW172100	2024-05-14	     19643	09:29:58	CTolS	Chloortoluenen	<	0,375	µg/L
OW172100	2024-05-14	     19643	09:29:58	Ctoluron	Chloortoluron	<	16	ng/L
OW172100	2024-05-14	     19643	09:29:58	Cu o	Koper	<	2	µg/L
OW172100	2024-05-14	     19643	09:29:58	Cu t	Koper	<	4	µg/L
OW172100	2024-05-14	     19643	09:29:58	Cyanaz	Cyanazine	<	5	ng/L
OW172100	2024-05-14	     19643	09:29:58	Cybutrine	Cybutrine	<	1	ng/L
OW172100	2024-05-14	     19643	09:29:58	Cypmethrin	Cypermethrin	<	3	ng/L
OW172100	2024-05-14	     19643	09:29:58	CZV	Chemisch zuurstofverbruik	=	17,2	mgO2/L
OW172100	2024-05-14	     19643	09:29:58	DBCMa	Dibroomchloormethaan	<	0,125	µg/L
OW172100	2024-05-14	     19643	09:29:58	DBMa	Dibroommethaan	<	0,125	µg/L
OW172100	2024-05-14	     19643	09:29:58	DBySn	Dibutyltin	<	2,1	ngSn/L
OW172100	2024-05-14	     19643	09:29:58	DBySn som	Dibutyltinverbindingen	<	2,1	ngSn/L
OW172100	2024-05-14	     19643	09:29:58	dBz(ah)An	Dibenzo(a,h)anthraceen	<	5	ng/L
OW172100	2024-05-14	     19643	09:29:58	DcHyFt	Dicyclohexylftalaat	<	0,1	µg/L
OW172100	2024-05-14	     19643	09:29:58	DCMa	Dichloormethaan	<	0,125	µg/L
OW172100	2024-05-14	     19643	09:29:58	DCvos	Dichloorvos	<	1	ng/L
OW172100	2024-05-14	     19643	09:29:58	DDT t	DDT, totaal	<	4	ng/L
OW172100	2024-05-14	     19643	09:29:58	Demeton-O	Demeton-O	<	16	ng/L
OW172100	2024-05-14	     19643	09:29:58	DEyatraz	Desethylatrazine	<	10	ng/L
OW172100	2024-05-14	     19643	09:29:58	DEyFt	Diethylftalaat	<	0,125	µg/L
OW172100	2024-05-14	     19643	09:29:58	DEytByaz	Desethylterbutylazine	<	10	ng/L
OW172100	2024-05-14	     19643	09:29:58	Dflucan	Diflufenican	=	16	ng/L
OW172100	2024-05-14	     19643	09:29:58	dHCH	delta-Hexachloorcyclohexaan	<	0,75	ng/L
OW172100	2024-05-14	     19643	09:29:58	Diazinon	Diazinon	<	2	ng/L
OW172100	2024-05-14	     19643	09:29:58	DiByFt	Di-isobutylftalaat	<	0,105	µg/L
OW172100	2024-05-14	     19643	09:29:58	Dicamba	Dicamba	<	150	ng/L
OW172100	2024-05-14	     19643	09:29:58	Diclofenac	Diclofenac	<	25	ng/L
OW172100	2024-05-14	     19643	09:29:58	Dieldrin	Dieldrin	<	1	ng/L
OW172100	2024-05-14	     19643	09:29:58	Dimdazol	Dimetridazol	<	5	ng/L
OW172100	2024-05-14	     19643	09:29:58	DiMetamid	Dimethenamid	=	14	ng/L
OW172100	2024-05-14	     19643	09:29:58	DiMetmorf	Dimethomorf	<	5	ng/L
OW172100	2024-05-14	     19643	09:29:58	DiPyatraz	Desisopropylatrazine	<	10	ng/L
OW172100	2024-05-14	     19643	09:29:58	DiPyEt	Di-isopropylether	<	0,125	µg/L
OW172100	2024-05-14	     19643	09:29:58	Diuron	Diuron	<	5	ng/L
OW172100	2024-05-14	     19643	09:29:58	Dmetoat	Dimethoaat	<	2	ng/L
OW172100	2024-05-14	     19643	09:29:58	DMyFol som	Som van de dimethylfenolen	<	250	ng/L
OW172100	2024-05-14	     19643	09:29:58	DMyFt	Dimethylftalaat	<	0,105	µg/L
OW172100	2024-05-14	     19643	09:29:58	DnByFt	Di-n-butylftalaat	<	0,105	µg/L
OW172100	2024-05-14	     19643	09:29:58	DNOC	4,6-Dinitro-o-cresol	<	25	ng/L
OW172100	2024-05-14	     19643	09:29:58	DnOyFt	Di-n-octylftalaat	<	0,055	µg/L
OW172100	2024-05-14	     19643	09:29:58	DOC	Koolstof	=	5,1	mgC/L
OW172100	2024-05-14	     19643	09:29:58	DONA	4,8-dioxa-3H-perfluornonaanzuur (DONA)	<	2,5	ng/L
OW172100	2024-05-14	     19643	09:29:58	DPnyFt	Dipentylftalaat	<	0,095	µg/L
OW172100	2024-05-14	     19643	09:29:58	Dsulfoton	Disulfoton	<	16	ng/L
OW172100	2024-05-14	     19643	09:29:58	EC 20	Geleidbaarheid (20°C)	=	810	µS/cm
OW172100	2024-05-14	     19643	09:29:58	EC 25	Geleidbaarheid (25°C)	=	887,355	µS/cm
OW172100	2024-05-14	     19643	09:29:58	EHDPP	2-Ethylhexyldifenylfosfaat	<	16	ng/L
OW172100	2024-05-14	     19643	09:29:58	EndoS	Endosulfansulfaat	<	1	ng/L
OW172100	2024-05-14	     19643	09:29:58	Endrin	Endrin	<	0,375	ng/L
OW172100	2024-05-14	     19643	09:29:58	Etfum	Ethofumesaat	=	51	ng/L
OW172100	2024-05-14	     19643	09:29:58	Ethopfos	Ethoprofos	<	1	ng/L
OW172100	2024-05-14	     19643	09:29:58	EtPFOSA	N-ethylperfluoroctaan-1-sulfonamide (EtPFOSA)	<	0,5	ng/L
OW172100	2024-05-14	     19643	09:29:58	EtPFOSA totaal	Totaal N-ethylperfluoroctaansulfonamide (lin+vert)	<	5	ng/L
OW172100	2024-05-14	     19643	09:29:58	EtPFOSA vertakt	= EtPFOSAtotaal - EtPFOSA	<	5	ng/L
OW172100	2024-05-14	     19643	09:29:58	EyBz	Ethylbenzeen	<	0,125	µg/L
OW172100	2024-05-14	     19643	09:29:58	EytByEt	Ethyl-tert-butylether	<	0,125	µg/L
OW172100	2024-05-14	     19643	09:29:58	F- o	Fluoride	=	0,248	mg/L
OW172100	2024-05-14	     19643	09:29:58	Fe o	Ijzer	<	12,5	µg/L
OW172100	2024-05-14	     19643	09:29:58	Fe t	Ijzer	=	1290	µg/L
OW172100	2024-05-14	     19643	09:29:58	Fen	Fenantreen	=	26	ng/L
OW172100	2024-05-14	     19643	09:29:58	Fenazon	Fenazon	<	5	ng/L
OW172100	2024-05-14	     19643	09:29:58	Fenithion	Fenitrothion	<	2	ng/L
OW172100	2024-05-14	     19643	09:29:58	Fenoprop	Fenoprop	<	25	ng/L
OW172100	2024-05-14	     19643	09:29:58	Fenthion	Fenthion	<	1	ng/L
OW172100	2024-05-14	     19643	09:29:58	Feofyt a	Feofytine a	<	8,92	µg/L
OW172100	2024-05-14	     19643	09:29:58	Fipronil	Fipronil	=	2,2	ng/L
OW172100	2024-05-14	     19643	09:29:58	Floxpyr	Fluroxypyr	<	50	ng/L
OW172100	2024-05-14	     19643	09:29:58	Flu	Fluorantheen	=	36	ng/L
OW172100	2024-05-14	     19643	09:29:58	Flucet	Flufenacet	<	10	ng/L
OW172100	2024-05-14	     19643	09:29:58	Fluoreen	Fluoreen	<	5	ng/L
OW172100	2024-05-14	     19643	09:29:58	Fol	Fenol	<	250	ng/L
OW172100	2024-05-14	     19643	09:29:58	Fonofos	Fonofos	<	2	ng/L
OW172100	2024-05-14	     19643	09:29:58	Gabapentine	Gabapentine	=	211	ng/L
OW172100	2024-05-14	     19643	09:29:58	gHCH	gamma-Hexachloorcyclohexaan	<	0,75	ng/L
OW172100	2024-05-14	     19643	09:29:58	Glyfosaat	Glyfosaat	=	360	ng/L
OW172100	2024-05-14	     19643	09:29:58	H t	Hardheid	=	39,000000000000000044	°F
OW172100	2024-05-14	     19643	09:29:58	HCBdn	Hexachloorbutadieen	<	1	ng/L
OW172100	2024-05-14	     19643	09:29:58	HCBz	Hexachloorbenzeen	<	1,5	ng/L
OW172100	2024-05-14	     19643	09:29:58	HCH	Hexachloorcyclohexaan, alle isomeren	<	3	ng/L
OW172100	2024-05-14	     19643	09:29:58	Hexazinon	Hexazinon	<	10	ng/L
OW172100	2024-05-14	     19643	09:29:58	HFPO-DA	2,3,3,3-tetrafluor-2(heptafluorpropoxy)propionzuur	<	0,5	ng/L
OW172100	2024-05-14	     19643	09:29:58	Hg o	Kwik	<	0,025	µg/L
OW172100	2024-05-14	     19643	09:29:58	Hg t	Kwik	<	0,025	µg/L
OW172100	2024-05-14	     19643	09:29:58	HpC	Heptachloor	<	1	ng/L
OW172100	2024-05-14	     19643	09:29:58	HpC+Epx	Heptachloor+epoxyde	<	4	ng/L
OW172100	2024-05-14	     19643	09:29:58	HyCtazide	Hydrochloorthiazide	<	30	ng/L
OW172100	2024-05-14	     19643	09:29:58	Imcloprid	Imidacloprid	=	5	ng/L
OW172100	2024-05-14	     19643	09:29:58	Iopamidol	Iopamidol	<	5	ng/L
OW172100	2024-05-14	     19643	09:29:58	Iopromide	Iopromide	=	41	ng/L
OW172100	2024-05-14	     19643	09:29:58	IP	Indeno(1,2,3-cd)pyreen	<	10	ng/L
OW172100	2024-05-14	     19643	09:29:58	Iproturon	Isoproturon	<	5	ng/L
OW172100	2024-05-14	     19643	09:29:58	iPyBz	Isopropylbenzeen	<	0,125	µg/L
OW172100	2024-05-14	     19643	09:29:58	Irbesartan	Irbesartan	=	185	ng/L
OW172100	2024-05-14	     19643	09:29:58	Isodrin	Isodrin	<	0,375	ng/L
OW172100	2024-05-14	     19643	09:29:58	K o	Kalium	=	9800	µg/L
OW172100	2024-05-14	     19643	09:29:58	Ketoprofen	Ketoprofen	<	5	ng/L
OW172100	2024-05-14	     19643	09:29:58	KjN	Kjeldahlstikstof	=	0,627	mgN/L
OW172100	2024-05-14	     19643	09:29:58	KWS ap.	Apolaire koolwaterstoffen	<	100	µg/L
OW172100	2024-05-14	     19643	09:29:58	Lenacil	Lenacil	<	25	ng/L
OW172100	2024-05-14	     19643	09:29:58	Lidocaine	Lidocaine	=	11,9	ng/L
OW172100	2024-05-14	     19643	09:29:58	Linuron	Linuron	<	5	ng/L
OW172100	2024-05-14	     19643	09:29:58	Malathion	Malathion	<	2	ng/L
OW172100	2024-05-14	     19643	09:29:58	Mbromuron	Metobromuron	<	10	ng/L
OW172100	2024-05-14	     19643	09:29:58	mBthiaz	Metabenzthiazuron	<	5	ng/L
OW172100	2024-05-14	     19643	09:29:58	MCPA	(4-Chloor-2-methylfenoxy)azijnzuur	=	142	ng/L
OW172100	2024-05-14	     19643	09:29:58	MCPB	4-(4-Chloor-2-methylfenoxy)boterzuur	<	25	ng/L
OW172100	2024-05-14	     19643	09:29:58	MCPP	Mecoprop	<	25	ng/L
OW172100	2024-05-14	     19643	09:29:58	MePFBSAA	N-methylperfluorbutaansulfonamidoazijnzuur	<	0,5	ng/L
OW172100	2024-05-14	     19643	09:29:58	MePFOSA	N-methylperfluoroctaan-1-sulfonamide (MePFOSA)	<	20	ng/L
OW172100	2024-05-14	     19643	09:29:58	MePFOSA totaal	Totaal N-methylperfluoroctaansulfonamide (lin+ver)	<	20	ng/L
OW172100	2024-05-14	     19643	09:29:58	MePFOSA vertakt	= MePFOSAtotaal - MePFOSA	<	20	ng/L
OW172100	2024-05-14	     19643	09:29:58	MePFOSAA	N-methylperfluoroctaansulfonamidoazijnzuur	<	0,5	ng/L
OW172100	2024-05-14	     19643	09:29:58	Metaza	Metazachloor	<	5	ng/L
OW172100	2024-05-14	     19643	09:29:58	Metbuzin	Metribuzin	<	4	ng/L
OW172100	2024-05-14	     19643	09:29:58	Metcarb	Methiocarb	<	1	ng/L
OW172100	2024-05-14	     19643	09:29:58	Methidat	Methidation	<	1	ng/L
OW172100	2024-05-14	     19643	09:29:58	Metola	Metolachloor	=	20	ng/L
OW172100	2024-05-14	     19643	09:29:58	Metoxur	Metoxuron	<	5	ng/L
OW172100	2024-05-14	     19643	09:29:58	Mevinfos	Mevinfos	<	1	ng/L
OW172100	2024-05-14	     19643	09:29:58	Mg o	Magnesium	=	13200	µg/L
OW172100	2024-05-14	     19643	09:29:58	Mlinuron	Monolinuron	<	5	ng/L
OW172100	2024-05-14	     19643	09:29:58	Mmitron	Metamitron	=	10	ng/L
OW172100	2024-05-14	     19643	09:29:58	Mn o	Mangaan	=	30	µg/L
OW172100	2024-05-14	     19643	09:29:58	Mn t	Mangaan	=	137	µg/L
OW172100	2024-05-14	     19643	09:29:58	Mo o	Molybdeen	<	1,5	µg/L
OW172100	2024-05-14	     19643	09:29:58	Mo t	Molybdeen	<	2,5	µg/L
OW172100	2024-05-14	     19643	09:29:58	mpXyl	Xylenen (m+p)	<	0,125	µg/L
OW172100	2024-05-14	     19643	09:29:58	MxyC	Methoxychloor	<	1	ng/L
OW172100	2024-05-14	     19643	09:29:58	MytByEt	Methyl-tert.butylether	<	0,125	µg/L
OW172100	2024-05-14	     19643	09:29:58	N t	Stikstof	=	6,6	mgN/L
OW172100	2024-05-14	     19643	09:29:58	N+N	Nitraat+nitriet	=	5,973	mgN/L
OW172100	2024-05-14	     19643	09:29:58	N+N+N	Nitraat+nitriet+ammonium	=	6,233	mgN/L
OW172100	2024-05-14	     19643	09:29:58	Na o	Natrium	=	36300	µg/L
OW172100	2024-05-14	     19643	09:29:58	Na_diclofenac	Diclofenac, natrium	<	50	ng/L
OW172100	2024-05-14	     19643	09:29:58	Naft	Naftaleen	<	20	ng/L
OW172100	2024-05-14	     19643	09:29:58	Naproxen	Naproxen	=	25,4	ng/L
OW172100	2024-05-14	     19643	09:29:58	NH4+	Ammonium	=	0,26	mgN/L
OW172100	2024-05-14	     19643	09:29:58	Ni o	Nikkel	<	3,2	µg/L
OW172100	2024-05-14	     19643	09:29:58	Ni t	Nikkel	=	3,76	µg/L
OW172100	2024-05-14	     19643	09:29:58	NO2-	Nitriet	=	0,173	mgN/L
OW172100	2024-05-14	     19643	09:29:58	NO3-	Nitraat	=	5,8	mgN/L
OW172100	2024-05-14	     19643	09:29:58	NPOC	Koolstof	=	7,3	mgC/L
OW172100	2024-05-14	     19643	09:29:58	NyFol	Nonylfenol	<	150	ng/L
OW172100	2024-05-14	     19643	09:29:58	NyFolsom	Nonylfenolen	<	150	ng/L
OW172100	2024-05-14	     19643	09:29:58	O2	Zuurstof	=	9,68	mg/L
OW172100	2024-05-14	     19643	09:29:58	O2 verz	Zuurstof	=	105,2	%
OW172100	2024-05-14	     19643	09:29:58	OCP t	Organochloorpesticiden, totaal	<	15,875	ng/L
OW172100	2024-05-14	     19643	09:29:58	ompXyl	Xylenen (o+m+p)	<	0,25	µg/L
OW172100	2024-05-14	     19643	09:29:58	oPO4 f	Orthofosfaat	=	0,188	mgP/L
OW172100	2024-05-14	     19643	09:29:58	Oxadiazon	Oxadiazon	<	4	ng/L
OW172100	2024-05-14	     19643	09:29:58	oXyl	ortho-Xyleen	<	0,125	µg/L
OW172100	2024-05-14	     19643	09:29:58	OyFolsom	Octylfenolen	<	30	ng/L
OW172100	2024-05-14	     19643	09:29:58	P t	Fosfor	=	0,392	mgP/L
OW172100	2024-05-14	     19643	09:29:58	PAK 10	Polyaromatische KWS (10 Vrom)	<	161	ng/L
OW172100	2024-05-14	     19643	09:29:58	PAK 6	Polyaromatische KWS (6 Borneff)	<	90	ng/L
OW172100	2024-05-14	     19643	09:29:58	PathionEy	Parathion-ethyl	<	1	ng/L
OW172100	2024-05-14	     19643	09:29:58	PathionMy	Parathion-methyl	<	2	ng/L
OW172100	2024-05-14	     19643	09:29:58	Pb o	Lood	<	1,5	µg/L
OW172100	2024-05-14	     19643	09:29:58	Pb t	Lood	=	12,6	µg/L
OW172100	2024-05-14	     19643	09:29:58	PCB 101	2,2',4,5,5'-Pentachloorbifenyl (PCB101)	<	0,5	ng/L
OW172100	2024-05-14	     19643	09:29:58	PCB 118	2,3',4,4',5-Pentachloorbifenyl (PCB118)	<	0,5	ng/L
OW172100	2024-05-14	     19643	09:29:58	PCB 138	2,2',3,4,4',5'-Hexachloorbifenyl (PCB138)	<	0,5	ng/L
OW172100	2024-05-14	     19643	09:29:58	PCB 153	2,2',4,4',5,5'-Hexachloorbifenyl (PCB153)	<	1	ng/L
OW172100	2024-05-14	     19643	09:29:58	PCB 180	2,2',3,4,4',5,5'-Heptachloorbifenyl (PCB180)	<	0,5	ng/L
OW172100	2024-05-14	     19643	09:29:58	PCB 28	2,4,4'-Trichloorbifenyl (PCB28)	<	0,5	ng/L
OW172100	2024-05-14	     19643	09:29:58	PCB 52	2,2',5,5'-Tetrachloorbifenyl (PCB52)	<	0,5	ng/L
OW172100	2024-05-14	     19643	09:29:58	PCB t	Polychloorbifenyl, totaal	<	4	ng/L
OW172100	2024-05-14	     19643	09:29:58	PCBz	Pentachloorbenzeen	<	1,5	ng/L
OW172100	2024-05-14	     19643	09:29:58	PCFol	Pentachloorfenol	<	50	ng/L
OW172100	2024-05-14	     19643	09:29:58	PCNiBz	Pentachloornitrobenzeen	<	2	ng/L
OW172100	2024-05-14	     19643	09:29:58	Pentoxif	Pentoxifylline	<	5	ng/L
OW172100	2024-05-14	     19643	09:29:58	PFAS-43	Som van de 43 PFAS	<	140,2	ng/L
OW172100	2024-05-14	     19643	09:29:58	PFBA	Perfluorbutaanzuur (PFBA)	<	2,5	ng/L
OW172100	2024-05-14	     19643	09:29:58	PFBS	Perfluorbutaansulfonzuur (PFBS)	<	2,5	ng/L
OW172100	2024-05-14	     19643	09:29:58	PFBSA	Perfluorbutaansulfonamide (PFBSA)	=	9,2	ng/L
OW172100	2024-05-14	     19643	09:29:58	PFDA	Perfluordecaanzuur (PFDA)	<	5	ng/L
OW172100	2024-05-14	     19643	09:29:58	PFDoDA	Perfluordodecaanzuur (PFDoDA)	<	1	ng/L
OW172100	2024-05-14	     19643	09:29:58	PFDoDS	Perfluordodecaansulfonzuur (PFDoDS)	<	5	ng/L
OW172100	2024-05-14	     19643	09:29:58	PFDS	Perfluordecaansulfonzuur (PFDS)	<	0,5	ng/L
OW172100	2024-05-14	     19643	09:29:58	PFECHS	Perfluor-4-ethylcyclohexaansulfonzuur (PFECHS)	<	0,5	ng/L
OW172100	2024-05-14	     19643	09:29:58	PFHpA	Perfluorheptaanzuur (PFHpA)	<	2,5	ng/L
OW172100	2024-05-14	     19643	09:29:58	PFHpS	Perfluorheptaansulfonzuur (PFHpS)	<	2,5	ng/L
OW172100	2024-05-14	     19643	09:29:58	PFHxA	Perfluorhexaanzuur (PFHxA)	<	5	ng/L
OW172100	2024-05-14	     19643	09:29:58	PFHxDA	Perfluorhexadecaanzuur (PFHxDA)	<	20	ng/L
OW172100	2024-05-14	     19643	09:29:58	PFHxS	Perfluorhexaansulfonzuur (PFHxS)	<	2,5	ng/L
OW172100	2024-05-14	     19643	09:29:58	PFHxS totaal	Totaal perfluorhexaansulfonzuur (lineair+vertakt)	<	5	ng/L
OW172100	2024-05-14	     19643	09:29:58	PFHxS vertakt	= PFHxStotaal - PFHxS	<	5	ng/L
OW172100	2024-05-14	     19643	09:29:58	PFHxSA	Perfluorhexaansulfonamide (PFHxSA)	<	0,5	ng/L
OW172100	2024-05-14	     19643	09:29:58	PFNA	Perfluornonaanzuur (PFNA)	<	5	ng/L
OW172100	2024-05-14	     19643	09:29:58	PFNS	Perfluornonaansulfonzuur (PFNS)	<	0,5	ng/L
OW172100	2024-05-14	     19643	09:29:58	PFOA	Perfluoroctaanzuur (PFOA)	<	5	ng/L
OW172100	2024-05-14	     19643	09:29:58	PFOA totaal	Totaal perfluoroctaanzuur (lineair + vertakt)	<	5	ng/L
OW172100	2024-05-14	     19643	09:29:58	PFOA vertakt	= PFOAtotaal - PFOA	<	5	ng/L
OW172100	2024-05-14	     19643	09:29:58	PFODA	Perfluoroctadecaanzuur (PFODA)	<	5	ng/L
OW172100	2024-05-14	     19643	09:29:58	PFOS	Perfluoroctaansulfonzuur (PFOS)	<	2,5	ng/L
OW172100	2024-05-14	     19643	09:29:58	PFOS totaal	Totaal perfluoroctaansulfonzuur (lineair+vertakt)	<	5	ng/L
OW172100	2024-05-14	     19643	09:29:58	PFOS vertakt	= PFOStotaal - PFOS	<	5	ng/L
OW172100	2024-05-14	     19643	09:29:58	PFOSA	Perfluoroctaansulfonamide (PFOSA)	<	0,5	ng/L
OW172100	2024-05-14	     19643	09:29:58	PFOSA totaal	Totaal perfluoroctaansulfonamide (lineair+vertakt)	<	5	ng/L
OW172100	2024-05-14	     19643	09:29:58	PFOSA vertakt	= PFOSAtotaal - PFOSA	<	5	ng/L
OW172100	2024-05-14	     19643	09:29:58	PFPeA	Perfluorpentaanzuur (PFPeA)	<	5	ng/L
OW172100	2024-05-14	     19643	09:29:58	PFPeS	Perfluorpentaansulfonzuur (PFPeS)	<	0,5	ng/L
OW172100	2024-05-14	     19643	09:29:58	PFTrDS	Perfluor-1-tridecaansulfonzuur (PFTrS)	<	5	ng/L
OW172100	2024-05-14	     19643	09:29:58	PFUnDA	Perfluorundecaanzuur (PFUnDA)	<	2,5	ng/L
OW172100	2024-05-14	     19643	09:29:58	PFUnDS	Perfluor-1-undecaansulfonzuur (PFUnS)	<	5	ng/L
OW172100	2024-05-14	     19643	09:29:58	pH	pH	=	7,87	-
OW172100	2024-05-14	     19643	09:29:58	Picarb	Pirimicarb	<	5	ng/L
OW172100	2024-05-14	     19643	09:29:58	PirfosMy	Pirimifos-methyl	<	1	ng/L
OW172100	2024-05-14	     19643	09:29:58	Prochloor	Propachloor	<	10	ng/L
OW172100	2024-05-14	     19643	09:29:58	Prometryn	Prometryn	<	10	ng/L
OW172100	2024-05-14	     19643	09:29:58	Propanil	Propanil	<	25	ng/L
OW172100	2024-05-14	     19643	09:29:58	Propanolol	Propanolol	<	15	ng/L
OW172100	2024-05-14	     19643	09:29:58	PropanololHCl	Propanolol, waterstofchloride	<	15	ng/L
OW172100	2024-05-14	     19643	09:29:58	Propaz	Propazine	<	10	ng/L
OW172100	2024-05-14	     19643	09:29:58	PyBz	Propylbenzeen	<	0,125	µg/L
OW172100	2024-05-14	     19643	09:29:58	Pyr	Pyreen	=	29	ng/L
OW172100	2024-05-14	     19643	09:29:58	Quinofen	Quinoxyfen	<	1	ng/L
OW172100	2024-05-14	     19643	09:29:58	Sb o	Antimoon	<	1,5	µg/L
OW172100	2024-05-14	     19643	09:29:58	Sb t	Antimoon	<	1,5	µg/L
OW172100	2024-05-14	     19643	09:29:58	Se o	Seleen	<	1,5	µg/L
OW172100	2024-05-14	     19643	09:29:58	Se t	Seleen	<	1,5	µg/L
OW172100	2024-05-14	     19643	09:29:58	Sebutylaz	Sebutylazine	<	10	ng/L
OW172100	2024-05-14	     19643	09:29:58	Secchi	Doorzichtigheid	=	50	cm
OW172100	2024-05-14	     19643	09:29:58	Simaz	Simazine	<	5	ng/L
OW172100	2024-05-14	     19643	09:29:58	SiO2 o	Silicaat	=	11	mgSiO2/L
OW172100	2024-05-14	     19643	09:29:58	Sn o	Tin	<	1,5	µg/L
OW172100	2024-05-14	     19643	09:29:58	Sn t	Tin	<	1,5	µg/L
OW172100	2024-05-14	     19643	09:29:58	SO4=	Sulfaat	=	90	mg/L
OW172100	2024-05-14	     19643	09:29:58	Sotalol	Sotalol	=	114	ng/L
OW172100	2024-05-14	     19643	09:29:58	SotalolHCl	Sotalol, waterstofchloride	=	128	ng/L
OW172100	2024-05-14	     19643	09:29:58	Styreen	Styreen	<	0,125	µg/L
OW172100	2024-05-14	     19643	09:29:58	Sulfamazol	Sulfamethoxazol	=	31,6	ng/L
OW172100	2024-05-14	     19643	09:29:58	T	Temperatuur	=	19	°C
OW172100	2024-05-14	     19643	09:29:58	t12CEe	trans-1,2-Dichlooretheen	<	0,125	µg/L
OW172100	2024-05-14	     19643	09:29:58	t13CPe	trans-1,3-Dichloorpropeen	<	0,125	µg/L
OW172100	2024-05-14	     19643	09:29:58	TAM	Alkaliniteit met methyloranje	=	5,7	meq/L
OW172100	2024-05-14	     19643	09:29:58	TBEP	Tributoxyethylfosfaat	=	48	ng/L
OW172100	2024-05-14	     19643	09:29:58	TBMa	Tribroommethaan	<	0,125	µg/L
OW172100	2024-05-14	     19643	09:29:58	TBP	Tributylfosfaat	<	18	ng/L
OW172100	2024-05-14	     19643	09:29:58	TBySn	Tributyltin	=	0,049	ngSn/L
OW172100	2024-05-14	     19643	09:29:58	TCBz	Trichloorbenzenen	<	0,15	µg/L
OW172100	2024-05-14	     19643	09:29:58	tCdaan	trans-Chloordaan	<	0,5	ng/L
OW172100	2024-05-14	     19643	09:29:58	TCEe	Trichlooretheen	<	0,125	µg/L
OW172100	2024-05-14	     19643	09:29:58	TCEP	Tris-(2-chloorethyl)-fosfaat	<	16	ng/L
OW172100	2024-05-14	     19643	09:29:58	TclofosMy	Tolclofos-methyl	<	2	ng/L
OW172100	2024-05-14	     19643	09:29:58	TCMa	Trichloormethaan	<	0,125	µg/L
OW172100	2024-05-14	     19643	09:29:58	TCPP	Tris-(2-chloorisopropyl)-fosfaat	=	190	ng/L
OW172100	2024-05-14	     19643	09:29:58	TDC(P)P	Tris-(1,3-dichloor-2-propyl)-fosfaat	<	71	ng/L
OW172100	2024-05-14	     19643	09:29:58	Te o	Telluur	<	2,5	µg/L
OW172100	2024-05-14	     19643	09:29:58	Te t	Telluur	<	2,5	µg/L
OW172100	2024-05-14	     19643	09:29:58	Telodrin	Telodrin	<	1	ng/L
OW172100	2024-05-14	     19643	09:29:58	Terbufos	Terbufos	<	2	ng/L
OW172100	2024-05-14	     19643	09:29:58	Terbutryn	Terbutryn	<	10	ng/L
OW172100	2024-05-14	     19643	09:29:58	Tfluralin	Trifluralin	<	2	ng/L
OW172100	2024-05-14	     19643	09:29:58	TFySn	Trifenyltin	<	0,017	ngSn/L
OW172100	2024-05-14	     19643	09:29:58	TFySn som	Trifenyltinacetaat, chloride, hydroxide	<	0,017	ngSn/L
OW172100	2024-05-14	     19643	09:29:58	Thiacloprid	Thiacloprid	<	2,5	ng/L
OW172100	2024-05-14	     19643	09:29:58	tHpCEpx	trans-Heptachloorepoxyde	<	2	ng/L
OW172100	2024-05-14	     19643	09:29:58	Ti o	Titaan	<	2	µg/L
OW172100	2024-05-14	     19643	09:29:58	Ti t	Titaan	=	21,1	µg/L
OW172100	2024-05-14	     19643	09:29:58	Tl o	Thallium	<	0,1	µg/L
OW172100	2024-05-14	     19643	09:29:58	Tl t	Thallium	<	0,1	µg/L
OW172100	2024-05-14	     19643	09:29:58	Tmethoxam	Thiamethoxam	<	5	ng/L
OW172100	2024-05-14	     19643	09:29:58	Tolueen	Tolueen	<	0,125	µg/L
OW172100	2024-05-14	     19643	09:29:58	TPP	Trifenylfosfaat	<	12	ng/L
OW172100	2024-05-14	     19643	09:29:58	TrByaz	Terbutylazine	<	5	ng/L
OW172100	2024-05-14	     19643	09:29:58	Triazofos	Triazofos	<	1	ng/L
OW172100	2024-05-14	     19643	09:29:58	triCFolsom	Trichloorfenolen	<	300	ng/L
OW172100	2024-05-14	     19643	09:29:58	Triclopyr	Triclopyr	<	25	ng/L
OW172100	2024-05-14	     19643	09:29:58	Trimoprim	Trimethoprim	<	10	ng/L
OW172100	2024-05-14	     19643	09:29:58	TtBySn	Tetrabutyltin	<	0,34	ngSn/L
OW172100	2024-05-14	     19643	09:29:58	TtCEe	Tetrachlooretheen	<	0,125	µg/L
OW172100	2024-05-14	     19643	09:29:58	TtCMa	Tetrachloormethaan	<	0,125	µg/L
OW172100	2024-05-14	     19643	09:29:58	U o	Uranium	=	1,32	µg/L
OW172100	2024-05-14	     19643	09:29:58	U t	Uranium	=	1,53	µg/L
OW172100	2024-05-14	     19643	09:29:58	V o	Vanadium	<	3	µg/L
OW172100	2024-05-14	     19643	09:29:58	V t	Vanadium	=	4,6	µg/L
OW172100	2024-05-14	     19643	09:29:58	Valsartan	Valsartan	=	108	ng/L
OW172100	2024-05-14	     19643	09:29:58	VinCl	Vinylchloride	<	0,125	µg/L
OW172100	2024-05-14	     19643	09:29:58	Zn o	Zink	<	11	µg/L
OW172100	2024-05-14	     19643	09:29:58	Zn t	Zink	=	24,5	µg/L
OW172100	2024-05-14	     19643	09:29:58	ZS	Zwevende stoffen	=	25,1	mg/L
OW172100	2024-06-07	     31873	09:49:15	EC 20	Geleidbaarheid (20°C)	=	772	µS/cm
OW172100	2024-06-07	     31873	09:49:15	EC 25	Geleidbaarheid (25°C)	=	845,726	µS/cm
OW172100	2024-06-07	     31873	09:49:15	O2	Zuurstof	=	7,78	mg/L
OW172100	2024-06-07	     31873	09:49:15	O2 verz	Zuurstof	=	80,2	%
OW172100	2024-06-07	     31873	09:49:15	pH	pH	=	7,75	-
OW172100	2024-06-07	     31873	09:49:15	T	Temperatuur	=	17	°C
OW172100	2024-06-11	     25875	10:21:10	10:2 FTS	10:2 fluortelomeersulfonzuur (10:2 FTS)	<	5	ng/L
OW172100	2024-06-11	     25875	10:21:10	1112CEa	1,1,1,2-Tetrachloorethaan	<	0,125	µg/L
OW172100	2024-06-11	     25875	10:21:10	111CEa	1,1,1-Trichloorethaan	<	0,125	µg/L
OW172100	2024-06-11	     25875	10:21:10	1122CEa	1,1,2,2-Tetrachloorethaan	<	0,175	µg/L
OW172100	2024-06-11	     25875	10:21:10	112CEa	1,1,2-Trichloorethaan	<	0,125	µg/L
OW172100	2024-06-11	     25875	10:21:10	112CTFEa	1,1,2-Trichloortrifluorethaan	<	0,125	µg/L
OW172100	2024-06-11	     25875	10:21:10	11CEa	1,1-Dichloorethaan	<	0,125	µg/L
OW172100	2024-06-11	     25875	10:21:10	11CEe	1,1-Dichlooretheen	<	0,125	µg/L
OW172100	2024-06-11	     25875	10:21:10	1234CBz	1,2,3,4-Tetrachloorbenzeen	<	1	ng/L
OW172100	2024-06-11	     25875	10:21:10	1235+1245CBz	1,2,3,5+1,2,4,5-Tetrachloorbenzeen	<	1,5	ng/L
OW172100	2024-06-11	     25875	10:21:10	123CBz	1,2,3-Trichloorbenzeen	<	0,05	µg/L
OW172100	2024-06-11	     25875	10:21:10	124CBz	1,2,4-Trichloorbenzeen	<	0,05	µg/L
OW172100	2024-06-11	     25875	10:21:10	124MyBz	1,2,4-Trimethylbenzeen	<	0,125	µg/L
OW172100	2024-06-11	     25875	10:21:10	12BEa	1,2-Dibroomethaan	<	0,125	µg/L
OW172100	2024-06-11	     25875	10:21:10	12CBz	1,2-Dichloorbenzeen	<	0,125	µg/L
OW172100	2024-06-11	     25875	10:21:10	12CEa	1,2-Dichloorethaan	<	0,125	µg/L
OW172100	2024-06-11	     25875	10:21:10	12CEe	1,2-Dichlooretheen	<	0,25	µg/L
OW172100	2024-06-11	     25875	10:21:10	12CPa	1,2-Dichloorpropaan	<	0,125	µg/L
OW172100	2024-06-11	     25875	10:21:10	135CBz	1,3,5-Trichloorbenzeen	<	0,05	µg/L
OW172100	2024-06-11	     25875	10:21:10	135MyBz	1,3,5-Trimethylbenzeen	<	0,125	µg/L
OW172100	2024-06-11	     25875	10:21:10	13CBz	1,3-Dichloorbenzeen	<	0,125	µg/L
OW172100	2024-06-11	     25875	10:21:10	14CBz	1,4-Dichloorbenzeen	<	0,125	µg/L
OW172100	2024-06-11	     25875	10:21:10	2+3+4MyFol	som 2-methylfenol, 3-methylfenol en 4-methylfenol	<	150	ng/L
OW172100	2024-06-11	     25875	10:21:10	2345CFol	2,3,4,5-Tetrachloorfenol	<	50	ng/L
OW172100	2024-06-11	     25875	10:21:10	2346CFol	2,3,4,6-Tetrachloorfenol	<	50	ng/L
OW172100	2024-06-11	     25875	10:21:10	234CFol	2,3,4-Trichloorfenol	<	50	ng/L
OW172100	2024-06-11	     25875	10:21:10	2356CFol	2,3,5,6-Tetrachloorfenol	<	50	ng/L
OW172100	2024-06-11	     25875	10:21:10	2356CNiBz	2,3,5,6-Tetrachloornitrobenzeen	<	2	ng/L
OW172100	2024-06-11	     25875	10:21:10	235CFol	2,3,5-Trichloorfenol	<	50	ng/L
OW172100	2024-06-11	     25875	10:21:10	235MyFol	2,3,5-Trimethylfenol	<	50	ng/L
OW172100	2024-06-11	     25875	10:21:10	236CFol	2,3,6-Trichloorfenol	<	50	ng/L
OW172100	2024-06-11	     25875	10:21:10	23CPe	2,3-Dichloorpropeen	<	0,125	µg/L
OW172100	2024-06-11	     25875	10:21:10	23MyFol	2,3-Dimethylfenol	<	50	ng/L
OW172100	2024-06-11	     25875	10:21:10	24-D	2,4-Dichloorfenoxyazijnzuur	<	25	ng/L
OW172100	2024-06-11	     25875	10:21:10	24-DB	2,4-Dichloorfenoxybutaanzuur	<	25	ng/L
OW172100	2024-06-11	     25875	10:21:10	24-DP	Dichloorprop	<	25	ng/L
OW172100	2024-06-11	     25875	10:21:10	245-T	2,4,5-Trichloorfenoxyazijnzuur	<	25	ng/L
OW172100	2024-06-11	     25875	10:21:10	245CFol	2,4,5-Trichloorfenol	<	50	ng/L
OW172100	2024-06-11	     25875	10:21:10	246CFol	2,4,6-Trichloorfenol	<	50	ng/L
OW172100	2024-06-11	     25875	10:21:10	24DDD	op'Dichloordifenyldichloorethaan	<	1	ng/L
OW172100	2024-06-11	     25875	10:21:10	24DDE	op'Dichloordifenyldichlooretheen	<	1	ng/L
OW172100	2024-06-11	     25875	10:21:10	24DDT	op'Dichloordifenyltrichloorethaan	<	1	ng/L
OW172100	2024-06-11	     25875	10:21:10	24MyFol	2,4-Dimethylfenol	<	50	ng/L
OW172100	2024-06-11	     25875	10:21:10	24NiFol	2,4-Dinitrofenol	<	25	ng/L
OW172100	2024-06-11	     25875	10:21:10	25MyFol	2,5-Dimethylfenol	<	50	ng/L
OW172100	2024-06-11	     25875	10:21:10	2CTol	2-Chloortolueen	<	0,125	µg/L
OW172100	2024-06-11	     25875	10:21:10	2EyFol	2-Ethylfenol	<	50	ng/L
OW172100	2024-06-11	     25875	10:21:10	2hAtraz	2-Hydroxy-atrazine	=	10	ng/L
OW172100	2024-06-11	     25875	10:21:10	2iPyFol	2-Isopropylfenol	<	50	ng/L
OW172100	2024-06-11	     25875	10:21:10	2MyFol	2-Methylfenol	<	50	ng/L
OW172100	2024-06-11	     25875	10:21:10	345CFol	3,4,5-Trichloorfenol	<	50	ng/L
OW172100	2024-06-11	     25875	10:21:10	34CFol	3,4-Dichloorfenol	<	50	ng/L
OW172100	2024-06-11	     25875	10:21:10	34MyFol	3,4-Dimethylfenol	<	50	ng/L
OW172100	2024-06-11	     25875	10:21:10	35CFol	3,5-Dichloorfenol	<	50	ng/L
OW172100	2024-06-11	     25875	10:21:10	3CFol	3-Chloorfenol	<	50	ng/L
OW172100	2024-06-11	     25875	10:21:10	3CPe	3-Chloorpropeen	<	0,125	µg/L
OW172100	2024-06-11	     25875	10:21:10	3CTol	3-Chloortolueen	<	0,125	µg/L
OW172100	2024-06-11	     25875	10:21:10	3EyFol	3-Ethylfenol	<	50	ng/L
OW172100	2024-06-11	     25875	10:21:10	3MyFol	3-Methylfenol	<	50	ng/L
OW172100	2024-06-11	     25875	10:21:10	44DDD	pp'Dichloordifenyldichloorethaan	<	1	ng/L
OW172100	2024-06-11	     25875	10:21:10	44DDE	pp'Dichloordifenyldichlooretheen	<	1	ng/L
OW172100	2024-06-11	     25875	10:21:10	44DDT	pp'Dichloordifenyltrichloorethaan	<	1	ng/L
OW172100	2024-06-11	     25875	10:21:10	4C3MyFol	4-Chloor-3-methylfenol	<	50	ng/L
OW172100	2024-06-11	     25875	10:21:10	4CFol	4-Chloorfenol	<	50	ng/L
OW172100	2024-06-11	     25875	10:21:10	4CTol	4-Chloortolueen	<	0,125	µg/L
OW172100	2024-06-11	     25875	10:21:10	4EyFol + 35MyFol	4-ethylfenol + 3,5 dimethylfenol	<	100	ng/L
OW172100	2024-06-11	     25875	10:21:10	4MyFol	4-Methylfenol	<	50	ng/L
OW172100	2024-06-11	     25875	10:21:10	4tOyFol	4-tert-Octylfenol	<	30	ng/L
OW172100	2024-06-11	     25875	10:21:10	a+b+d+gHCHS	alfa+beta+gamma+delta Hexachloorcyclohexaan	<	3	ng/L
OW172100	2024-06-11	     25875	10:21:10	a+bEndoS	alfa+beta Endosulfan	<	2	ng/L
OW172100	2024-06-11	     25875	10:21:10	Acenaft	Acenafteen	=	13	ng/L
OW172100	2024-06-11	     25875	10:21:10	Acenaftyl	Acenaftyleen	<	5	ng/L
OW172100	2024-06-11	     25875	10:21:10	Acetamiprid	Acetamiprid	<	2,5	ng/L
OW172100	2024-06-11	     25875	10:21:10	Aclonifen	Aclonifen	=	23	ng/L
OW172100	2024-06-11	     25875	10:21:10	ADEIdrin	Aldrin+Dieldrin+Endrin+Isodrin	<	2,125	ng/L
OW172100	2024-06-11	     25875	10:21:10	aEndo	alfa-Endosulfan	<	1	ng/L
OW172100	2024-06-11	     25875	10:21:10	Ag o	Zilver	<	0,05	µg/L
OW172100	2024-06-11	     25875	10:21:10	Ag t	Zilver	<	0,05	µg/L
OW172100	2024-06-11	     25875	10:21:10	aHCH	alfa-Hexachloorcyclohexaan	<	0,75	ng/L
OW172100	2024-06-11	     25875	10:21:10	Al o	Aluminium	<	150	µg/L
OW172100	2024-06-11	     25875	10:21:10	Alachloor	Alachloor	<	10	ng/L
OW172100	2024-06-11	     25875	10:21:10	Aldrin	Aldrin	<	0,375	ng/L
OW172100	2024-06-11	     25875	10:21:10	Amidotriz	Amidotrizoinezuur	=	42	ng/L
OW172100	2024-06-11	     25875	10:21:10	AMPA	Aminomethylfosfonzuur	=	1700	ng/L
OW172100	2024-06-11	     25875	10:21:10	Ant	Anthraceen	<	10	ng/L
OW172100	2024-06-11	     25875	10:21:10	As o	Arseen	=	1,45	µg/L
OW172100	2024-06-11	     25875	10:21:10	As t	Arseen	=	2,29	µg/L
OW172100	2024-06-11	     25875	10:21:10	Atenolol	Atenolol	=	21,3	ng/L
OW172100	2024-06-11	     25875	10:21:10	Atraz	Atrazine	<	10	ng/L
OW172100	2024-06-11	     25875	10:21:10	AzinfosEy	Azinfos-ethyl	<	2	ng/L
OW172100	2024-06-11	     25875	10:21:10	AzinfosMy	Azinfos-methyl	<	1	ng/L
OW172100	2024-06-11	     25875	10:21:10	B o	Boor	=	79	µg/L
OW172100	2024-06-11	     25875	10:21:10	B t	Boor	=	81	µg/L
OW172100	2024-06-11	     25875	10:21:10	B(a)A	Benzo(a)anthraceen	=	13	ng/L
OW172100	2024-06-11	     25875	10:21:10	B(a)P	Benzo(a)pyreen	=	24	ng/L
OW172100	2024-06-11	     25875	10:21:10	B(b)Flu	Benzo(b)fluorantheen	=	26	ng/L
OW172100	2024-06-11	     25875	10:21:10	B(ghi)Pe	Benzo(g,h,i)peryleen	=	16	ng/L
OW172100	2024-06-11	     25875	10:21:10	B(k)Flu	Benzo(k)fluorantheen	=	13	ng/L
OW172100	2024-06-11	     25875	10:21:10	b2EyHyFt	bis-(2-ethylhexyl)-ftalaat	<	0,34	µg/L
OW172100	2024-06-11	     25875	10:21:10	Ba o	Barium	=	34	µg/L
OW172100	2024-06-11	     25875	10:21:10	Ba t	Barium	=	49	µg/L
OW172100	2024-06-11	     25875	10:21:10	BAM	2,6-Dichloorbenzamide	=	26	ng/L
OW172100	2024-06-11	     25875	10:21:10	BBz	Broombenzeen	<	0,125	µg/L
OW172100	2024-06-11	     25875	10:21:10	BDCMa	Broomdichloormethaan	<	0,125	µg/L
OW172100	2024-06-11	     25875	10:21:10	Be o	Beryllium	<	0,11	µg/L
OW172100	2024-06-11	     25875	10:21:10	Be t	Beryllium	<	0,15	µg/L
OW172100	2024-06-11	     25875	10:21:10	bEndo	beta-Endosulfan	<	1	ng/L
OW172100	2024-06-11	     25875	10:21:10	Bentazone	Bentazone	<	50	ng/L
OW172100	2024-06-11	     25875	10:21:10	Benzeen	Benzeen	<	0,125	µg/L
OW172100	2024-06-11	     25875	10:21:10	Benzotriazool	Benzotriazool	=	660	ng/L
OW172100	2024-06-11	     25875	10:21:10	Bezafibraat	Bezafibraat	<	10	ng/L
OW172100	2024-06-11	     25875	10:21:10	BFlu som	PAK benzo(b+k)fluorantheen (b)	=	39	ng/L
OW172100	2024-06-11	     25875	10:21:10	bFol-A	Bisfenol-A	<	50	ng/L
OW172100	2024-06-11	     25875	10:21:10	bHCH	beta-Hexachloorcyclohexaan	<	0,75	ng/L
OW172100	2024-06-11	     25875	10:21:10	Bifenox	Bifenox	<	2	ng/L
OW172100	2024-06-11	     25875	10:21:10	BPe + IP som	PAK Benzo(g,h,i)peryleen + Indeno(1,2,3-cd)pyreen	=	28	ng/L
OW172100	2024-06-11	     25875	10:21:10	BrfosEy	Bromofos-ethyl	<	1	ng/L
OW172100	2024-06-11	     25875	10:21:10	BrfosMy	Bromofos-methyl	<	1	ng/L
OW172100	2024-06-11	     25875	10:21:10	Bromacil	Bromacil	<	10	ng/L
OW172100	2024-06-11	     25875	10:21:10	Bromoxyn	Bromoxynil	<	25	ng/L
OW172100	2024-06-11	     25875	10:21:10	ByBzyFt	Butylbenzylftalaat	<	0,095	µg/L
OW172100	2024-06-11	     25875	10:21:10	BZV5	Biochemisch zuurstofverbruik na 5d.	<	2	mgO2/L
OW172100	2024-06-11	     25875	10:21:10	c12CEe	cis-1,2-Dichlooretheen	<	0,125	µg/L
OW172100	2024-06-11	     25875	10:21:10	c13CPe	cis-1,3-Dichloorpropeen	<	0,125	µg/L
OW172100	2024-06-11	     25875	10:21:10	Ca o	Calcium	=	129000	µg/L
OW172100	2024-06-11	     25875	10:21:10	Carbamaze	Carbamazepine	=	51,8	ng/L
OW172100	2024-06-11	     25875	10:21:10	Carbdzim	Carbendazim	<	5	ng/L
OW172100	2024-06-11	     25875	10:21:10	Cartamid	Carbetamide	<	10	ng/L
OW172100	2024-06-11	     25875	10:21:10	Cbromuron	Chloorbromuron	<	15	ng/L
OW172100	2024-06-11	     25875	10:21:10	CBz	Chloorbenzeen	<	0,125	µg/L
OW172100	2024-06-11	     25875	10:21:10	CBzsom	Dichloorbenzenen	<	0,375	µg/L
OW172100	2024-06-11	     25875	10:21:10	cCdaan	cis-Chloordaan	<	0,5	ng/L
OW172100	2024-06-11	     25875	10:21:10	Cd o	Cadmium	<	0,05	µg/L
OW172100	2024-06-11	     25875	10:21:10	Cd t	Cadmium	<	0,2	µg/L
OW172100	2024-06-11	     25875	10:21:10	Cdaan	Chloordaan	<	1	ng/L
OW172100	2024-06-11	     25875	10:21:10	Cdazon	Chloridazon	=	14	ng/L
OW172100	2024-06-11	     25875	10:21:10	CFolS	Chloorfenolen	<	100	ng/L
OW172100	2024-06-11	     25875	10:21:10	Cfvinfos	Chloorfenvinfos	<	1	ng/L
OW172100	2024-06-11	     25875	10:21:10	cHpCEpx	cis-Heptachloorepoxyde	<	1	ng/L
OW172100	2024-06-11	     25875	10:21:10	Chr	Chryseen	=	23	ng/L
OW172100	2024-06-11	     25875	10:21:10	Cl-	Chloride	=	56,8	mg/L
OW172100	2024-06-11	     25875	10:21:10	Clfyl a	Chlorofyl a	=	9,1	µg/L
OW172100	2024-06-11	     25875	10:21:10	Clindamyc	Clindamycine	<	10	ng/L
OW172100	2024-06-11	     25875	10:21:10	ClindamycineHCl	Clindamycine, waterstofchloride	<	10	ng/L
OW172100	2024-06-11	     25875	10:21:10	Clopyralid	Clopyralid	<	125	ng/L
OW172100	2024-06-11	     25875	10:21:10	Clotidine	Clothianidine	<	2,5	ng/L
OW172100	2024-06-11	     25875	10:21:10	Clozapine	Clozapine	<	5	ng/L
OW172100	2024-06-11	     25875	10:21:10	Co o	Kobalt	=	0,3	µg/L
OW172100	2024-06-11	     25875	10:21:10	Co t	Kobalt	=	1,02	µg/L
OW172100	2024-06-11	     25875	10:21:10	CpfosEy	Chloorpyrifos-ethyl	<	2	ng/L
OW172100	2024-06-11	     25875	10:21:10	CpfosMy	Chloorpyrifos-methyl	<	2	ng/L
OW172100	2024-06-11	     25875	10:21:10	Cprofam	Chloorprofam	<	4	ng/L
OW172100	2024-06-11	     25875	10:21:10	Cr o	Chroom	<	1,5	µg/L
OW172100	2024-06-11	     25875	10:21:10	Cr t	Chroom	=	5,6	µg/L
OW172100	2024-06-11	     25875	10:21:10	ct13CPe	1,3-Dichloorpropeen (cis+trans)	<	0,25	µg/L
OW172100	2024-06-11	     25875	10:21:10	CTolS	Chloortoluenen	<	0,375	µg/L
OW172100	2024-06-11	     25875	10:21:10	Ctoluron	Chloortoluron	<	16	ng/L
OW172100	2024-06-11	     25875	10:21:10	Cu o	Koper	<	2	µg/L
OW172100	2024-06-11	     25875	10:21:10	Cu t	Koper	=	5,27	µg/L
OW172100	2024-06-11	     25875	10:21:10	Cumafos	Cumafos	<	1	ng/L
OW172100	2024-06-11	     25875	10:21:10	Cyanaz	Cyanazine	<	5	ng/L
OW172100	2024-06-11	     25875	10:21:10	Cybutrine	Cybutrine	<	1	ng/L
OW172100	2024-06-11	     25875	10:21:10	Cypmethrin	Cypermethrin	<	3	ng/L
OW172100	2024-06-11	     25875	10:21:10	CZV	Chemisch zuurstofverbruik	=	15,6	mgO2/L
OW172100	2024-06-11	     25875	10:21:10	DBMa	Dibroommethaan	<	0,125	µg/L
OW172100	2024-06-11	     25875	10:21:10	DBySn	Dibutyltin	<	2,1	ngSn/L
OW172100	2024-06-11	     25875	10:21:10	DBySn som	Dibutyltinverbindingen	<	2,1	ngSn/L
OW172100	2024-06-11	     25875	10:21:10	dBz(ah)An	Dibenzo(a,h)anthraceen	<	5	ng/L
OW172100	2024-06-11	     25875	10:21:10	DcHyFt	Dicyclohexylftalaat	<	0,1	µg/L
OW172100	2024-06-11	     25875	10:21:10	DCMa	Dichloormethaan	<	0,125	µg/L
OW172100	2024-06-11	     25875	10:21:10	DCvos	Dichloorvos	<	1	ng/L
OW172100	2024-06-11	     25875	10:21:10	DDT t	DDT, totaal	<	4	ng/L
OW172100	2024-06-11	     25875	10:21:10	Demeton	Demeton	<	25	ng/L
OW172100	2024-06-11	     25875	10:21:10	Demeton-O	Demeton-O	<	16	ng/L
OW172100	2024-06-11	     25875	10:21:10	Demeton-S	Demeton-S	<	9	ng/L
OW172100	2024-06-11	     25875	10:21:10	DEyatraz	Desethylatrazine	=	13	ng/L
OW172100	2024-06-11	     25875	10:21:10	DEyFt	Diethylftalaat	<	0,25	µg/L
OW172100	2024-06-11	     25875	10:21:10	DEytByaz	Desethylterbutylazine	<	10	ng/L
OW172100	2024-06-11	     25875	10:21:10	Dflucan	Diflufenican	=	14	ng/L
OW172100	2024-06-11	     25875	10:21:10	dHCH	delta-Hexachloorcyclohexaan	<	0,75	ng/L
OW172100	2024-06-11	     25875	10:21:10	Diazinon	Diazinon	<	2	ng/L
OW172100	2024-06-11	     25875	10:21:10	DiByFt	Di-isobutylftalaat	<	0,105	µg/L
OW172100	2024-06-11	     25875	10:21:10	Dicamba	Dicamba	<	150	ng/L
OW172100	2024-06-11	     25875	10:21:10	Diclofenac	Diclofenac	<	50	ng/L
OW172100	2024-06-11	     25875	10:21:10	Dieldrin	Dieldrin	<	1	ng/L
OW172100	2024-06-11	     25875	10:21:10	Dimdazol	Dimetridazol	<	5	ng/L
OW172100	2024-06-11	     25875	10:21:10	DiMetamid	Dimethenamid	=	95	ng/L
OW172100	2024-06-11	     25875	10:21:10	DiMetmorf	Dimethomorf	<	5	ng/L
OW172100	2024-06-11	     25875	10:21:10	DiPyatraz	Desisopropylatrazine	<	10	ng/L
OW172100	2024-06-11	     25875	10:21:10	DiPyEt	Di-isopropylether	<	0,125	µg/L
OW172100	2024-06-11	     25875	10:21:10	Diuron	Diuron	<	10	ng/L
OW172100	2024-06-11	     25875	10:21:10	Dmetoat	Dimethoaat	<	2	ng/L
OW172100	2024-06-11	     25875	10:21:10	DMyFol som	Som van de dimethylfenolen	<	200	ng/L
OW172100	2024-06-11	     25875	10:21:10	DMyFt	Dimethylftalaat	<	0,105	µg/L
OW172100	2024-06-11	     25875	10:21:10	DnByFt	Di-n-butylftalaat	<	0,105	µg/L
OW172100	2024-06-11	     25875	10:21:10	DNOC	4,6-Dinitro-o-cresol	<	25	ng/L
OW172100	2024-06-11	     25875	10:21:10	DnOyFt	Di-n-octylftalaat	<	0,055	µg/L
OW172100	2024-06-11	     25875	10:21:10	DOC	Koolstof	=	4,9	mgC/L
OW172100	2024-06-11	     25875	10:21:10	DONA	4,8-dioxa-3H-perfluornonaanzuur (DONA)	<	2,5	ng/L
OW172100	2024-06-11	     25875	10:21:10	DPnyFt	Dipentylftalaat	<	0,095	µg/L
OW172100	2024-06-11	     25875	10:21:10	Dsulfoton	Disulfoton	<	16	ng/L
OW172100	2024-06-11	     25875	10:21:10	EC 20	Geleidbaarheid (20°C)	=	812	µS/cm
OW172100	2024-06-11	     25875	10:21:10	EC 25	Geleidbaarheid (25°C)	=	889,546	µS/cm
OW172100	2024-06-11	     25875	10:21:10	EHDPP	2-Ethylhexyldifenylfosfaat	<	16	ng/L
OW172100	2024-06-11	     25875	10:21:10	EndoS	Endosulfansulfaat	<	1	ng/L
OW172100	2024-06-11	     25875	10:21:10	Endrin	Endrin	<	0,375	ng/L
OW172100	2024-06-11	     25875	10:21:10	Etfum	Ethofumesaat	=	149	ng/L
OW172100	2024-06-11	     25875	10:21:10	Ethopfos	Ethoprofos	<	1	ng/L
OW172100	2024-06-11	     25875	10:21:10	EtPFOSA	N-ethylperfluoroctaan-1-sulfonamide (EtPFOSA)	<	0,5	ng/L
OW172100	2024-06-11	     25875	10:21:10	EtPFOSA totaal	Totaal N-ethylperfluoroctaansulfonamide (lin+vert)	<	5	ng/L
OW172100	2024-06-11	     25875	10:21:10	EtPFOSA vertakt	= EtPFOSAtotaal - EtPFOSA	<	5	ng/L
OW172100	2024-06-11	     25875	10:21:10	EyBz	Ethylbenzeen	<	0,125	µg/L
OW172100	2024-06-11	     25875	10:21:10	EytByEt	Ethyl-tert-butylether	<	0,125	µg/L
OW172100	2024-06-11	     25875	10:21:10	F- o	Fluoride	=	0,251	mg/L
OW172100	2024-06-11	     25875	10:21:10	Fe o	Ijzer	<	12,5	µg/L
OW172100	2024-06-11	     25875	10:21:10	Fe t	Ijzer	=	1590	µg/L
OW172100	2024-06-11	     25875	10:21:10	Fen	Fenantreen	=	27	ng/L
OW172100	2024-06-11	     25875	10:21:10	Fenazon	Fenazon	<	5	ng/L
OW172100	2024-06-11	     25875	10:21:10	Fenithion	Fenitrothion	<	2	ng/L
OW172100	2024-06-11	     25875	10:21:10	Fenoprop	Fenoprop	<	25	ng/L
OW172100	2024-06-11	     25875	10:21:10	Fenthion	Fenthion	<	1	ng/L
OW172100	2024-06-11	     25875	10:21:10	Feofyt a	Feofytine a	<	8,92	µg/L
OW172100	2024-06-11	     25875	10:21:10	Fipronil	Fipronil	=	2,2	ng/L
OW172100	2024-06-11	     25875	10:21:10	Floxpyr	Fluroxypyr	<	25	ng/L
OW172100	2024-06-11	     25875	10:21:10	Flu	Fluorantheen	=	43	ng/L
OW172100	2024-06-11	     25875	10:21:10	Flucet	Flufenacet	=	35	ng/L
OW172100	2024-06-11	     25875	10:21:10	Fluoreen	Fluoreen	<	5	ng/L
OW172100	2024-06-11	     25875	10:21:10	Fol	Fenol	<	250	ng/L
OW172100	2024-06-11	     25875	10:21:10	Fonofos	Fonofos	<	2	ng/L
OW172100	2024-06-11	     25875	10:21:10	Gabapentine	Gabapentine	=	310	ng/L
OW172100	2024-06-11	     25875	10:21:10	gHCH	gamma-Hexachloorcyclohexaan	<	0,75	ng/L
OW172100	2024-06-11	     25875	10:21:10	Glyfosaat	Glyfosaat	=	500	ng/L
OW172100	2024-06-11	     25875	10:21:10	H t	Hardheid	=	37,875000000000000045	°F
OW172100	2024-06-11	     25875	10:21:10	HCBdn	Hexachloorbutadieen	<	1	ng/L
OW172100	2024-06-11	     25875	10:21:10	HCBz	Hexachloorbenzeen	<	1,5	ng/L
OW172100	2024-06-11	     25875	10:21:10	HCH	Hexachloorcyclohexaan, alle isomeren	<	3	ng/L
OW172100	2024-06-11	     25875	10:21:10	Hexazinon	Hexazinon	<	10	ng/L
OW172100	2024-06-11	     25875	10:21:10	HFPO-DA	2,3,3,3-tetrafluor-2(heptafluorpropoxy)propionzuur	<	0,5	ng/L
OW172100	2024-06-11	     25875	10:21:10	Hg o	Kwik	<	0,025	µg/L
OW172100	2024-06-11	     25875	10:21:10	Hg t	Kwik	<	0,025	µg/L
OW172100	2024-06-11	     25875	10:21:10	HpC	Heptachloor	<	1	ng/L
OW172100	2024-06-11	     25875	10:21:10	HpC+Epx	Heptachloor+epoxyde	<	4	ng/L
OW172100	2024-06-11	     25875	10:21:10	HyCtazide	Hydrochloorthiazide	=	44	ng/L
OW172100	2024-06-11	     25875	10:21:10	Imcloprid	Imidacloprid	=	6	ng/L
OW172100	2024-06-11	     25875	10:21:10	Iopamidol	Iopamidol	<	5	ng/L
OW172100	2024-06-11	     25875	10:21:10	Iopromide	Iopromide	<	10	ng/L
OW172100	2024-06-11	     25875	10:21:10	IP	Indeno(1,2,3-cd)pyreen	=	12	ng/L
OW172100	2024-06-11	     25875	10:21:10	Iproturon	Isoproturon	<	5	ng/L
OW172100	2024-06-11	     25875	10:21:10	iPyBz	Isopropylbenzeen	<	0,125	µg/L
OW172100	2024-06-11	     25875	10:21:10	Isodrin	Isodrin	<	0,375	ng/L
OW172100	2024-06-11	     25875	10:21:10	K o	Kalium	=	10600	µg/L
OW172100	2024-06-11	     25875	10:21:10	Ketoprofen	Ketoprofen	<	5	ng/L
OW172100	2024-06-11	     25875	10:21:10	KjN	Kjeldahlstikstof	=	0,698	mgN/L
OW172100	2024-06-11	     25875	10:21:10	KWS ap.	Apolaire koolwaterstoffen	<	50	µg/L
OW172100	2024-06-11	     25875	10:21:10	Lenacil	Lenacil	<	25	ng/L
OW172100	2024-06-11	     25875	10:21:10	Lidocaine	Lidocaine	=	17,7	ng/L
OW172100	2024-06-11	     25875	10:21:10	Linuron	Linuron	<	10	ng/L
OW172100	2024-06-11	     25875	10:21:10	Malathion	Malathion	<	2	ng/L
OW172100	2024-06-11	     25875	10:21:10	Mbromuron	Metobromuron	=	155	ng/L
OW172100	2024-06-11	     25875	10:21:10	mBthiaz	Metabenzthiazuron	<	5	ng/L
OW172100	2024-06-11	     25875	10:21:10	MCPA	(4-Chloor-2-methylfenoxy)azijnzuur	<	50	ng/L
OW172100	2024-06-11	     25875	10:21:10	MCPB	4-(4-Chloor-2-methylfenoxy)boterzuur	<	25	ng/L
OW172100	2024-06-11	     25875	10:21:10	MCPP	Mecoprop	<	25	ng/L
OW172100	2024-06-11	     25875	10:21:10	MePFBSAA	N-methylperfluorbutaansulfonamidoazijnzuur	<	1	ng/L
OW172100	2024-06-11	     25875	10:21:10	MePFOSA	N-methylperfluoroctaan-1-sulfonamide (MePFOSA)	<	2,5	ng/L
OW172100	2024-06-11	     25875	10:21:10	MePFOSA totaal	Totaal N-methylperfluoroctaansulfonamide (lin+ver)	<	5	ng/L
OW172100	2024-06-11	     25875	10:21:10	MePFOSA vertakt	= MePFOSAtotaal - MePFOSA	<	5	ng/L
OW172100	2024-06-11	     25875	10:21:10	MePFOSAA	N-methylperfluoroctaansulfonamidoazijnzuur	<	1	ng/L
OW172100	2024-06-11	     25875	10:21:10	Metaza	Metazachloor	<	5	ng/L
OW172100	2024-06-11	     25875	10:21:10	Metbuzin	Metribuzin	=	47	ng/L
OW172100	2024-06-11	     25875	10:21:10	Metcarb	Methiocarb	<	2	ng/L
OW172100	2024-06-11	     25875	10:21:10	Methidat	Methidation	<	1	ng/L
OW172100	2024-06-11	     25875	10:21:10	Metola	Metolachloor	=	110	ng/L
OW172100	2024-06-11	     25875	10:21:10	Metoprolol	Metoprolol	<	10	ng/L
OW172100	2024-06-11	     25875	10:21:10	Metoprololtartraat	Metoprololtartraat	<	12,5	ng/L
OW172100	2024-06-11	     25875	10:21:10	Metoxur	Metoxuron	<	5	ng/L
OW172100	2024-06-11	     25875	10:21:10	Mevinfos	Mevinfos	<	1	ng/L
OW172100	2024-06-11	     25875	10:21:10	Mg o	Magnesium	=	13500	µg/L
OW172100	2024-06-11	     25875	10:21:10	Mlinuron	Monolinuron	<	5	ng/L
OW172100	2024-06-11	     25875	10:21:10	Mmitron	Metamitron	=	95	ng/L
OW172100	2024-06-11	     25875	10:21:10	Mn o	Mangaan	=	55	µg/L
OW172100	2024-06-11	     25875	10:21:10	Mn t	Mangaan	=	157	µg/L
OW172100	2024-06-11	     25875	10:21:10	Mo o	Molybdeen	<	1,5	µg/L
OW172100	2024-06-11	     25875	10:21:10	Mo t	Molybdeen	<	2,5	µg/L
OW172100	2024-06-11	     25875	10:21:10	mpXyl	Xylenen (m+p)	<	0,125	µg/L
OW172100	2024-06-11	     25875	10:21:10	MxyC	Methoxychloor	<	1	ng/L
OW172100	2024-06-11	     25875	10:21:10	MytByEt	Methyl-tert.butylether	<	0,125	µg/L
OW172100	2024-06-11	     25875	10:21:10	N t	Stikstof	=	6,1	mgN/L
OW172100	2024-06-11	     25875	10:21:10	N+N	Nitraat+nitriet	=	5,402	mgN/L
OW172100	2024-06-11	     25875	10:21:10	N+N+N	Nitraat+nitriet+ammonium	=	5,672	mgN/L
OW172100	2024-06-11	     25875	10:21:10	Na o	Natrium	=	37800	µg/L
OW172100	2024-06-11	     25875	10:21:10	Na_diclofenac	Diclofenac, natrium	=	50	ng/L
OW172100	2024-06-11	     25875	10:21:10	Naft	Naftaleen	<	40	ng/L
OW172100	2024-06-11	     25875	10:21:10	Naproxen	Naproxen	=	35	ng/L
OW172100	2024-06-11	     25875	10:21:10	NH4+	Ammonium	=	0,27	mgN/L
OW172100	2024-06-11	     25875	10:21:10	Ni o	Nikkel	<	3,2	µg/L
OW172100	2024-06-11	     25875	10:21:10	Ni t	Nikkel	=	4,33	µg/L
OW172100	2024-06-11	     25875	10:21:10	NO2-	Nitriet	=	0,202	mgN/L
OW172100	2024-06-11	     25875	10:21:10	NO3-	Nitraat	=	5,2	mgN/L
OW172100	2024-06-11	     25875	10:21:10	NPOC	Koolstof	=	7,7	mgC/L
OW172100	2024-06-11	     25875	10:21:10	NyFol	Nonylfenol	=	350	ng/L
OW172100	2024-06-11	     25875	10:21:10	NyFolsom	Nonylfenolen	=	350	ng/L
OW172100	2024-06-11	     25875	10:21:10	O2	Zuurstof	=	8,02	mg/L
OW172100	2024-06-11	     25875	10:21:10	O2 verz	Zuurstof	=	83	%
OW172100	2024-06-11	     25875	10:21:10	OCP t	Organochloorpesticiden, totaal	<	15,875	ng/L
OW172100	2024-06-11	     25875	10:21:10	ompXyl	Xylenen (o+m+p)	<	0,25	µg/L
OW172100	2024-06-11	     25875	10:21:10	oPO4 f	Orthofosfaat	=	0,261	mgP/L
OW172100	2024-06-11	     25875	10:21:10	Oxadiazon	Oxadiazon	<	4	ng/L
OW172100	2024-06-11	     25875	10:21:10	oXyl	ortho-Xyleen	<	0,125	µg/L
OW172100	2024-06-11	     25875	10:21:10	OyFolsom	Octylfenolen	<	30	ng/L
OW172100	2024-06-11	     25875	10:21:10	P t	Fosfor	=	0,483	mgP/L
OW172100	2024-06-11	     25875	10:21:10	PAK 10	Polyaromatische KWS (10 Vrom)	<	221	ng/L
OW172100	2024-06-11	     25875	10:21:10	PAK 6	Polyaromatische KWS (6 Borneff)	=	134	ng/L
OW172100	2024-06-11	     25875	10:21:10	PathionEy	Parathion-ethyl	<	1	ng/L
OW172100	2024-06-11	     25875	10:21:10	PathionMy	Parathion-methyl	<	2	ng/L
OW172100	2024-06-11	     25875	10:21:10	Pb o	Lood	<	1,5	µg/L
OW172100	2024-06-11	     25875	10:21:10	Pb t	Lood	=	4,63	µg/L
OW172100	2024-06-11	     25875	10:21:10	PCB 101	2,2',4,5,5'-Pentachloorbifenyl (PCB101)	<	1	ng/L
OW172100	2024-06-11	     25875	10:21:10	PCB 118	2,3',4,4',5-Pentachloorbifenyl (PCB118)	<	0,5	ng/L
OW172100	2024-06-11	     25875	10:21:10	PCB 138	2,2',3,4,4',5'-Hexachloorbifenyl (PCB138)	<	1	ng/L
OW172100	2024-06-11	     25875	10:21:10	PCB 153	2,2',4,4',5,5'-Hexachloorbifenyl (PCB153)	=	1,06	ng/L
OW172100	2024-06-11	     25875	10:21:10	PCB 180	2,2',3,4,4',5,5'-Heptachloorbifenyl (PCB180)	<	1	ng/L
OW172100	2024-06-11	     25875	10:21:10	PCB 28	2,4,4'-Trichloorbifenyl (PCB28)	<	0,5	ng/L
OW172100	2024-06-11	     25875	10:21:10	PCB 52	2,2',5,5'-Tetrachloorbifenyl (PCB52)	<	0,5	ng/L
OW172100	2024-06-11	     25875	10:21:10	PCB t	Polychloorbifenyl, totaal	<	5,56	ng/L
OW172100	2024-06-11	     25875	10:21:10	PCBz	Pentachloorbenzeen	<	1,5	ng/L
OW172100	2024-06-11	     25875	10:21:10	PCFol	Pentachloorfenol	<	50	ng/L
OW172100	2024-06-11	     25875	10:21:10	PCNiBz	Pentachloornitrobenzeen	<	2	ng/L
OW172100	2024-06-11	     25875	10:21:10	Pentoxif	Pentoxifylline	<	5	ng/L
OW172100	2024-06-11	     25875	10:21:10	PFAS-43	Som van de 43 PFAS	<	144,6	ng/L
OW172100	2024-06-11	     25875	10:21:10	PFBA	Perfluorbutaanzuur (PFBA)	=	6,2	ng/L
OW172100	2024-06-11	     25875	10:21:10	PFBS	Perfluorbutaansulfonzuur (PFBS)	<	5	ng/L
OW172100	2024-06-11	     25875	10:21:10	PFBSA	Perfluorbutaansulfonamide (PFBSA)	<	2,5	ng/L
OW172100	2024-06-11	     25875	10:21:10	PFDA	Perfluordecaanzuur (PFDA)	<	5	ng/L
OW172100	2024-06-11	     25875	10:21:10	PFDoDS	Perfluordodecaansulfonzuur (PFDoDS)	<	5	ng/L
OW172100	2024-06-11	     25875	10:21:10	PFECHS	Perfluor-4-ethylcyclohexaansulfonzuur (PFECHS)	<	0,5	ng/L
OW172100	2024-06-11	     25875	10:21:10	PFHpA	Perfluorheptaanzuur (PFHpA)	<	5	ng/L
OW172100	2024-06-11	     25875	10:21:10	PFHpS	Perfluorheptaansulfonzuur (PFHpS)	<	2,5	ng/L
OW172100	2024-06-11	     25875	10:21:10	PFHxA	Perfluorhexaanzuur (PFHxA)	=	5,9	ng/L
OW172100	2024-06-11	     25875	10:21:10	PFHxS	Perfluorhexaansulfonzuur (PFHxS)	=	5,1	ng/L
OW172100	2024-06-11	     25875	10:21:10	PFHxS totaal	Totaal perfluorhexaansulfonzuur (lineair+vertakt)	<	10	ng/L
OW172100	2024-06-11	     25875	10:21:10	PFHxS vertakt	= PFHxStotaal - PFHxS	<	5	ng/L
OW172100	2024-06-11	     25875	10:21:10	PFHxSA	Perfluorhexaansulfonamide (PFHxSA)	<	1	ng/L
OW172100	2024-06-11	     25875	10:21:10	PFOA	Perfluoroctaanzuur (PFOA)	<	10	ng/L
OW172100	2024-06-11	     25875	10:21:10	PFOA totaal	Totaal perfluoroctaanzuur (lineair + vertakt)	<	10	ng/L
OW172100	2024-06-11	     25875	10:21:10	PFOA vertakt	= PFOAtotaal - PFOA	<	10	ng/L
OW172100	2024-06-11	     25875	10:21:10	PFOS	Perfluoroctaansulfonzuur (PFOS)	<	5	ng/L
OW172100	2024-06-11	     25875	10:21:10	PFOS totaal	Totaal perfluoroctaansulfonzuur (lineair+vertakt)	<	10	ng/L
OW172100	2024-06-11	     25875	10:21:10	PFOS vertakt	= PFOStotaal - PFOS	<	10	ng/L
OW172100	2024-06-11	     25875	10:21:10	PFOSA	Perfluoroctaansulfonamide (PFOSA)	<	0,5	ng/L
OW172100	2024-06-11	     25875	10:21:10	PFOSA totaal	Totaal perfluoroctaansulfonamide (lineair+vertakt)	<	5	ng/L
OW172100	2024-06-11	     25875	10:21:10	PFOSA vertakt	= PFOSAtotaal - PFOSA	<	5	ng/L
OW172100	2024-06-11	     25875	10:21:10	PFPeA	Perfluorpentaanzuur (PFPeA)	<	10	ng/L
OW172100	2024-06-11	     25875	10:21:10	PFPeS	Perfluorpentaansulfonzuur (PFPeS)	<	1	ng/L
OW172100	2024-06-11	     25875	10:21:10	PFTeDA	Perfluortetradecaanzuur (PFTeDA)	<	5	ng/L
OW172100	2024-06-11	     25875	10:21:10	PFTrDA	Perfluortridecaanzuur (PFTrDA)	<	25	ng/L
OW172100	2024-06-11	     25875	10:21:10	PFTrDS	Perfluor-1-tridecaansulfonzuur (PFTrS)	<	5	ng/L
OW172100	2024-06-11	     25875	10:21:10	PFUnDS	Perfluor-1-undecaansulfonzuur (PFUnS)	<	5	ng/L
OW172100	2024-06-11	     25875	10:21:10	pH	pH	=	7,81	-
OW172100	2024-06-11	     25875	10:21:10	Picarb	Pirimicarb	=	13	ng/L
OW172100	2024-06-11	     25875	10:21:10	PirfosMy	Pirimifos-methyl	<	1	ng/L
OW172100	2024-06-11	     25875	10:21:10	Prochloor	Propachloor	<	10	ng/L
OW172100	2024-06-11	     25875	10:21:10	Prometryn	Prometryn	<	10	ng/L
OW172100	2024-06-11	     25875	10:21:10	Propanil	Propanil	<	25	ng/L
OW172100	2024-06-11	     25875	10:21:10	Propanolol	Propanolol	<	15	ng/L
OW172100	2024-06-11	     25875	10:21:10	PropanololHCl	Propanolol, waterstofchloride	<	15	ng/L
OW172100	2024-06-11	     25875	10:21:10	Propaz	Propazine	<	10	ng/L
OW172100	2024-06-11	     25875	10:21:10	PyBz	Propylbenzeen	<	0,125	µg/L
OW172100	2024-06-11	     25875	10:21:10	Pyr	Pyreen	=	37	ng/L
OW172100	2024-06-11	     25875	10:21:10	Quinofen	Quinoxyfen	<	1	ng/L
OW172100	2024-06-11	     25875	10:21:10	Sb o	Antimoon	<	1,5	µg/L
OW172100	2024-06-11	     25875	10:21:10	Sb t	Antimoon	<	1,5	µg/L
OW172100	2024-06-11	     25875	10:21:10	Se o	Seleen	<	1,5	µg/L
OW172100	2024-06-11	     25875	10:21:10	Se t	Seleen	<	1,5	µg/L
OW172100	2024-06-11	     25875	10:21:10	Sebutylaz	Sebutylazine	<	10	ng/L
OW172100	2024-06-11	     25875	10:21:10	Secchi	Doorzichtigheid	=	50	cm
OW172100	2024-06-11	     25875	10:21:10	Simaz	Simazine	<	5	ng/L
OW172100	2024-06-11	     25875	10:21:10	SiO2 o	Silicaat	=	15	mgSiO2/L
OW172100	2024-06-11	     25875	10:21:10	Sn o	Tin	<	1,5	µg/L
OW172100	2024-06-11	     25875	10:21:10	Sn t	Tin	<	1,5	µg/L
OW172100	2024-06-11	     25875	10:21:10	SO4=	Sulfaat	=	88	mg/L
OW172100	2024-06-11	     25875	10:21:10	Sotalol	Sotalol	=	112	ng/L
OW172100	2024-06-11	     25875	10:21:10	SotalolHCl	Sotalol, waterstofchloride	=	126	ng/L
OW172100	2024-06-11	     25875	10:21:10	Styreen	Styreen	<	0,125	µg/L
OW172100	2024-06-11	     25875	10:21:10	Sulfamazol	Sulfamethoxazol	=	44,4	ng/L
OW172100	2024-06-11	     25875	10:21:10	T	Temperatuur	=	18,3	°C
OW172100	2024-06-11	     25875	10:21:10	t12CEe	trans-1,2-Dichlooretheen	<	0,125	µg/L
OW172100	2024-06-11	     25875	10:21:10	t13CPe	trans-1,3-Dichloorpropeen	<	0,125	µg/L
OW172100	2024-06-11	     25875	10:21:10	TAM	Alkaliniteit met methyloranje	=	5,9	meq/L
OW172100	2024-06-11	     25875	10:21:10	TBEP	Tributoxyethylfosfaat	=	43	ng/L
OW172100	2024-06-11	     25875	10:21:10	TBP	Tributylfosfaat	<	18	ng/L
OW172100	2024-06-11	     25875	10:21:10	TBySn	Tributyltin	=	0,09	ngSn/L
OW172100	2024-06-11	     25875	10:21:10	TCBz	Trichloorbenzenen	<	0,15	µg/L
OW172100	2024-06-11	     25875	10:21:10	tCdaan	trans-Chloordaan	<	0,5	ng/L
OW172100	2024-06-11	     25875	10:21:10	TCEe	Trichlooretheen	<	0,125	µg/L
OW172100	2024-06-11	     25875	10:21:10	TclofosMy	Tolclofos-methyl	<	2	ng/L
OW172100	2024-06-11	     25875	10:21:10	TCMa	Trichloormethaan	<	0,125	µg/L
OW172100	2024-06-11	     25875	10:21:10	TCPP	Tris-(2-chloorisopropyl)-fosfaat	=	430	ng/L
OW172100	2024-06-11	     25875	10:21:10	TDC(P)P	Tris-(1,3-dichloor-2-propyl)-fosfaat	<	71	ng/L
OW172100	2024-06-11	     25875	10:21:10	Te o	Telluur	<	2,5	µg/L
OW172100	2024-06-11	     25875	10:21:10	Te t	Telluur	<	2,5	µg/L
OW172100	2024-06-11	     25875	10:21:10	Telodrin	Telodrin	<	1	ng/L
OW172100	2024-06-11	     25875	10:21:10	Terbufos	Terbufos	<	2	ng/L
OW172100	2024-06-11	     25875	10:21:10	Terbutryn	Terbutryn	<	10	ng/L
OW172100	2024-06-11	     25875	10:21:10	Tfluralin	Trifluralin	<	2	ng/L
OW172100	2024-06-11	     25875	10:21:10	TFySn	Trifenyltin	=	0,019	ngSn/L
OW172100	2024-06-11	     25875	10:21:10	TFySn som	Trifenyltinacetaat, chloride, hydroxide	=	0,019	ngSn/L
OW172100	2024-06-11	     25875	10:21:10	Thiacloprid	Thiacloprid	<	2,5	ng/L
OW172100	2024-06-11	     25875	10:21:10	tHpCEpx	trans-Heptachloorepoxyde	<	2	ng/L
OW172100	2024-06-11	     25875	10:21:10	Ti o	Titaan	<	2	µg/L
OW172100	2024-06-11	     25875	10:21:10	Ti t	Titaan	=	28	µg/L
OW172100	2024-06-11	     25875	10:21:10	Tl o	Thallium	<	0,1	µg/L
OW172100	2024-06-11	     25875	10:21:10	Tl t	Thallium	<	0,1	µg/L
OW172100	2024-06-11	     25875	10:21:10	Tmethoxam	Thiamethoxam	<	5	ng/L
OW172100	2024-06-11	     25875	10:21:10	Tolueen	Tolueen	<	0,125	µg/L
OW172100	2024-06-11	     25875	10:21:10	TPP	Trifenylfosfaat	=	14,1	ng/L
OW172100	2024-06-11	     25875	10:21:10	TrByaz	Terbutylazine	=	44	ng/L
OW172100	2024-06-11	     25875	10:21:10	Triazofos	Triazofos	<	1	ng/L
OW172100	2024-06-11	     25875	10:21:10	triCFolsom	Trichloorfenolen	<	300	ng/L
OW172100	2024-06-11	     25875	10:21:10	Triclopyr	Triclopyr	<	25	ng/L
OW172100	2024-06-11	     25875	10:21:10	Trimoprim	Trimethoprim	<	10	ng/L
OW172100	2024-06-11	     25875	10:21:10	TtBySn	Tetrabutyltin	<	0,34	ngSn/L
OW172100	2024-06-11	     25875	10:21:10	TtCEe	Tetrachlooretheen	<	0,125	µg/L
OW172100	2024-06-11	     25875	10:21:10	TtCMa	Tetrachloormethaan	<	0,125	µg/L
OW172100	2024-06-11	     25875	10:21:10	U o	Uranium	=	1,37	µg/L
OW172100	2024-06-11	     25875	10:21:10	U t	Uranium	=	1,52	µg/L
OW172100	2024-06-11	     25875	10:21:10	V o	Vanadium	<	3	µg/L
OW172100	2024-06-11	     25875	10:21:10	V t	Vanadium	=	5,3	µg/L
OW172100	2024-06-11	     25875	10:21:10	VinCl	Vinylchloride	<	0,125	µg/L
OW172100	2024-06-11	     25875	10:21:10	Zn o	Zink	<	11	µg/L
OW172100	2024-06-11	     25875	10:21:10	Zn t	Zink	=	34,2	µg/L
OW172100	2024-06-11	     25875	10:21:10	ZS	Zwevende stoffen	=	35	mg/L
OW172100	2024-07-16	     29595	09:27:17	10:2 FTS	10:2 fluortelomeersulfonzuur (10:2 FTS)	<	5	ng/L
OW172100	2024-07-16	     29595	09:27:17	1112CEa	1,1,1,2-Tetrachloorethaan	<	0,125	µg/L
OW172100	2024-07-16	     29595	09:27:17	111CEa	1,1,1-Trichloorethaan	<	0,125	µg/L
OW172100	2024-07-16	     29595	09:27:17	1122CEa	1,1,2,2-Tetrachloorethaan	<	0,175	µg/L
OW172100	2024-07-16	     29595	09:27:17	112CEa	1,1,2-Trichloorethaan	<	0,125	µg/L
OW172100	2024-07-16	     29595	09:27:17	112CTFEa	1,1,2-Trichloortrifluorethaan	<	0,125	µg/L
OW172100	2024-07-16	     29595	09:27:17	11CEa	1,1-Dichloorethaan	<	0,125	µg/L
OW172100	2024-07-16	     29595	09:27:17	11CEe	1,1-Dichlooretheen	<	0,125	µg/L
OW172100	2024-07-16	     29595	09:27:17	1234CBz	1,2,3,4-Tetrachloorbenzeen	<	1	ng/L
OW172100	2024-07-16	     29595	09:27:17	1235+1245CBz	1,2,3,5+1,2,4,5-Tetrachloorbenzeen	<	1,5	ng/L
OW172100	2024-07-16	     29595	09:27:17	123CBz	1,2,3-Trichloorbenzeen	<	0,05	µg/L
OW172100	2024-07-16	     29595	09:27:17	124CBz	1,2,4-Trichloorbenzeen	<	0,05	µg/L
OW172100	2024-07-16	     29595	09:27:17	124MyBz	1,2,4-Trimethylbenzeen	<	0,125	µg/L
OW172100	2024-07-16	     29595	09:27:17	12BEa	1,2-Dibroomethaan	<	0,125	µg/L
OW172100	2024-07-16	     29595	09:27:17	12CBz	1,2-Dichloorbenzeen	<	0,125	µg/L
OW172100	2024-07-16	     29595	09:27:17	12CEa	1,2-Dichloorethaan	<	0,125	µg/L
OW172100	2024-07-16	     29595	09:27:17	12CEe	1,2-Dichlooretheen	<	0,25	µg/L
OW172100	2024-07-16	     29595	09:27:17	12CPa	1,2-Dichloorpropaan	<	0,125	µg/L
OW172100	2024-07-16	     29595	09:27:17	135CBz	1,3,5-Trichloorbenzeen	<	0,05	µg/L
OW172100	2024-07-16	     29595	09:27:17	135MyBz	1,3,5-Trimethylbenzeen	<	0,125	µg/L
OW172100	2024-07-16	     29595	09:27:17	13CBz	1,3-Dichloorbenzeen	<	0,125	µg/L
OW172100	2024-07-16	     29595	09:27:17	14CBz	1,4-Dichloorbenzeen	<	0,125	µg/L
OW172100	2024-07-16	     29595	09:27:17	2+3+4MyFol	som 2-methylfenol, 3-methylfenol en 4-methylfenol	<	150	ng/L
OW172100	2024-07-16	     29595	09:27:17	2345CFol	2,3,4,5-Tetrachloorfenol	<	50	ng/L
OW172100	2024-07-16	     29595	09:27:17	2346CFol	2,3,4,6-Tetrachloorfenol	<	50	ng/L
OW172100	2024-07-16	     29595	09:27:17	234CFol	2,3,4-Trichloorfenol	<	50	ng/L
OW172100	2024-07-16	     29595	09:27:17	2356CFol	2,3,5,6-Tetrachloorfenol	<	50	ng/L
OW172100	2024-07-16	     29595	09:27:17	2356CNiBz	2,3,5,6-Tetrachloornitrobenzeen	<	2	ng/L
OW172100	2024-07-16	     29595	09:27:17	235CFol	2,3,5-Trichloorfenol	<	50	ng/L
OW172100	2024-07-16	     29595	09:27:17	235MyFol	2,3,5-Trimethylfenol	<	50	ng/L
OW172100	2024-07-16	     29595	09:27:17	236CFol	2,3,6-Trichloorfenol	<	50	ng/L
OW172100	2024-07-16	     29595	09:27:17	23CFol	2,3-Dichloorfenol	<	50	ng/L
OW172100	2024-07-16	     29595	09:27:17	23CPe	2,3-Dichloorpropeen	<	0,125	µg/L
OW172100	2024-07-16	     29595	09:27:17	23MyFol	2,3-Dimethylfenol	<	50	ng/L
OW172100	2024-07-16	     29595	09:27:17	24-D	2,4-Dichloorfenoxyazijnzuur	<	25	ng/L
OW172100	2024-07-16	     29595	09:27:17	24-DB	2,4-Dichloorfenoxybutaanzuur	<	25	ng/L
OW172100	2024-07-16	     29595	09:27:17	24-DP	Dichloorprop	<	25	ng/L
OW172100	2024-07-16	     29595	09:27:17	24+25-CFol	2,4+2,5-Dichloorfenol	<	100	ng/L
OW172100	2024-07-16	     29595	09:27:17	245-T	2,4,5-Trichloorfenoxyazijnzuur	<	25	ng/L
OW172100	2024-07-16	     29595	09:27:17	245CFol	2,4,5-Trichloorfenol	<	50	ng/L
OW172100	2024-07-16	     29595	09:27:17	246CFol	2,4,6-Trichloorfenol	<	50	ng/L
OW172100	2024-07-16	     29595	09:27:17	24DDD	op'Dichloordifenyldichloorethaan	<	1	ng/L
OW172100	2024-07-16	     29595	09:27:17	24DDE	op'Dichloordifenyldichlooretheen	<	1	ng/L
OW172100	2024-07-16	     29595	09:27:17	24DDT	op'Dichloordifenyltrichloorethaan	<	1	ng/L
OW172100	2024-07-16	     29595	09:27:17	24MyFol	2,4-Dimethylfenol	<	50	ng/L
OW172100	2024-07-16	     29595	09:27:17	24NiFol	2,4-Dinitrofenol	<	25	ng/L
OW172100	2024-07-16	     29595	09:27:17	25MyFol	2,5-Dimethylfenol	<	50	ng/L
OW172100	2024-07-16	     29595	09:27:17	26CFol	2,6-Dichloorfenol	<	50	ng/L
OW172100	2024-07-16	     29595	09:27:17	26MyFol	2,6-Dimethylfenol	<	50	ng/L
OW172100	2024-07-16	     29595	09:27:17	2CFol	2-Chloorfenol	<	50	ng/L
OW172100	2024-07-16	     29595	09:27:17	2CTol	2-Chloortolueen	<	0,125	µg/L
OW172100	2024-07-16	     29595	09:27:17	2EyFol	2-Ethylfenol	<	50	ng/L
OW172100	2024-07-16	     29595	09:27:17	2hAtraz	2-Hydroxy-atrazine	=	18	ng/L
OW172100	2024-07-16	     29595	09:27:17	2iPyFol	2-Isopropylfenol	<	50	ng/L
OW172100	2024-07-16	     29595	09:27:17	2MyFol	2-Methylfenol	<	50	ng/L
OW172100	2024-07-16	     29595	09:27:17	345CFol	3,4,5-Trichloorfenol	<	50	ng/L
OW172100	2024-07-16	     29595	09:27:17	34CFol	3,4-Dichloorfenol	<	50	ng/L
OW172100	2024-07-16	     29595	09:27:17	34MyFol	3,4-Dimethylfenol	<	50	ng/L
OW172100	2024-07-16	     29595	09:27:17	35CFol	3,5-Dichloorfenol	<	50	ng/L
OW172100	2024-07-16	     29595	09:27:17	3CFol	3-Chloorfenol	<	50	ng/L
OW172100	2024-07-16	     29595	09:27:17	3CPe	3-Chloorpropeen	<	0,125	µg/L
OW172100	2024-07-16	     29595	09:27:17	3CTol	3-Chloortolueen	<	0,125	µg/L
OW172100	2024-07-16	     29595	09:27:17	3EyFol	3-Ethylfenol	<	50	ng/L
OW172100	2024-07-16	     29595	09:27:17	3MyFol	3-Methylfenol	<	50	ng/L
OW172100	2024-07-16	     29595	09:27:17	44DDD	pp'Dichloordifenyldichloorethaan	<	1	ng/L
OW172100	2024-07-16	     29595	09:27:17	44DDE	pp'Dichloordifenyldichlooretheen	<	1	ng/L
OW172100	2024-07-16	     29595	09:27:17	44DDT	pp'Dichloordifenyltrichloorethaan	<	1	ng/L
OW172100	2024-07-16	     29595	09:27:17	4C35MyFol	4-Chloor-3,5-dimethylfenol	<	50	ng/L
OW172100	2024-07-16	     29595	09:27:17	4C3MyFol	4-Chloor-3-methylfenol	<	50	ng/L
OW172100	2024-07-16	     29595	09:27:17	4CFol	4-Chloorfenol	<	50	ng/L
OW172100	2024-07-16	     29595	09:27:17	4CTol	4-Chloortolueen	<	0,125	µg/L
OW172100	2024-07-16	     29595	09:27:17	4EyFol + 35MyFol	4-ethylfenol + 3,5 dimethylfenol	<	100	ng/L
OW172100	2024-07-16	     29595	09:27:17	4MyFol	4-Methylfenol	<	50	ng/L
OW172100	2024-07-16	     29595	09:27:17	6:2 FTS	6:2 fluortelomeersulfonzuur (6:2 FTS)	<	5	ng/L
OW172100	2024-07-16	     29595	09:27:17	8:2 FTS	8:2 fluortelomeersulfonzuur (8:2 FTS)	<	1	ng/L
OW172100	2024-07-16	     29595	09:27:17	a+b+d+gHCHS	alfa+beta+gamma+delta Hexachloorcyclohexaan	<	3	ng/L
OW172100	2024-07-16	     29595	09:27:17	a+bEndoS	alfa+beta Endosulfan	<	2	ng/L
OW172100	2024-07-16	     29595	09:27:17	Acetamiprid	Acetamiprid	<	2,5	ng/L
OW172100	2024-07-16	     29595	09:27:17	Aclonifen	Aclonifen	=	15	ng/L
OW172100	2024-07-16	     29595	09:27:17	ADEIdrin	Aldrin+Dieldrin+Endrin+Isodrin	<	2,25	ng/L
OW172100	2024-07-16	     29595	09:27:17	aEndo	alfa-Endosulfan	<	1	ng/L
OW172100	2024-07-16	     29595	09:27:17	Ag o	Zilver	<	0,05	µg/L
OW172100	2024-07-16	     29595	09:27:17	Ag t	Zilver	<	0,05	µg/L
OW172100	2024-07-16	     29595	09:27:17	aHCH	alfa-Hexachloorcyclohexaan	<	0,75	ng/L
OW172100	2024-07-16	     29595	09:27:17	Al o	Aluminium	<	150	µg/L
OW172100	2024-07-16	     29595	09:27:17	Alachloor	Alachloor	<	10	ng/L
OW172100	2024-07-16	     29595	09:27:17	Aldrin	Aldrin	<	0,375	ng/L
OW172100	2024-07-16	     29595	09:27:17	Amidotriz	Amidotrizoinezuur	=	53,8	ng/L
OW172100	2024-07-16	     29595	09:27:17	AMPA	Aminomethylfosfonzuur	=	1700	ng/L
OW172100	2024-07-16	     29595	09:27:17	As o	Arseen	=	1,56	µg/L
OW172100	2024-07-16	     29595	09:27:17	As t	Arseen	=	2,36	µg/L
OW172100	2024-07-16	     29595	09:27:17	Atenolol	Atenolol	=	20,6	ng/L
OW172100	2024-07-16	     29595	09:27:17	Atraz	Atrazine	<	10	ng/L
OW172100	2024-07-16	     29595	09:27:17	AzinfosEy	Azinfos-ethyl	<	2	ng/L
OW172100	2024-07-16	     29595	09:27:17	AzinfosMy	Azinfos-methyl	<	1	ng/L
OW172100	2024-07-16	     29595	09:27:17	B o	Boor	=	70	µg/L
OW172100	2024-07-16	     29595	09:27:17	B t	Boor	=	74	µg/L
OW172100	2024-07-16	     29595	09:27:17	B(a)A	Benzo(a)anthraceen	<	5	ng/L
OW172100	2024-07-16	     29595	09:27:17	B(a)P	Benzo(a)pyreen	<	5	ng/L
OW172100	2024-07-16	     29595	09:27:17	B(b)Flu	Benzo(b)fluorantheen	<	10	ng/L
OW172100	2024-07-16	     29595	09:27:17	B(ghi)Pe	Benzo(g,h,i)peryleen	<	10	ng/L
OW172100	2024-07-16	     29595	09:27:17	B(k)Flu	Benzo(k)fluorantheen	<	5	ng/L
OW172100	2024-07-16	     29595	09:27:17	b2EyHyFt	bis-(2-ethylhexyl)-ftalaat	<	0,34	µg/L
OW172100	2024-07-16	     29595	09:27:17	Ba o	Barium	=	34	µg/L
OW172100	2024-07-16	     29595	09:27:17	Ba t	Barium	=	46	µg/L
OW172100	2024-07-16	     29595	09:27:17	BAM	2,6-Dichloorbenzamide	=	25	ng/L
OW172100	2024-07-16	     29595	09:27:17	BBz	Broombenzeen	<	0,125	µg/L
OW172100	2024-07-16	     29595	09:27:17	BDCMa	Broomdichloormethaan	<	0,125	µg/L
OW172100	2024-07-16	     29595	09:27:17	Be o	Beryllium	<	0,11	µg/L
OW172100	2024-07-16	     29595	09:27:17	Be t	Beryllium	<	0,15	µg/L
OW172100	2024-07-16	     29595	09:27:17	bEndo	beta-Endosulfan	<	1	ng/L
OW172100	2024-07-16	     29595	09:27:17	Bentazone	Bentazone	=	121	ng/L
OW172100	2024-07-16	     29595	09:27:17	Benzeen	Benzeen	<	0,125	µg/L
OW172100	2024-07-16	     29595	09:27:17	Benzotriazool	Benzotriazool	=	1070	ng/L
OW172100	2024-07-16	     29595	09:27:17	Bezafibraat	Bezafibraat	<	10	ng/L
OW172100	2024-07-16	     29595	09:27:17	BFlu som	PAK benzo(b+k)fluorantheen (b)	<	15	ng/L
OW172100	2024-07-16	     29595	09:27:17	bFol-A	Bisfenol-A	<	50	ng/L
OW172100	2024-07-16	     29595	09:27:17	bHCH	beta-Hexachloorcyclohexaan	<	0,75	ng/L
OW172100	2024-07-16	     29595	09:27:17	Bifenox	Bifenox	<	2	ng/L
OW172100	2024-07-16	     29595	09:27:17	BPe + IP som	PAK Benzo(g,h,i)peryleen + Indeno(1,2,3-cd)pyreen	<	15	ng/L
OW172100	2024-07-16	     29595	09:27:17	BrfosEy	Bromofos-ethyl	<	1	ng/L
OW172100	2024-07-16	     29595	09:27:17	BrfosMy	Bromofos-methyl	<	1	ng/L
OW172100	2024-07-16	     29595	09:27:17	Bromacil	Bromacil	<	10	ng/L
OW172100	2024-07-16	     29595	09:27:17	Bromoxyn	Bromoxynil	<	25	ng/L
OW172100	2024-07-16	     29595	09:27:17	ByBzyFt	Butylbenzylftalaat	<	0,095	µg/L
OW172100	2024-07-16	     29595	09:27:17	BZV5	Biochemisch zuurstofverbruik na 5d.	=	3,9	mgO2/L
OW172100	2024-07-16	     29595	09:27:17	c12CEe	cis-1,2-Dichlooretheen	<	0,125	µg/L
OW172100	2024-07-16	     29595	09:27:17	c13CPe	cis-1,3-Dichloorpropeen	<	0,125	µg/L
OW172100	2024-07-16	     29595	09:27:17	Ca o	Calcium	=	125000	µg/L
OW172100	2024-07-16	     29595	09:27:17	Carbamaze	Carbamazepine	=	73,1	ng/L
OW172100	2024-07-16	     29595	09:27:17	Carbdzim	Carbendazim	<	5	ng/L
OW172100	2024-07-16	     29595	09:27:17	Cartamid	Carbetamide	<	10	ng/L
OW172100	2024-07-16	     29595	09:27:17	Cbromuron	Chloorbromuron	<	15	ng/L
OW172100	2024-07-16	     29595	09:27:17	CBz	Chloorbenzeen	<	0,125	µg/L
OW172100	2024-07-16	     29595	09:27:17	CBzsom	Dichloorbenzenen	<	0,375	µg/L
OW172100	2024-07-16	     29595	09:27:17	cCdaan	cis-Chloordaan	<	0,5	ng/L
OW172100	2024-07-16	     29595	09:27:17	Cd o	Cadmium	<	0,05	µg/L
OW172100	2024-07-16	     29595	09:27:17	Cd t	Cadmium	<	0,1	µg/L
OW172100	2024-07-16	     29595	09:27:17	Cdaan	Chloordaan	<	0,5	ng/L
OW172100	2024-07-16	     29595	09:27:17	Cdazon	Chloridazon	<	5	ng/L
OW172100	2024-07-16	     29595	09:27:17	CFolS	Chloorfenolen	<	150	ng/L
OW172100	2024-07-16	     29595	09:27:17	Cfvinfos	Chloorfenvinfos	<	1	ng/L
OW172100	2024-07-16	     29595	09:27:17	cHpCEpx	cis-Heptachloorepoxyde	<	1	ng/L
OW172100	2024-07-16	     29595	09:27:17	Chr	Chryseen	=	13	ng/L
OW172100	2024-07-16	     29595	09:27:17	Cl-	Chloride	=	52,7	mg/L
OW172100	2024-07-16	     29595	09:27:17	Clfyl a	Chlorofyl a	=	10,1	µg/L
OW172100	2024-07-16	     29595	09:27:17	Clindamyc	Clindamycine	=	12,2	ng/L
OW172100	2024-07-16	     29595	09:27:17	ClindamycineHCl	Clindamycine, waterstofchloride	=	13,3	ng/L
OW172100	2024-07-16	     29595	09:27:17	Clopyralid	Clopyralid	<	125	ng/L
OW172100	2024-07-16	     29595	09:27:17	Clotidine	Clothianidine	<	2,5	ng/L
OW172100	2024-07-16	     29595	09:27:17	Clozapine	Clozapine	<	5	ng/L
OW172100	2024-07-16	     29595	09:27:17	Co o	Kobalt	=	0,214	µg/L
OW172100	2024-07-16	     29595	09:27:17	Co t	Kobalt	=	0,76	µg/L
OW172100	2024-07-16	     29595	09:27:17	CpfosEy	Chloorpyrifos-ethyl	<	2	ng/L
OW172100	2024-07-16	     29595	09:27:17	CpfosMy	Chloorpyrifos-methyl	<	2	ng/L
OW172100	2024-07-16	     29595	09:27:17	Cprofam	Chloorprofam	<	4	ng/L
OW172100	2024-07-16	     29595	09:27:17	Cr o	Chroom	<	1,5	µg/L
OW172100	2024-07-16	     29595	09:27:17	Cr t	Chroom	=	3,56	µg/L
OW172100	2024-07-16	     29595	09:27:17	ct13CPe	1,3-Dichloorpropeen (cis+trans)	<	0,25	µg/L
OW172100	2024-07-16	     29595	09:27:17	CTolS	Chloortoluenen	<	0,375	µg/L
OW172100	2024-07-16	     29595	09:27:17	Ctoluron	Chloortoluron	<	16	ng/L
OW172100	2024-07-16	     29595	09:27:17	Cu o	Koper	<	2	µg/L
OW172100	2024-07-16	     29595	09:27:17	Cu t	Koper	=	17,3	µg/L
OW172100	2024-07-16	     29595	09:27:17	Cumafos	Cumafos	<	1	ng/L
OW172100	2024-07-16	     29595	09:27:17	Cyanaz	Cyanazine	<	5	ng/L
OW172100	2024-07-16	     29595	09:27:17	Cybutrine	Cybutrine	<	1	ng/L
OW172100	2024-07-16	     29595	09:27:17	Cypmethrin	Cypermethrin	<	3	ng/L
OW172100	2024-07-16	     29595	09:27:17	CZV	Chemisch zuurstofverbruik	=	16	mgO2/L
OW172100	2024-07-16	     29595	09:27:17	DBCMa	Dibroomchloormethaan	<	0,125	µg/L
OW172100	2024-07-16	     29595	09:27:17	DBMa	Dibroommethaan	<	0,125	µg/L
OW172100	2024-07-16	     29595	09:27:17	DBySn	Dibutyltin	<	2	ngSn/L
OW172100	2024-07-16	     29595	09:27:17	DBySn som	Dibutyltinverbindingen	<	2	ngSn/L
OW172100	2024-07-16	     29595	09:27:17	dBz(ah)An	Dibenzo(a,h)anthraceen	<	5	ng/L
OW172100	2024-07-16	     29595	09:27:17	DcHyFt	Dicyclohexylftalaat	<	0,1	µg/L
OW172100	2024-07-16	     29595	09:27:17	DCMa	Dichloormethaan	<	0,125	µg/L
OW172100	2024-07-16	     29595	09:27:17	DCvos	Dichloorvos	<	1	ng/L
OW172100	2024-07-16	     29595	09:27:17	DDT t	DDT, totaal	<	4	ng/L
OW172100	2024-07-16	     29595	09:27:17	Demeton-S	Demeton-S	<	9	ng/L
OW172100	2024-07-16	     29595	09:27:17	DEyatraz	Desethylatrazine	=	14	ng/L
OW172100	2024-07-16	     29595	09:27:17	DEytByaz	Desethylterbutylazine	<	10	ng/L
OW172100	2024-07-16	     29595	09:27:17	Dflucan	Diflufenican	=	18	ng/L
OW172100	2024-07-16	     29595	09:27:17	dHCH	delta-Hexachloorcyclohexaan	<	0,75	ng/L
OW172100	2024-07-16	     29595	09:27:17	Diazinon	Diazinon	<	2	ng/L
OW172100	2024-07-16	     29595	09:27:17	DiByFt	Di-isobutylftalaat	<	0,105	µg/L
OW172100	2024-07-16	     29595	09:27:17	Dicamba	Dicamba	<	150	ng/L
OW172100	2024-07-16	     29595	09:27:17	Diclofenac	Diclofenac	<	50	ng/L
OW172100	2024-07-16	     29595	09:27:17	Dieldrin	Dieldrin	<	1	ng/L
OW172100	2024-07-16	     29595	09:27:17	Dimdazol	Dimetridazol	<	5	ng/L
OW172100	2024-07-16	     29595	09:27:17	DiMetamid	Dimethenamid	=	104	ng/L
OW172100	2024-07-16	     29595	09:27:17	DiMetmorf	Dimethomorf	<	10	ng/L
OW172100	2024-07-16	     29595	09:27:17	DiPyatraz	Desisopropylatrazine	<	10	ng/L
OW172100	2024-07-16	     29595	09:27:17	DiPyEt	Di-isopropylether	<	0,125	µg/L
OW172100	2024-07-16	     29595	09:27:17	Diuron	Diuron	=	11	ng/L
OW172100	2024-07-16	     29595	09:27:17	Dmetoat	Dimethoaat	<	2	ng/L
OW172100	2024-07-16	     29595	09:27:17	DMyFol som	Som van de dimethylfenolen	<	250	ng/L
OW172100	2024-07-16	     29595	09:27:17	DMyFt	Dimethylftalaat	<	0,105	µg/L
OW172100	2024-07-16	     29595	09:27:17	DnByFt	Di-n-butylftalaat	<	0,105	µg/L
OW172100	2024-07-16	     29595	09:27:17	DNOC	4,6-Dinitro-o-cresol	<	25	ng/L
OW172100	2024-07-16	     29595	09:27:17	DnOyFt	Di-n-octylftalaat	<	0,055	µg/L
OW172100	2024-07-16	     29595	09:27:17	DOC	Koolstof	=	4,7	mgC/L
OW172100	2024-07-16	     29595	09:27:17	DONA	4,8-dioxa-3H-perfluornonaanzuur (DONA)	<	2,5	ng/L
OW172100	2024-07-16	     29595	09:27:17	DPnyFt	Dipentylftalaat	<	0,095	µg/L
OW172100	2024-07-16	     29595	09:27:17	Dsulfoton	Disulfoton	<	16	ng/L
OW172100	2024-07-16	     29595	09:27:17	EC 20	Geleidbaarheid (20°C)	=	772	µS/cm
OW172100	2024-07-16	     29595	09:27:17	EC 25	Geleidbaarheid (25°C)	=	845,726	µS/cm
OW172100	2024-07-16	     29595	09:27:17	EHDPP	2-Ethylhexyldifenylfosfaat	<	16	ng/L
OW172100	2024-07-16	     29595	09:27:17	EndoS	Endosulfansulfaat	<	1	ng/L
OW172100	2024-07-16	     29595	09:27:17	Endrin	Endrin	<	0,375	ng/L
OW172100	2024-07-16	     29595	09:27:17	Etfum	Ethofumesaat	=	164	ng/L
OW172100	2024-07-16	     29595	09:27:17	Ethopfos	Ethoprofos	<	1	ng/L
OW172100	2024-07-16	     29595	09:27:17	EtPFOSA	N-ethylperfluoroctaan-1-sulfonamide (EtPFOSA)	<	0,5	ng/L
OW172100	2024-07-16	     29595	09:27:17	EtPFOSA totaal	Totaal N-ethylperfluoroctaansulfonamide (lin+vert)	<	5	ng/L
OW172100	2024-07-16	     29595	09:27:17	EtPFOSA vertakt	= EtPFOSAtotaal - EtPFOSA	<	5	ng/L
OW172100	2024-07-16	     29595	09:27:17	EtPFOSAA	N-ethylperfluoroctaansulfonamidoazijnzuur	<	0,5	ng/L
OW172100	2024-07-16	     29595	09:27:17	EyBz	Ethylbenzeen	<	0,125	µg/L
OW172100	2024-07-16	     29595	09:27:17	EytByEt	Ethyl-tert-butylether	<	0,125	µg/L
OW172100	2024-07-16	     29595	09:27:17	F- o	Fluoride	=	0,232	mg/L
OW172100	2024-07-16	     29595	09:27:17	Fe o	Ijzer	<	12,5	µg/L
OW172100	2024-07-16	     29595	09:27:17	Fe t	Ijzer	=	1170	µg/L
OW172100	2024-07-16	     29595	09:27:17	Fenazon	Fenazon	<	5	ng/L
OW172100	2024-07-16	     29595	09:27:17	Fenithion	Fenitrothion	<	2	ng/L
OW172100	2024-07-16	     29595	09:27:17	Fenoprop	Fenoprop	<	25	ng/L
OW172100	2024-07-16	     29595	09:27:17	Fenthion	Fenthion	<	1	ng/L
OW172100	2024-07-16	     29595	09:27:17	Feofyt a	Feofytine a	<	4,46	µg/L
OW172100	2024-07-16	     29595	09:27:17	Fipronil	Fipronil	<	2	ng/L
OW172100	2024-07-16	     29595	09:27:17	Floxpyr	Fluroxypyr	<	50	ng/L
OW172100	2024-07-16	     29595	09:27:17	Flu	Fluorantheen	=	33	ng/L
OW172100	2024-07-16	     29595	09:27:17	Flucet	Flufenacet	<	20	ng/L
OW172100	2024-07-16	     29595	09:27:17	Fol	Fenol	<	250	ng/L
OW172100	2024-07-16	     29595	09:27:17	Fonofos	Fonofos	<	2	ng/L
OW172100	2024-07-16	     29595	09:27:17	Gabapentine	Gabapentine	=	350	ng/L
OW172100	2024-07-16	     29595	09:27:17	gHCH	gamma-Hexachloorcyclohexaan	<	0,75	ng/L
OW172100	2024-07-16	     29595	09:27:17	Glyfosaat	Glyfosaat	=	330	ng/L
OW172100	2024-07-16	     29595	09:27:17	H t	Hardheid	=	36,25000000000000004	°F
OW172100	2024-07-16	     29595	09:27:17	HCBdn	Hexachloorbutadieen	<	1	ng/L
OW172100	2024-07-16	     29595	09:27:17	HCBz	Hexachloorbenzeen	<	1,5	ng/L
OW172100	2024-07-16	     29595	09:27:17	HCH	Hexachloorcyclohexaan, alle isomeren	<	3	ng/L
OW172100	2024-07-16	     29595	09:27:17	Hexazinon	Hexazinon	<	10	ng/L
OW172100	2024-07-16	     29595	09:27:17	HFPO-DA	2,3,3,3-tetrafluor-2(heptafluorpropoxy)propionzuur	<	2,5	ng/L
OW172100	2024-07-16	     29595	09:27:17	Hg o	Kwik	<	0,025	µg/L
OW172100	2024-07-16	     29595	09:27:17	Hg t	Kwik	<	0,025	µg/L
OW172100	2024-07-16	     29595	09:27:17	HpC	Heptachloor	<	1	ng/L
OW172100	2024-07-16	     29595	09:27:17	HpC+Epx	Heptachloor+epoxyde	<	4	ng/L
OW172100	2024-07-16	     29595	09:27:17	HyCtazide	Hydrochloorthiazide	=	46	ng/L
OW172100	2024-07-16	     29595	09:27:17	Imcloprid	Imidacloprid	=	5	ng/L
OW172100	2024-07-16	     29595	09:27:17	Iopamidol	Iopamidol	<	5	ng/L
OW172100	2024-07-16	     29595	09:27:17	Iopromide	Iopromide	=	53	ng/L
OW172100	2024-07-16	     29595	09:27:17	IP	Indeno(1,2,3-cd)pyreen	<	5	ng/L
OW172100	2024-07-16	     29595	09:27:17	Iproturon	Isoproturon	<	5	ng/L
OW172100	2024-07-16	     29595	09:27:17	iPyBz	Isopropylbenzeen	<	0,125	µg/L
OW172100	2024-07-16	     29595	09:27:17	Isodrin	Isodrin	<	0,5	ng/L
OW172100	2024-07-16	     29595	09:27:17	K o	Kalium	=	10100	µg/L
OW172100	2024-07-16	     29595	09:27:17	Ketoprofen	Ketoprofen	<	5	ng/L
OW172100	2024-07-16	     29595	09:27:17	KjN	Kjeldahlstikstof	=	0,636	mgN/L
OW172100	2024-07-16	     29595	09:27:17	KWS ap.	Apolaire koolwaterstoffen	<	100	µg/L
OW172100	2024-07-16	     29595	09:27:17	KWS C10-12	Apolaire koolwaterstoffen, fractie C10-C12	=	17	%
OW172100	2024-07-16	     29595	09:27:17	KWS C12-20	Apolaire koolwaterstoffen, fractie C12-C20	=	40	%
OW172100	2024-07-16	     29595	09:27:17	KWS C20-30	Apolaire koolwaterstoffen, fractie C20-C30	=	33	%
OW172100	2024-07-16	     29595	09:27:17	KWS C30-40	Apolaire koolwaterstoffen, fractie C30-C40	=	10	%
OW172100	2024-07-16	     29595	09:27:17	Lenacil	Lenacil	<	25	ng/L
OW172100	2024-07-16	     29595	09:27:17	Lidocaine	Lidocaine	=	22,6	ng/L
OW172100	2024-07-16	     29595	09:27:17	Linuron	Linuron	<	5	ng/L
OW172100	2024-07-16	     29595	09:27:17	Malathion	Malathion	<	2	ng/L
OW172100	2024-07-16	     29595	09:27:17	Mbromuron	Metobromuron	=	152	ng/L
OW172100	2024-07-16	     29595	09:27:17	mBthiaz	Metabenzthiazuron	<	5	ng/L
OW172100	2024-07-16	     29595	09:27:17	MCPA	(4-Chloor-2-methylfenoxy)azijnzuur	=	153	ng/L
OW172100	2024-07-16	     29595	09:27:17	MCPB	4-(4-Chloor-2-methylfenoxy)boterzuur	<	50	ng/L
OW172100	2024-07-16	     29595	09:27:17	MCPP	Mecoprop	<	25	ng/L
OW172100	2024-07-16	     29595	09:27:17	MePFBSA	N-methylperfluorbutaansulfonamide (MePFBSA)	<	1	ng/L
OW172100	2024-07-16	     29595	09:27:17	MePFBSAA	N-methylperfluorbutaansulfonamidoazijnzuur	<	0,5	ng/L
OW172100	2024-07-16	     29595	09:27:17	MePFOSA	N-methylperfluoroctaan-1-sulfonamide (MePFOSA)	<	2,5	ng/L
OW172100	2024-07-16	     29595	09:27:17	MePFOSA totaal	Totaal N-methylperfluoroctaansulfonamide (lin+ver)	<	5	ng/L
OW172100	2024-07-16	     29595	09:27:17	MePFOSA vertakt	= MePFOSAtotaal - MePFOSA	<	5	ng/L
OW172100	2024-07-16	     29595	09:27:17	Metaza	Metazachloor	=	16	ng/L
OW172100	2024-07-16	     29595	09:27:17	Metbuzin	Metribuzin	=	59	ng/L
OW172100	2024-07-16	     29595	09:27:17	Metcarb	Methiocarb	<	1	ng/L
OW172100	2024-07-16	     29595	09:27:17	Methidat	Methidation	<	1	ng/L
OW172100	2024-07-16	     29595	09:27:17	Metola	Metolachloor	=	69	ng/L
OW172100	2024-07-16	     29595	09:27:17	Metoprolol	Metoprolol	<	10	ng/L
OW172100	2024-07-16	     29595	09:27:17	Metoprololtartraat	Metoprololtartraat	<	12,5	ng/L
OW172100	2024-07-16	     29595	09:27:17	Metoxur	Metoxuron	<	5	ng/L
OW172100	2024-07-16	     29595	09:27:17	Mevinfos	Mevinfos	<	1	ng/L
OW172100	2024-07-16	     29595	09:27:17	Mg o	Magnesium	=	12000	µg/L
OW172100	2024-07-16	     29595	09:27:17	Mlinuron	Monolinuron	<	5	ng/L
OW172100	2024-07-16	     29595	09:27:17	Mmitron	Metamitron	<	5	ng/L
OW172100	2024-07-16	     29595	09:27:17	Mn o	Mangaan	=	10	µg/L
OW172100	2024-07-16	     29595	09:27:17	Mn t	Mangaan	=	90	µg/L
OW172100	2024-07-16	     29595	09:27:17	Mo o	Molybdeen	<	1,5	µg/L
OW172100	2024-07-16	     29595	09:27:17	Mo t	Molybdeen	<	2,5	µg/L
OW172100	2024-07-16	     29595	09:27:17	mpXyl	Xylenen (m+p)	<	0,125	µg/L
OW172100	2024-07-16	     29595	09:27:17	MxyC	Methoxychloor	<	1	ng/L
OW172100	2024-07-16	     29595	09:27:17	MytByEt	Methyl-tert.butylether	<	0,25	µg/L
OW172100	2024-07-16	     29595	09:27:17	N t	Stikstof	=	6,3	mgN/L
OW172100	2024-07-16	     29595	09:27:17	N+N	Nitraat+nitriet	=	5,664	mgN/L
OW172100	2024-07-16	     29595	09:27:17	N+N+N	Nitraat+nitriet+ammonium	=	6,034	mgN/L
OW172100	2024-07-16	     29595	09:27:17	Na o	Natrium	=	37800	µg/L
OW172100	2024-07-16	     29595	09:27:17	Na_diclofenac	Diclofenac, natrium	<	50	ng/L
OW172100	2024-07-16	     29595	09:27:17	Naproxen	Naproxen	=	38	ng/L
OW172100	2024-07-16	     29595	09:27:17	NH4+	Ammonium	=	0,37	mgN/L
OW172100	2024-07-16	     29595	09:27:17	Ni o	Nikkel	<	3,2	µg/L
OW172100	2024-07-16	     29595	09:27:17	Ni t	Nikkel	=	3,8	µg/L
OW172100	2024-07-16	     29595	09:27:17	NO2-	Nitriet	=	0,264	mgN/L
OW172100	2024-07-16	     29595	09:27:17	NO3-	Nitraat	=	5,4	mgN/L
OW172100	2024-07-16	     29595	09:27:17	NPOC	Koolstof	=	5,7	mgC/L
OW172100	2024-07-16	     29595	09:27:17	NyFol	Nonylfenol	<	300	ng/L
OW172100	2024-07-16	     29595	09:27:17	NyFolsom	Nonylfenolen	<	300	ng/L
OW172100	2024-07-16	     29595	09:27:17	O2	Zuurstof	=	7,69	mg/L
OW172100	2024-07-16	     29595	09:27:17	O2 verz	Zuurstof	=	84,4	%
OW172100	2024-07-16	     29595	09:27:17	OCP t	Organochloorpesticiden, totaal	<	16	ng/L
OW172100	2024-07-16	     29595	09:27:17	ompXyl	Xylenen (o+m+p)	<	0,25	µg/L
OW172100	2024-07-16	     29595	09:27:17	oPO4 f	Orthofosfaat	=	0,254	mgP/L
OW172100	2024-07-16	     29595	09:27:17	Oxadiazon	Oxadiazon	<	4	ng/L
OW172100	2024-07-16	     29595	09:27:17	oXyl	ortho-Xyleen	<	0,125	µg/L
OW172100	2024-07-16	     29595	09:27:17	P t	Fosfor	=	0,394	mgP/L
OW172100	2024-07-16	     29595	09:27:17	PAK 10	Polyaromatische KWS (10 Vrom)	<	76	ng/L
OW172100	2024-07-16	     29595	09:27:17	PAK 6	Polyaromatische KWS (6 Borneff)	<	68	ng/L
OW172100	2024-07-16	     29595	09:27:17	PathionEy	Parathion-ethyl	<	1	ng/L
OW172100	2024-07-16	     29595	09:27:17	PathionMy	Parathion-methyl	<	2	ng/L
OW172100	2024-07-16	     29595	09:27:17	Pb o	Lood	<	1,5	µg/L
OW172100	2024-07-16	     29595	09:27:17	Pb t	Lood	<	2,5	µg/L
OW172100	2024-07-16	     29595	09:27:17	PCB 101	2,2',4,5,5'-Pentachloorbifenyl (PCB101)	<	0,5	ng/L
OW172100	2024-07-16	     29595	09:27:17	PCB 118	2,3',4,4',5-Pentachloorbifenyl (PCB118)	<	0,5	ng/L
OW172100	2024-07-16	     29595	09:27:17	PCB 138	2,2',3,4,4',5'-Hexachloorbifenyl (PCB138)	<	0,5	ng/L
OW172100	2024-07-16	     29595	09:27:17	PCB 153	2,2',4,4',5,5'-Hexachloorbifenyl (PCB153)	<	0,5	ng/L
OW172100	2024-07-16	     29595	09:27:17	PCB 180	2,2',3,4,4',5,5'-Heptachloorbifenyl (PCB180)	<	0,5	ng/L
OW172100	2024-07-16	     29595	09:27:17	PCB 28	2,4,4'-Trichloorbifenyl (PCB28)	<	0,5	ng/L
OW172100	2024-07-16	     29595	09:27:17	PCB 52	2,2',5,5'-Tetrachloorbifenyl (PCB52)	<	0,5	ng/L
OW172100	2024-07-16	     29595	09:27:17	PCB t	Polychloorbifenyl, totaal	<	3,5	ng/L
OW172100	2024-07-16	     29595	09:27:17	PCBz	Pentachloorbenzeen	<	1,5	ng/L
OW172100	2024-07-16	     29595	09:27:17	PCFol	Pentachloorfenol	<	50	ng/L
OW172100	2024-07-16	     29595	09:27:17	PCNiBz	Pentachloornitrobenzeen	<	2	ng/L
OW172100	2024-07-16	     29595	09:27:17	Pentoxif	Pentoxifylline	<	5	ng/L
OW172100	2024-07-16	     29595	09:27:17	PFAS-43	Som van de 43 PFAS	<	135,94	ng/L
OW172100	2024-07-16	     29595	09:27:17	PFBA	Perfluorbutaanzuur (PFBA)	<	2,5	ng/L
OW172100	2024-07-16	     29595	09:27:17	PFBS	Perfluorbutaansulfonzuur (PFBS)	<	5	ng/L
OW172100	2024-07-16	     29595	09:27:17	PFBSA	Perfluorbutaansulfonamide (PFBSA)	=	8,2	ng/L
OW172100	2024-07-16	     29595	09:27:17	PFDoDA	Perfluordodecaanzuur (PFDoDA)	<	1	ng/L
OW172100	2024-07-16	     29595	09:27:17	PFDoDS	Perfluordodecaansulfonzuur (PFDoDS)	<	5	ng/L
OW172100	2024-07-16	     29595	09:27:17	PFDS	Perfluordecaansulfonzuur (PFDS)	<	0,5	ng/L
OW172100	2024-07-16	     29595	09:27:17	PFECHS	Perfluor-4-ethylcyclohexaansulfonzuur (PFECHS)	<	0,5	ng/L
OW172100	2024-07-16	     29595	09:27:17	PFHpA	Perfluorheptaanzuur (PFHpA)	<	2,5	ng/L
OW172100	2024-07-16	     29595	09:27:17	PFHpS	Perfluorheptaansulfonzuur (PFHpS)	<	2,5	ng/L
OW172100	2024-07-16	     29595	09:27:17	PFHxA	Perfluorhexaanzuur (PFHxA)	<	5	ng/L
OW172100	2024-07-16	     29595	09:27:17	PFHxS	Perfluorhexaansulfonzuur (PFHxS)	<	5	ng/L
OW172100	2024-07-16	     29595	09:27:17	PFHxS totaal	Totaal perfluorhexaansulfonzuur (lineair+vertakt)	<	5	ng/L
OW172100	2024-07-16	     29595	09:27:17	PFHxS vertakt	= PFHxStotaal - PFHxS	<	10	ng/L
OW172100	2024-07-16	     29595	09:27:17	PFHxSA	Perfluorhexaansulfonamide (PFHxSA)	<	1	ng/L
OW172100	2024-07-16	     29595	09:27:17	PFNA	Perfluornonaanzuur (PFNA)	<	5	ng/L
OW172100	2024-07-16	     29595	09:27:17	PFNS	Perfluornonaansulfonzuur (PFNS)	<	0,5	ng/L
OW172100	2024-07-16	     29595	09:27:17	PFOA	Perfluoroctaanzuur (PFOA)	<	5	ng/L
OW172100	2024-07-16	     29595	09:27:17	PFOA totaal	Totaal perfluoroctaanzuur (lineair + vertakt)	<	5	ng/L
OW172100	2024-07-16	     29595	09:27:17	PFOA vertakt	= PFOAtotaal - PFOA	<	5	ng/L
OW172100	2024-07-16	     29595	09:27:17	PFOS	Perfluoroctaansulfonzuur (PFOS)	=	5,1	ng/L
OW172100	2024-07-16	     29595	09:27:17	PFOS totaal	Totaal perfluoroctaansulfonzuur (lineair+vertakt)	<	10	ng/L
OW172100	2024-07-16	     29595	09:27:17	PFOS vertakt	= PFOStotaal - PFOS	<	5	ng/L
OW172100	2024-07-16	     29595	09:27:17	PFOSA	Perfluoroctaansulfonamide (PFOSA)	<	0,5	ng/L
OW172100	2024-07-16	     29595	09:27:17	PFOSA totaal	Totaal perfluoroctaansulfonamide (lineair+vertakt)	<	5	ng/L
OW172100	2024-07-16	     29595	09:27:17	PFOSA vertakt	= PFOSAtotaal - PFOSA	<	5	ng/L
OW172100	2024-07-16	     29595	09:27:17	PFPeA	Perfluorpentaanzuur (PFPeA)	<	5	ng/L
OW172100	2024-07-16	     29595	09:27:17	PFPeS	Perfluorpentaansulfonzuur (PFPeS)	=	1,24	ng/L
OW172100	2024-07-16	     29595	09:27:17	PFTrDA	Perfluortridecaanzuur (PFTrDA)	<	25	ng/L
OW172100	2024-07-16	     29595	09:27:17	PFTrDS	Perfluor-1-tridecaansulfonzuur (PFTrS)	<	5	ng/L
OW172100	2024-07-16	     29595	09:27:17	PFUnDA	Perfluorundecaanzuur (PFUnDA)	<	2,5	ng/L
OW172100	2024-07-16	     29595	09:27:17	PFUnDS	Perfluor-1-undecaansulfonzuur (PFUnS)	<	5	ng/L
OW172100	2024-07-16	     29595	09:27:17	pH	pH	=	7,79	-
OW172100	2024-07-16	     29595	09:27:17	Picarb	Pirimicarb	<	5	ng/L
OW172100	2024-07-16	     29595	09:27:17	PirfosMy	Pirimifos-methyl	<	1	ng/L
OW172100	2024-07-16	     29595	09:27:17	Prochloor	Propachloor	<	10	ng/L
OW172100	2024-07-16	     29595	09:27:17	Prometryn	Prometryn	<	10	ng/L
OW172100	2024-07-16	     29595	09:27:17	Propanil	Propanil	<	25	ng/L
OW172100	2024-07-16	     29595	09:27:17	Propanolol	Propanolol	<	30	ng/L
OW172100	2024-07-16	     29595	09:27:17	PropanololHCl	Propanolol, waterstofchloride	<	30	ng/L
OW172100	2024-07-16	     29595	09:27:17	Propaz	Propazine	<	10	ng/L
OW172100	2024-07-16	     29595	09:27:17	PyBz	Propylbenzeen	<	0,125	µg/L
OW172100	2024-07-16	     29595	09:27:17	Pyr	Pyreen	=	20	ng/L
OW172100	2024-07-16	     29595	09:27:17	Quinofen	Quinoxyfen	<	1	ng/L
OW172100	2024-07-16	     29595	09:27:17	Sb o	Antimoon	<	1,5	µg/L
OW172100	2024-07-16	     29595	09:27:17	Sb t	Antimoon	<	1,5	µg/L
OW172100	2024-07-16	     29595	09:27:17	Se o	Seleen	<	0,75	µg/L
OW172100	2024-07-16	     29595	09:27:17	Se t	Seleen	<	1,5	µg/L
OW172100	2024-07-16	     29595	09:27:17	Sebutylaz	Sebutylazine	<	10	ng/L
OW172100	2024-07-16	     29595	09:27:17	Secchi	Doorzichtigheid	=	40	cm
OW172100	2024-07-16	     29595	09:27:17	Simaz	Simazine	<	5	ng/L
OW172100	2024-07-16	     29595	09:27:17	SiO2 o	Silicaat	=	14	mgSiO2/L
OW172100	2024-07-16	     29595	09:27:17	Sn o	Tin	<	1,5	µg/L
OW172100	2024-07-16	     29595	09:27:17	Sn t	Tin	<	1,5	µg/L
OW172100	2024-07-16	     29595	09:27:17	SO4=	Sulfaat	=	85	mg/L
OW172100	2024-07-16	     29595	09:27:17	Sotalol	Sotalol	=	155	ng/L
OW172100	2024-07-16	     29595	09:27:17	SotalolHCl	Sotalol, waterstofchloride	=	175	ng/L
OW172100	2024-07-16	     29595	09:27:17	Styreen	Styreen	<	0,125	µg/L
OW172100	2024-07-16	     29595	09:27:17	Sulfamazol	Sulfamethoxazol	=	49,5	ng/L
OW172100	2024-07-16	     29595	09:27:17	T	Temperatuur	=	19,7	°C
OW172100	2024-07-16	     29595	09:27:17	t12CEe	trans-1,2-Dichlooretheen	<	0,125	µg/L
OW172100	2024-07-16	     29595	09:27:17	t13CPe	trans-1,3-Dichloorpropeen	<	0,125	µg/L
OW172100	2024-07-16	     29595	09:27:17	TAM	Alkaliniteit met methyloranje	=	5,4	meq/L
OW172100	2024-07-16	     29595	09:27:17	TBEP	Tributoxyethylfosfaat	=	260	ng/L
OW172100	2024-07-16	     29595	09:27:17	TBMa	Tribroommethaan	<	0,125	µg/L
OW172100	2024-07-16	     29595	09:27:17	TBP	Tributylfosfaat	<	36	ng/L
OW172100	2024-07-16	     29595	09:27:17	TBySn	Tributyltin	=	0,049	ngSn/L
OW172100	2024-07-16	     29595	09:27:17	TCBz	Trichloorbenzenen	<	0,15	µg/L
OW172100	2024-07-16	     29595	09:27:17	TCEe	Trichlooretheen	<	0,125	µg/L
OW172100	2024-07-16	     29595	09:27:17	TCEP	Tris-(2-chloorethyl)-fosfaat	=	59	ng/L
OW172100	2024-07-16	     29595	09:27:17	TclofosMy	Tolclofos-methyl	<	2	ng/L
OW172100	2024-07-16	     29595	09:27:17	TCMa	Trichloormethaan	<	0,125	µg/L
OW172100	2024-07-16	     29595	09:27:17	Te o	Telluur	<	2,5	µg/L
OW172100	2024-07-16	     29595	09:27:17	Te t	Telluur	<	2,5	µg/L
OW172100	2024-07-16	     29595	09:27:17	Terbufos	Terbufos	<	2	ng/L
OW172100	2024-07-16	     29595	09:27:17	Terbutryn	Terbutryn	<	10	ng/L
OW172100	2024-07-16	     29595	09:27:17	Tfluralin	Trifluralin	<	2	ng/L
OW172100	2024-07-16	     29595	09:27:17	TFySn	Trifenyltin	=	0,029	ngSn/L
OW172100	2024-07-16	     29595	09:27:17	TFySn som	Trifenyltinacetaat, chloride, hydroxide	=	0,029	ngSn/L
OW172100	2024-07-16	     29595	09:27:17	Thiacloprid	Thiacloprid	<	2,5	ng/L
OW172100	2024-07-16	     29595	09:27:17	tHpCEpx	trans-Heptachloorepoxyde	<	2	ng/L
OW172100	2024-07-16	     29595	09:27:17	Ti o	Titaan	<	2	µg/L
OW172100	2024-07-16	     29595	09:27:17	Ti t	Titaan	=	23	µg/L
OW172100	2024-07-16	     29595	09:27:17	Tl o	Thallium	<	0,1	µg/L
OW172100	2024-07-16	     29595	09:27:17	Tl t	Thallium	<	0,1	µg/L
OW172100	2024-07-16	     29595	09:27:17	Tmethoxam	Thiamethoxam	<	5	ng/L
OW172100	2024-07-16	     29595	09:27:17	Tolueen	Tolueen	<	0,125	µg/L
OW172100	2024-07-16	     29595	09:27:17	TPP	Trifenylfosfaat	=	16	ng/L
OW172100	2024-07-16	     29595	09:27:17	TrByaz	Terbutylazine	=	94	ng/L
OW172100	2024-07-16	     29595	09:27:17	Triazofos	Triazofos	<	1	ng/L
OW172100	2024-07-16	     29595	09:27:17	triCFolsom	Trichloorfenolen	<	300	ng/L
OW172100	2024-07-16	     29595	09:27:17	Triclopyr	Triclopyr	<	25	ng/L
OW172100	2024-07-16	     29595	09:27:17	Trimoprim	Trimethoprim	<	10	ng/L
OW172100	2024-07-16	     29595	09:27:17	TtBySn	Tetrabutyltin	<	0,34	ngSn/L
OW172100	2024-07-16	     29595	09:27:17	TtCEe	Tetrachlooretheen	<	0,125	µg/L
OW172100	2024-07-16	     29595	09:27:17	TtCMa	Tetrachloormethaan	<	0,125	µg/L
OW172100	2024-07-16	     29595	09:27:17	U o	Uranium	=	1,16	µg/L
OW172100	2024-07-16	     29595	09:27:17	U t	Uranium	=	1,33	µg/L
OW172100	2024-07-16	     29595	09:27:17	V o	Vanadium	<	3	µg/L
OW172100	2024-07-16	     29595	09:27:17	V t	Vanadium	=	6,5	µg/L
OW172100	2024-07-16	     29595	09:27:17	Valsartan	Valsartan	=	80	ng/L
OW172100	2024-07-16	     29595	09:27:17	VinCl	Vinylchloride	<	0,125	µg/L
OW172100	2024-07-16	     29595	09:27:17	Zn o	Zink	<	11	µg/L
OW172100	2024-07-16	     29595	09:27:17	Zn t	Zink	=	17,1	µg/L
OW172100	2024-07-16	     29595	09:27:17	ZS	Zwevende stoffen	=	11,6	mg/L
OW172100	2024-08-06	     35694	10:59:30	10:2 FTS	10:2 fluortelomeersulfonzuur (10:2 FTS)	<	5	ng/L
OW172100	2024-08-06	     35694	10:59:30	1112CEa	1,1,1,2-Tetrachloorethaan	<	0,125	µg/L
OW172100	2024-08-06	     35694	10:59:30	111CEa	1,1,1-Trichloorethaan	<	0,125	µg/L
OW172100	2024-08-06	     35694	10:59:30	1122CEa	1,1,2,2-Tetrachloorethaan	<	0,175	µg/L
OW172100	2024-08-06	     35694	10:59:30	112CEa	1,1,2-Trichloorethaan	<	0,125	µg/L
OW172100	2024-08-06	     35694	10:59:30	112CTFEa	1,1,2-Trichloortrifluorethaan	<	0,125	µg/L
OW172100	2024-08-06	     35694	10:59:30	11CEa	1,1-Dichloorethaan	<	0,125	µg/L
OW172100	2024-08-06	     35694	10:59:30	11CEe	1,1-Dichlooretheen	<	0,125	µg/L
OW172100	2024-08-06	     35694	10:59:30	1234CBz	1,2,3,4-Tetrachloorbenzeen	<	1	ng/L
OW172100	2024-08-06	     35694	10:59:30	1235+1245CBz	1,2,3,5+1,2,4,5-Tetrachloorbenzeen	<	1,5	ng/L
OW172100	2024-08-06	     35694	10:59:30	123CBz	1,2,3-Trichloorbenzeen	<	0,05	µg/L
OW172100	2024-08-06	     35694	10:59:30	124CBz	1,2,4-Trichloorbenzeen	<	0,05	µg/L
OW172100	2024-08-06	     35694	10:59:30	124MyBz	1,2,4-Trimethylbenzeen	<	0,125	µg/L
OW172100	2024-08-06	     35694	10:59:30	12BEa	1,2-Dibroomethaan	<	0,125	µg/L
OW172100	2024-08-06	     35694	10:59:30	12CBz	1,2-Dichloorbenzeen	<	0,125	µg/L
OW172100	2024-08-06	     35694	10:59:30	12CEa	1,2-Dichloorethaan	<	0,125	µg/L
OW172100	2024-08-06	     35694	10:59:30	12CEe	1,2-Dichlooretheen	<	0,25	µg/L
OW172100	2024-08-06	     35694	10:59:30	12CPa	1,2-Dichloorpropaan	<	0,125	µg/L
OW172100	2024-08-06	     35694	10:59:30	135CBz	1,3,5-Trichloorbenzeen	<	0,05	µg/L
OW172100	2024-08-06	     35694	10:59:30	135MyBz	1,3,5-Trimethylbenzeen	<	0,125	µg/L
OW172100	2024-08-06	     35694	10:59:30	13CBz	1,3-Dichloorbenzeen	<	0,125	µg/L
OW172100	2024-08-06	     35694	10:59:30	14CBz	1,4-Dichloorbenzeen	<	0,125	µg/L
OW172100	2024-08-06	     35694	10:59:30	2+3+4MyFol	som 2-methylfenol, 3-methylfenol en 4-methylfenol	<	150	ng/L
OW172100	2024-08-06	     35694	10:59:30	2345CFol	2,3,4,5-Tetrachloorfenol	<	50	ng/L
OW172100	2024-08-06	     35694	10:59:30	2346CFol	2,3,4,6-Tetrachloorfenol	<	50	ng/L
OW172100	2024-08-06	     35694	10:59:30	234CFol	2,3,4-Trichloorfenol	<	50	ng/L
OW172100	2024-08-06	     35694	10:59:30	2356CFol	2,3,5,6-Tetrachloorfenol	<	50	ng/L
OW172100	2024-08-06	     35694	10:59:30	2356CNiBz	2,3,5,6-Tetrachloornitrobenzeen	<	2	ng/L
OW172100	2024-08-06	     35694	10:59:30	235CFol	2,3,5-Trichloorfenol	<	50	ng/L
OW172100	2024-08-06	     35694	10:59:30	235MyFol	2,3,5-Trimethylfenol	<	50	ng/L
OW172100	2024-08-06	     35694	10:59:30	236CFol	2,3,6-Trichloorfenol	<	50	ng/L
OW172100	2024-08-06	     35694	10:59:30	23CFol	2,3-Dichloorfenol	<	50	ng/L
OW172100	2024-08-06	     35694	10:59:30	23CPe	2,3-Dichloorpropeen	<	0,125	µg/L
OW172100	2024-08-06	     35694	10:59:30	23MyFol	2,3-Dimethylfenol	<	50	ng/L
OW172100	2024-08-06	     35694	10:59:30	24-D	2,4-Dichloorfenoxyazijnzuur	<	50	ng/L
OW172100	2024-08-06	     35694	10:59:30	24-DB	2,4-Dichloorfenoxybutaanzuur	<	25	ng/L
OW172100	2024-08-06	     35694	10:59:30	24-DP	Dichloorprop	<	25	ng/L
OW172100	2024-08-06	     35694	10:59:30	24+25-CFol	2,4+2,5-Dichloorfenol	<	100	ng/L
OW172100	2024-08-06	     35694	10:59:30	245-T	2,4,5-Trichloorfenoxyazijnzuur	<	25	ng/L
OW172100	2024-08-06	     35694	10:59:30	245CFol	2,4,5-Trichloorfenol	<	50	ng/L
OW172100	2024-08-06	     35694	10:59:30	246CFol	2,4,6-Trichloorfenol	<	50	ng/L
OW172100	2024-08-06	     35694	10:59:30	24DDD	op'Dichloordifenyldichloorethaan	<	1	ng/L
OW172100	2024-08-06	     35694	10:59:30	24DDE	op'Dichloordifenyldichlooretheen	<	1	ng/L
OW172100	2024-08-06	     35694	10:59:30	24DDT	op'Dichloordifenyltrichloorethaan	<	1	ng/L
OW172100	2024-08-06	     35694	10:59:30	24MyFol	2,4-Dimethylfenol	<	50	ng/L
OW172100	2024-08-06	     35694	10:59:30	24NiFol	2,4-Dinitrofenol	<	50	ng/L
OW172100	2024-08-06	     35694	10:59:30	25MyFol	2,5-Dimethylfenol	<	50	ng/L
OW172100	2024-08-06	     35694	10:59:30	26CFol	2,6-Dichloorfenol	<	50	ng/L
OW172100	2024-08-06	     35694	10:59:30	26MyFol	2,6-Dimethylfenol	<	50	ng/L
OW172100	2024-08-06	     35694	10:59:30	2CFol	2-Chloorfenol	<	50	ng/L
OW172100	2024-08-06	     35694	10:59:30	2CTol	2-Chloortolueen	<	0,125	µg/L
OW172100	2024-08-06	     35694	10:59:30	2EyFol	2-Ethylfenol	<	50	ng/L
OW172100	2024-08-06	     35694	10:59:30	2hAtraz	2-Hydroxy-atrazine	=	18	ng/L
OW172100	2024-08-06	     35694	10:59:30	2iPyFol	2-Isopropylfenol	<	50	ng/L
OW172100	2024-08-06	     35694	10:59:30	2MyFol	2-Methylfenol	<	50	ng/L
OW172100	2024-08-06	     35694	10:59:30	345CFol	3,4,5-Trichloorfenol	<	50	ng/L
OW172100	2024-08-06	     35694	10:59:30	34CFol	3,4-Dichloorfenol	<	50	ng/L
OW172100	2024-08-06	     35694	10:59:30	34MyFol	3,4-Dimethylfenol	<	50	ng/L
OW172100	2024-08-06	     35694	10:59:30	35CFol	3,5-Dichloorfenol	<	50	ng/L
OW172100	2024-08-06	     35694	10:59:30	3CFol	3-Chloorfenol	<	50	ng/L
OW172100	2024-08-06	     35694	10:59:30	3CPe	3-Chloorpropeen	<	0,125	µg/L
OW172100	2024-08-06	     35694	10:59:30	3CTol	3-Chloortolueen	<	0,125	µg/L
OW172100	2024-08-06	     35694	10:59:30	3EyFol	3-Ethylfenol	<	50	ng/L
OW172100	2024-08-06	     35694	10:59:30	3MyFol	3-Methylfenol	<	50	ng/L
OW172100	2024-08-06	     35694	10:59:30	4:2 FTS	4:2 fluortelomeersulfonzuur (4:2 FTS)	<	5	ng/L
OW172100	2024-08-06	     35694	10:59:30	44DDD	pp'Dichloordifenyldichloorethaan	<	1	ng/L
OW172100	2024-08-06	     35694	10:59:30	44DDE	pp'Dichloordifenyldichlooretheen	<	1	ng/L
OW172100	2024-08-06	     35694	10:59:30	44DDT	pp'Dichloordifenyltrichloorethaan	<	1	ng/L
OW172100	2024-08-06	     35694	10:59:30	4C35MyFol	4-Chloor-3,5-dimethylfenol	<	50	ng/L
OW172100	2024-08-06	     35694	10:59:30	4C3MyFol	4-Chloor-3-methylfenol	<	50	ng/L
OW172100	2024-08-06	     35694	10:59:30	4CFol	4-Chloorfenol	<	100	ng/L
OW172100	2024-08-06	     35694	10:59:30	4CTol	4-Chloortolueen	<	0,125	µg/L
OW172100	2024-08-06	     35694	10:59:30	4EyFol + 35MyFol	4-ethylfenol + 3,5 dimethylfenol	<	100	ng/L
OW172100	2024-08-06	     35694	10:59:30	4MyFol	4-Methylfenol	<	50	ng/L
OW172100	2024-08-06	     35694	10:59:30	4tOyFol	4-tert-Octylfenol	<	30	ng/L
OW172100	2024-08-06	     35694	10:59:30	6:2 diPAP	6:2 fluortelomeerfosfaat diester (6:2 diPAP)	<	5	ng/L
OW172100	2024-08-06	     35694	10:59:30	6:2 FTS	6:2 fluortelomeersulfonzuur (6:2 FTS)	<	5	ng/L
OW172100	2024-08-06	     35694	10:59:30	8:2 FTS	8:2 fluortelomeersulfonzuur (8:2 FTS)	<	1	ng/L
OW172100	2024-08-06	     35694	10:59:30	a+b+d+gHCHS	alfa+beta+gamma+delta Hexachloorcyclohexaan	<	3,75	ng/L
OW172100	2024-08-06	     35694	10:59:30	a+bEndoS	alfa+beta Endosulfan	<	2	ng/L
OW172100	2024-08-06	     35694	10:59:30	Acenaft	Acenafteen	<	10	ng/L
OW172100	2024-08-06	     35694	10:59:30	Acenaftyl	Acenaftyleen	<	5	ng/L
OW172100	2024-08-06	     35694	10:59:30	Acetamiprid	Acetamiprid	=	9	ng/L
OW172100	2024-08-06	     35694	10:59:30	Aclonifen	Aclonifen	=	20	ng/L
OW172100	2024-08-06	     35694	10:59:30	ADEIdrin	Aldrin+Dieldrin+Endrin+Isodrin	<	2,25	ng/L
OW172100	2024-08-06	     35694	10:59:30	aEndo	alfa-Endosulfan	<	1	ng/L
OW172100	2024-08-06	     35694	10:59:30	Ag o	Zilver	<	0,05	µg/L
OW172100	2024-08-06	     35694	10:59:30	Ag t	Zilver	<	0,05	µg/L
OW172100	2024-08-06	     35694	10:59:30	aHCH	alfa-Hexachloorcyclohexaan	<	0,75	ng/L
OW172100	2024-08-06	     35694	10:59:30	Al o	Aluminium	<	150	µg/L
OW172100	2024-08-06	     35694	10:59:30	Alachloor	Alachloor	<	10	ng/L
OW172100	2024-08-06	     35694	10:59:30	Aldrin	Aldrin	<	0,375	ng/L
OW172100	2024-08-06	     35694	10:59:30	AMPA	Aminomethylfosfonzuur	=	1600	ng/L
OW172100	2024-08-06	     35694	10:59:30	Ant	Anthraceen	<	10	ng/L
OW172100	2024-08-06	     35694	10:59:30	As o	Arseen	=	2,02	µg/L
OW172100	2024-08-06	     35694	10:59:30	As t	Arseen	=	3,24	µg/L
OW172100	2024-08-06	     35694	10:59:30	Atenolol	Atenolol	=	44	ng/L
OW172100	2024-08-06	     35694	10:59:30	Atraz	Atrazine	<	10	ng/L
OW172100	2024-08-06	     35694	10:59:30	AzinfosEy	Azinfos-ethyl	<	2	ng/L
OW172100	2024-08-06	     35694	10:59:30	AzinfosMy	Azinfos-methyl	<	1	ng/L
OW172100	2024-08-06	     35694	10:59:30	B o	Boor	=	64	µg/L
OW172100	2024-08-06	     35694	10:59:30	B t	Boor	=	66	µg/L
OW172100	2024-08-06	     35694	10:59:30	B(a)A	Benzo(a)anthraceen	<	10	ng/L
OW172100	2024-08-06	     35694	10:59:30	B(a)P	Benzo(a)pyreen	=	12	ng/L
OW172100	2024-08-06	     35694	10:59:30	B(b)Flu	Benzo(b)fluorantheen	=	14	ng/L
OW172100	2024-08-06	     35694	10:59:30	B(ghi)Pe	Benzo(g,h,i)peryleen	=	11	ng/L
OW172100	2024-08-06	     35694	10:59:30	B(k)Flu	Benzo(k)fluorantheen	<	10	ng/L
OW172100	2024-08-06	     35694	10:59:30	b2EyHyFt	bis-(2-ethylhexyl)-ftalaat	<	0,17	µg/L
OW172100	2024-08-06	     35694	10:59:30	Ba o	Barium	=	30	µg/L
OW172100	2024-08-06	     35694	10:59:30	Ba t	Barium	=	46	µg/L
OW172100	2024-08-06	     35694	10:59:30	BAM	2,6-Dichloorbenzamide	=	58	ng/L
OW172100	2024-08-06	     35694	10:59:30	BBz	Broombenzeen	<	0,125	µg/L
OW172100	2024-08-06	     35694	10:59:30	BDCMa	Broomdichloormethaan	<	0,125	µg/L
OW172100	2024-08-06	     35694	10:59:30	Be o	Beryllium	<	0,11	µg/L
OW172100	2024-08-06	     35694	10:59:30	Be t	Beryllium	<	0,15	µg/L
OW172100	2024-08-06	     35694	10:59:30	bEndo	beta-Endosulfan	<	1	ng/L
OW172100	2024-08-06	     35694	10:59:30	Bentazone	Bentazone	=	97	ng/L
OW172100	2024-08-06	     35694	10:59:30	Benzeen	Benzeen	<	0,125	µg/L
OW172100	2024-08-06	     35694	10:59:30	Benzotriazool	Benzotriazool	=	340	ng/L
OW172100	2024-08-06	     35694	10:59:30	Bezafibraat	Bezafibraat	<	10	ng/L
OW172100	2024-08-06	     35694	10:59:30	BFlu som	PAK benzo(b+k)fluorantheen (b)	<	24	ng/L
OW172100	2024-08-06	     35694	10:59:30	bFol-A	Bisfenol-A	<	50	ng/L
OW172100	2024-08-06	     35694	10:59:30	bHCH	beta-Hexachloorcyclohexaan	<	0,75	ng/L
OW172100	2024-08-06	     35694	10:59:30	Bifenox	Bifenox	<	2	ng/L
OW172100	2024-08-06	     35694	10:59:30	BPe + IP som	PAK Benzo(g,h,i)peryleen + Indeno(1,2,3-cd)pyreen	<	21	ng/L
OW172100	2024-08-06	     35694	10:59:30	BrfosEy	Bromofos-ethyl	<	1	ng/L
OW172100	2024-08-06	     35694	10:59:30	BrfosMy	Bromofos-methyl	<	1	ng/L
OW172100	2024-08-06	     35694	10:59:30	Bromacil	Bromacil	<	10	ng/L
OW172100	2024-08-06	     35694	10:59:30	Bromoxyn	Bromoxynil	<	25	ng/L
OW172100	2024-08-06	     35694	10:59:30	ByBzyFt	Butylbenzylftalaat	<	0,095	µg/L
OW172100	2024-08-06	     35694	10:59:30	BZV5	Biochemisch zuurstofverbruik na 5d.	=	3,8	mgO2/L
OW172100	2024-08-06	     35694	10:59:30	c12CEe	cis-1,2-Dichlooretheen	<	0,125	µg/L
OW172100	2024-08-06	     35694	10:59:30	c13CPe	cis-1,3-Dichloorpropeen	<	0,125	µg/L
OW172100	2024-08-06	     35694	10:59:30	Ca o	Calcium	=	103000	µg/L
OW172100	2024-08-06	     35694	10:59:30	Carbamaze	Carbamazepine	=	174	ng/L
OW172100	2024-08-06	     35694	10:59:30	Carbdzim	Carbendazim	<	10	ng/L
OW172100	2024-08-06	     35694	10:59:30	Cartamid	Carbetamide	<	10	ng/L
OW172100	2024-08-06	     35694	10:59:30	Cbromuron	Chloorbromuron	<	15	ng/L
OW172100	2024-08-06	     35694	10:59:30	CBz	Chloorbenzeen	<	0,125	µg/L
OW172100	2024-08-06	     35694	10:59:30	CBzsom	Dichloorbenzenen	<	0,375	µg/L
OW172100	2024-08-06	     35694	10:59:30	cCdaan	cis-Chloordaan	<	1	ng/L
OW172100	2024-08-06	     35694	10:59:30	Cd o	Cadmium	<	0,05	µg/L
OW172100	2024-08-06	     35694	10:59:30	Cd t	Cadmium	<	0,2	µg/L
OW172100	2024-08-06	     35694	10:59:30	Cdaan	Chloordaan	<	2	ng/L
OW172100	2024-08-06	     35694	10:59:30	Cdazon	Chloridazon	=	11	ng/L
OW172100	2024-08-06	     35694	10:59:30	CFolS	Chloorfenolen	<	200	ng/L
OW172100	2024-08-06	     35694	10:59:30	Cfvinfos	Chloorfenvinfos	<	1	ng/L
OW172100	2024-08-06	     35694	10:59:30	cHpCEpx	cis-Heptachloorepoxyde	<	1	ng/L
OW172100	2024-08-06	     35694	10:59:30	Chr	Chryseen	=	17	ng/L
OW172100	2024-08-06	     35694	10:59:30	Cl-	Chloride	=	45,2	mg/L
OW172100	2024-08-06	     35694	10:59:30	Clarithromyc	Clarithromycine	=	31	ng/L
OW172100	2024-08-06	     35694	10:59:30	Clfyl a	Chlorofyl a	=	26	µg/L
OW172100	2024-08-06	     35694	10:59:30	Clindamyc	Clindamycine	=	60	ng/L
OW172100	2024-08-06	     35694	10:59:30	ClindamycineHCl	Clindamycine, waterstofchloride	=	65	ng/L
OW172100	2024-08-06	     35694	10:59:30	Clopyralid	Clopyralid	<	125	ng/L
OW172100	2024-08-06	     35694	10:59:30	Clotidine	Clothianidine	<	2,5	ng/L
OW172100	2024-08-06	     35694	10:59:30	Clozapine	Clozapine	<	5	ng/L
OW172100	2024-08-06	     35694	10:59:30	Co o	Kobalt	=	0,215	µg/L
OW172100	2024-08-06	     35694	10:59:30	Co t	Kobalt	=	1,19	µg/L
OW172100	2024-08-06	     35694	10:59:30	CpfosEy	Chloorpyrifos-ethyl	<	2	ng/L
OW172100	2024-08-06	     35694	10:59:30	CpfosMy	Chloorpyrifos-methyl	<	2	ng/L
OW172100	2024-08-06	     35694	10:59:30	Cprofam	Chloorprofam	<	2	ng/L
OW172100	2024-08-06	     35694	10:59:30	Cr o	Chroom	<	1,5	µg/L
OW172100	2024-08-06	     35694	10:59:30	Cr t	Chroom	=	4,74	µg/L
OW172100	2024-08-06	     35694	10:59:30	ct13CPe	1,3-Dichloorpropeen (cis+trans)	<	0,25	µg/L
OW172100	2024-08-06	     35694	10:59:30	CTolS	Chloortoluenen	<	0,375	µg/L
OW172100	2024-08-06	     35694	10:59:30	Ctoluron	Chloortoluron	=	16	ng/L
OW172100	2024-08-06	     35694	10:59:30	Cu o	Koper	<	4	µg/L
OW172100	2024-08-06	     35694	10:59:30	Cu t	Koper	=	6,7	µg/L
OW172100	2024-08-06	     35694	10:59:30	Cumafos	Cumafos	<	1	ng/L
OW172100	2024-08-06	     35694	10:59:30	Cyanaz	Cyanazine	<	5	ng/L
OW172100	2024-08-06	     35694	10:59:30	Cybutrine	Cybutrine	<	1	ng/L
OW172100	2024-08-06	     35694	10:59:30	Cypmethrin	Cypermethrin	<	3	ng/L
OW172100	2024-08-06	     35694	10:59:30	CZV	Chemisch zuurstofverbruik	=	19,3	mgO2/L
OW172100	2024-08-06	     35694	10:59:30	DBCMa	Dibroomchloormethaan	<	0,125	µg/L
OW172100	2024-08-06	     35694	10:59:30	DBMa	Dibroommethaan	<	0,125	µg/L
OW172100	2024-08-06	     35694	10:59:30	DBySn	Dibutyltin	<	2,1	ngSn/L
OW172100	2024-08-06	     35694	10:59:30	DBySn som	Dibutyltinverbindingen	<	2,1	ngSn/L
OW172100	2024-08-06	     35694	10:59:30	dBz(ah)An	Dibenzo(a,h)anthraceen	<	5	ng/L
OW172100	2024-08-06	     35694	10:59:30	DcHyFt	Dicyclohexylftalaat	<	0,1	µg/L
OW172100	2024-08-06	     35694	10:59:30	DCMa	Dichloormethaan	<	0,125	µg/L
OW172100	2024-08-06	     35694	10:59:30	DCvos	Dichloorvos	<	1	ng/L
OW172100	2024-08-06	     35694	10:59:30	DDT t	DDT, totaal	<	4	ng/L
OW172100	2024-08-06	     35694	10:59:30	Demeton-S	Demeton-S	<	9	ng/L
OW172100	2024-08-06	     35694	10:59:30	DEyatraz	Desethylatrazine	=	14	ng/L
OW172100	2024-08-06	     35694	10:59:30	DEyFt	Diethylftalaat	<	0,125	µg/L
OW172100	2024-08-06	     35694	10:59:30	DEytByaz	Desethylterbutylazine	<	10	ng/L
OW172100	2024-08-06	     35694	10:59:30	Dflucan	Diflufenican	<	14	ng/L
OW172100	2024-08-06	     35694	10:59:30	dHCH	delta-Hexachloorcyclohexaan	<	0,75	ng/L
OW172100	2024-08-06	     35694	10:59:30	Diazinon	Diazinon	<	2	ng/L
OW172100	2024-08-06	     35694	10:59:30	DiByFt	Di-isobutylftalaat	<	0,105	µg/L
OW172100	2024-08-06	     35694	10:59:30	Dicamba	Dicamba	<	150	ng/L
OW172100	2024-08-06	     35694	10:59:30	Diclofenac	Diclofenac	=	390	ng/L
OW172100	2024-08-06	     35694	10:59:30	Dieldrin	Dieldrin	<	1	ng/L
OW172100	2024-08-06	     35694	10:59:30	Dimdazol	Dimetridazol	<	5	ng/L
OW172100	2024-08-06	     35694	10:59:30	DiMetamid	Dimethenamid	=	207	ng/L
OW172100	2024-08-06	     35694	10:59:30	DiMetmorf	Dimethomorf	=	66	ng/L
OW172100	2024-08-06	     35694	10:59:30	DiPyatraz	Desisopropylatrazine	<	10	ng/L
OW172100	2024-08-06	     35694	10:59:30	DiPyEt	Di-isopropylether	<	0,125	µg/L
OW172100	2024-08-06	     35694	10:59:30	Diuron	Diuron	=	13	ng/L
OW172100	2024-08-06	     35694	10:59:30	Dmetoat	Dimethoaat	<	2	ng/L
OW172100	2024-08-06	     35694	10:59:30	DMyFol som	Som van de dimethylfenolen	<	250	ng/L
OW172100	2024-08-06	     35694	10:59:30	DMyFt	Dimethylftalaat	<	0,105	µg/L
OW172100	2024-08-06	     35694	10:59:30	DnByFt	Di-n-butylftalaat	<	0,105	µg/L
OW172100	2024-08-06	     35694	10:59:30	DNOC	4,6-Dinitro-o-cresol	<	50	ng/L
OW172100	2024-08-06	     35694	10:59:30	DnOyFt	Di-n-octylftalaat	<	0,055	µg/L
OW172100	2024-08-06	     35694	10:59:30	DOC	Koolstof	=	5,7	mgC/L
OW172100	2024-08-06	     35694	10:59:30	DONA	4,8-dioxa-3H-perfluornonaanzuur (DONA)	<	5	ng/L
OW172100	2024-08-06	     35694	10:59:30	DPnyFt	Dipentylftalaat	<	0,095	µg/L
OW172100	2024-08-06	     35694	10:59:30	Dsulfoton	Disulfoton	<	16	ng/L
OW172100	2024-08-06	     35694	10:59:30	EC 20	Geleidbaarheid (20°C)	=	664	µS/cm
OW172100	2024-08-06	     35694	10:59:30	EC 25	Geleidbaarheid (25°C)	=	727,412	µS/cm
OW172100	2024-08-06	     35694	10:59:30	EHDPP	2-Ethylhexyldifenylfosfaat	<	16	ng/L
OW172100	2024-08-06	     35694	10:59:30	EndoS	Endosulfansulfaat	<	1	ng/L
OW172100	2024-08-06	     35694	10:59:30	Endrin	Endrin	<	0,5	ng/L
OW172100	2024-08-06	     35694	10:59:30	Etfum	Ethofumesaat	=	37	ng/L
OW172100	2024-08-06	     35694	10:59:30	Ethopfos	Ethoprofos	<	1	ng/L
OW172100	2024-08-06	     35694	10:59:30	EtPFOSA	N-ethylperfluoroctaan-1-sulfonamide (EtPFOSA)	<	0,5	ng/L
OW172100	2024-08-06	     35694	10:59:30	EtPFOSA totaal	Totaal N-ethylperfluoroctaansulfonamide (lin+vert)	<	5	ng/L
OW172100	2024-08-06	     35694	10:59:30	EtPFOSA vertakt	= EtPFOSAtotaal - EtPFOSA	<	5	ng/L
OW172100	2024-08-06	     35694	10:59:30	EtPFOSAA	N-ethylperfluoroctaansulfonamidoazijnzuur	<	0,5	ng/L
OW172100	2024-08-06	     35694	10:59:30	EyBz	Ethylbenzeen	<	0,125	µg/L
OW172100	2024-08-06	     35694	10:59:30	EytByEt	Ethyl-tert-butylether	=	0,32	µg/L
OW172100	2024-08-06	     35694	10:59:30	F- o	Fluoride	=	0,262	mg/L
OW172100	2024-08-06	     35694	10:59:30	Fe o	Ijzer	<	12,5	µg/L
OW172100	2024-08-06	     35694	10:59:30	Fe t	Ijzer	=	2040	µg/L
OW172100	2024-08-06	     35694	10:59:30	Fen	Fenantreen	=	37	ng/L
OW172100	2024-08-06	     35694	10:59:30	Fenazon	Fenazon	<	5	ng/L
OW172100	2024-08-06	     35694	10:59:30	Fenithion	Fenitrothion	<	2	ng/L
OW172100	2024-08-06	     35694	10:59:30	Fenoprop	Fenoprop	<	25	ng/L
OW172100	2024-08-06	     35694	10:59:30	Fenthion	Fenthion	<	1	ng/L
OW172100	2024-08-06	     35694	10:59:30	Feofyt a	Feofytine a	<	8,92	µg/L
OW172100	2024-08-06	     35694	10:59:30	Fipronil	Fipronil	<	2	ng/L
OW172100	2024-08-06	     35694	10:59:30	Floxpyr	Fluroxypyr	<	50	ng/L
OW172100	2024-08-06	     35694	10:59:30	Flu	Fluorantheen	=	31	ng/L
OW172100	2024-08-06	     35694	10:59:30	Flucet	Flufenacet	=	380	ng/L
OW172100	2024-08-06	     35694	10:59:30	Fluoreen	Fluoreen	<	10	ng/L
OW172100	2024-08-06	     35694	10:59:30	Fol	Fenol	<	250	ng/L
OW172100	2024-08-06	     35694	10:59:30	Fonofos	Fonofos	<	2	ng/L
OW172100	2024-08-06	     35694	10:59:30	Gabapentine	Gabapentine	=	540	ng/L
OW172100	2024-08-06	     35694	10:59:30	gHCH	gamma-Hexachloorcyclohexaan	<	1,5	ng/L
OW172100	2024-08-06	     35694	10:59:30	Glyfosaat	Glyfosaat	=	320	ng/L
OW172100	2024-08-06	     35694	10:59:30	H t	Hardheid	=	29,9166666666666667	°F
OW172100	2024-08-06	     35694	10:59:30	HCBdn	Hexachloorbutadieen	<	1	ng/L
OW172100	2024-08-06	     35694	10:59:30	HCBz	Hexachloorbenzeen	<	1,5	ng/L
OW172100	2024-08-06	     35694	10:59:30	HCH	Hexachloorcyclohexaan, alle isomeren	<	3,75	ng/L
OW172100	2024-08-06	     35694	10:59:30	Hexazinon	Hexazinon	<	10	ng/L
OW172100	2024-08-06	     35694	10:59:30	HFPO-DA	2,3,3,3-tetrafluor-2(heptafluorpropoxy)propionzuur	<	0,5	ng/L
OW172100	2024-08-06	     35694	10:59:30	Hg o	Kwik	<	0,025	µg/L
OW172100	2024-08-06	     35694	10:59:30	Hg t	Kwik	<	0,025	µg/L
OW172100	2024-08-06	     35694	10:59:30	HpC	Heptachloor	<	1	ng/L
OW172100	2024-08-06	     35694	10:59:30	HpC+Epx	Heptachloor+epoxyde	<	4	ng/L
OW172100	2024-08-06	     35694	10:59:30	HyCtazide	Hydrochloorthiazide	=	286	ng/L
OW172100	2024-08-06	     35694	10:59:30	Imcloprid	Imidacloprid	=	7	ng/L
OW172100	2024-08-06	     35694	10:59:30	Iopamidol	Iopamidol	<	5	ng/L
OW172100	2024-08-06	     35694	10:59:30	Iopromide	Iopromide	=	1150	ng/L
OW172100	2024-08-06	     35694	10:59:30	IP	Indeno(1,2,3-cd)pyreen	<	10	ng/L
OW172100	2024-08-06	     35694	10:59:30	Iproturon	Isoproturon	<	10	ng/L
OW172100	2024-08-06	     35694	10:59:30	iPyBz	Isopropylbenzeen	<	0,125	µg/L
OW172100	2024-08-06	     35694	10:59:30	Irbesartan	Irbesartan	=	166	ng/L
OW172100	2024-08-06	     35694	10:59:30	Isodrin	Isodrin	<	0,375	ng/L
OW172100	2024-08-06	     35694	10:59:30	K o	Kalium	=	10400	µg/L
OW172100	2024-08-06	     35694	10:59:30	Ketoprofen	Ketoprofen	=	23,3	ng/L
OW172100	2024-08-06	     35694	10:59:30	KjN	Kjeldahlstikstof	=	1,038	mgN/L
OW172100	2024-08-06	     35694	10:59:30	KWS ap.	Apolaire koolwaterstoffen	<	100	µg/L
OW172100	2024-08-06	     35694	10:59:30	Lenacil	Lenacil	<	25	ng/L
OW172100	2024-08-06	     35694	10:59:30	Lidocaine	Lidocaine	=	62	ng/L
OW172100	2024-08-06	     35694	10:59:30	Linuron	Linuron	<	5	ng/L
OW172100	2024-08-06	     35694	10:59:30	Malathion	Malathion	<	2	ng/L
OW172100	2024-08-06	     35694	10:59:30	Mbromuron	Metobromuron	=	253	ng/L
OW172100	2024-08-06	     35694	10:59:30	mBthiaz	Metabenzthiazuron	<	5	ng/L
OW172100	2024-08-06	     35694	10:59:30	MCPA	(4-Chloor-2-methylfenoxy)azijnzuur	=	87	ng/L
OW172100	2024-08-06	     35694	10:59:30	MCPB	4-(4-Chloor-2-methylfenoxy)boterzuur	<	25	ng/L
OW172100	2024-08-06	     35694	10:59:30	MCPP	Mecoprop	<	50	ng/L
OW172100	2024-08-06	     35694	10:59:30	MePFBSA	N-methylperfluorbutaansulfonamide (MePFBSA)	<	5	ng/L
OW172100	2024-08-06	     35694	10:59:30	MePFBSAA	N-methylperfluorbutaansulfonamidoazijnzuur	<	0,5	ng/L
OW172100	2024-08-06	     35694	10:59:30	MePFOSA	N-methylperfluoroctaan-1-sulfonamide (MePFOSA)	<	2,5	ng/L
OW172100	2024-08-06	     35694	10:59:30	MePFOSA totaal	Totaal N-methylperfluoroctaansulfonamide (lin+ver)	<	5	ng/L
OW172100	2024-08-06	     35694	10:59:30	MePFOSA vertakt	= MePFOSAtotaal - MePFOSA	<	5	ng/L
OW172100	2024-08-06	     35694	10:59:30	MePFOSAA	N-methylperfluoroctaansulfonamidoazijnzuur	<	0,5	ng/L
OW172100	2024-08-06	     35694	10:59:30	Metaza	Metazachloor	<	5	ng/L
OW172100	2024-08-06	     35694	10:59:30	Metbuzin	Metribuzin	=	62	ng/L
OW172100	2024-08-06	     35694	10:59:30	Metcarb	Methiocarb	<	1	ng/L
OW172100	2024-08-06	     35694	10:59:30	Methidat	Methidation	<	1	ng/L
OW172100	2024-08-06	     35694	10:59:30	Metola	Metolachloor	=	126	ng/L
OW172100	2024-08-06	     35694	10:59:30	Metoprolol	Metoprolol	=	40	ng/L
OW172100	2024-08-06	     35694	10:59:30	Metoprololtartraat	Metoprololtartraat	=	52	ng/L
OW172100	2024-08-06	     35694	10:59:30	Metoxur	Metoxuron	<	5	ng/L
OW172100	2024-08-06	     35694	10:59:30	Mevinfos	Mevinfos	<	1	ng/L
OW172100	2024-08-06	     35694	10:59:30	Mg o	Magnesium	=	10000	µg/L
OW172100	2024-08-06	     35694	10:59:30	Mlinuron	Monolinuron	<	5	ng/L
OW172100	2024-08-06	     35694	10:59:30	Mmitron	Metamitron	=	33	ng/L
OW172100	2024-08-06	     35694	10:59:30	Mn o	Mangaan	=	10,2	µg/L
OW172100	2024-08-06	     35694	10:59:30	Mn t	Mangaan	=	125	µg/L
OW172100	2024-08-06	     35694	10:59:30	Mo o	Molybdeen	<	3	µg/L
OW172100	2024-08-06	     35694	10:59:30	Mo t	Molybdeen	<	2,5	µg/L
OW172100	2024-08-06	     35694	10:59:30	mpXyl	Xylenen (m+p)	<	0,125	µg/L
OW172100	2024-08-06	     35694	10:59:30	MxyC	Methoxychloor	<	1	ng/L
OW172100	2024-08-06	     35694	10:59:30	MytByEt	Methyl-tert.butylether	<	0,125	µg/L
OW172100	2024-08-06	     35694	10:59:30	N t	Stikstof	=	5,7	mgN/L
OW172100	2024-08-06	     35694	10:59:30	N+N	Nitraat+nitriet	=	4,662	mgN/L
OW172100	2024-08-06	     35694	10:59:30	N+N+N	Nitraat+nitriet+ammonium	=	5,022	mgN/L
OW172100	2024-08-06	     35694	10:59:30	Na o	Natrium	=	30800	µg/L
OW172100	2024-08-06	     35694	10:59:30	Na_diclofenac	Diclofenac, natrium	=	420	ng/L
OW172100	2024-08-06	     35694	10:59:30	Naft	Naftaleen	<	40	ng/L
OW172100	2024-08-06	     35694	10:59:30	Naproxen	Naproxen	=	52	ng/L
OW172100	2024-08-06	     35694	10:59:30	NH4+	Ammonium	=	0,36	mgN/L
OW172100	2024-08-06	     35694	10:59:30	Ni o	Nikkel	<	3,2	µg/L
OW172100	2024-08-06	     35694	10:59:30	Ni t	Nikkel	=	4,7	µg/L
OW172100	2024-08-06	     35694	10:59:30	NO2-	Nitriet	=	0,302	mgN/L
OW172100	2024-08-06	     35694	10:59:30	NO3-	Nitraat	=	4,36	mgN/L
OW172100	2024-08-06	     35694	10:59:30	NPOC	Koolstof	=	7,2	mgC/L
OW172100	2024-08-06	     35694	10:59:30	NyFol	Nonylfenol	<	300	ng/L
OW172100	2024-08-06	     35694	10:59:30	NyFolsom	Nonylfenolen	<	300	ng/L
OW172100	2024-08-06	     35694	10:59:30	O2	Zuurstof	=	6,88	mg/L
OW172100	2024-08-06	     35694	10:59:30	O2 verz	Zuurstof	=	80,4	%
OW172100	2024-08-06	     35694	10:59:30	OCP t	Organochloorpesticiden, totaal	<	16,75	ng/L
OW172100	2024-08-06	     35694	10:59:30	ompXyl	Xylenen (o+m+p)	<	0,25	µg/L
OW172100	2024-08-06	     35694	10:59:30	oPO4 f	Orthofosfaat	=	0,303	mgP/L
OW172100	2024-08-06	     35694	10:59:30	Oxadiazon	Oxadiazon	<	2	ng/L
OW172100	2024-08-06	     35694	10:59:30	oXyl	ortho-Xyleen	<	0,125	µg/L
OW172100	2024-08-06	     35694	10:59:30	OyFolsom	Octylfenolen	<	30	ng/L
OW172100	2024-08-06	     35694	10:59:30	P t	Fosfor	=	0,511	mgP/L
OW172100	2024-08-06	     35694	10:59:30	PAK 10	Polyaromatische KWS (10 Vrom)	<	188	ng/L
OW172100	2024-08-06	     35694	10:59:30	PAK 6	Polyaromatische KWS (6 Borneff)	<	88	ng/L
OW172100	2024-08-06	     35694	10:59:30	PathionEy	Parathion-ethyl	<	1	ng/L
OW172100	2024-08-06	     35694	10:59:30	PathionMy	Parathion-methyl	<	2	ng/L
OW172100	2024-08-06	     35694	10:59:30	Pb o	Lood	<	1,5	µg/L
OW172100	2024-08-06	     35694	10:59:30	Pb t	Lood	=	4,88	µg/L
OW172100	2024-08-06	     35694	10:59:30	PCB 101	2,2',4,5,5'-Pentachloorbifenyl (PCB101)	<	0,5	ng/L
OW172100	2024-08-06	     35694	10:59:30	PCB 118	2,3',4,4',5-Pentachloorbifenyl (PCB118)	<	0,5	ng/L
OW172100	2024-08-06	     35694	10:59:30	PCB 138	2,2',3,4,4',5'-Hexachloorbifenyl (PCB138)	<	1	ng/L
OW172100	2024-08-06	     35694	10:59:30	PCB 153	2,2',4,4',5,5'-Hexachloorbifenyl (PCB153)	<	1	ng/L
OW172100	2024-08-06	     35694	10:59:30	PCB 180	2,2',3,4,4',5,5'-Heptachloorbifenyl (PCB180)	<	0,5	ng/L
OW172100	2024-08-06	     35694	10:59:30	PCB 28	2,4,4'-Trichloorbifenyl (PCB28)	<	0,5	ng/L
OW172100	2024-08-06	     35694	10:59:30	PCB 52	2,2',5,5'-Tetrachloorbifenyl (PCB52)	<	0,5	ng/L
OW172100	2024-08-06	     35694	10:59:30	PCB t	Polychloorbifenyl, totaal	<	4,5	ng/L
OW172100	2024-08-06	     35694	10:59:30	PCBz	Pentachloorbenzeen	<	1,5	ng/L
OW172100	2024-08-06	     35694	10:59:30	PCFol	Pentachloorfenol	<	50	ng/L
OW172100	2024-08-06	     35694	10:59:30	PCNiBz	Pentachloornitrobenzeen	<	2	ng/L
OW172100	2024-08-06	     35694	10:59:30	Pentoxif	Pentoxifylline	<	5	ng/L
OW172100	2024-08-06	     35694	10:59:30	PFAS-43	Som van de 43 PFAS	<	210,4	ng/L
OW172100	2024-08-06	     35694	10:59:30	PFBA	Perfluorbutaanzuur (PFBA)	<	2,5	ng/L
OW172100	2024-08-06	     35694	10:59:30	PFBS	Perfluorbutaansulfonzuur (PFBS)	<	5	ng/L
OW172100	2024-08-06	     35694	10:59:30	PFBSA	Perfluorbutaansulfonamide (PFBSA)	=	8,4	ng/L
OW172100	2024-08-06	     35694	10:59:30	PFDA	Perfluordecaanzuur (PFDA)	<	20	ng/L
OW172100	2024-08-06	     35694	10:59:30	PFDoDA	Perfluordodecaanzuur (PFDoDA)	<	1	ng/L
OW172100	2024-08-06	     35694	10:59:30	PFDoDS	Perfluordodecaansulfonzuur (PFDoDS)	<	5	ng/L
OW172100	2024-08-06	     35694	10:59:30	PFDS	Perfluordecaansulfonzuur (PFDS)	<	0,5	ng/L
OW172100	2024-08-06	     35694	10:59:30	PFECHS	Perfluor-4-ethylcyclohexaansulfonzuur (PFECHS)	<	0,5	ng/L
OW172100	2024-08-06	     35694	10:59:30	PFHpA	Perfluorheptaanzuur (PFHpA)	<	2,5	ng/L
OW172100	2024-08-06	     35694	10:59:30	PFHpS	Perfluorheptaansulfonzuur (PFHpS)	<	2,5	ng/L
OW172100	2024-08-06	     35694	10:59:30	PFHxA	Perfluorhexaanzuur (PFHxA)	<	5	ng/L
OW172100	2024-08-06	     35694	10:59:30	PFHxDA	Perfluorhexadecaanzuur (PFHxDA)	<	5	ng/L
OW172100	2024-08-06	     35694	10:59:30	PFHxS	Perfluorhexaansulfonzuur (PFHxS)	<	5	ng/L
OW172100	2024-08-06	     35694	10:59:30	PFHxS totaal	Totaal perfluorhexaansulfonzuur (lineair+vertakt)	<	5	ng/L
OW172100	2024-08-06	     35694	10:59:30	PFHxS vertakt	= PFHxStotaal - PFHxS	<	10	ng/L
OW172100	2024-08-06	     35694	10:59:30	PFHxSA	Perfluorhexaansulfonamide (PFHxSA)	<	1	ng/L
OW172100	2024-08-06	     35694	10:59:30	PFNA	Perfluornonaanzuur (PFNA)	<	5	ng/L
OW172100	2024-08-06	     35694	10:59:30	PFNS	Perfluornonaansulfonzuur (PFNS)	<	0,5	ng/L
OW172100	2024-08-06	     35694	10:59:30	PFOA	Perfluoroctaanzuur (PFOA)	<	10	ng/L
OW172100	2024-08-06	     35694	10:59:30	PFOA totaal	Totaal perfluoroctaanzuur (lineair + vertakt)	<	10	ng/L
OW172100	2024-08-06	     35694	10:59:30	PFOA vertakt	= PFOAtotaal - PFOA	<	10	ng/L
OW172100	2024-08-06	     35694	10:59:30	PFODA	Perfluoroctadecaanzuur (PFODA)	<	25	ng/L
OW172100	2024-08-06	     35694	10:59:30	PFOS	Perfluoroctaansulfonzuur (PFOS)	<	5	ng/L
OW172100	2024-08-06	     35694	10:59:30	PFOS totaal	Totaal perfluoroctaansulfonzuur (lineair+vertakt)	<	10	ng/L
OW172100	2024-08-06	     35694	10:59:30	PFOS vertakt	= PFOStotaal - PFOS	<	10	ng/L
OW172100	2024-08-06	     35694	10:59:30	PFOSA	Perfluoroctaansulfonamide (PFOSA)	<	0,5	ng/L
OW172100	2024-08-06	     35694	10:59:30	PFOSA totaal	Totaal perfluoroctaansulfonamide (lineair+vertakt)	<	5	ng/L
OW172100	2024-08-06	     35694	10:59:30	PFOSA vertakt	= PFOSAtotaal - PFOSA	<	5	ng/L
OW172100	2024-08-06	     35694	10:59:30	PFPeA	Perfluorpentaanzuur (PFPeA)	<	5	ng/L
OW172100	2024-08-06	     35694	10:59:30	PFPeS	Perfluorpentaansulfonzuur (PFPeS)	<	0,5	ng/L
OW172100	2024-08-06	     35694	10:59:30	PFTeDA	Perfluortetradecaanzuur (PFTeDA)	<	5	ng/L
OW172100	2024-08-06	     35694	10:59:30	PFTrDA	Perfluortridecaanzuur (PFTrDA)	<	25	ng/L
OW172100	2024-08-06	     35694	10:59:30	PFTrDS	Perfluor-1-tridecaansulfonzuur (PFTrS)	<	5	ng/L
OW172100	2024-08-06	     35694	10:59:30	PFUnDA	Perfluorundecaanzuur (PFUnDA)	<	2,5	ng/L
OW172100	2024-08-06	     35694	10:59:30	PFUnDS	Perfluor-1-undecaansulfonzuur (PFUnS)	<	5	ng/L
OW172100	2024-08-06	     35694	10:59:30	pH	pH	=	7,69	-
OW172100	2024-08-06	     35694	10:59:30	Picarb	Pirimicarb	<	10	ng/L
OW172100	2024-08-06	     35694	10:59:30	PirfosMy	Pirimifos-methyl	<	1	ng/L
OW172100	2024-08-06	     35694	10:59:30	Prochloor	Propachloor	<	10	ng/L
OW172100	2024-08-06	     35694	10:59:30	Prometryn	Prometryn	<	10	ng/L
OW172100	2024-08-06	     35694	10:59:30	Propanil	Propanil	<	25	ng/L
OW172100	2024-08-06	     35694	10:59:30	Propanolol	Propanolol	=	118	ng/L
OW172100	2024-08-06	     35694	10:59:30	PropanololHCl	Propanolol, waterstofchloride	=	134	ng/L
OW172100	2024-08-06	     35694	10:59:30	Propaz	Propazine	<	10	ng/L
OW172100	2024-08-06	     35694	10:59:30	PyBz	Propylbenzeen	<	0,125	µg/L
OW172100	2024-08-06	     35694	10:59:30	Pyr	Pyreen	=	26	ng/L
OW172100	2024-08-06	     35694	10:59:30	Quinofen	Quinoxyfen	<	1	ng/L
OW172100	2024-08-06	     35694	10:59:30	Sb o	Antimoon	<	1,5	µg/L
OW172100	2024-08-06	     35694	10:59:30	Sb t	Antimoon	<	1,5	µg/L
OW172100	2024-08-06	     35694	10:59:30	Se o	Seleen	<	1,5	µg/L
OW172100	2024-08-06	     35694	10:59:30	Se t	Seleen	<	1,5	µg/L
OW172100	2024-08-06	     35694	10:59:30	Sebutylaz	Sebutylazine	<	10	ng/L
OW172100	2024-08-06	     35694	10:59:30	Secchi	Doorzichtigheid	=	35	cm
OW172100	2024-08-06	     35694	10:59:30	Simaz	Simazine	<	10	ng/L
OW172100	2024-08-06	     35694	10:59:30	SiO2 o	Silicaat	=	13	mgSiO2/L
OW172100	2024-08-06	     35694	10:59:30	Sn o	Tin	<	1,5	µg/L
OW172100	2024-08-06	     35694	10:59:30	Sn t	Tin	<	1,5	µg/L
OW172100	2024-08-06	     35694	10:59:30	SO4=	Sulfaat	=	71	mg/L
OW172100	2024-08-06	     35694	10:59:30	Sotalol	Sotalol	=	106	ng/L
OW172100	2024-08-06	     35694	10:59:30	SotalolHCl	Sotalol, waterstofchloride	=	120	ng/L
OW172100	2024-08-06	     35694	10:59:30	Styreen	Styreen	<	0,125	µg/L
OW172100	2024-08-06	     35694	10:59:30	Sulfamazol	Sulfamethoxazol	=	56,4	ng/L
OW172100	2024-08-06	     35694	10:59:30	T	Temperatuur	=	23	°C
OW172100	2024-08-06	     35694	10:59:30	t12CEe	trans-1,2-Dichlooretheen	<	0,125	µg/L
OW172100	2024-08-06	     35694	10:59:30	t13CPe	trans-1,3-Dichloorpropeen	<	0,125	µg/L
OW172100	2024-08-06	     35694	10:59:30	TAM	Alkaliniteit met methyloranje	=	4,7	meq/L
OW172100	2024-08-06	     35694	10:59:30	TBEP	Tributoxyethylfosfaat	=	96	ng/L
OW172100	2024-08-06	     35694	10:59:30	TBMa	Tribroommethaan	<	0,125	µg/L
OW172100	2024-08-06	     35694	10:59:30	TBP	Tributylfosfaat	<	36	ng/L
OW172100	2024-08-06	     35694	10:59:30	TBySn	Tributyltin	=	0,038	ngSn/L
OW172100	2024-08-06	     35694	10:59:30	TCBz	Trichloorbenzenen	<	0,15	µg/L
OW172100	2024-08-06	     35694	10:59:30	tCdaan	trans-Chloordaan	<	1	ng/L
OW172100	2024-08-06	     35694	10:59:30	TCEe	Trichlooretheen	<	0,125	µg/L
OW172100	2024-08-06	     35694	10:59:30	TCEP	Tris-(2-chloorethyl)-fosfaat	=	51	ng/L
OW172100	2024-08-06	     35694	10:59:30	TclofosMy	Tolclofos-methyl	<	2	ng/L
OW172100	2024-08-06	     35694	10:59:30	TCMa	Trichloormethaan	<	0,125	µg/L
OW172100	2024-08-06	     35694	10:59:30	TCPP	Tris-(2-chloorisopropyl)-fosfaat	=	520	ng/L
OW172100	2024-08-06	     35694	10:59:30	TDC(P)P	Tris-(1,3-dichloor-2-propyl)-fosfaat	<	71	ng/L
OW172100	2024-08-06	     35694	10:59:30	Te o	Telluur	<	2,5	µg/L
OW172100	2024-08-06	     35694	10:59:30	Te t	Telluur	<	2,5	µg/L
OW172100	2024-08-06	     35694	10:59:30	Telodrin	Telodrin	<	1	ng/L
OW172100	2024-08-06	     35694	10:59:30	Terbufos	Terbufos	<	2	ng/L
OW172100	2024-08-06	     35694	10:59:30	Terbutryn	Terbutryn	<	10	ng/L
OW172100	2024-08-06	     35694	10:59:30	Tfluralin	Trifluralin	<	2	ng/L
OW172100	2024-08-06	     35694	10:59:30	TFySn	Trifenyltin	=	0,025	ngSn/L
OW172100	2024-08-06	     35694	10:59:30	TFySn som	Trifenyltinacetaat, chloride, hydroxide	=	0,025	ngSn/L
OW172100	2024-08-06	     35694	10:59:30	Thiacloprid	Thiacloprid	<	2,5	ng/L
OW172100	2024-08-06	     35694	10:59:30	tHpCEpx	trans-Heptachloorepoxyde	<	2	ng/L
OW172100	2024-08-06	     35694	10:59:30	Ti o	Titaan	<	2	µg/L
OW172100	2024-08-06	     35694	10:59:30	Ti t	Titaan	=	40	µg/L
OW172100	2024-08-06	     35694	10:59:30	Tl o	Thallium	<	0,1	µg/L
OW172100	2024-08-06	     35694	10:59:30	Tl t	Thallium	<	0,1	µg/L
OW172100	2024-08-06	     35694	10:59:30	Tmethoxam	Thiamethoxam	<	5	ng/L
OW172100	2024-08-06	     35694	10:59:30	Tolueen	Tolueen	<	0,125	µg/L
OW172100	2024-08-06	     35694	10:59:30	TPP	Trifenylfosfaat	=	15	ng/L
OW172100	2024-08-06	     35694	10:59:30	TrByaz	Terbutylazine	=	275	ng/L
OW172100	2024-08-06	     35694	10:59:30	Triazofos	Triazofos	<	1	ng/L
OW172100	2024-08-06	     35694	10:59:30	triCFolsom	Trichloorfenolen	<	300	ng/L
OW172100	2024-08-06	     35694	10:59:30	Triclopyr	Triclopyr	<	50	ng/L
OW172100	2024-08-06	     35694	10:59:30	Trimoprim	Trimethoprim	=	18,6	ng/L
OW172100	2024-08-06	     35694	10:59:30	TtBySn	Tetrabutyltin	<	0,34	ngSn/L
OW172100	2024-08-06	     35694	10:59:30	TtCEe	Tetrachlooretheen	<	0,125	µg/L
OW172100	2024-08-06	     35694	10:59:30	TtCMa	Tetrachloormethaan	<	0,125	µg/L
OW172100	2024-08-06	     35694	10:59:30	U o	Uranium	=	0,99	µg/L
OW172100	2024-08-06	     35694	10:59:30	U t	Uranium	=	1,07	µg/L
OW172100	2024-08-06	     35694	10:59:30	V o	Vanadium	=	3,3	µg/L
OW172100	2024-08-06	     35694	10:59:30	V t	Vanadium	=	9,1	µg/L
OW172100	2024-08-06	     35694	10:59:30	Valsartan	Valsartan	=	309	ng/L
OW172100	2024-08-06	     35694	10:59:30	VinCl	Vinylchloride	<	0,125	µg/L
OW172100	2024-08-06	     35694	10:59:30	Zn o	Zink	<	11	µg/L
OW172100	2024-08-06	     35694	10:59:30	Zn t	Zink	=	22,5	µg/L
OW172100	2024-08-06	     35694	10:59:30	ZS	Zwevende stoffen	=	41	mg/L
OW172100	2024-09-10	     41253	10:24:01	10:2 FTS	10:2 fluortelomeersulfonzuur (10:2 FTS)	<	5	ng/L
OW172100	2024-09-10	     41253	10:24:01	1112CEa	1,1,1,2-Tetrachloorethaan	<	0,125	µg/L
OW172100	2024-09-10	     41253	10:24:01	111CEa	1,1,1-Trichloorethaan	<	0,125	µg/L
OW172100	2024-09-10	     41253	10:24:01	1122CEa	1,1,2,2-Tetrachloorethaan	<	0,175	µg/L
OW172100	2024-09-10	     41253	10:24:01	112CEa	1,1,2-Trichloorethaan	<	0,125	µg/L
OW172100	2024-09-10	     41253	10:24:01	112CTFEa	1,1,2-Trichloortrifluorethaan	<	0,125	µg/L
OW172100	2024-09-10	     41253	10:24:01	11CEa	1,1-Dichloorethaan	<	0,125	µg/L
OW172100	2024-09-10	     41253	10:24:01	11CEe	1,1-Dichlooretheen	<	0,125	µg/L
OW172100	2024-09-10	     41253	10:24:01	1234CBz	1,2,3,4-Tetrachloorbenzeen	<	1	ng/L
OW172100	2024-09-10	     41253	10:24:01	1235+1245CBz	1,2,3,5+1,2,4,5-Tetrachloorbenzeen	<	1,5	ng/L
OW172100	2024-09-10	     41253	10:24:01	123CBz	1,2,3-Trichloorbenzeen	<	0,05	µg/L
OW172100	2024-09-10	     41253	10:24:01	124CBz	1,2,4-Trichloorbenzeen	<	0,05	µg/L
OW172100	2024-09-10	     41253	10:24:01	124MyBz	1,2,4-Trimethylbenzeen	<	0,125	µg/L
OW172100	2024-09-10	     41253	10:24:01	12BEa	1,2-Dibroomethaan	<	0,125	µg/L
OW172100	2024-09-10	     41253	10:24:01	12CBz	1,2-Dichloorbenzeen	<	0,125	µg/L
OW172100	2024-09-10	     41253	10:24:01	12CEa	1,2-Dichloorethaan	<	0,125	µg/L
OW172100	2024-09-10	     41253	10:24:01	12CEe	1,2-Dichlooretheen	<	0,25	µg/L
OW172100	2024-09-10	     41253	10:24:01	12CPa	1,2-Dichloorpropaan	<	0,125	µg/L
OW172100	2024-09-10	     41253	10:24:01	135CBz	1,3,5-Trichloorbenzeen	<	0,05	µg/L
OW172100	2024-09-10	     41253	10:24:01	135MyBz	1,3,5-Trimethylbenzeen	<	0,125	µg/L
OW172100	2024-09-10	     41253	10:24:01	13CBz	1,3-Dichloorbenzeen	<	0,125	µg/L
OW172100	2024-09-10	     41253	10:24:01	14CBz	1,4-Dichloorbenzeen	<	0,125	µg/L
OW172100	2024-09-10	     41253	10:24:01	2+3+4MyFol	som 2-methylfenol, 3-methylfenol en 4-methylfenol	<	150	ng/L
OW172100	2024-09-10	     41253	10:24:01	2345CFol	2,3,4,5-Tetrachloorfenol	<	50	ng/L
OW172100	2024-09-10	     41253	10:24:01	2346CFol	2,3,4,6-Tetrachloorfenol	<	50	ng/L
OW172100	2024-09-10	     41253	10:24:01	234CFol	2,3,4-Trichloorfenol	<	50	ng/L
OW172100	2024-09-10	     41253	10:24:01	2356CFol	2,3,5,6-Tetrachloorfenol	<	50	ng/L
OW172100	2024-09-10	     41253	10:24:01	2356CNiBz	2,3,5,6-Tetrachloornitrobenzeen	<	2	ng/L
OW172100	2024-09-10	     41253	10:24:01	235CFol	2,3,5-Trichloorfenol	<	50	ng/L
OW172100	2024-09-10	     41253	10:24:01	235MyFol	2,3,5-Trimethylfenol	<	50	ng/L
OW172100	2024-09-10	     41253	10:24:01	236CFol	2,3,6-Trichloorfenol	<	50	ng/L
OW172100	2024-09-10	     41253	10:24:01	23CFol	2,3-Dichloorfenol	<	50	ng/L
OW172100	2024-09-10	     41253	10:24:01	23CPe	2,3-Dichloorpropeen	<	0,125	µg/L
OW172100	2024-09-10	     41253	10:24:01	23MyFol	2,3-Dimethylfenol	<	50	ng/L
OW172100	2024-09-10	     41253	10:24:01	24-D	2,4-Dichloorfenoxyazijnzuur	<	50	ng/L
OW172100	2024-09-10	     41253	10:24:01	24-DB	2,4-Dichloorfenoxybutaanzuur	<	25	ng/L
OW172100	2024-09-10	     41253	10:24:01	24-DP	Dichloorprop	<	25	ng/L
OW172100	2024-09-10	     41253	10:24:01	24+25-CFol	2,4+2,5-Dichloorfenol	<	100	ng/L
OW172100	2024-09-10	     41253	10:24:01	245-T	2,4,5-Trichloorfenoxyazijnzuur	<	25	ng/L
OW172100	2024-09-10	     41253	10:24:01	245CFol	2,4,5-Trichloorfenol	<	50	ng/L
OW172100	2024-09-10	     41253	10:24:01	246CFol	2,4,6-Trichloorfenol	<	50	ng/L
OW172100	2024-09-10	     41253	10:24:01	24DDD	op'Dichloordifenyldichloorethaan	<	1	ng/L
OW172100	2024-09-10	     41253	10:24:01	24DDE	op'Dichloordifenyldichlooretheen	<	1	ng/L
OW172100	2024-09-10	     41253	10:24:01	24DDT	op'Dichloordifenyltrichloorethaan	<	1	ng/L
OW172100	2024-09-10	     41253	10:24:01	24MyFol	2,4-Dimethylfenol	<	50	ng/L
OW172100	2024-09-10	     41253	10:24:01	24NiFol	2,4-Dinitrofenol	=	52	ng/L
OW172100	2024-09-10	     41253	10:24:01	25MyFol	2,5-Dimethylfenol	<	50	ng/L
OW172100	2024-09-10	     41253	10:24:01	26CFol	2,6-Dichloorfenol	<	50	ng/L
OW172100	2024-09-10	     41253	10:24:01	26MyFol	2,6-Dimethylfenol	<	50	ng/L
OW172100	2024-09-10	     41253	10:24:01	2CFol	2-Chloorfenol	<	50	ng/L
OW172100	2024-09-10	     41253	10:24:01	2CTol	2-Chloortolueen	<	0,125	µg/L
OW172100	2024-09-10	     41253	10:24:01	2EyFol	2-Ethylfenol	<	50	ng/L
OW172100	2024-09-10	     41253	10:24:01	2hAtraz	2-Hydroxy-atrazine	=	10	ng/L
OW172100	2024-09-10	     41253	10:24:01	2iPyFol	2-Isopropylfenol	<	50	ng/L
OW172100	2024-09-10	     41253	10:24:01	2MyFol	2-Methylfenol	<	50	ng/L
OW172100	2024-09-10	     41253	10:24:01	345CFol	3,4,5-Trichloorfenol	<	50	ng/L
OW172100	2024-09-10	     41253	10:24:01	34CFol	3,4-Dichloorfenol	<	50	ng/L
OW172100	2024-09-10	     41253	10:24:01	34MyFol	3,4-Dimethylfenol	<	50	ng/L
OW172100	2024-09-10	     41253	10:24:01	35CFol	3,5-Dichloorfenol	<	50	ng/L
OW172100	2024-09-10	     41253	10:24:01	3CFol	3-Chloorfenol	<	50	ng/L
OW172100	2024-09-10	     41253	10:24:01	3CPe	3-Chloorpropeen	<	0,125	µg/L
OW172100	2024-09-10	     41253	10:24:01	3CTol	3-Chloortolueen	<	0,125	µg/L
OW172100	2024-09-10	     41253	10:24:01	3EyFol	3-Ethylfenol	<	50	ng/L
OW172100	2024-09-10	     41253	10:24:01	3MyFol	3-Methylfenol	<	50	ng/L
OW172100	2024-09-10	     41253	10:24:01	4:2 FTS	4:2 fluortelomeersulfonzuur (4:2 FTS)	<	20	ng/L
OW172100	2024-09-10	     41253	10:24:01	44DDD	pp'Dichloordifenyldichloorethaan	<	1	ng/L
OW172100	2024-09-10	     41253	10:24:01	44DDE	pp'Dichloordifenyldichlooretheen	<	1	ng/L
OW172100	2024-09-10	     41253	10:24:01	44DDT	pp'Dichloordifenyltrichloorethaan	<	1	ng/L
OW172100	2024-09-10	     41253	10:24:01	4C35MyFol	4-Chloor-3,5-dimethylfenol	<	50	ng/L
OW172100	2024-09-10	     41253	10:24:01	4C3MyFol	4-Chloor-3-methylfenol	<	50	ng/L
OW172100	2024-09-10	     41253	10:24:01	4CFol	4-Chloorfenol	<	50	ng/L
OW172100	2024-09-10	     41253	10:24:01	4CTol	4-Chloortolueen	<	0,125	µg/L
OW172100	2024-09-10	     41253	10:24:01	4EyFol + 35MyFol	4-ethylfenol + 3,5 dimethylfenol	<	100	ng/L
OW172100	2024-09-10	     41253	10:24:01	4MyFol	4-Methylfenol	<	50	ng/L
OW172100	2024-09-10	     41253	10:24:01	4tOyFol	4-tert-Octylfenol	<	15	ng/L
OW172100	2024-09-10	     41253	10:24:01	6:2 FTS	6:2 fluortelomeersulfonzuur (6:2 FTS)	<	5	ng/L
OW172100	2024-09-10	     41253	10:24:01	8:2 FTS	8:2 fluortelomeersulfonzuur (8:2 FTS)	<	1	ng/L
OW172100	2024-09-10	     41253	10:24:01	a+b+d+gHCHS	alfa+beta+gamma+delta Hexachloorcyclohexaan	<	3,75	ng/L
OW172100	2024-09-10	     41253	10:24:01	a+bEndoS	alfa+beta Endosulfan	<	2	ng/L
OW172100	2024-09-10	     41253	10:24:01	Acenaft	Acenafteen	<	10	ng/L
OW172100	2024-09-10	     41253	10:24:01	Acenaftyl	Acenaftyleen	<	5	ng/L
OW172100	2024-09-10	     41253	10:24:01	Acetamiprid	Acetamiprid	<	5	ng/L
OW172100	2024-09-10	     41253	10:24:01	Aclonifen	Aclonifen	<	2	ng/L
OW172100	2024-09-10	     41253	10:24:01	ADEIdrin	Aldrin+Dieldrin+Endrin+Isodrin	<	2,125	ng/L
OW172100	2024-09-10	     41253	10:24:01	aEndo	alfa-Endosulfan	<	1	ng/L
OW172100	2024-09-10	     41253	10:24:01	Ag o	Zilver	<	0,05	µg/L
OW172100	2024-09-10	     41253	10:24:01	Ag t	Zilver	<	0,1	µg/L
OW172100	2024-09-10	     41253	10:24:01	aHCH	alfa-Hexachloorcyclohexaan	<	0,75	ng/L
OW172100	2024-09-10	     41253	10:24:01	Al o	Aluminium	<	150	µg/L
OW172100	2024-09-10	     41253	10:24:01	Alachloor	Alachloor	<	10	ng/L
OW172100	2024-09-10	     41253	10:24:01	Aldrin	Aldrin	<	0,375	ng/L
OW172100	2024-09-10	     41253	10:24:01	Amidotriz	Amidotrizoinezuur	=	94	ng/L
OW172100	2024-09-10	     41253	10:24:01	AMPA	Aminomethylfosfonzuur	=	2600	ng/L
OW172100	2024-09-10	     41253	10:24:01	Ant	Anthraceen	<	10	ng/L
OW172100	2024-09-10	     41253	10:24:01	As o	Arseen	=	1,56	µg/L
OW172100	2024-09-10	     41253	10:24:01	As t	Arseen	=	1,77	µg/L
OW172100	2024-09-10	     41253	10:24:01	Atenolol	Atenolol	=	29,7	ng/L
OW172100	2024-09-10	     41253	10:24:01	Atraz	Atrazine	=	10	ng/L
OW172100	2024-09-10	     41253	10:24:01	AzinfosEy	Azinfos-ethyl	<	2	ng/L
OW172100	2024-09-10	     41253	10:24:01	AzinfosMy	Azinfos-methyl	<	1	ng/L
OW172100	2024-09-10	     41253	10:24:01	B o	Boor	=	76	µg/L
OW172100	2024-09-10	     41253	10:24:01	B t	Boor	=	74	µg/L
OW172100	2024-09-10	     41253	10:24:01	B(a)A	Benzo(a)anthraceen	<	5	ng/L
OW172100	2024-09-10	     41253	10:24:01	B(a)P	Benzo(a)pyreen	<	5	ng/L
OW172100	2024-09-10	     41253	10:24:01	B(b)Flu	Benzo(b)fluorantheen	<	10	ng/L
OW172100	2024-09-10	     41253	10:24:01	B(ghi)Pe	Benzo(g,h,i)peryleen	<	5	ng/L
OW172100	2024-09-10	     41253	10:24:01	B(k)Flu	Benzo(k)fluorantheen	<	5	ng/L
OW172100	2024-09-10	     41253	10:24:01	b2EyHyFt	bis-(2-ethylhexyl)-ftalaat	<	0,34	µg/L
OW172100	2024-09-10	     41253	10:24:01	Ba o	Barium	=	35	µg/L
OW172100	2024-09-10	     41253	10:24:01	Ba t	Barium	=	41	µg/L
OW172100	2024-09-10	     41253	10:24:01	BAM	2,6-Dichloorbenzamide	=	23	ng/L
OW172100	2024-09-10	     41253	10:24:01	BBz	Broombenzeen	<	0,125	µg/L
OW172100	2024-09-10	     41253	10:24:01	BDCMa	Broomdichloormethaan	<	0,125	µg/L
OW172100	2024-09-10	     41253	10:24:01	Be o	Beryllium	<	0,11	µg/L
OW172100	2024-09-10	     41253	10:24:01	Be t	Beryllium	<	0,15	µg/L
OW172100	2024-09-10	     41253	10:24:01	bEndo	beta-Endosulfan	<	1	ng/L
OW172100	2024-09-10	     41253	10:24:01	Bentazone	Bentazone	<	25	ng/L
OW172100	2024-09-10	     41253	10:24:01	Benzeen	Benzeen	<	0,125	µg/L
OW172100	2024-09-10	     41253	10:24:01	Benzotriazool	Benzotriazool	=	1500	ng/L
OW172100	2024-09-10	     41253	10:24:01	Bezafibraat	Bezafibraat	<	10	ng/L
OW172100	2024-09-10	     41253	10:24:01	BFlu som	PAK benzo(b+k)fluorantheen (b)	<	15	ng/L
OW172100	2024-09-10	     41253	10:24:01	bFol-A	Bisfenol-A	<	50	ng/L
OW172100	2024-09-10	     41253	10:24:01	bHCH	beta-Hexachloorcyclohexaan	<	0,75	ng/L
OW172100	2024-09-10	     41253	10:24:01	Bifenox	Bifenox	<	2	ng/L
OW172100	2024-09-10	     41253	10:24:01	BPe + IP som	PAK Benzo(g,h,i)peryleen + Indeno(1,2,3-cd)pyreen	<	10	ng/L
OW172100	2024-09-10	     41253	10:24:01	BrfosEy	Bromofos-ethyl	<	1	ng/L
OW172100	2024-09-10	     41253	10:24:01	BrfosMy	Bromofos-methyl	<	1	ng/L
OW172100	2024-09-10	     41253	10:24:01	Bromacil	Bromacil	<	10	ng/L
OW172100	2024-09-10	     41253	10:24:01	Bromoxyn	Bromoxynil	<	25	ng/L
OW172100	2024-09-10	     41253	10:24:01	ByBzyFt	Butylbenzylftalaat	<	0,095	µg/L
OW172100	2024-09-10	     41253	10:24:01	BZV5	Biochemisch zuurstofverbruik na 5d.	=	2,1	mgO2/L
OW172100	2024-09-10	     41253	10:24:01	c12CEe	cis-1,2-Dichlooretheen	<	0,125	µg/L
OW172100	2024-09-10	     41253	10:24:01	Ca o	Calcium	=	116000	µg/L
OW172100	2024-09-10	     41253	10:24:01	Carbamaze	Carbamazepine	=	126	ng/L
OW172100	2024-09-10	     41253	10:24:01	Carbdzim	Carbendazim	<	5	ng/L
OW172100	2024-09-10	     41253	10:24:01	Cartamid	Carbetamide	<	10	ng/L
OW172100	2024-09-10	     41253	10:24:01	Cbromuron	Chloorbromuron	<	15	ng/L
OW172100	2024-09-10	     41253	10:24:01	CBz	Chloorbenzeen	<	0,125	µg/L
OW172100	2024-09-10	     41253	10:24:01	CBzsom	Dichloorbenzenen	<	0,375	µg/L
OW172100	2024-09-10	     41253	10:24:01	cCdaan	cis-Chloordaan	<	0,5	ng/L
OW172100	2024-09-10	     41253	10:24:01	Cd o	Cadmium	<	0,05	µg/L
OW172100	2024-09-10	     41253	10:24:01	Cd t	Cadmium	<	0,1	µg/L
OW172100	2024-09-10	     41253	10:24:01	Cdaan	Chloordaan	<	1	ng/L
OW172100	2024-09-10	     41253	10:24:01	Cdazon	Chloridazon	<	10	ng/L
OW172100	2024-09-10	     41253	10:24:01	CFolS	Chloorfenolen	<	150	ng/L
OW172100	2024-09-10	     41253	10:24:01	Cfvinfos	Chloorfenvinfos	<	1	ng/L
OW172100	2024-09-10	     41253	10:24:01	cHpCEpx	cis-Heptachloorepoxyde	<	1	ng/L
OW172100	2024-09-10	     41253	10:24:01	Chr	Chryseen	<	10	ng/L
OW172100	2024-09-10	     41253	10:24:01	Cl-	Chloride	=	66	mg/L
OW172100	2024-09-10	     41253	10:24:01	Clarithromyc	Clarithromycine	<	7,5	ng/L
OW172100	2024-09-10	     41253	10:24:01	Clfyl a	Chlorofyl a	=	34	µg/L
OW172100	2024-09-10	     41253	10:24:01	Clindamyc	Clindamycine	=	16,7	ng/L
OW172100	2024-09-10	     41253	10:24:01	ClindamycineHCl	Clindamycine, waterstofchloride	=	18,2	ng/L
OW172100	2024-09-10	     41253	10:24:01	Clopyralid	Clopyralid	<	125	ng/L
OW172100	2024-09-10	     41253	10:24:01	Clotidine	Clothianidine	<	2,5	ng/L
OW172100	2024-09-10	     41253	10:24:01	Clozapine	Clozapine	<	10	ng/L
OW172100	2024-09-10	     41253	10:24:01	Co o	Kobalt	=	0,203	µg/L
OW172100	2024-09-10	     41253	10:24:01	Co t	Kobalt	=	0,455	µg/L
OW172100	2024-09-10	     41253	10:24:01	CpfosEy	Chloorpyrifos-ethyl	<	2	ng/L
OW172100	2024-09-10	     41253	10:24:01	CpfosMy	Chloorpyrifos-methyl	<	2	ng/L
OW172100	2024-09-10	     41253	10:24:01	Cprofam	Chloorprofam	<	2	ng/L
OW172100	2024-09-10	     41253	10:24:01	Cr o	Chroom	<	1,5	µg/L
OW172100	2024-09-10	     41253	10:24:01	Cr t	Chroom	<	3	µg/L
OW172100	2024-09-10	     41253	10:24:01	CTolS	Chloortoluenen	<	0,375	µg/L
OW172100	2024-09-10	     41253	10:24:01	Ctoluron	Chloortoluron	=	18	ng/L
OW172100	2024-09-10	     41253	10:24:01	Cu o	Koper	<	2	µg/L
OW172100	2024-09-10	     41253	10:24:01	Cu t	Koper	<	4	µg/L
OW172100	2024-09-10	     41253	10:24:01	Cumafos	Cumafos	<	1	ng/L
OW172100	2024-09-10	     41253	10:24:01	Cyanaz	Cyanazine	<	5	ng/L
OW172100	2024-09-10	     41253	10:24:01	Cybutrine	Cybutrine	<	1	ng/L
OW172100	2024-09-10	     41253	10:24:01	Cypmethrin	Cypermethrin	<	3	ng/L
OW172100	2024-09-10	     41253	10:24:01	CZV	Chemisch zuurstofverbruik	=	10,7	mgO2/L
OW172100	2024-09-10	     41253	10:24:01	DBCMa	Dibroomchloormethaan	<	0,125	µg/L
OW172100	2024-09-10	     41253	10:24:01	DBMa	Dibroommethaan	<	0,125	µg/L
OW172100	2024-09-10	     41253	10:24:01	DBySn	Dibutyltin	<	2,1	ngSn/L
OW172100	2024-09-10	     41253	10:24:01	DBySn som	Dibutyltinverbindingen	<	2,1	ngSn/L
OW172100	2024-09-10	     41253	10:24:01	dBz(ah)An	Dibenzo(a,h)anthraceen	<	5	ng/L
OW172100	2024-09-10	     41253	10:24:01	DcHyFt	Dicyclohexylftalaat	<	0,1	µg/L
OW172100	2024-09-10	     41253	10:24:01	DCMa	Dichloormethaan	<	0,125	µg/L
OW172100	2024-09-10	     41253	10:24:01	DCvos	Dichloorvos	<	1	ng/L
OW172100	2024-09-10	     41253	10:24:01	DDT t	DDT, totaal	<	4	ng/L
OW172100	2024-09-10	     41253	10:24:01	Demeton	Demeton	<	25	ng/L
OW172100	2024-09-10	     41253	10:24:01	Demeton-O	Demeton-O	<	16	ng/L
OW172100	2024-09-10	     41253	10:24:01	Demeton-S	Demeton-S	<	9	ng/L
OW172100	2024-09-10	     41253	10:24:01	DEyatraz	Desethylatrazine	=	20	ng/L
OW172100	2024-09-10	     41253	10:24:01	DEyFt	Diethylftalaat	<	0,25	µg/L
OW172100	2024-09-10	     41253	10:24:01	DEytByaz	Desethylterbutylazine	<	10	ng/L
OW172100	2024-09-10	     41253	10:24:01	Dflucan	Diflufenican	<	7	ng/L
OW172100	2024-09-10	     41253	10:24:01	dHCH	delta-Hexachloorcyclohexaan	<	0,75	ng/L
OW172100	2024-09-10	     41253	10:24:01	Diazinon	Diazinon	<	2	ng/L
OW172100	2024-09-10	     41253	10:24:01	DiByFt	Di-isobutylftalaat	<	0,105	µg/L
OW172100	2024-09-10	     41253	10:24:01	Dicamba	Dicamba	<	150	ng/L
OW172100	2024-09-10	     41253	10:24:01	Diclofenac	Diclofenac	=	98	ng/L
OW172100	2024-09-10	     41253	10:24:01	Dieldrin	Dieldrin	<	1	ng/L
OW172100	2024-09-10	     41253	10:24:01	Dimdazol	Dimetridazol	<	10	ng/L
OW172100	2024-09-10	     41253	10:24:01	DiMetamid	Dimethenamid	=	16	ng/L
OW172100	2024-09-10	     41253	10:24:01	DiMetmorf	Dimethomorf	=	41	ng/L
OW172100	2024-09-10	     41253	10:24:01	DiPyatraz	Desisopropylatrazine	<	10	ng/L
OW172100	2024-09-10	     41253	10:24:01	DiPyEt	Di-isopropylether	<	0,125	µg/L
OW172100	2024-09-10	     41253	10:24:01	Diuron	Diuron	=	16	ng/L
OW172100	2024-09-10	     41253	10:24:01	Dmetoat	Dimethoaat	<	2	ng/L
OW172100	2024-09-10	     41253	10:24:01	DMyFol som	Som van de dimethylfenolen	<	250	ng/L
OW172100	2024-09-10	     41253	10:24:01	DMyFt	Dimethylftalaat	<	0,105	µg/L
OW172100	2024-09-10	     41253	10:24:01	DnByFt	Di-n-butylftalaat	<	0,105	µg/L
OW172100	2024-09-10	     41253	10:24:01	DNOC	4,6-Dinitro-o-cresol	<	25	ng/L
OW172100	2024-09-10	     41253	10:24:01	DnOyFt	Di-n-octylftalaat	<	0,055	µg/L
OW172100	2024-09-10	     41253	10:24:01	DOC	Koolstof	=	4,5	mgC/L
OW172100	2024-09-10	     41253	10:24:01	DONA	4,8-dioxa-3H-perfluornonaanzuur (DONA)	<	2,5	ng/L
OW172100	2024-09-10	     41253	10:24:01	DPnyFt	Dipentylftalaat	<	0,095	µg/L
OW172100	2024-09-10	     41253	10:24:01	Dsulfoton	Disulfoton	<	16	ng/L
OW172100	2024-09-10	     41253	10:24:01	EC 20	Geleidbaarheid (20°C)	=	798	µS/cm
OW172100	2024-09-10	     41253	10:24:01	EC 25	Geleidbaarheid (25°C)	=	874,209	µS/cm
OW172100	2024-09-10	     41253	10:24:01	EHDPP	2-Ethylhexyldifenylfosfaat	<	16	ng/L
OW172100	2024-09-10	     41253	10:24:01	EndoS	Endosulfansulfaat	<	1	ng/L
OW172100	2024-09-10	     41253	10:24:01	Endrin	Endrin	<	0,375	ng/L
OW172100	2024-09-10	     41253	10:24:01	Etfum	Ethofumesaat	<	4	ng/L
OW172100	2024-09-10	     41253	10:24:01	Ethopfos	Ethoprofos	<	1	ng/L
OW172100	2024-09-10	     41253	10:24:01	EtPFOSA	N-ethylperfluoroctaan-1-sulfonamide (EtPFOSA)	<	1	ng/L
OW172100	2024-09-10	     41253	10:24:01	EtPFOSA totaal	Totaal N-ethylperfluoroctaansulfonamide (lin+vert)	<	1	ng/L
OW172100	2024-09-10	     41253	10:24:01	EtPFOSA vertakt	= EtPFOSAtotaal - EtPFOSA	<	1	ng/L
OW172100	2024-09-10	     41253	10:24:01	EtPFOSAA	N-ethylperfluoroctaansulfonamidoazijnzuur	<	1	ng/L
OW172100	2024-09-10	     41253	10:24:01	EyBz	Ethylbenzeen	<	0,125	µg/L
OW172100	2024-09-10	     41253	10:24:01	EytByEt	Ethyl-tert-butylether	<	0,125	µg/L
OW172100	2024-09-10	     41253	10:24:01	F- o	Fluoride	=	0,31	mg/L
OW172100	2024-09-10	     41253	10:24:01	Fe o	Ijzer	<	12,5	µg/L
OW172100	2024-09-10	     41253	10:24:01	Fe t	Ijzer	=	471	µg/L
OW172100	2024-09-10	     41253	10:24:01	Fen	Fenantreen	<	20	ng/L
OW172100	2024-09-10	     41253	10:24:01	Fenazon	Fenazon	<	5	ng/L
OW172100	2024-09-10	     41253	10:24:01	Fenithion	Fenitrothion	<	2	ng/L
OW172100	2024-09-10	     41253	10:24:01	Fenoprop	Fenoprop	<	25	ng/L
OW172100	2024-09-10	     41253	10:24:01	Fenthion	Fenthion	<	1	ng/L
OW172100	2024-09-10	     41253	10:24:01	Feofyt a	Feofytine a	<	8,92	µg/L
OW172100	2024-09-10	     41253	10:24:01	Fipronil	Fipronil	<	2	ng/L
OW172100	2024-09-10	     41253	10:24:01	Floxpyr	Fluroxypyr	<	25	ng/L
OW172100	2024-09-10	     41253	10:24:01	Flu	Fluorantheen	=	17	ng/L
OW172100	2024-09-10	     41253	10:24:01	Flucet	Flufenacet	<	20	ng/L
OW172100	2024-09-10	     41253	10:24:01	Fluoreen	Fluoreen	=	13	ng/L
OW172100	2024-09-10	     41253	10:24:01	Fol	Fenol	<	250	ng/L
OW172100	2024-09-10	     41253	10:24:01	Fonofos	Fonofos	<	2	ng/L
OW172100	2024-09-10	     41253	10:24:01	Gabapentine	Gabapentine	=	540	ng/L
OW172100	2024-09-10	     41253	10:24:01	gHCH	gamma-Hexachloorcyclohexaan	<	1,5	ng/L
OW172100	2024-09-10	     41253	10:24:01	Glyfosaat	Glyfosaat	=	390	ng/L
OW172100	2024-09-10	     41253	10:24:01	H t	Hardheid	=	34,125000000000000041	°F
OW172100	2024-09-10	     41253	10:24:01	HCBdn	Hexachloorbutadieen	<	1	ng/L
OW172100	2024-09-10	     41253	10:24:01	HCBz	Hexachloorbenzeen	<	1,5	ng/L
OW172100	2024-09-10	     41253	10:24:01	HCH	Hexachloorcyclohexaan, alle isomeren	<	3,75	ng/L
OW172100	2024-09-10	     41253	10:24:01	Hexazinon	Hexazinon	<	10	ng/L
OW172100	2024-09-10	     41253	10:24:01	HFPO-DA	2,3,3,3-tetrafluor-2(heptafluorpropoxy)propionzuur	<	1	ng/L
OW172100	2024-09-10	     41253	10:24:01	Hg o	Kwik	<	0,025	µg/L
OW172100	2024-09-10	     41253	10:24:01	Hg t	Kwik	<	0,05	µg/L
OW172100	2024-09-10	     41253	10:24:01	HpC	Heptachloor	<	1	ng/L
OW172100	2024-09-10	     41253	10:24:01	HpC+Epx	Heptachloor+epoxyde	<	4	ng/L
OW172100	2024-09-10	     41253	10:24:01	HyCtazide	Hydrochloorthiazide	=	86	ng/L
OW172100	2024-09-10	     41253	10:24:01	Imcloprid	Imidacloprid	=	12	ng/L
OW172100	2024-09-10	     41253	10:24:01	Iopamidol	Iopamidol	<	5	ng/L
OW172100	2024-09-10	     41253	10:24:01	Iopromide	Iopromide	=	189	ng/L
OW172100	2024-09-10	     41253	10:24:01	IP	Indeno(1,2,3-cd)pyreen	<	5	ng/L
OW172100	2024-09-10	     41253	10:24:01	Iproturon	Isoproturon	<	5	ng/L
OW172100	2024-09-10	     41253	10:24:01	iPyBz	Isopropylbenzeen	<	0,125	µg/L
OW172100	2024-09-10	     41253	10:24:01	Irbesartan	Irbesartan	=	570	ng/L
OW172100	2024-09-10	     41253	10:24:01	Isodrin	Isodrin	<	0,375	ng/L
OW172100	2024-09-10	     41253	10:24:01	K o	Kalium	=	16300	µg/L
OW172100	2024-09-10	     41253	10:24:01	Ketoprofen	Ketoprofen	<	5	ng/L
OW172100	2024-09-10	     41253	10:24:01	KjN	Kjeldahlstikstof	=	0,524	mgN/L
OW172100	2024-09-10	     41253	10:24:01	KWS ap.	Apolaire koolwaterstoffen	<	100	µg/L
OW172100	2024-09-10	     41253	10:24:01	Lenacil	Lenacil	<	25	ng/L
OW172100	2024-09-10	     41253	10:24:01	Lidocaine	Lidocaine	=	37	ng/L
OW172100	2024-09-10	     41253	10:24:01	Linuron	Linuron	<	5	ng/L
OW172100	2024-09-10	     41253	10:24:01	Malathion	Malathion	<	2	ng/L
OW172100	2024-09-10	     41253	10:24:01	Mbromuron	Metobromuron	<	10	ng/L
OW172100	2024-09-10	     41253	10:24:01	mBthiaz	Metabenzthiazuron	<	5	ng/L
OW172100	2024-09-10	     41253	10:24:01	MCPA	(4-Chloor-2-methylfenoxy)azijnzuur	=	65	ng/L
OW172100	2024-09-10	     41253	10:24:01	MCPB	4-(4-Chloor-2-methylfenoxy)boterzuur	<	25	ng/L
OW172100	2024-09-10	     41253	10:24:01	MCPP	Mecoprop	<	25	ng/L
OW172100	2024-09-10	     41253	10:24:01	MePFBSA	N-methylperfluorbutaansulfonamide (MePFBSA)	<	1	ng/L
OW172100	2024-09-10	     41253	10:24:01	MePFBSAA	N-methylperfluorbutaansulfonamidoazijnzuur	<	1	ng/L
OW172100	2024-09-10	     41253	10:24:01	MePFOSA	N-methylperfluoroctaan-1-sulfonamide (MePFOSA)	<	2,5	ng/L
OW172100	2024-09-10	     41253	10:24:01	MePFOSA totaal	Totaal N-methylperfluoroctaansulfonamide (lin+ver)	<	5	ng/L
OW172100	2024-09-10	     41253	10:24:01	MePFOSA vertakt	= MePFOSAtotaal - MePFOSA	<	5	ng/L
OW172100	2024-09-10	     41253	10:24:01	MePFOSAA	N-methylperfluoroctaansulfonamidoazijnzuur	<	0,5	ng/L
OW172100	2024-09-10	     41253	10:24:01	Metaza	Metazachloor	=	10	ng/L
OW172100	2024-09-10	     41253	10:24:01	Metbuzin	Metribuzin	<	4	ng/L
OW172100	2024-09-10	     41253	10:24:01	Metcarb	Methiocarb	<	1	ng/L
OW172100	2024-09-10	     41253	10:24:01	Methidat	Methidation	<	1	ng/L
OW172100	2024-09-10	     41253	10:24:01	Metola	Metolachloor	<	10	ng/L
OW172100	2024-09-10	     41253	10:24:01	Metoprolol	Metoprolol	<	20	ng/L
OW172100	2024-09-10	     41253	10:24:01	Metoprololtartraat	Metoprololtartraat	<	25	ng/L
OW172100	2024-09-10	     41253	10:24:01	Metoxur	Metoxuron	<	5	ng/L
OW172100	2024-09-10	     41253	10:24:01	Mevinfos	Mevinfos	<	1	ng/L
OW172100	2024-09-10	     41253	10:24:01	Mg o	Magnesium	=	12300	µg/L
OW172100	2024-09-10	     41253	10:24:01	Mlinuron	Monolinuron	<	5	ng/L
OW172100	2024-09-10	     41253	10:24:01	Mmitron	Metamitron	<	5	ng/L
OW172100	2024-09-10	     41253	10:24:01	Mn o	Mangaan	=	3,7	µg/L
OW172100	2024-09-10	     41253	10:24:01	Mn t	Mangaan	=	62	µg/L
OW172100	2024-09-10	     41253	10:24:01	Mo o	Molybdeen	<	3	µg/L
OW172100	2024-09-10	     41253	10:24:01	Mo t	Molybdeen	<	2,5	µg/L
OW172100	2024-09-10	     41253	10:24:01	mpXyl	Xylenen (m+p)	<	0,125	µg/L
OW172100	2024-09-10	     41253	10:24:01	MxyC	Methoxychloor	<	1	ng/L
OW172100	2024-09-10	     41253	10:24:01	MytByEt	Methyl-tert.butylether	<	0,125	µg/L
OW172100	2024-09-10	     41253	10:24:01	N t	Stikstof	=	6,2	mgN/L
OW172100	2024-09-10	     41253	10:24:01	N+N	Nitraat+nitriet	=	5,676	mgN/L
OW172100	2024-09-10	     41253	10:24:01	N+N+N	Nitraat+nitriet+ammonium	=	5,976	mgN/L
OW172100	2024-09-10	     41253	10:24:01	Na o	Natrium	=	44000	µg/L
OW172100	2024-09-10	     41253	10:24:01	Na_diclofenac	Diclofenac, natrium	=	105	ng/L
OW172100	2024-09-10	     41253	10:24:01	Naft	Naftaleen	<	20	ng/L
OW172100	2024-09-10	     41253	10:24:01	Naproxen	Naproxen	=	45	ng/L
OW172100	2024-09-10	     41253	10:24:01	NH4+	Ammonium	=	0,3	mgN/L
OW172100	2024-09-10	     41253	10:24:01	Ni o	Nikkel	<	3,2	µg/L
OW172100	2024-09-10	     41253	10:24:01	Ni t	Nikkel	<	3,2	µg/L
OW172100	2024-09-10	     41253	10:24:01	NO2-	Nitriet	=	0,276	mgN/L
OW172100	2024-09-10	     41253	10:24:01	NO3-	Nitraat	=	5,4	mgN/L
OW172100	2024-09-10	     41253	10:24:01	NPOC	Koolstof	=	6,9	mgC/L
OW172100	2024-09-10	     41253	10:24:01	NyFol	Nonylfenol	<	300	ng/L
OW172100	2024-09-10	     41253	10:24:01	NyFolsom	Nonylfenolen	<	300	ng/L
OW172100	2024-09-10	     41253	10:24:01	O2	Zuurstof	=	7,98	mg/L
OW172100	2024-09-10	     41253	10:24:01	O2 verz	Zuurstof	=	87,1	%
OW172100	2024-09-10	     41253	10:24:01	OCP t	Organochloorpesticiden, totaal	<	16,625	ng/L
OW172100	2024-09-10	     41253	10:24:01	ompXyl	Xylenen (o+m+p)	<	0,25	µg/L
OW172100	2024-09-10	     41253	10:24:01	oPO4 f	Orthofosfaat	=	0,244	mgP/L
OW172100	2024-09-10	     41253	10:24:01	Oxadiazon	Oxadiazon	<	4	ng/L
OW172100	2024-09-10	     41253	10:24:01	oXyl	ortho-Xyleen	<	0,125	µg/L
OW172100	2024-09-10	     41253	10:24:01	OyFolsom	Octylfenolen	<	15	ng/L
OW172100	2024-09-10	     41253	10:24:01	P t	Fosfor	=	0,365	mgP/L
OW172100	2024-09-10	     41253	10:24:01	PAK 10	Polyaromatische KWS (10 Vrom)	<	102	ng/L
OW172100	2024-09-10	     41253	10:24:01	PAK 6	Polyaromatische KWS (6 Borneff)	<	47	ng/L
OW172100	2024-09-10	     41253	10:24:01	PathionEy	Parathion-ethyl	<	1	ng/L
OW172100	2024-09-10	     41253	10:24:01	PathionMy	Parathion-methyl	<	2	ng/L
OW172100	2024-09-10	     41253	10:24:01	Pb o	Lood	<	1,5	µg/L
OW172100	2024-09-10	     41253	10:24:01	Pb t	Lood	<	2,5	µg/L
OW172100	2024-09-10	     41253	10:24:01	PCB 101	2,2',4,5,5'-Pentachloorbifenyl (PCB101)	<	1	ng/L
OW172100	2024-09-10	     41253	10:24:01	PCB 118	2,3',4,4',5-Pentachloorbifenyl (PCB118)	<	0,5	ng/L
OW172100	2024-09-10	     41253	10:24:01	PCB 138	2,2',3,4,4',5'-Hexachloorbifenyl (PCB138)	<	0,5	ng/L
OW172100	2024-09-10	     41253	10:24:01	PCB 153	2,2',4,4',5,5'-Hexachloorbifenyl (PCB153)	<	0,5	ng/L
OW172100	2024-09-10	     41253	10:24:01	PCB 180	2,2',3,4,4',5,5'-Heptachloorbifenyl (PCB180)	<	0,5	ng/L
OW172100	2024-09-10	     41253	10:24:01	PCB 28	2,4,4'-Trichloorbifenyl (PCB28)	<	0,5	ng/L
OW172100	2024-09-10	     41253	10:24:01	PCB 52	2,2',5,5'-Tetrachloorbifenyl (PCB52)	<	0,5	ng/L
OW172100	2024-09-10	     41253	10:24:01	PCB t	Polychloorbifenyl, totaal	<	4	ng/L
OW172100	2024-09-10	     41253	10:24:01	PCBz	Pentachloorbenzeen	<	1,5	ng/L
OW172100	2024-09-10	     41253	10:24:01	PCFol	Pentachloorfenol	<	50	ng/L
OW172100	2024-09-10	     41253	10:24:01	PCNiBz	Pentachloornitrobenzeen	<	2	ng/L
OW172100	2024-09-10	     41253	10:24:01	Pentoxif	Pentoxifylline	<	5	ng/L
OW172100	2024-09-10	     41253	10:24:01	PFAS-43	Som van de 43 PFAS	<	158,76	ng/L
OW172100	2024-09-10	     41253	10:24:01	PFBA	Perfluorbutaanzuur (PFBA)	<	2,5	ng/L
OW172100	2024-09-10	     41253	10:24:01	PFBS	Perfluorbutaansulfonzuur (PFBS)	<	5	ng/L
OW172100	2024-09-10	     41253	10:24:01	PFBSA	Perfluorbutaansulfonamide (PFBSA)	=	7,8	ng/L
OW172100	2024-09-10	     41253	10:24:01	PFDA	Perfluordecaanzuur (PFDA)	<	5	ng/L
OW172100	2024-09-10	     41253	10:24:01	PFDoDA	Perfluordodecaanzuur (PFDoDA)	<	1	ng/L
OW172100	2024-09-10	     41253	10:24:01	PFDoDS	Perfluordodecaansulfonzuur (PFDoDS)	<	5	ng/L
OW172100	2024-09-10	     41253	10:24:01	PFDS	Perfluordecaansulfonzuur (PFDS)	<	0,5	ng/L
OW172100	2024-09-10	     41253	10:24:01	PFECHS	Perfluor-4-ethylcyclohexaansulfonzuur (PFECHS)	<	0,5	ng/L
OW172100	2024-09-10	     41253	10:24:01	PFHpA	Perfluorheptaanzuur (PFHpA)	<	2,5	ng/L
OW172100	2024-09-10	     41253	10:24:01	PFHpS	Perfluorheptaansulfonzuur (PFHpS)	<	2,5	ng/L
OW172100	2024-09-10	     41253	10:24:01	PFHxA	Perfluorhexaanzuur (PFHxA)	=	7,4	ng/L
OW172100	2024-09-10	     41253	10:24:01	PFHxS	Perfluorhexaansulfonzuur (PFHxS)	<	5	ng/L
OW172100	2024-09-10	     41253	10:24:01	PFHxS totaal	Totaal perfluorhexaansulfonzuur (lineair+vertakt)	<	5	ng/L
OW172100	2024-09-10	     41253	10:24:01	PFHxS vertakt	= PFHxStotaal - PFHxS	<	10	ng/L
OW172100	2024-09-10	     41253	10:24:01	PFHxSA	Perfluorhexaansulfonamide (PFHxSA)	<	1	ng/L
OW172100	2024-09-10	     41253	10:24:01	PFNA	Perfluornonaanzuur (PFNA)	<	5	ng/L
OW172100	2024-09-10	     41253	10:24:01	PFNS	Perfluornonaansulfonzuur (PFNS)	<	0,5	ng/L
OW172100	2024-09-10	     41253	10:24:01	PFOA	Perfluoroctaanzuur (PFOA)	<	5	ng/L
OW172100	2024-09-10	     41253	10:24:01	PFOA totaal	Totaal perfluoroctaanzuur (lineair + vertakt)	<	5	ng/L
OW172100	2024-09-10	     41253	10:24:01	PFOA vertakt	= PFOAtotaal - PFOA	<	5	ng/L
OW172100	2024-09-10	     41253	10:24:01	PFOS	Perfluoroctaansulfonzuur (PFOS)	<	5	ng/L
OW172100	2024-09-10	     41253	10:24:01	PFOS totaal	Totaal perfluoroctaansulfonzuur (lineair+vertakt)	<	10	ng/L
OW172100	2024-09-10	     41253	10:24:01	PFOS vertakt	= PFOStotaal - PFOS	<	10	ng/L
OW172100	2024-09-10	     41253	10:24:01	PFOSA	Perfluoroctaansulfonamide (PFOSA)	<	0,5	ng/L
OW172100	2024-09-10	     41253	10:24:01	PFOSA totaal	Totaal perfluoroctaansulfonamide (lineair+vertakt)	<	5	ng/L
OW172100	2024-09-10	     41253	10:24:01	PFOSA vertakt	= PFOSAtotaal - PFOSA	<	5	ng/L
OW172100	2024-09-10	     41253	10:24:01	PFPeA	Perfluorpentaanzuur (PFPeA)	<	5	ng/L
OW172100	2024-09-10	     41253	10:24:01	PFPeS	Perfluorpentaansulfonzuur (PFPeS)	=	1,06	ng/L
OW172100	2024-09-10	     41253	10:24:01	PFTrDA	Perfluortridecaanzuur (PFTrDA)	<	25	ng/L
OW172100	2024-09-10	     41253	10:24:01	PFTrDS	Perfluor-1-tridecaansulfonzuur (PFTrS)	<	5	ng/L
OW172100	2024-09-10	     41253	10:24:01	PFUnDA	Perfluorundecaanzuur (PFUnDA)	<	2,5	ng/L
OW172100	2024-09-10	     41253	10:24:01	PFUnDS	Perfluor-1-undecaansulfonzuur (PFUnS)	<	5	ng/L
OW172100	2024-09-10	     41253	10:24:01	pH	pH	=	7,87	-
OW172100	2024-09-10	     41253	10:24:01	Picarb	Pirimicarb	<	5	ng/L
OW172100	2024-09-10	     41253	10:24:01	PirfosMy	Pirimifos-methyl	<	1	ng/L
OW172100	2024-09-10	     41253	10:24:01	Prochloor	Propachloor	<	10	ng/L
OW172100	2024-09-10	     41253	10:24:01	Prometryn	Prometryn	<	10	ng/L
OW172100	2024-09-10	     41253	10:24:01	Propanil	Propanil	<	25	ng/L
OW172100	2024-09-10	     41253	10:24:01	Propanolol	Propanolol	<	30	ng/L
OW172100	2024-09-10	     41253	10:24:01	PropanololHCl	Propanolol, waterstofchloride	=	33	ng/L
OW172100	2024-09-10	     41253	10:24:01	Propaz	Propazine	<	10	ng/L
OW172100	2024-09-10	     41253	10:24:01	PyBz	Propylbenzeen	<	0,125	µg/L
OW172100	2024-09-10	     41253	10:24:01	Pyr	Pyreen	=	17	ng/L
OW172100	2024-09-10	     41253	10:24:01	Quinofen	Quinoxyfen	<	1	ng/L
OW172100	2024-09-10	     41253	10:24:01	Sb o	Antimoon	<	1,5	µg/L
OW172100	2024-09-10	     41253	10:24:01	Sb t	Antimoon	<	1,5	µg/L
OW172100	2024-09-10	     41253	10:24:01	Se o	Seleen	<	1,5	µg/L
OW172100	2024-09-10	     41253	10:24:01	Se t	Seleen	<	1,5	µg/L
OW172100	2024-09-10	     41253	10:24:01	Sebutylaz	Sebutylazine	<	10	ng/L
OW172100	2024-09-10	     41253	10:24:01	Secchi	Doorzichtigheid	=	65	cm
OW172100	2024-09-10	     41253	10:24:01	Simaz	Simazine	<	5	ng/L
OW172100	2024-09-10	     41253	10:24:01	SiO2 o	Silicaat	=	12	mgSiO2/L
OW172100	2024-09-10	     41253	10:24:01	Sn o	Tin	<	1,5	µg/L
OW172100	2024-09-10	     41253	10:24:01	Sn t	Tin	<	1,5	µg/L
OW172100	2024-09-10	     41253	10:24:01	SO4=	Sulfaat	=	78	mg/L
OW172100	2024-09-10	     41253	10:24:01	Sotalol	Sotalol	=	248	ng/L
OW172100	2024-09-10	     41253	10:24:01	SotalolHCl	Sotalol, waterstofchloride	=	280	ng/L
OW172100	2024-09-10	     41253	10:24:01	Styreen	Styreen	<	0,125	µg/L
OW172100	2024-09-10	     41253	10:24:01	Sulfamazol	Sulfamethoxazol	=	82,9	ng/L
OW172100	2024-09-10	     41253	10:24:01	T	Temperatuur	=	19,3	°C
OW172100	2024-09-10	     41253	10:24:01	t12CEe	trans-1,2-Dichlooretheen	<	0,125	µg/L
OW172100	2024-09-10	     41253	10:24:01	TAM	Alkaliniteit met methyloranje	=	5,4	meq/L
OW172100	2024-09-10	     41253	10:24:01	TBEP	Tributoxyethylfosfaat	=	61	ng/L
OW172100	2024-09-10	     41253	10:24:01	TBP	Tributylfosfaat	<	18	ng/L
OW172100	2024-09-10	     41253	10:24:01	TBySn	Tributyltin	=	0,029	ngSn/L
OW172100	2024-09-10	     41253	10:24:01	TCBz	Trichloorbenzenen	<	0,15	µg/L
OW172100	2024-09-10	     41253	10:24:01	tCdaan	trans-Chloordaan	<	0,5	ng/L
OW172100	2024-09-10	     41253	10:24:01	TCEe	Trichlooretheen	<	0,125	µg/L
OW172100	2024-09-10	     41253	10:24:01	TCEP	Tris-(2-chloorethyl)-fosfaat	<	8	ng/L
OW172100	2024-09-10	     41253	10:24:01	TclofosMy	Tolclofos-methyl	<	2	ng/L
OW172100	2024-09-10	     41253	10:24:01	TCMa	Trichloormethaan	<	0,125	µg/L
OW172100	2024-09-10	     41253	10:24:01	TDC(P)P	Tris-(1,3-dichloor-2-propyl)-fosfaat	<	71	ng/L
OW172100	2024-09-10	     41253	10:24:01	Te o	Telluur	<	2,5	µg/L
OW172100	2024-09-10	     41253	10:24:01	Te t	Telluur	<	2,5	µg/L
OW172100	2024-09-10	     41253	10:24:01	Telodrin	Telodrin	<	1	ng/L
OW172100	2024-09-10	     41253	10:24:01	Terbufos	Terbufos	<	2	ng/L
OW172100	2024-09-10	     41253	10:24:01	Terbutryn	Terbutryn	<	10	ng/L
OW172100	2024-09-10	     41253	10:24:01	Tfluralin	Trifluralin	<	2	ng/L
OW172100	2024-09-10	     41253	10:24:01	TFySn	Trifenyltin	<	0,017	ngSn/L
OW172100	2024-09-10	     41253	10:24:01	TFySn som	Trifenyltinacetaat, chloride, hydroxide	<	0,017	ngSn/L
OW172100	2024-09-10	     41253	10:24:01	Thiacloprid	Thiacloprid	<	2,5	ng/L
OW172100	2024-09-10	     41253	10:24:01	tHpCEpx	trans-Heptachloorepoxyde	<	2	ng/L
OW172100	2024-09-10	     41253	10:24:01	Ti o	Titaan	<	2	µg/L
OW172100	2024-09-10	     41253	10:24:01	Ti t	Titaan	=	7,9	µg/L
OW172100	2024-09-10	     41253	10:24:01	Tl o	Thallium	<	0,1	µg/L
OW172100	2024-09-10	     41253	10:24:01	Tl t	Thallium	<	0,1	µg/L
OW172100	2024-09-10	     41253	10:24:01	Tmethoxam	Thiamethoxam	<	5	ng/L
OW172100	2024-09-10	     41253	10:24:01	Tolueen	Tolueen	<	0,125	µg/L
OW172100	2024-09-10	     41253	10:24:01	TPP	Trifenylfosfaat	<	6	ng/L
OW172100	2024-09-10	     41253	10:24:01	TrByaz	Terbutylazine	=	19	ng/L
OW172100	2024-09-10	     41253	10:24:01	Triazofos	Triazofos	<	1	ng/L
OW172100	2024-09-10	     41253	10:24:01	triCFolsom	Trichloorfenolen	<	300	ng/L
OW172100	2024-09-10	     41253	10:24:01	Triclopyr	Triclopyr	<	25	ng/L
OW172100	2024-09-10	     41253	10:24:01	Trimoprim	Trimethoprim	<	10	ng/L
OW172100	2024-09-10	     41253	10:24:01	TtBySn	Tetrabutyltin	<	0,34	ngSn/L
OW172100	2024-09-10	     41253	10:24:01	TtCEe	Tetrachlooretheen	<	0,125	µg/L
OW172100	2024-09-10	     41253	10:24:01	TtCMa	Tetrachloormethaan	<	0,125	µg/L
OW172100	2024-09-10	     41253	10:24:01	U o	Uranium	=	1,05	µg/L
OW172100	2024-09-10	     41253	10:24:01	U t	Uranium	=	1,04	µg/L
OW172100	2024-09-10	     41253	10:24:01	V o	Vanadium	<	3	µg/L
OW172100	2024-09-10	     41253	10:24:01	V t	Vanadium	=	3,3	µg/L
OW172100	2024-09-10	     41253	10:24:01	Valsartan	Valsartan	=	112	ng/L
OW172100	2024-09-10	     41253	10:24:01	VinCl	Vinylchloride	<	0,125	µg/L
OW172100	2024-09-10	     41253	10:24:01	Zn o	Zink	<	11	µg/L
OW172100	2024-09-10	     41253	10:24:01	Zn t	Zink	=	17,6	µg/L
OW172100	2024-09-10	     41253	10:24:01	ZS	Zwevende stoffen	=	14,8	mg/L
OW172100	2024-10-08	     47502	11:07:28	10:2 FTS	10:2 fluortelomeersulfonzuur (10:2 FTS)	<	5	ng/L
OW172100	2024-10-08	     47502	11:07:28	1112CEa	1,1,1,2-Tetrachloorethaan	<	0,125	µg/L
OW172100	2024-10-08	     47502	11:07:28	111CEa	1,1,1-Trichloorethaan	<	0,125	µg/L
OW172100	2024-10-08	     47502	11:07:28	1122CEa	1,1,2,2-Tetrachloorethaan	<	0,175	µg/L
OW172100	2024-10-08	     47502	11:07:28	112CEa	1,1,2-Trichloorethaan	<	0,125	µg/L
OW172100	2024-10-08	     47502	11:07:28	112CTFEa	1,1,2-Trichloortrifluorethaan	<	0,125	µg/L
OW172100	2024-10-08	     47502	11:07:28	11CEa	1,1-Dichloorethaan	<	0,125	µg/L
OW172100	2024-10-08	     47502	11:07:28	11CEe	1,1-Dichlooretheen	<	0,125	µg/L
OW172100	2024-10-08	     47502	11:07:28	1234CBz	1,2,3,4-Tetrachloorbenzeen	<	1	ng/L
OW172100	2024-10-08	     47502	11:07:28	1235+1245CBz	1,2,3,5+1,2,4,5-Tetrachloorbenzeen	<	1,5	ng/L
OW172100	2024-10-08	     47502	11:07:28	123CBz	1,2,3-Trichloorbenzeen	<	0,05	µg/L
OW172100	2024-10-08	     47502	11:07:28	124CBz	1,2,4-Trichloorbenzeen	<	0,05	µg/L
OW172100	2024-10-08	     47502	11:07:28	124MyBz	1,2,4-Trimethylbenzeen	<	0,125	µg/L
OW172100	2024-10-08	     47502	11:07:28	12BEa	1,2-Dibroomethaan	<	0,125	µg/L
OW172100	2024-10-08	     47502	11:07:28	12CBz	1,2-Dichloorbenzeen	<	0,125	µg/L
OW172100	2024-10-08	     47502	11:07:28	12CEa	1,2-Dichloorethaan	<	0,125	µg/L
OW172100	2024-10-08	     47502	11:07:28	12CEe	1,2-Dichlooretheen	<	0,25	µg/L
OW172100	2024-10-08	     47502	11:07:28	12CPa	1,2-Dichloorpropaan	<	0,125	µg/L
OW172100	2024-10-08	     47502	11:07:28	135CBz	1,3,5-Trichloorbenzeen	<	0,05	µg/L
OW172100	2024-10-08	     47502	11:07:28	135MyBz	1,3,5-Trimethylbenzeen	<	0,125	µg/L
OW172100	2024-10-08	     47502	11:07:28	13CBz	1,3-Dichloorbenzeen	<	0,125	µg/L
OW172100	2024-10-08	     47502	11:07:28	14CBz	1,4-Dichloorbenzeen	<	0,125	µg/L
OW172100	2024-10-08	     47502	11:07:28	2+3+4MyFol	som 2-methylfenol, 3-methylfenol en 4-methylfenol	<	150	ng/L
OW172100	2024-10-08	     47502	11:07:28	2345CFol	2,3,4,5-Tetrachloorfenol	<	50	ng/L
OW172100	2024-10-08	     47502	11:07:28	2346CFol	2,3,4,6-Tetrachloorfenol	<	50	ng/L
OW172100	2024-10-08	     47502	11:07:28	234CFol	2,3,4-Trichloorfenol	<	50	ng/L
OW172100	2024-10-08	     47502	11:07:28	2356CFol	2,3,5,6-Tetrachloorfenol	<	50	ng/L
OW172100	2024-10-08	     47502	11:07:28	2356CNiBz	2,3,5,6-Tetrachloornitrobenzeen	<	2	ng/L
OW172100	2024-10-08	     47502	11:07:28	235CFol	2,3,5-Trichloorfenol	<	50	ng/L
OW172100	2024-10-08	     47502	11:07:28	235MyFol	2,3,5-Trimethylfenol	<	50	ng/L
OW172100	2024-10-08	     47502	11:07:28	236CFol	2,3,6-Trichloorfenol	<	50	ng/L
OW172100	2024-10-08	     47502	11:07:28	23CFol	2,3-Dichloorfenol	<	50	ng/L
OW172100	2024-10-08	     47502	11:07:28	23CPe	2,3-Dichloorpropeen	<	0,125	µg/L
OW172100	2024-10-08	     47502	11:07:28	23MyFol	2,3-Dimethylfenol	<	50	ng/L
OW172100	2024-10-08	     47502	11:07:28	24-D	2,4-Dichloorfenoxyazijnzuur	<	25	ng/L
OW172100	2024-10-08	     47502	11:07:28	24-DB	2,4-Dichloorfenoxybutaanzuur	<	25	ng/L
OW172100	2024-10-08	     47502	11:07:28	24-DP	Dichloorprop	<	25	ng/L
OW172100	2024-10-08	     47502	11:07:28	24+25-CFol	2,4+2,5-Dichloorfenol	<	100	ng/L
OW172100	2024-10-08	     47502	11:07:28	245-T	2,4,5-Trichloorfenoxyazijnzuur	<	25	ng/L
OW172100	2024-10-08	     47502	11:07:28	245CFol	2,4,5-Trichloorfenol	<	50	ng/L
OW172100	2024-10-08	     47502	11:07:28	246CFol	2,4,6-Trichloorfenol	<	50	ng/L
OW172100	2024-10-08	     47502	11:07:28	24DDD	op'Dichloordifenyldichloorethaan	<	1	ng/L
OW172100	2024-10-08	     47502	11:07:28	24DDE	op'Dichloordifenyldichlooretheen	<	1	ng/L
OW172100	2024-10-08	     47502	11:07:28	24DDT	op'Dichloordifenyltrichloorethaan	<	1	ng/L
OW172100	2024-10-08	     47502	11:07:28	24MyFol	2,4-Dimethylfenol	<	50	ng/L
OW172100	2024-10-08	     47502	11:07:28	24NiFol	2,4-Dinitrofenol	<	25	ng/L
OW172100	2024-10-08	     47502	11:07:28	25MyFol	2,5-Dimethylfenol	<	50	ng/L
OW172100	2024-10-08	     47502	11:07:28	26CFol	2,6-Dichloorfenol	<	50	ng/L
OW172100	2024-10-08	     47502	11:07:28	26MyFol	2,6-Dimethylfenol	<	50	ng/L
OW172100	2024-10-08	     47502	11:07:28	2CFol	2-Chloorfenol	<	50	ng/L
OW172100	2024-10-08	     47502	11:07:28	2CTol	2-Chloortolueen	<	0,125	µg/L
OW172100	2024-10-08	     47502	11:07:28	2EyFol	2-Ethylfenol	<	50	ng/L
OW172100	2024-10-08	     47502	11:07:28	2hAtraz	2-Hydroxy-atrazine	<	10	ng/L
OW172100	2024-10-08	     47502	11:07:28	2iPyFol	2-Isopropylfenol	<	50	ng/L
OW172100	2024-10-08	     47502	11:07:28	2MyFol	2-Methylfenol	<	50	ng/L
OW172100	2024-10-08	     47502	11:07:28	345CFol	3,4,5-Trichloorfenol	<	50	ng/L
OW172100	2024-10-08	     47502	11:07:28	34CFol	3,4-Dichloorfenol	<	50	ng/L
OW172100	2024-10-08	     47502	11:07:28	34MyFol	3,4-Dimethylfenol	<	50	ng/L
OW172100	2024-10-08	     47502	11:07:28	35CFol	3,5-Dichloorfenol	<	50	ng/L
OW172100	2024-10-08	     47502	11:07:28	3CFol	3-Chloorfenol	<	50	ng/L
OW172100	2024-10-08	     47502	11:07:28	3CPe	3-Chloorpropeen	<	0,125	µg/L
OW172100	2024-10-08	     47502	11:07:28	3CTol	3-Chloortolueen	<	0,125	µg/L
OW172100	2024-10-08	     47502	11:07:28	3EyFol	3-Ethylfenol	<	50	ng/L
OW172100	2024-10-08	     47502	11:07:28	3MyFol	3-Methylfenol	<	50	ng/L
OW172100	2024-10-08	     47502	11:07:28	44DDD	pp'Dichloordifenyldichloorethaan	<	1	ng/L
OW172100	2024-10-08	     47502	11:07:28	44DDE	pp'Dichloordifenyldichlooretheen	<	1	ng/L
OW172100	2024-10-08	     47502	11:07:28	44DDT	pp'Dichloordifenyltrichloorethaan	<	1	ng/L
OW172100	2024-10-08	     47502	11:07:28	4C35MyFol	4-Chloor-3,5-dimethylfenol	<	50	ng/L
OW172100	2024-10-08	     47502	11:07:28	4C3MyFol	4-Chloor-3-methylfenol	<	50	ng/L
OW172100	2024-10-08	     47502	11:07:28	4CFol	4-Chloorfenol	<	50	ng/L
OW172100	2024-10-08	     47502	11:07:28	4CTol	4-Chloortolueen	<	0,125	µg/L
OW172100	2024-10-08	     47502	11:07:28	4EyFol + 35MyFol	4-ethylfenol + 3,5 dimethylfenol	<	100	ng/L
OW172100	2024-10-08	     47502	11:07:28	4MyFol	4-Methylfenol	<	50	ng/L
OW172100	2024-10-08	     47502	11:07:28	4tOyFol	4-tert-Octylfenol	<	15	ng/L
OW172100	2024-10-08	     47502	11:07:28	6:2 diPAP	6:2 fluortelomeerfosfaat diester (6:2 diPAP)	<	5	ng/L
OW172100	2024-10-08	     47502	11:07:28	6:2 FTS	6:2 fluortelomeersulfonzuur (6:2 FTS)	<	5	ng/L
OW172100	2024-10-08	     47502	11:07:28	a+b+d+gHCHS	alfa+beta+gamma+delta Hexachloorcyclohexaan	<	2,5	ng/L
OW172100	2024-10-08	     47502	11:07:28	a+bEndoS	alfa+beta Endosulfan	<	1	ng/L
OW172100	2024-10-08	     47502	11:07:28	Acenaft	Acenafteen	=	12	ng/L
OW172100	2024-10-08	     47502	11:07:28	Acenaftyl	Acenaftyleen	<	5	ng/L
OW172100	2024-10-08	     47502	11:07:28	Acetamiprid	Acetamiprid	<	2,5	ng/L
OW172100	2024-10-08	     47502	11:07:28	Aclonifen	Aclonifen	<	2	ng/L
OW172100	2024-10-08	     47502	11:07:28	ADEIdrin	Aldrin+Dieldrin+Endrin+Isodrin	<	2,875	ng/L
OW172100	2024-10-08	     47502	11:07:28	Ag o	Zilver	<	0,05	µg/L
OW172100	2024-10-08	     47502	11:07:28	Ag t	Zilver	<	0,05	µg/L
OW172100	2024-10-08	     47502	11:07:28	aHCH	alfa-Hexachloorcyclohexaan	<	0,75	ng/L
OW172100	2024-10-08	     47502	11:07:28	Al o	Aluminium	<	150	µg/L
OW172100	2024-10-08	     47502	11:07:28	Alachloor	Alachloor	<	10	ng/L
OW172100	2024-10-08	     47502	11:07:28	Aldrin	Aldrin	<	1	ng/L
OW172100	2024-10-08	     47502	11:07:28	Amidotriz	Amidotrizoinezuur	=	76	ng/L
OW172100	2024-10-08	     47502	11:07:28	AMPA	Aminomethylfosfonzuur	=	2100	ng/L
OW172100	2024-10-08	     47502	11:07:28	Ant	Anthraceen	<	10	ng/L
OW172100	2024-10-08	     47502	11:07:28	As o	Arseen	=	1,46	µg/L
OW172100	2024-10-08	     47502	11:07:28	As t	Arseen	=	2,12	µg/L
OW172100	2024-10-08	     47502	11:07:28	Atenolol	Atenolol	<	20	ng/L
OW172100	2024-10-08	     47502	11:07:28	Atraz	Atrazine	<	10	ng/L
OW172100	2024-10-08	     47502	11:07:28	AzinfosEy	Azinfos-ethyl	<	2	ng/L
OW172100	2024-10-08	     47502	11:07:28	AzinfosMy	Azinfos-methyl	<	1	ng/L
OW172100	2024-10-08	     47502	11:07:28	B o	Boor	=	74	µg/L
OW172100	2024-10-08	     47502	11:07:28	B t	Boor	=	71	µg/L
OW172100	2024-10-08	     47502	11:07:28	B(a)A	Benzo(a)anthraceen	=	12	ng/L
OW172100	2024-10-08	     47502	11:07:28	B(a)P	Benzo(a)pyreen	=	11	ng/L
OW172100	2024-10-08	     47502	11:07:28	B(b)Flu	Benzo(b)fluorantheen	=	14	ng/L
OW172100	2024-10-08	     47502	11:07:28	B(ghi)Pe	Benzo(g,h,i)peryleen	<	10	ng/L
OW172100	2024-10-08	     47502	11:07:28	B(k)Flu	Benzo(k)fluorantheen	<	10	ng/L
OW172100	2024-10-08	     47502	11:07:28	b2EyHyFt	bis-(2-ethylhexyl)-ftalaat	<	0,17	µg/L
OW172100	2024-10-08	     47502	11:07:28	Ba o	Barium	=	36	µg/L
OW172100	2024-10-08	     47502	11:07:28	Ba t	Barium	=	44	µg/L
OW172100	2024-10-08	     47502	11:07:28	BAM	2,6-Dichloorbenzamide	<	20	ng/L
OW172100	2024-10-08	     47502	11:07:28	BBz	Broombenzeen	<	0,125	µg/L
OW172100	2024-10-08	     47502	11:07:28	BDCMa	Broomdichloormethaan	<	0,125	µg/L
OW172100	2024-10-08	     47502	11:07:28	Be o	Beryllium	<	0,11	µg/L
OW172100	2024-10-08	     47502	11:07:28	Be t	Beryllium	<	0,15	µg/L
OW172100	2024-10-08	     47502	11:07:28	bEndo	beta-Endosulfan	<	1	ng/L
OW172100	2024-10-08	     47502	11:07:28	Bentazone	Bentazone	=	92	ng/L
OW172100	2024-10-08	     47502	11:07:28	Benzeen	Benzeen	<	0,125	µg/L
OW172100	2024-10-08	     47502	11:07:28	Benzotriazool	Benzotriazool	=	1570	ng/L
OW172100	2024-10-08	     47502	11:07:28	Bezafibraat	Bezafibraat	<	10	ng/L
OW172100	2024-10-08	     47502	11:07:28	BFlu som	PAK benzo(b+k)fluorantheen (b)	<	24	ng/L
OW172100	2024-10-08	     47502	11:07:28	bFol-A	Bisfenol-A	<	50	ng/L
OW172100	2024-10-08	     47502	11:07:28	bHCH	beta-Hexachloorcyclohexaan	<	1	ng/L
OW172100	2024-10-08	     47502	11:07:28	Bifenox	Bifenox	<	2	ng/L
OW172100	2024-10-08	     47502	11:07:28	BPe + IP som	PAK Benzo(g,h,i)peryleen + Indeno(1,2,3-cd)pyreen	<	20	ng/L
OW172100	2024-10-08	     47502	11:07:28	BrfosEy	Bromofos-ethyl	<	1	ng/L
OW172100	2024-10-08	     47502	11:07:28	BrfosMy	Bromofos-methyl	<	1	ng/L
OW172100	2024-10-08	     47502	11:07:28	Bromacil	Bromacil	<	10	ng/L
OW172100	2024-10-08	     47502	11:07:28	Bromoxyn	Bromoxynil	<	25	ng/L
OW172100	2024-10-08	     47502	11:07:28	ByBzyFt	Butylbenzylftalaat	<	0,095	µg/L
OW172100	2024-10-08	     47502	11:07:28	BZV5	Biochemisch zuurstofverbruik na 5d.	<	2	mgO2/L
OW172100	2024-10-08	     47502	11:07:28	c12CEe	cis-1,2-Dichlooretheen	<	0,125	µg/L
OW172100	2024-10-08	     47502	11:07:28	c13CPe	cis-1,3-Dichloorpropeen	<	0,125	µg/L
OW172100	2024-10-08	     47502	11:07:28	Ca o	Calcium	=	123000	µg/L
OW172100	2024-10-08	     47502	11:07:28	Carbamaze	Carbamazepine	=	92	ng/L
OW172100	2024-10-08	     47502	11:07:28	Carbdzim	Carbendazim	<	5	ng/L
OW172100	2024-10-08	     47502	11:07:28	Cartamid	Carbetamide	<	10	ng/L
OW172100	2024-10-08	     47502	11:07:28	Cbromuron	Chloorbromuron	<	15	ng/L
OW172100	2024-10-08	     47502	11:07:28	CBz	Chloorbenzeen	<	0,125	µg/L
OW172100	2024-10-08	     47502	11:07:28	CBzsom	Dichloorbenzenen	<	0,375	µg/L
OW172100	2024-10-08	     47502	11:07:28	cCdaan	cis-Chloordaan	<	0,5	ng/L
OW172100	2024-10-08	     47502	11:07:28	Cd o	Cadmium	<	0,05	µg/L
OW172100	2024-10-08	     47502	11:07:28	Cd t	Cadmium	<	0,2	µg/L
OW172100	2024-10-08	     47502	11:07:28	Cdaan	Chloordaan	<	1,5	ng/L
OW172100	2024-10-08	     47502	11:07:28	Cdazon	Chloridazon	<	5	ng/L
OW172100	2024-10-08	     47502	11:07:28	CFolS	Chloorfenolen	<	150	ng/L
OW172100	2024-10-08	     47502	11:07:28	Cfvinfos	Chloorfenvinfos	<	1	ng/L
OW172100	2024-10-08	     47502	11:07:28	cHpCEpx	cis-Heptachloorepoxyde	<	1	ng/L
OW172100	2024-10-08	     47502	11:07:28	Chr	Chryseen	=	16	ng/L
OW172100	2024-10-08	     47502	11:07:28	Cl-	Chloride	=	69	mg/L
OW172100	2024-10-08	     47502	11:07:28	Clarithromyc	Clarithromycine	<	7,5	ng/L
OW172100	2024-10-08	     47502	11:07:28	Clfyl a	Chlorofyl a	=	22	µg/L
OW172100	2024-10-08	     47502	11:07:28	Clindamyc	Clindamycine	=	17,1	ng/L
OW172100	2024-10-08	     47502	11:07:28	ClindamycineHCl	Clindamycine, waterstofchloride	=	19	ng/L
OW172100	2024-10-08	     47502	11:07:28	Clopyralid	Clopyralid	<	125	ng/L
OW172100	2024-10-08	     47502	11:07:28	Clotidine	Clothianidine	<	2,5	ng/L
OW172100	2024-10-08	     47502	11:07:28	Clozapine	Clozapine	<	10	ng/L
OW172100	2024-10-08	     47502	11:07:28	Co o	Kobalt	=	0,23	µg/L
OW172100	2024-10-08	     47502	11:07:28	Co t	Kobalt	=	0,69	µg/L
OW172100	2024-10-08	     47502	11:07:28	CpfosEy	Chloorpyrifos-ethyl	<	2	ng/L
OW172100	2024-10-08	     47502	11:07:28	CpfosMy	Chloorpyrifos-methyl	<	2	ng/L
OW172100	2024-10-08	     47502	11:07:28	Cprofam	Chloorprofam	<	4	ng/L
OW172100	2024-10-08	     47502	11:07:28	Cr o	Chroom	<	1,5	µg/L
OW172100	2024-10-08	     47502	11:07:28	Cr t	Chroom	=	3,6	µg/L
OW172100	2024-10-08	     47502	11:07:28	ct13CPe	1,3-Dichloorpropeen (cis+trans)	<	0,25	µg/L
OW172100	2024-10-08	     47502	11:07:28	CTolS	Chloortoluenen	<	0,375	µg/L
OW172100	2024-10-08	     47502	11:07:28	Ctoluron	Chloortoluron	<	16	ng/L
OW172100	2024-10-08	     47502	11:07:28	Cu o	Koper	<	2	µg/L
OW172100	2024-10-08	     47502	11:07:28	Cu t	Koper	<	4	µg/L
OW172100	2024-10-08	     47502	11:07:28	Cumafos	Cumafos	<	1	ng/L
OW172100	2024-10-08	     47502	11:07:28	Cyanaz	Cyanazine	<	5	ng/L
OW172100	2024-10-08	     47502	11:07:28	Cybutrine	Cybutrine	<	1	ng/L
OW172100	2024-10-08	     47502	11:07:28	Cypmethrin	Cypermethrin	<	3	ng/L
OW172100	2024-10-08	     47502	11:07:28	CZV	Chemisch zuurstofverbruik	=	13,8	mgO2/L
OW172100	2024-10-08	     47502	11:07:28	DBCMa	Dibroomchloormethaan	<	0,125	µg/L
OW172100	2024-10-08	     47502	11:07:28	DBMa	Dibroommethaan	<	0,125	µg/L
OW172100	2024-10-08	     47502	11:07:28	DBySn	Dibutyltin	<	2	ngSn/L
OW172100	2024-10-08	     47502	11:07:28	DBySn som	Dibutyltinverbindingen	<	2	ngSn/L
OW172100	2024-10-08	     47502	11:07:28	dBz(ah)An	Dibenzo(a,h)anthraceen	<	5	ng/L
OW172100	2024-10-08	     47502	11:07:28	DcHyFt	Dicyclohexylftalaat	<	0,1	µg/L
OW172100	2024-10-08	     47502	11:07:28	DCMa	Dichloormethaan	<	0,125	µg/L
OW172100	2024-10-08	     47502	11:07:28	DCvos	Dichloorvos	<	1	ng/L
OW172100	2024-10-08	     47502	11:07:28	DDT t	DDT, totaal	<	4	ng/L
OW172100	2024-10-08	     47502	11:07:28	Demeton-S	Demeton-S	<	9	ng/L
OW172100	2024-10-08	     47502	11:07:28	DEyatraz	Desethylatrazine	=	16	ng/L
OW172100	2024-10-08	     47502	11:07:28	DEyFt	Diethylftalaat	<	0,125	µg/L
OW172100	2024-10-08	     47502	11:07:28	DEytByaz	Desethylterbutylazine	<	10	ng/L
OW172100	2024-10-08	     47502	11:07:28	Dflucan	Diflufenican	<	14	ng/L
OW172100	2024-10-08	     47502	11:07:28	Diazinon	Diazinon	<	2	ng/L
OW172100	2024-10-08	     47502	11:07:28	DiByFt	Di-isobutylftalaat	<	0,105	µg/L
OW172100	2024-10-08	     47502	11:07:28	Dicamba	Dicamba	<	150	ng/L
OW172100	2024-10-08	     47502	11:07:28	Diclofenac	Diclofenac	=	82	ng/L
OW172100	2024-10-08	     47502	11:07:28	Dieldrin	Dieldrin	<	1	ng/L
OW172100	2024-10-08	     47502	11:07:28	Dimdazol	Dimetridazol	<	10	ng/L
OW172100	2024-10-08	     47502	11:07:28	DiMetamid	Dimethenamid	=	37	ng/L
OW172100	2024-10-08	     47502	11:07:28	DiMetmorf	Dimethomorf	<	5	ng/L
OW172100	2024-10-08	     47502	11:07:28	DiPyatraz	Desisopropylatrazine	<	10	ng/L
OW172100	2024-10-08	     47502	11:07:28	DiPyEt	Di-isopropylether	<	0,125	µg/L
OW172100	2024-10-08	     47502	11:07:28	Diuron	Diuron	=	10	ng/L
OW172100	2024-10-08	     47502	11:07:28	Dmetoat	Dimethoaat	<	2	ng/L
OW172100	2024-10-08	     47502	11:07:28	DMyFol som	Som van de dimethylfenolen	<	250	ng/L
OW172100	2024-10-08	     47502	11:07:28	DMyFt	Dimethylftalaat	<	0,105	µg/L
OW172100	2024-10-08	     47502	11:07:28	DnByFt	Di-n-butylftalaat	<	0,105	µg/L
OW172100	2024-10-08	     47502	11:07:28	DNOC	4,6-Dinitro-o-cresol	<	25	ng/L
OW172100	2024-10-08	     47502	11:07:28	DnOyFt	Di-n-octylftalaat	<	0,055	µg/L
OW172100	2024-10-08	     47502	11:07:28	DOC	Koolstof	=	4,6	mgC/L
OW172100	2024-10-08	     47502	11:07:28	DONA	4,8-dioxa-3H-perfluornonaanzuur (DONA)	<	2,5	ng/L
OW172100	2024-10-08	     47502	11:07:28	DPnyFt	Dipentylftalaat	<	0,095	µg/L
OW172100	2024-10-08	     47502	11:07:28	Dsulfoton	Disulfoton	<	16	ng/L
OW172100	2024-10-08	     47502	11:07:28	EC 20	Geleidbaarheid (20°C)	=	807	µS/cm
OW172100	2024-10-08	     47502	11:07:28	EC 25	Geleidbaarheid (25°C)	=	884,0685	µS/cm
OW172100	2024-10-08	     47502	11:07:28	EHDPP	2-Ethylhexyldifenylfosfaat	<	16	ng/L
OW172100	2024-10-08	     47502	11:07:28	EndoS	Endosulfansulfaat	<	1	ng/L
OW172100	2024-10-08	     47502	11:07:28	Endrin	Endrin	<	0,5	ng/L
OW172100	2024-10-08	     47502	11:07:28	Etfum	Ethofumesaat	<	8	ng/L
OW172100	2024-10-08	     47502	11:07:28	Ethopfos	Ethoprofos	<	1	ng/L
OW172100	2024-10-08	     47502	11:07:28	EtPFOSAA	N-ethylperfluoroctaansulfonamidoazijnzuur	<	0,5	ng/L
OW172100	2024-10-08	     47502	11:07:28	EyBz	Ethylbenzeen	<	0,125	µg/L
OW172100	2024-10-08	     47502	11:07:28	EytByEt	Ethyl-tert-butylether	<	0,125	µg/L
OW172100	2024-10-08	     47502	11:07:28	F- o	Fluoride	=	0,224	mg/L
OW172100	2024-10-08	     47502	11:07:28	Fe o	Ijzer	<	12,5	µg/L
OW172100	2024-10-08	     47502	11:07:28	Fe t	Ijzer	=	930	µg/L
OW172100	2024-10-08	     47502	11:07:28	Fen	Fenantreen	=	26	ng/L
OW172100	2024-10-08	     47502	11:07:28	Fenazon	Fenazon	<	5	ng/L
OW172100	2024-10-08	     47502	11:07:28	Fenithion	Fenitrothion	<	2	ng/L
OW172100	2024-10-08	     47502	11:07:28	Fenoprop	Fenoprop	<	25	ng/L
OW172100	2024-10-08	     47502	11:07:28	Fenthion	Fenthion	<	1	ng/L
OW172100	2024-10-08	     47502	11:07:28	Feofyt a	Feofytine a	<	8,92	µg/L
OW172100	2024-10-08	     47502	11:07:28	Fipronil	Fipronil	=	2,6	ng/L
OW172100	2024-10-08	     47502	11:07:28	Floxpyr	Fluroxypyr	<	25	ng/L
OW172100	2024-10-08	     47502	11:07:28	Flu	Fluorantheen	=	35	ng/L
OW172100	2024-10-08	     47502	11:07:28	Flucet	Flufenacet	<	10	ng/L
OW172100	2024-10-08	     47502	11:07:28	Fluoreen	Fluoreen	=	10	ng/L
OW172100	2024-10-08	     47502	11:07:28	Fol	Fenol	<	250	ng/L
OW172100	2024-10-08	     47502	11:07:28	Fonofos	Fonofos	<	2	ng/L
OW172100	2024-10-08	     47502	11:07:28	Gabapentine	Gabapentine	=	390	ng/L
OW172100	2024-10-08	     47502	11:07:28	gHCH	gamma-Hexachloorcyclohexaan	<	0,75	ng/L
OW172100	2024-10-08	     47502	11:07:28	Glyfosaat	Glyfosaat	=	280	ng/L
OW172100	2024-10-08	     47502	11:07:28	H t	Hardheid	=	35,916666666666666708	°F
OW172100	2024-10-08	     47502	11:07:28	HCBdn	Hexachloorbutadieen	<	1	ng/L
OW172100	2024-10-08	     47502	11:07:28	HCBz	Hexachloorbenzeen	<	1,5	ng/L
OW172100	2024-10-08	     47502	11:07:28	HCH	Hexachloorcyclohexaan, alle isomeren	<	2,5	ng/L
OW172100	2024-10-08	     47502	11:07:28	Hexazinon	Hexazinon	<	10	ng/L
OW172100	2024-10-08	     47502	11:07:28	HFPO-DA	2,3,3,3-tetrafluor-2(heptafluorpropoxy)propionzuur	<	1	ng/L
OW172100	2024-10-08	     47502	11:07:28	Hg o	Kwik	<	0,025	µg/L
OW172100	2024-10-08	     47502	11:07:28	Hg t	Kwik	<	0,025	µg/L
OW172100	2024-10-08	     47502	11:07:28	HpC	Heptachloor	<	1	ng/L
OW172100	2024-10-08	     47502	11:07:28	HpC+Epx	Heptachloor+epoxyde	<	4	ng/L
OW172100	2024-10-08	     47502	11:07:28	HyCtazide	Hydrochloorthiazide	=	79	ng/L
OW172100	2024-10-08	     47502	11:07:28	Imcloprid	Imidacloprid	=	8	ng/L
OW172100	2024-10-08	     47502	11:07:28	Iopamidol	Iopamidol	<	5	ng/L
OW172100	2024-10-08	     47502	11:07:28	Iopromide	Iopromide	=	143	ng/L
OW172100	2024-10-08	     47502	11:07:28	IP	Indeno(1,2,3-cd)pyreen	<	10	ng/L
OW172100	2024-10-08	     47502	11:07:28	Iproturon	Isoproturon	<	5	ng/L
OW172100	2024-10-08	     47502	11:07:28	iPyBz	Isopropylbenzeen	<	0,125	µg/L
OW172100	2024-10-08	     47502	11:07:28	Irbesartan	Irbesartan	=	312	ng/L
OW172100	2024-10-08	     47502	11:07:28	Isodrin	Isodrin	<	0,375	ng/L
OW172100	2024-10-08	     47502	11:07:28	K o	Kalium	=	14800	µg/L
OW172100	2024-10-08	     47502	11:07:28	Ketoprofen	Ketoprofen	<	5	ng/L
OW172100	2024-10-08	     47502	11:07:28	KjN	Kjeldahlstikstof	<	0,44	mgN/L
OW172100	2024-10-08	     47502	11:07:28	KWS ap.	Apolaire koolwaterstoffen	<	50	µg/L
OW172100	2024-10-08	     47502	11:07:28	Lenacil	Lenacil	<	25	ng/L
OW172100	2024-10-08	     47502	11:07:28	Lidocaine	Lidocaine	=	25,3	ng/L
OW172100	2024-10-08	     47502	11:07:28	Linuron	Linuron	<	5	ng/L
OW172100	2024-10-08	     47502	11:07:28	Malathion	Malathion	<	2	ng/L
OW172100	2024-10-08	     47502	11:07:28	Mbromuron	Metobromuron	<	10	ng/L
OW172100	2024-10-08	     47502	11:07:28	mBthiaz	Metabenzthiazuron	<	5	ng/L
OW172100	2024-10-08	     47502	11:07:28	MCPA	(4-Chloor-2-methylfenoxy)azijnzuur	<	50	ng/L
OW172100	2024-10-08	     47502	11:07:28	MCPB	4-(4-Chloor-2-methylfenoxy)boterzuur	<	25	ng/L
OW172100	2024-10-08	     47502	11:07:28	MCPP	Mecoprop	<	25	ng/L
OW172100	2024-10-08	     47502	11:07:28	MePFBSA	N-methylperfluorbutaansulfonamide (MePFBSA)	<	5	ng/L
OW172100	2024-10-08	     47502	11:07:28	MePFBSAA	N-methylperfluorbutaansulfonamidoazijnzuur	<	0,5	ng/L
OW172100	2024-10-08	     47502	11:07:28	MePFOSAA	N-methylperfluoroctaansulfonamidoazijnzuur	<	1	ng/L
OW172100	2024-10-08	     47502	11:07:28	Metaza	Metazachloor	=	42	ng/L
OW172100	2024-10-08	     47502	11:07:28	Metbuzin	Metribuzin	<	4	ng/L
OW172100	2024-10-08	     47502	11:07:28	Metcarb	Methiocarb	<	1	ng/L
OW172100	2024-10-08	     47502	11:07:28	Methidat	Methidation	<	1	ng/L
OW172100	2024-10-08	     47502	11:07:28	Metola	Metolachloor	=	23	ng/L
OW172100	2024-10-08	     47502	11:07:28	Metoprolol	Metoprolol	<	10	ng/L
OW172100	2024-10-08	     47502	11:07:28	Metoprololtartraat	Metoprololtartraat	<	12,5	ng/L
OW172100	2024-10-08	     47502	11:07:28	Metoxur	Metoxuron	<	5	ng/L
OW172100	2024-10-08	     47502	11:07:28	Mevinfos	Mevinfos	<	1	ng/L
OW172100	2024-10-08	     47502	11:07:28	Mg o	Magnesium	=	12400	µg/L
OW172100	2024-10-08	     47502	11:07:28	Mlinuron	Monolinuron	<	5	ng/L
OW172100	2024-10-08	     47502	11:07:28	Mmitron	Metamitron	<	5	ng/L
OW172100	2024-10-08	     47502	11:07:28	Mn o	Mangaan	=	15,4	µg/L
OW172100	2024-10-08	     47502	11:07:28	Mn t	Mangaan	=	83	µg/L
OW172100	2024-10-08	     47502	11:07:28	Mo o	Molybdeen	<	3	µg/L
OW172100	2024-10-08	     47502	11:07:28	Mo t	Molybdeen	<	2,5	µg/L
OW172100	2024-10-08	     47502	11:07:28	mpXyl	Xylenen (m+p)	<	0,125	µg/L
OW172100	2024-10-08	     47502	11:07:28	MxyC	Methoxychloor	<	1	ng/L
OW172100	2024-10-08	     47502	11:07:28	MytByEt	Methyl-tert.butylether	<	0,125	µg/L
OW172100	2024-10-08	     47502	11:07:28	N t	Stikstof	=	6,6	mgN/L
OW172100	2024-10-08	     47502	11:07:28	N+N	Nitraat+nitriet	=	6,194	mgN/L
OW172100	2024-10-08	     47502	11:07:28	N+N+N	Nitraat+nitriet+ammonium	=	6,308	mgN/L
OW172100	2024-10-08	     47502	11:07:28	Na o	Natrium	=	45000	µg/L
OW172100	2024-10-08	     47502	11:07:28	Na_diclofenac	Diclofenac, natrium	=	88	ng/L
OW172100	2024-10-08	     47502	11:07:28	Naft	Naftaleen	=	40	ng/L
OW172100	2024-10-08	     47502	11:07:28	Naproxen	Naproxen	=	41	ng/L
OW172100	2024-10-08	     47502	11:07:28	NH4+	Ammonium	=	0,114	mgN/L
OW172100	2024-10-08	     47502	11:07:28	Ni o	Nikkel	<	3,2	µg/L
OW172100	2024-10-08	     47502	11:07:28	Ni t	Nikkel	=	3,35	µg/L
OW172100	2024-10-08	     47502	11:07:28	NO2-	Nitriet	=	0,194	mgN/L
OW172100	2024-10-08	     47502	11:07:28	NO3-	Nitraat	=	6	mgN/L
OW172100	2024-10-08	     47502	11:07:28	NPOC	Koolstof	=	5,5	mgC/L
OW172100	2024-10-08	     47502	11:07:28	O2	Zuurstof	=	9,35	mg/L
OW172100	2024-10-08	     47502	11:07:28	O2 verz	Zuurstof	=	94	%
OW172100	2024-10-08	     47502	11:07:28	OCP t	Organochloorpesticiden, totaal	<	15,875	ng/L
OW172100	2024-10-08	     47502	11:07:28	ompXyl	Xylenen (o+m+p)	<	0,25	µg/L
OW172100	2024-10-08	     47502	11:07:28	oPO4 f	Orthofosfaat	=	0,241	mgP/L
OW172100	2024-10-08	     47502	11:07:28	Oxadiazon	Oxadiazon	<	2	ng/L
OW172100	2024-10-08	     47502	11:07:28	oXyl	ortho-Xyleen	<	0,125	µg/L
OW172100	2024-10-08	     47502	11:07:28	OyFolsom	Octylfenolen	<	15	ng/L
OW172100	2024-10-08	     47502	11:07:28	P t	Fosfor	=	0,416	mgP/L
OW172100	2024-10-08	     47502	11:07:28	PAK 10	Polyaromatische KWS (10 Vrom)	<	180	ng/L
OW172100	2024-10-08	     47502	11:07:28	PAK 6	Polyaromatische KWS (6 Borneff)	<	90	ng/L
OW172100	2024-10-08	     47502	11:07:28	PathionEy	Parathion-ethyl	<	1	ng/L
OW172100	2024-10-08	     47502	11:07:28	PathionMy	Parathion-methyl	<	2	ng/L
OW172100	2024-10-08	     47502	11:07:28	Pb o	Lood	<	1,5	µg/L
OW172100	2024-10-08	     47502	11:07:28	Pb t	Lood	=	2,85	µg/L
OW172100	2024-10-08	     47502	11:07:28	PCB 101	2,2',4,5,5'-Pentachloorbifenyl (PCB101)	<	0,5	ng/L
OW172100	2024-10-08	     47502	11:07:28	PCB 118	2,3',4,4',5-Pentachloorbifenyl (PCB118)	<	0,5	ng/L
OW172100	2024-10-08	     47502	11:07:28	PCB 138	2,2',3,4,4',5'-Hexachloorbifenyl (PCB138)	<	0,5	ng/L
OW172100	2024-10-08	     47502	11:07:28	PCB 153	2,2',4,4',5,5'-Hexachloorbifenyl (PCB153)	<	0,5	ng/L
OW172100	2024-10-08	     47502	11:07:28	PCB 180	2,2',3,4,4',5,5'-Heptachloorbifenyl (PCB180)	<	0,5	ng/L
OW172100	2024-10-08	     47502	11:07:28	PCB 28	2,4,4'-Trichloorbifenyl (PCB28)	<	0,5	ng/L
OW172100	2024-10-08	     47502	11:07:28	PCB 52	2,2',5,5'-Tetrachloorbifenyl (PCB52)	<	0,5	ng/L
OW172100	2024-10-08	     47502	11:07:28	PCB t	Polychloorbifenyl, totaal	<	3,5	ng/L
OW172100	2024-10-08	     47502	11:07:28	PCBz	Pentachloorbenzeen	<	1,5	ng/L
OW172100	2024-10-08	     47502	11:07:28	PCFol	Pentachloorfenol	<	50	ng/L
OW172100	2024-10-08	     47502	11:07:28	PCNiBz	Pentachloornitrobenzeen	<	2	ng/L
OW172100	2024-10-08	     47502	11:07:28	Pentoxif	Pentoxifylline	<	5	ng/L
OW172100	2024-10-08	     47502	11:07:28	PFAS-43	Som van de 43 PFAS	<	140,6	ng/L
OW172100	2024-10-08	     47502	11:07:28	PFBA	Perfluorbutaanzuur (PFBA)	<	2,5	ng/L
OW172100	2024-10-08	     47502	11:07:28	PFBS	Perfluorbutaansulfonzuur (PFBS)	<	5	ng/L
OW172100	2024-10-08	     47502	11:07:28	PFBSA	Perfluorbutaansulfonamide (PFBSA)	=	9,2	ng/L
OW172100	2024-10-08	     47502	11:07:28	PFDA	Perfluordecaanzuur (PFDA)	<	5	ng/L
OW172100	2024-10-08	     47502	11:07:28	PFDoDA	Perfluordodecaanzuur (PFDoDA)	<	1	ng/L
OW172100	2024-10-08	     47502	11:07:28	PFDoDS	Perfluordodecaansulfonzuur (PFDoDS)	<	5	ng/L
OW172100	2024-10-08	     47502	11:07:28	PFDS	Perfluordecaansulfonzuur (PFDS)	<	0,5	ng/L
OW172100	2024-10-08	     47502	11:07:28	PFECHS	Perfluor-4-ethylcyclohexaansulfonzuur (PFECHS)	<	0,5	ng/L
OW172100	2024-10-08	     47502	11:07:28	PFHpA	Perfluorheptaanzuur (PFHpA)	<	5	ng/L
OW172100	2024-10-08	     47502	11:07:28	PFHpS	Perfluorheptaansulfonzuur (PFHpS)	<	2,5	ng/L
OW172100	2024-10-08	     47502	11:07:28	PFHxA	Perfluorhexaanzuur (PFHxA)	=	6,9	ng/L
OW172100	2024-10-08	     47502	11:07:28	PFHxS	Perfluorhexaansulfonzuur (PFHxS)	<	2,5	ng/L
OW172100	2024-10-08	     47502	11:07:28	PFHxS totaal	Totaal perfluorhexaansulfonzuur (lineair+vertakt)	<	5	ng/L
OW172100	2024-10-08	     47502	11:07:28	PFHxS vertakt	= PFHxStotaal - PFHxS	<	5	ng/L
OW172100	2024-10-08	     47502	11:07:28	PFHxSA	Perfluorhexaansulfonamide (PFHxSA)	<	0,5	ng/L
OW172100	2024-10-08	     47502	11:07:28	PFNA	Perfluornonaanzuur (PFNA)	<	5	ng/L
OW172100	2024-10-08	     47502	11:07:28	PFNS	Perfluornonaansulfonzuur (PFNS)	<	0,5	ng/L
OW172100	2024-10-08	     47502	11:07:28	PFOA	Perfluoroctaanzuur (PFOA)	<	5	ng/L
OW172100	2024-10-08	     47502	11:07:28	PFOA totaal	Totaal perfluoroctaanzuur (lineair + vertakt)	<	5	ng/L
OW172100	2024-10-08	     47502	11:07:28	PFOA vertakt	= PFOAtotaal - PFOA	<	5	ng/L
OW172100	2024-10-08	     47502	11:07:28	PFOS	Perfluoroctaansulfonzuur (PFOS)	<	5	ng/L
OW172100	2024-10-08	     47502	11:07:28	PFOS totaal	Totaal perfluoroctaansulfonzuur (lineair+vertakt)	<	10	ng/L
OW172100	2024-10-08	     47502	11:07:28	PFOS vertakt	= PFOStotaal - PFOS	<	10	ng/L
OW172100	2024-10-08	     47502	11:07:28	PFOSA	Perfluoroctaansulfonamide (PFOSA)	<	0,5	ng/L
OW172100	2024-10-08	     47502	11:07:28	PFOSA totaal	Totaal perfluoroctaansulfonamide (lineair+vertakt)	<	5	ng/L
OW172100	2024-10-08	     47502	11:07:28	PFOSA vertakt	= PFOSAtotaal - PFOSA	<	5	ng/L
OW172100	2024-10-08	     47502	11:07:28	PFPeA	Perfluorpentaanzuur (PFPeA)	<	5	ng/L
OW172100	2024-10-08	     47502	11:07:28	PFPeS	Perfluorpentaansulfonzuur (PFPeS)	<	1	ng/L
OW172100	2024-10-08	     47502	11:07:28	PFTrDA	Perfluortridecaanzuur (PFTrDA)	<	25	ng/L
OW172100	2024-10-08	     47502	11:07:28	PFTrDS	Perfluor-1-tridecaansulfonzuur (PFTrS)	<	5	ng/L
OW172100	2024-10-08	     47502	11:07:28	PFUnDA	Perfluorundecaanzuur (PFUnDA)	<	2,5	ng/L
OW172100	2024-10-08	     47502	11:07:28	PFUnDS	Perfluor-1-undecaansulfonzuur (PFUnS)	<	5	ng/L
OW172100	2024-10-08	     47502	11:07:28	pH	pH	=	7,85	-
OW172100	2024-10-08	     47502	11:07:28	Picarb	Pirimicarb	<	5	ng/L
OW172100	2024-10-08	     47502	11:07:28	PirfosMy	Pirimifos-methyl	<	1	ng/L
OW172100	2024-10-08	     47502	11:07:28	Prochloor	Propachloor	<	10	ng/L
OW172100	2024-10-08	     47502	11:07:28	Prometryn	Prometryn	<	10	ng/L
OW172100	2024-10-08	     47502	11:07:28	Propanil	Propanil	<	25	ng/L
OW172100	2024-10-08	     47502	11:07:28	Propanolol	Propanolol	<	30	ng/L
OW172100	2024-10-08	     47502	11:07:28	PropanololHCl	Propanolol, waterstofchloride	<	30	ng/L
OW172100	2024-10-08	     47502	11:07:28	Propaz	Propazine	<	10	ng/L
OW172100	2024-10-08	     47502	11:07:28	PyBz	Propylbenzeen	<	0,125	µg/L
OW172100	2024-10-08	     47502	11:07:28	Pyr	Pyreen	=	30	ng/L
OW172100	2024-10-08	     47502	11:07:28	Quinofen	Quinoxyfen	<	1	ng/L
OW172100	2024-10-08	     47502	11:07:28	Sb o	Antimoon	<	1,5	µg/L
OW172100	2024-10-08	     47502	11:07:28	Sb t	Antimoon	<	1,5	µg/L
OW172100	2024-10-08	     47502	11:07:28	Se o	Seleen	<	1,5	µg/L
OW172100	2024-10-08	     47502	11:07:28	Se t	Seleen	<	1,5	µg/L
OW172100	2024-10-08	     47502	11:07:28	Sebutylaz	Sebutylazine	<	10	ng/L
OW172100	2024-10-08	     47502	11:07:28	Secchi	Doorzichtigheid	=	65	cm
OW172100	2024-10-08	     47502	11:07:28	Simaz	Simazine	<	5	ng/L
OW172100	2024-10-08	     47502	11:07:28	SiO2 o	Silicaat	=	14	mgSiO2/L
OW172100	2024-10-08	     47502	11:07:28	Sn o	Tin	<	1,5	µg/L
OW172100	2024-10-08	     47502	11:07:28	Sn t	Tin	<	1,5	µg/L
OW172100	2024-10-08	     47502	11:07:28	SO4=	Sulfaat	=	81	mg/L
OW172100	2024-10-08	     47502	11:07:28	Sotalol	Sotalol	=	182	ng/L
OW172100	2024-10-08	     47502	11:07:28	SotalolHCl	Sotalol, waterstofchloride	=	206	ng/L
OW172100	2024-10-08	     47502	11:07:28	Styreen	Styreen	<	0,125	µg/L
OW172100	2024-10-08	     47502	11:07:28	Sulfamazol	Sulfamethoxazol	=	69,6	ng/L
OW172100	2024-10-08	     47502	11:07:28	T	Temperatuur	=	15	°C
OW172100	2024-10-08	     47502	11:07:28	t12CEe	trans-1,2-Dichlooretheen	<	0,125	µg/L
OW172100	2024-10-08	     47502	11:07:28	t13CPe	trans-1,3-Dichloorpropeen	<	0,125	µg/L
OW172100	2024-10-08	     47502	11:07:28	TAM	Alkaliniteit met methyloranje	=	5,4	meq/L
OW172100	2024-10-08	     47502	11:07:28	TBEP	Tributoxyethylfosfaat	=	44	ng/L
OW172100	2024-10-08	     47502	11:07:28	TBMa	Tribroommethaan	<	0,125	µg/L
OW172100	2024-10-08	     47502	11:07:28	TBP	Tributylfosfaat	<	18	ng/L
OW172100	2024-10-08	     47502	11:07:28	TBySn	Tributyltin	=	0,045	ngSn/L
OW172100	2024-10-08	     47502	11:07:28	TCBz	Trichloorbenzenen	<	0,15	µg/L
OW172100	2024-10-08	     47502	11:07:28	tCdaan	trans-Chloordaan	<	1	ng/L
OW172100	2024-10-08	     47502	11:07:28	TCEe	Trichlooretheen	<	0,125	µg/L
OW172100	2024-10-08	     47502	11:07:28	TCEP	Tris-(2-chloorethyl)-fosfaat	<	8	ng/L
OW172100	2024-10-08	     47502	11:07:28	TclofosMy	Tolclofos-methyl	<	2	ng/L
OW172100	2024-10-08	     47502	11:07:28	TCMa	Trichloormethaan	<	0,125	µg/L
OW172100	2024-10-08	     47502	11:07:28	TDC(P)P	Tris-(1,3-dichloor-2-propyl)-fosfaat	<	71	ng/L
OW172100	2024-10-08	     47502	11:07:28	Te o	Telluur	<	2,5	µg/L
OW172100	2024-10-08	     47502	11:07:28	Te t	Telluur	<	2,5	µg/L
OW172100	2024-10-08	     47502	11:07:28	Telodrin	Telodrin	<	1	ng/L
OW172100	2024-10-08	     47502	11:07:28	Terbufos	Terbufos	<	2	ng/L
OW172100	2024-10-08	     47502	11:07:28	Terbutryn	Terbutryn	<	10	ng/L
OW172100	2024-10-08	     47502	11:07:28	TFySn	Trifenyltin	<	0,017	ngSn/L
OW172100	2024-10-08	     47502	11:07:28	TFySn som	Trifenyltinacetaat, chloride, hydroxide	<	0,017	ngSn/L
OW172100	2024-10-08	     47502	11:07:28	Thiacloprid	Thiacloprid	<	2,5	ng/L
OW172100	2024-10-08	     47502	11:07:28	tHpCEpx	trans-Heptachloorepoxyde	<	2	ng/L
OW172100	2024-10-08	     47502	11:07:28	Ti o	Titaan	<	2	µg/L
OW172100	2024-10-08	     47502	11:07:28	Ti t	Titaan	=	16,2	µg/L
OW172100	2024-10-08	     47502	11:07:28	Tl o	Thallium	<	0,1	µg/L
OW172100	2024-10-08	     47502	11:07:28	Tl t	Thallium	<	0,1	µg/L
OW172100	2024-10-08	     47502	11:07:28	Tmethoxam	Thiamethoxam	<	5	ng/L
OW172100	2024-10-08	     47502	11:07:28	Tolueen	Tolueen	<	0,125	µg/L
OW172100	2024-10-08	     47502	11:07:28	TPP	Trifenylfosfaat	<	6	ng/L
OW172100	2024-10-08	     47502	11:07:28	TrByaz	Terbutylazine	=	50	ng/L
OW172100	2024-10-08	     47502	11:07:28	Triazofos	Triazofos	<	1	ng/L
OW172100	2024-10-08	     47502	11:07:28	triCFolsom	Trichloorfenolen	<	300	ng/L
OW172100	2024-10-08	     47502	11:07:28	Triclopyr	Triclopyr	<	25	ng/L
OW172100	2024-10-08	     47502	11:07:28	Trimoprim	Trimethoprim	<	10	ng/L
OW172100	2024-10-08	     47502	11:07:28	TtBySn	Tetrabutyltin	<	0,34	ngSn/L
OW172100	2024-10-08	     47502	11:07:28	TtCEe	Tetrachlooretheen	<	0,125	µg/L
OW172100	2024-10-08	     47502	11:07:28	TtCMa	Tetrachloormethaan	<	0,125	µg/L
OW172100	2024-10-08	     47502	11:07:28	U o	Uranium	=	1	µg/L
OW172100	2024-10-08	     47502	11:07:28	U t	Uranium	=	1,05	µg/L
OW172100	2024-10-08	     47502	11:07:28	V o	Vanadium	<	3	µg/L
OW172100	2024-10-08	     47502	11:07:28	V t	Vanadium	=	5,6	µg/L
OW172100	2024-10-08	     47502	11:07:28	Valsartan	Valsartan	=	41,6	ng/L
OW172100	2024-10-08	     47502	11:07:28	VinCl	Vinylchloride	<	0,125	µg/L
OW172100	2024-10-08	     47502	11:07:28	Zn o	Zink	<	11	µg/L
OW172100	2024-10-08	     47502	11:07:28	Zn t	Zink	=	22,3	µg/L
OW172100	2024-10-08	     47502	11:07:28	ZS	Zwevende stoffen	=	22	mg/L
OW172100	2024-11-05	     51996	10:44:41	10:2 FTS	10:2 fluortelomeersulfonzuur (10:2 FTS)	<	5	ng/L
OW172100	2024-11-05	     51996	10:44:41	1112CEa	1,1,1,2-Tetrachloorethaan	<	0,125	µg/L
OW172100	2024-11-05	     51996	10:44:41	111CEa	1,1,1-Trichloorethaan	<	0,125	µg/L
OW172100	2024-11-05	     51996	10:44:41	1122CEa	1,1,2,2-Tetrachloorethaan	<	0,175	µg/L
OW172100	2024-11-05	     51996	10:44:41	112CEa	1,1,2-Trichloorethaan	<	0,125	µg/L
OW172100	2024-11-05	     51996	10:44:41	112CTFEa	1,1,2-Trichloortrifluorethaan	<	0,125	µg/L
OW172100	2024-11-05	     51996	10:44:41	11CEa	1,1-Dichloorethaan	<	0,125	µg/L
OW172100	2024-11-05	     51996	10:44:41	11CEe	1,1-Dichlooretheen	<	0,125	µg/L
OW172100	2024-11-05	     51996	10:44:41	1234CBz	1,2,3,4-Tetrachloorbenzeen	<	1	ng/L
OW172100	2024-11-05	     51996	10:44:41	1235+1245CBz	1,2,3,5+1,2,4,5-Tetrachloorbenzeen	<	1,5	ng/L
OW172100	2024-11-05	     51996	10:44:41	123CBz	1,2,3-Trichloorbenzeen	<	0,05	µg/L
OW172100	2024-11-05	     51996	10:44:41	124CBz	1,2,4-Trichloorbenzeen	<	0,05	µg/L
OW172100	2024-11-05	     51996	10:44:41	124MyBz	1,2,4-Trimethylbenzeen	<	0,125	µg/L
OW172100	2024-11-05	     51996	10:44:41	12BEa	1,2-Dibroomethaan	<	0,125	µg/L
OW172100	2024-11-05	     51996	10:44:41	12CBz	1,2-Dichloorbenzeen	<	0,125	µg/L
OW172100	2024-11-05	     51996	10:44:41	12CEa	1,2-Dichloorethaan	<	0,125	µg/L
OW172100	2024-11-05	     51996	10:44:41	12CEe	1,2-Dichlooretheen	<	0,25	µg/L
OW172100	2024-11-05	     51996	10:44:41	12CPa	1,2-Dichloorpropaan	<	0,125	µg/L
OW172100	2024-11-05	     51996	10:44:41	135CBz	1,3,5-Trichloorbenzeen	<	0,05	µg/L
OW172100	2024-11-05	     51996	10:44:41	135MyBz	1,3,5-Trimethylbenzeen	<	0,125	µg/L
OW172100	2024-11-05	     51996	10:44:41	13CBz	1,3-Dichloorbenzeen	<	0,125	µg/L
OW172100	2024-11-05	     51996	10:44:41	14CBz	1,4-Dichloorbenzeen	<	0,125	µg/L
OW172100	2024-11-05	     51996	10:44:41	2+3+4MyFol	som 2-methylfenol, 3-methylfenol en 4-methylfenol	<	150	ng/L
OW172100	2024-11-05	     51996	10:44:41	2345CFol	2,3,4,5-Tetrachloorfenol	<	50	ng/L
OW172100	2024-11-05	     51996	10:44:41	2346CFol	2,3,4,6-Tetrachloorfenol	<	50	ng/L
OW172100	2024-11-05	     51996	10:44:41	234CFol	2,3,4-Trichloorfenol	<	50	ng/L
OW172100	2024-11-05	     51996	10:44:41	2356CFol	2,3,5,6-Tetrachloorfenol	<	50	ng/L
OW172100	2024-11-05	     51996	10:44:41	2356CNiBz	2,3,5,6-Tetrachloornitrobenzeen	<	2	ng/L
OW172100	2024-11-05	     51996	10:44:41	235CFol	2,3,5-Trichloorfenol	<	50	ng/L
OW172100	2024-11-05	     51996	10:44:41	235MyFol	2,3,5-Trimethylfenol	<	50	ng/L
OW172100	2024-11-05	     51996	10:44:41	236CFol	2,3,6-Trichloorfenol	<	50	ng/L
OW172100	2024-11-05	     51996	10:44:41	23CFol	2,3-Dichloorfenol	<	50	ng/L
OW172100	2024-11-05	     51996	10:44:41	23CPe	2,3-Dichloorpropeen	<	0,125	µg/L
OW172100	2024-11-05	     51996	10:44:41	23MyFol	2,3-Dimethylfenol	<	50	ng/L
OW172100	2024-11-05	     51996	10:44:41	24-D	2,4-Dichloorfenoxyazijnzuur	<	25	ng/L
OW172100	2024-11-05	     51996	10:44:41	24-DB	2,4-Dichloorfenoxybutaanzuur	<	25	ng/L
OW172100	2024-11-05	     51996	10:44:41	24-DP	Dichloorprop	<	25	ng/L
OW172100	2024-11-05	     51996	10:44:41	24+25-CFol	2,4+2,5-Dichloorfenol	<	100	ng/L
OW172100	2024-11-05	     51996	10:44:41	245-T	2,4,5-Trichloorfenoxyazijnzuur	<	25	ng/L
OW172100	2024-11-05	     51996	10:44:41	245CFol	2,4,5-Trichloorfenol	<	50	ng/L
OW172100	2024-11-05	     51996	10:44:41	246CFol	2,4,6-Trichloorfenol	<	50	ng/L
OW172100	2024-11-05	     51996	10:44:41	24DDD	op'Dichloordifenyldichloorethaan	<	1	ng/L
OW172100	2024-11-05	     51996	10:44:41	24DDE	op'Dichloordifenyldichlooretheen	<	1	ng/L
OW172100	2024-11-05	     51996	10:44:41	24DDT	op'Dichloordifenyltrichloorethaan	<	1	ng/L
OW172100	2024-11-05	     51996	10:44:41	24MyFol	2,4-Dimethylfenol	<	50	ng/L
OW172100	2024-11-05	     51996	10:44:41	24NiFol	2,4-Dinitrofenol	<	25	ng/L
OW172100	2024-11-05	     51996	10:44:41	25MyFol	2,5-Dimethylfenol	<	50	ng/L
OW172100	2024-11-05	     51996	10:44:41	26CFol	2,6-Dichloorfenol	<	50	ng/L
OW172100	2024-11-05	     51996	10:44:41	26MyFol	2,6-Dimethylfenol	<	50	ng/L
OW172100	2024-11-05	     51996	10:44:41	2CFol	2-Chloorfenol	<	50	ng/L
OW172100	2024-11-05	     51996	10:44:41	2CTol	2-Chloortolueen	<	0,125	µg/L
OW172100	2024-11-05	     51996	10:44:41	2EyFol	2-Ethylfenol	<	50	ng/L
OW172100	2024-11-05	     51996	10:44:41	2hAtraz	2-Hydroxy-atrazine	=	39	ng/L
OW172100	2024-11-05	     51996	10:44:41	2iPyFol	2-Isopropylfenol	<	50	ng/L
OW172100	2024-11-05	     51996	10:44:41	2MyFol	2-Methylfenol	<	50	ng/L
OW172100	2024-11-05	     51996	10:44:41	345CFol	3,4,5-Trichloorfenol	<	50	ng/L
OW172100	2024-11-05	     51996	10:44:41	34CFol	3,4-Dichloorfenol	<	50	ng/L
OW172100	2024-11-05	     51996	10:44:41	34MyFol	3,4-Dimethylfenol	<	50	ng/L
OW172100	2024-11-05	     51996	10:44:41	35CFol	3,5-Dichloorfenol	<	50	ng/L
OW172100	2024-11-05	     51996	10:44:41	3CFol	3-Chloorfenol	<	50	ng/L
OW172100	2024-11-05	     51996	10:44:41	3CPe	3-Chloorpropeen	<	0,125	µg/L
OW172100	2024-11-05	     51996	10:44:41	3CTol	3-Chloortolueen	<	0,125	µg/L
OW172100	2024-11-05	     51996	10:44:41	3EyFol	3-Ethylfenol	<	50	ng/L
OW172100	2024-11-05	     51996	10:44:41	3MyFol	3-Methylfenol	<	50	ng/L
OW172100	2024-11-05	     51996	10:44:41	4:2 FTS	4:2 fluortelomeersulfonzuur (4:2 FTS)	<	5	ng/L
OW172100	2024-11-05	     51996	10:44:41	44DDD	pp'Dichloordifenyldichloorethaan	<	1	ng/L
OW172100	2024-11-05	     51996	10:44:41	44DDE	pp'Dichloordifenyldichlooretheen	<	1	ng/L
OW172100	2024-11-05	     51996	10:44:41	44DDT	pp'Dichloordifenyltrichloorethaan	<	1	ng/L
OW172100	2024-11-05	     51996	10:44:41	4C35MyFol	4-Chloor-3,5-dimethylfenol	<	50	ng/L
OW172100	2024-11-05	     51996	10:44:41	4C3MyFol	4-Chloor-3-methylfenol	<	50	ng/L
OW172100	2024-11-05	     51996	10:44:41	4CFol	4-Chloorfenol	<	50	ng/L
OW172100	2024-11-05	     51996	10:44:41	4CTol	4-Chloortolueen	<	0,125	µg/L
OW172100	2024-11-05	     51996	10:44:41	4EyFol + 35MyFol	4-ethylfenol + 3,5 dimethylfenol	<	100	ng/L
OW172100	2024-11-05	     51996	10:44:41	4MyFol	4-Methylfenol	<	50	ng/L
OW172100	2024-11-05	     51996	10:44:41	4tOyFol	4-tert-Octylfenol	<	30	ng/L
OW172100	2024-11-05	     51996	10:44:41	6:2 FTS	6:2 fluortelomeersulfonzuur (6:2 FTS)	<	5	ng/L
OW172100	2024-11-05	     51996	10:44:41	8:2 FTS	8:2 fluortelomeersulfonzuur (8:2 FTS)	<	1	ng/L
OW172100	2024-11-05	     51996	10:44:41	a+b+d+gHCHS	alfa+beta+gamma+delta Hexachloorcyclohexaan	<	3	ng/L
OW172100	2024-11-05	     51996	10:44:41	a+bEndoS	alfa+beta Endosulfan	<	2	ng/L
OW172100	2024-11-05	     51996	10:44:41	Acenaft	Acenafteen	=	12	ng/L
OW172100	2024-11-05	     51996	10:44:41	Acenaftyl	Acenaftyleen	<	5	ng/L
OW172100	2024-11-05	     51996	10:44:41	Acetamiprid	Acetamiprid	<	2,5	ng/L
OW172100	2024-11-05	     51996	10:44:41	Aclonifen	Aclonifen	=	11	ng/L
OW172100	2024-11-05	     51996	10:44:41	ADEIdrin	Aldrin+Dieldrin+Endrin+Isodrin	<	1,875	ng/L
OW172100	2024-11-05	     51996	10:44:41	aEndo	alfa-Endosulfan	<	1	ng/L
OW172100	2024-11-05	     51996	10:44:41	Ag o	Zilver	<	0,05	µg/L
OW172100	2024-11-05	     51996	10:44:41	Ag t	Zilver	<	0,05	µg/L
OW172100	2024-11-05	     51996	10:44:41	aHCH	alfa-Hexachloorcyclohexaan	<	0,75	ng/L
OW172100	2024-11-05	     51996	10:44:41	Al o	Aluminium	<	150	µg/L
OW172100	2024-11-05	     51996	10:44:41	Alachloor	Alachloor	<	10	ng/L
OW172100	2024-11-05	     51996	10:44:41	Amidotriz	Amidotrizoinezuur	=	63	ng/L
OW172100	2024-11-05	     51996	10:44:41	AMPA	Aminomethylfosfonzuur	=	1600	ng/L
OW172100	2024-11-05	     51996	10:44:41	Ant	Anthraceen	<	5	ng/L
OW172100	2024-11-05	     51996	10:44:41	As o	Arseen	=	1,41	µg/L
OW172100	2024-11-05	     51996	10:44:41	As t	Arseen	=	1,96	µg/L
OW172100	2024-11-05	     51996	10:44:41	Atenolol	Atenolol	<	20	ng/L
OW172100	2024-11-05	     51996	10:44:41	Atraz	Atrazine	<	10	ng/L
OW172100	2024-11-05	     51996	10:44:41	AzinfosEy	Azinfos-ethyl	<	2	ng/L
OW172100	2024-11-05	     51996	10:44:41	AzinfosMy	Azinfos-methyl	<	1	ng/L
OW172100	2024-11-05	     51996	10:44:41	B o	Boor	=	72	µg/L
OW172100	2024-11-05	     51996	10:44:41	B t	Boor	=	71	µg/L
OW172100	2024-11-05	     51996	10:44:41	B(a)A	Benzo(a)anthraceen	=	10	ng/L
OW172100	2024-11-05	     51996	10:44:41	B(a)P	Benzo(a)pyreen	=	11	ng/L
OW172100	2024-11-05	     51996	10:44:41	B(b)Flu	Benzo(b)fluorantheen	=	16	ng/L
OW172100	2024-11-05	     51996	10:44:41	B(ghi)Pe	Benzo(g,h,i)peryleen	=	10	ng/L
OW172100	2024-11-05	     51996	10:44:41	B(k)Flu	Benzo(k)fluorantheen	<	10	ng/L
OW172100	2024-11-05	     51996	10:44:41	b2EyHyFt	bis-(2-ethylhexyl)-ftalaat	<	0,34	µg/L
OW172100	2024-11-05	     51996	10:44:41	Ba o	Barium	=	33	µg/L
OW172100	2024-11-05	     51996	10:44:41	Ba t	Barium	=	42	µg/L
OW172100	2024-11-05	     51996	10:44:41	BAM	2,6-Dichloorbenzamide	=	27	ng/L
OW172100	2024-11-05	     51996	10:44:41	BBz	Broombenzeen	<	0,125	µg/L
OW172100	2024-11-05	     51996	10:44:41	BDCMa	Broomdichloormethaan	<	0,125	µg/L
OW172100	2024-11-05	     51996	10:44:41	Be o	Beryllium	<	0,11	µg/L
OW172100	2024-11-05	     51996	10:44:41	Be t	Beryllium	<	0,15	µg/L
OW172100	2024-11-05	     51996	10:44:41	bEndo	beta-Endosulfan	<	1	ng/L
OW172100	2024-11-05	     51996	10:44:41	Bentazone	Bentazone	<	25	ng/L
OW172100	2024-11-05	     51996	10:44:41	Benzeen	Benzeen	<	0,125	µg/L
OW172100	2024-11-05	     51996	10:44:41	Benzotriazool	Benzotriazool	=	710	ng/L
OW172100	2024-11-05	     51996	10:44:41	Bezafibraat	Bezafibraat	<	10	ng/L
OW172100	2024-11-05	     51996	10:44:41	BFlu som	PAK benzo(b+k)fluorantheen (b)	<	26	ng/L
OW172100	2024-11-05	     51996	10:44:41	bFol-A	Bisfenol-A	<	100	ng/L
OW172100	2024-11-05	     51996	10:44:41	bHCH	beta-Hexachloorcyclohexaan	<	0,75	ng/L
OW172100	2024-11-05	     51996	10:44:41	Bifenox	Bifenox	<	2	ng/L
OW172100	2024-11-05	     51996	10:44:41	BPe + IP som	PAK Benzo(g,h,i)peryleen + Indeno(1,2,3-cd)pyreen	<	20	ng/L
OW172100	2024-11-05	     51996	10:44:41	BrfosEy	Bromofos-ethyl	<	1	ng/L
OW172100	2024-11-05	     51996	10:44:41	BrfosMy	Bromofos-methyl	<	1	ng/L
OW172100	2024-11-05	     51996	10:44:41	Bromacil	Bromacil	<	10	ng/L
OW172100	2024-11-05	     51996	10:44:41	Bromoxyn	Bromoxynil	<	25	ng/L
OW172100	2024-11-05	     51996	10:44:41	ByBzyFt	Butylbenzylftalaat	<	0,095	µg/L
OW172100	2024-11-05	     51996	10:44:41	BZV5	Biochemisch zuurstofverbruik na 5d.	<	2	mgO2/L
OW172100	2024-11-05	     51996	10:44:41	c12CEe	cis-1,2-Dichlooretheen	<	0,125	µg/L
OW172100	2024-11-05	     51996	10:44:41	c13CPe	cis-1,3-Dichloorpropeen	<	0,125	µg/L
OW172100	2024-11-05	     51996	10:44:41	Ca o	Calcium	=	128000	µg/L
OW172100	2024-11-05	     51996	10:44:41	Carbamaze	Carbamazepine	=	69,3	ng/L
OW172100	2024-11-05	     51996	10:44:41	Carbdzim	Carbendazim	<	5	ng/L
OW172100	2024-11-05	     51996	10:44:41	Cartamid	Carbetamide	<	10	ng/L
OW172100	2024-11-05	     51996	10:44:41	Cbromuron	Chloorbromuron	<	15	ng/L
OW172100	2024-11-05	     51996	10:44:41	CBz	Chloorbenzeen	<	0,125	µg/L
OW172100	2024-11-05	     51996	10:44:41	CBzsom	Dichloorbenzenen	<	0,375	µg/L
OW172100	2024-11-05	     51996	10:44:41	cCdaan	cis-Chloordaan	<	1	ng/L
OW172100	2024-11-05	     51996	10:44:41	Cd o	Cadmium	<	0,05	µg/L
OW172100	2024-11-05	     51996	10:44:41	Cd t	Cadmium	<	0,2	µg/L
OW172100	2024-11-05	     51996	10:44:41	Cdaan	Chloordaan	<	1,5	ng/L
OW172100	2024-11-05	     51996	10:44:41	Cdazon	Chloridazon	<	5	ng/L
OW172100	2024-11-05	     51996	10:44:41	CFolS	Chloorfenolen	<	150	ng/L
OW172100	2024-11-05	     51996	10:44:41	Cfvinfos	Chloorfenvinfos	<	1	ng/L
OW172100	2024-11-05	     51996	10:44:41	cHpCEpx	cis-Heptachloorepoxyde	<	1	ng/L
OW172100	2024-11-05	     51996	10:44:41	Chr	Chryseen	=	16	ng/L
OW172100	2024-11-05	     51996	10:44:41	Cl-	Chloride	=	67	mg/L
OW172100	2024-11-05	     51996	10:44:41	Clarithromyc	Clarithromycine	<	7,5	ng/L
OW172100	2024-11-05	     51996	10:44:41	Clfyl a	Chlorofyl a	<	5,93	µg/L
OW172100	2024-11-05	     51996	10:44:41	Clindamyc	Clindamycine	=	14,6	ng/L
OW172100	2024-11-05	     51996	10:44:41	ClindamycineHCl	Clindamycine, waterstofchloride	=	15,9	ng/L
OW172100	2024-11-05	     51996	10:44:41	Clopyralid	Clopyralid	<	125	ng/L
OW172100	2024-11-05	     51996	10:44:41	Clotidine	Clothianidine	<	2,5	ng/L
OW172100	2024-11-05	     51996	10:44:41	Clozapine	Clozapine	<	10	ng/L
OW172100	2024-11-05	     51996	10:44:41	Co o	Kobalt	=	0,26	µg/L
OW172100	2024-11-05	     51996	10:44:41	Co t	Kobalt	=	0,71	µg/L
OW172100	2024-11-05	     51996	10:44:41	CpfosEy	Chloorpyrifos-ethyl	<	2	ng/L
OW172100	2024-11-05	     51996	10:44:41	CpfosMy	Chloorpyrifos-methyl	<	2	ng/L
OW172100	2024-11-05	     51996	10:44:41	Cprofam	Chloorprofam	<	2	ng/L
OW172100	2024-11-05	     51996	10:44:41	Cr o	Chroom	<	1,5	µg/L
OW172100	2024-11-05	     51996	10:44:41	Cr t	Chroom	=	4,13	µg/L
OW172100	2024-11-05	     51996	10:44:41	ct13CPe	1,3-Dichloorpropeen (cis+trans)	<	0,25	µg/L
OW172100	2024-11-05	     51996	10:44:41	CTolS	Chloortoluenen	<	0,375	µg/L
OW172100	2024-11-05	     51996	10:44:41	Ctoluron	Chloortoluron	=	225	ng/L
OW172100	2024-11-05	     51996	10:44:41	Cu o	Koper	<	2	µg/L
OW172100	2024-11-05	     51996	10:44:41	Cu t	Koper	=	18,1	µg/L
OW172100	2024-11-05	     51996	10:44:41	Cumafos	Cumafos	<	1	ng/L
OW172100	2024-11-05	     51996	10:44:41	Cyanaz	Cyanazine	<	5	ng/L
OW172100	2024-11-05	     51996	10:44:41	Cybutrine	Cybutrine	<	1	ng/L
OW172100	2024-11-05	     51996	10:44:41	Cypmethrin	Cypermethrin	<	3	ng/L
OW172100	2024-11-05	     51996	10:44:41	CZV	Chemisch zuurstofverbruik	=	7,7	mgO2/L
OW172100	2024-11-05	     51996	10:44:41	DBCMa	Dibroomchloormethaan	<	0,125	µg/L
OW172100	2024-11-05	     51996	10:44:41	DBMa	Dibroommethaan	<	0,125	µg/L
OW172100	2024-11-05	     51996	10:44:41	DBySn	Dibutyltin	<	2,1	ngSn/L
OW172100	2024-11-05	     51996	10:44:41	DBySn som	Dibutyltinverbindingen	<	2,1	ngSn/L
OW172100	2024-11-05	     51996	10:44:41	dBz(ah)An	Dibenzo(a,h)anthraceen	<	5	ng/L
OW172100	2024-11-05	     51996	10:44:41	DcHyFt	Dicyclohexylftalaat	<	0,1	µg/L
OW172100	2024-11-05	     51996	10:44:41	DCMa	Dichloormethaan	<	0,125	µg/L
OW172100	2024-11-05	     51996	10:44:41	DCvos	Dichloorvos	<	1	ng/L
OW172100	2024-11-05	     51996	10:44:41	DDT t	DDT, totaal	<	4	ng/L
OW172100	2024-11-05	     51996	10:44:41	DEyatraz	Desethylatrazine	=	14	ng/L
OW172100	2024-11-05	     51996	10:44:41	DEyFt	Diethylftalaat	<	0,125	µg/L
OW172100	2024-11-05	     51996	10:44:41	DEytByaz	Desethylterbutylazine	<	10	ng/L
OW172100	2024-11-05	     51996	10:44:41	Dflucan	Diflufenican	=	19	ng/L
OW172100	2024-11-05	     51996	10:44:41	dHCH	delta-Hexachloorcyclohexaan	<	0,75	ng/L
OW172100	2024-11-05	     51996	10:44:41	Diazinon	Diazinon	<	2	ng/L
OW172100	2024-11-05	     51996	10:44:41	DiByFt	Di-isobutylftalaat	<	0,105	µg/L
OW172100	2024-11-05	     51996	10:44:41	Dicamba	Dicamba	<	150	ng/L
OW172100	2024-11-05	     51996	10:44:41	Diclofenac	Diclofenac	=	118	ng/L
OW172100	2024-11-05	     51996	10:44:41	Dieldrin	Dieldrin	<	1	ng/L
OW172100	2024-11-05	     51996	10:44:41	Dimdazol	Dimetridazol	=	16	ng/L
OW172100	2024-11-05	     51996	10:44:41	DiMetamid	Dimethenamid	<	10	ng/L
OW172100	2024-11-05	     51996	10:44:41	DiMetmorf	Dimethomorf	<	5	ng/L
OW172100	2024-11-05	     51996	10:44:41	DiPyatraz	Desisopropylatrazine	<	10	ng/L
OW172100	2024-11-05	     51996	10:44:41	DiPyEt	Di-isopropylether	<	0,125	µg/L
OW172100	2024-11-05	     51996	10:44:41	Diuron	Diuron	=	11	ng/L
OW172100	2024-11-05	     51996	10:44:41	Dmetoat	Dimethoaat	<	2	ng/L
OW172100	2024-11-05	     51996	10:44:41	DMyFol som	Som van de dimethylfenolen	<	250	ng/L
OW172100	2024-11-05	     51996	10:44:41	DMyFt	Dimethylftalaat	<	0,105	µg/L
OW172100	2024-11-05	     51996	10:44:41	DnByFt	Di-n-butylftalaat	<	0,105	µg/L
OW172100	2024-11-05	     51996	10:44:41	DNOC	4,6-Dinitro-o-cresol	<	25	ng/L
OW172100	2024-11-05	     51996	10:44:41	DnOyFt	Di-n-octylftalaat	<	0,055	µg/L
OW172100	2024-11-05	     51996	10:44:41	DOC	Koolstof	=	4,4	mgC/L
OW172100	2024-11-05	     51996	10:44:41	DONA	4,8-dioxa-3H-perfluornonaanzuur (DONA)	<	2,5	ng/L
OW172100	2024-11-05	     51996	10:44:41	DPnyFt	Dipentylftalaat	<	0,095	µg/L
OW172100	2024-11-05	     51996	10:44:41	Dsulfoton	Disulfoton	<	16	ng/L
OW172100	2024-11-05	     51996	10:44:41	EC 20	Geleidbaarheid (20°C)	=	834	µS/cm
OW172100	2024-11-05	     51996	10:44:41	EC 25	Geleidbaarheid (25°C)	=	913,647	µS/cm
OW172100	2024-11-05	     51996	10:44:41	EHDPP	2-Ethylhexyldifenylfosfaat	<	16	ng/L
OW172100	2024-11-05	     51996	10:44:41	EndoS	Endosulfansulfaat	<	1	ng/L
OW172100	2024-11-05	     51996	10:44:41	Endrin	Endrin	<	0,375	ng/L
OW172100	2024-11-05	     51996	10:44:41	Etfum	Ethofumesaat	<	8	ng/L
OW172100	2024-11-05	     51996	10:44:41	Ethopfos	Ethoprofos	<	1	ng/L
OW172100	2024-11-05	     51996	10:44:41	EtPFOSA	N-ethylperfluoroctaan-1-sulfonamide (EtPFOSA)	<	0,5	ng/L
OW172100	2024-11-05	     51996	10:44:41	EtPFOSA totaal	Totaal N-ethylperfluoroctaansulfonamide (lin+vert)	<	5	ng/L
OW172100	2024-11-05	     51996	10:44:41	EtPFOSA vertakt	= EtPFOSAtotaal - EtPFOSA	<	5	ng/L
OW172100	2024-11-05	     51996	10:44:41	EtPFOSAA	N-ethylperfluoroctaansulfonamidoazijnzuur	<	0,5	ng/L
OW172100	2024-11-05	     51996	10:44:41	EyBz	Ethylbenzeen	<	0,125	µg/L
OW172100	2024-11-05	     51996	10:44:41	EytByEt	Ethyl-tert-butylether	<	0,125	µg/L
OW172100	2024-11-05	     51996	10:44:41	F- o	Fluoride	=	0,258	mg/L
OW172100	2024-11-05	     51996	10:44:41	Fe o	Ijzer	<	25	µg/L
OW172100	2024-11-05	     51996	10:44:41	Fe t	Ijzer	=	1060	µg/L
OW172100	2024-11-05	     51996	10:44:41	Fen	Fenantreen	=	23	ng/L
OW172100	2024-11-05	     51996	10:44:41	Fenazon	Fenazon	<	5	ng/L
OW172100	2024-11-05	     51996	10:44:41	Fenithion	Fenitrothion	<	2	ng/L
OW172100	2024-11-05	     51996	10:44:41	Fenoprop	Fenoprop	<	25	ng/L
OW172100	2024-11-05	     51996	10:44:41	Fenthion	Fenthion	<	1	ng/L
OW172100	2024-11-05	     51996	10:44:41	Feofyt a	Feofytine a	<	4,46	µg/L
OW172100	2024-11-05	     51996	10:44:41	Fipronil	Fipronil	=	2,1	ng/L
OW172100	2024-11-05	     51996	10:44:41	Floxpyr	Fluroxypyr	<	25	ng/L
OW172100	2024-11-05	     51996	10:44:41	Flu	Fluorantheen	=	36	ng/L
OW172100	2024-11-05	     51996	10:44:41	Flucet	Flufenacet	=	83	ng/L
OW172100	2024-11-05	     51996	10:44:41	Fluopic	Fluopicolide	=	27	ng/L
OW172100	2024-11-05	     51996	10:44:41	Fluopyram	Fluopyram	=	160	ng/L
OW172100	2024-11-05	     51996	10:44:41	Fluoreen	Fluoreen	<	10	ng/L
OW172100	2024-11-05	     51996	10:44:41	Fol	Fenol	<	250	ng/L
OW172100	2024-11-05	     51996	10:44:41	Fonofos	Fonofos	<	2	ng/L
OW172100	2024-11-05	     51996	10:44:41	Gabapentine	Gabapentine	=	370	ng/L
OW172100	2024-11-05	     51996	10:44:41	gHCH	gamma-Hexachloorcyclohexaan	<	0,75	ng/L
OW172100	2024-11-05	     51996	10:44:41	Glyfosaat	Glyfosaat	=	200	ng/L
OW172100	2024-11-05	     51996	10:44:41	H t	Hardheid	=	37,250000000000000042	°F
OW172100	2024-11-05	     51996	10:44:41	HCBdn	Hexachloorbutadieen	<	1	ng/L
OW172100	2024-11-05	     51996	10:44:41	HCBz	Hexachloorbenzeen	<	1,5	ng/L
OW172100	2024-11-05	     51996	10:44:41	HCH	Hexachloorcyclohexaan, alle isomeren	<	3	ng/L
OW172100	2024-11-05	     51996	10:44:41	Hexazinon	Hexazinon	<	10	ng/L
OW172100	2024-11-05	     51996	10:44:41	Hg o	Kwik	<	0,025	µg/L
OW172100	2024-11-05	     51996	10:44:41	Hg t	Kwik	<	0,025	µg/L
OW172100	2024-11-05	     51996	10:44:41	HpC	Heptachloor	<	1	ng/L
OW172100	2024-11-05	     51996	10:44:41	HpC+Epx	Heptachloor+epoxyde	<	4	ng/L
OW172100	2024-11-05	     51996	10:44:41	HyCtazide	Hydrochloorthiazide	=	110	ng/L
OW172100	2024-11-05	     51996	10:44:41	Imcloprid	Imidacloprid	=	8	ng/L
OW172100	2024-11-05	     51996	10:44:41	Iopamidol	Iopamidol	<	10	ng/L
OW172100	2024-11-05	     51996	10:44:41	Iopromide	Iopromide	=	226	ng/L
OW172100	2024-11-05	     51996	10:44:41	IP	Indeno(1,2,3-cd)pyreen	<	10	ng/L
OW172100	2024-11-05	     51996	10:44:41	Iproturon	Isoproturon	<	5	ng/L
OW172100	2024-11-05	     51996	10:44:41	iPyBz	Isopropylbenzeen	<	0,125	µg/L
OW172100	2024-11-05	     51996	10:44:41	Irbesartan	Irbesartan	=	378	ng/L
OW172100	2024-11-05	     51996	10:44:41	Isodrin	Isodrin	<	0,5	ng/L
OW172100	2024-11-05	     51996	10:44:41	K o	Kalium	=	12800	µg/L
OW172100	2024-11-05	     51996	10:44:41	Ketoprofen	Ketoprofen	<	5	ng/L
OW172100	2024-11-05	     51996	10:44:41	KjN	Kjeldahlstikstof	<	0,22	mgN/L
OW172100	2024-11-05	     51996	10:44:41	KWS ap.	Apolaire koolwaterstoffen	<	100	µg/L
OW172100	2024-11-05	     51996	10:44:41	Lenacil	Lenacil	<	25	ng/L
OW172100	2024-11-05	     51996	10:44:41	Lidocaine	Lidocaine	=	23,3	ng/L
OW172100	2024-11-05	     51996	10:44:41	Linuron	Linuron	<	5	ng/L
OW172100	2024-11-05	     51996	10:44:41	Malathion	Malathion	<	2	ng/L
OW172100	2024-11-05	     51996	10:44:41	Mbromuron	Metobromuron	<	10	ng/L
OW172100	2024-11-05	     51996	10:44:41	mBthiaz	Metabenzthiazuron	<	5	ng/L
OW172100	2024-11-05	     51996	10:44:41	MCPA	(4-Chloor-2-methylfenoxy)azijnzuur	=	70	ng/L
OW172100	2024-11-05	     51996	10:44:41	MCPB	4-(4-Chloor-2-methylfenoxy)boterzuur	<	25	ng/L
OW172100	2024-11-05	     51996	10:44:41	MCPP	Mecoprop	<	25	ng/L
OW172100	2024-11-05	     51996	10:44:41	MePFBSA	N-methylperfluorbutaansulfonamide (MePFBSA)	<	5	ng/L
OW172100	2024-11-05	     51996	10:44:41	MePFBSAA	N-methylperfluorbutaansulfonamidoazijnzuur	<	0,5	ng/L
OW172100	2024-11-05	     51996	10:44:41	MePFOSA	N-methylperfluoroctaan-1-sulfonamide (MePFOSA)	<	20	ng/L
OW172100	2024-11-05	     51996	10:44:41	MePFOSA totaal	Totaal N-methylperfluoroctaansulfonamide (lin+ver)	<	20	ng/L
OW172100	2024-11-05	     51996	10:44:41	MePFOSA vertakt	= MePFOSAtotaal - MePFOSA	<	20	ng/L
OW172100	2024-11-05	     51996	10:44:41	MePFOSAA	N-methylperfluoroctaansulfonamidoazijnzuur	<	0,5	ng/L
OW172100	2024-11-05	     51996	10:44:41	Metaza	Metazachloor	<	5	ng/L
OW172100	2024-11-05	     51996	10:44:41	Metbuzin	Metribuzin	<	4	ng/L
OW172100	2024-11-05	     51996	10:44:41	Metcarb	Methiocarb	<	1	ng/L
OW172100	2024-11-05	     51996	10:44:41	Methidat	Methidation	<	1	ng/L
OW172100	2024-11-05	     51996	10:44:41	Metola	Metolachloor	<	10	ng/L
OW172100	2024-11-05	     51996	10:44:41	Metoprolol	Metoprolol	<	10	ng/L
OW172100	2024-11-05	     51996	10:44:41	Metoprololtartraat	Metoprololtartraat	<	12,5	ng/L
OW172100	2024-11-05	     51996	10:44:41	Metoxur	Metoxuron	<	5	ng/L
OW172100	2024-11-05	     51996	10:44:41	Mevinfos	Mevinfos	<	1	ng/L
OW172100	2024-11-05	     51996	10:44:41	Mg o	Magnesium	=	12600	µg/L
OW172100	2024-11-05	     51996	10:44:41	Mlinuron	Monolinuron	<	5	ng/L
OW172100	2024-11-05	     51996	10:44:41	Mmitron	Metamitron	<	5	ng/L
OW172100	2024-11-05	     51996	10:44:41	Mn o	Mangaan	=	26	µg/L
OW172100	2024-11-05	     51996	10:44:41	Mn t	Mangaan	=	99	µg/L
OW172100	2024-11-05	     51996	10:44:41	Mo o	Molybdeen	<	1,5	µg/L
OW172100	2024-11-05	     51996	10:44:41	Mo t	Molybdeen	<	2,5	µg/L
OW172100	2024-11-05	     51996	10:44:41	mpXyl	Xylenen (m+p)	<	0,125	µg/L
OW172100	2024-11-05	     51996	10:44:41	MxyC	Methoxychloor	<	1	ng/L
OW172100	2024-11-05	     51996	10:44:41	MytByEt	Methyl-tert.butylether	<	0,125	µg/L
OW172100	2024-11-05	     51996	10:44:41	N t	Stikstof	=	6,1	mgN/L
OW172100	2024-11-05	     51996	10:44:41	N+N	Nitraat+nitriet	=	6,025	mgN/L
OW172100	2024-11-05	     51996	10:44:41	N+N+N	Nitraat+nitriet+ammonium	=	6,175	mgN/L
OW172100	2024-11-05	     51996	10:44:41	Na o	Natrium	=	42000	µg/L
OW172100	2024-11-05	     51996	10:44:41	Na_diclofenac	Diclofenac, natrium	=	126	ng/L
OW172100	2024-11-05	     51996	10:44:41	Naft	Naftaleen	<	20	ng/L
OW172100	2024-11-05	     51996	10:44:41	Naproxen	Naproxen	=	141	ng/L
OW172100	2024-11-05	     51996	10:44:41	NH4+	Ammonium	=	0,15	mgN/L
OW172100	2024-11-05	     51996	10:44:41	Ni o	Nikkel	<	3,2	µg/L
OW172100	2024-11-05	     51996	10:44:41	Ni t	Nikkel	=	3,44	µg/L
OW172100	2024-11-05	     51996	10:44:41	NO2-	Nitriet	=	0,125	mgN/L
OW172100	2024-11-05	     51996	10:44:41	NO3-	Nitraat	=	5,9	mgN/L
OW172100	2024-11-05	     51996	10:44:41	NPOC	Koolstof	=	5,7	mgC/L
OW172100	2024-11-05	     51996	10:44:41	NyFol	Nonylfenol	<	300	ng/L
OW172100	2024-11-05	     51996	10:44:41	NyFolsom	Nonylfenolen	<	300	ng/L
OW172100	2024-11-05	     51996	10:44:41	O2	Zuurstof	=	9,14	mg/L
OW172100	2024-11-05	     51996	10:44:41	O2 verz	Zuurstof	=	84	%
OW172100	2024-11-05	     51996	10:44:41	OCP t	Organochloorpesticiden, totaal	<	15,625	ng/L
OW172100	2024-11-05	     51996	10:44:41	ompXyl	Xylenen (o+m+p)	<	0,25	µg/L
OW172100	2024-11-05	     51996	10:44:41	oPO4 f	Orthofosfaat	=	0,248	mgP/L
OW172100	2024-11-05	     51996	10:44:41	Oxadiazon	Oxadiazon	<	2	ng/L
OW172100	2024-11-05	     51996	10:44:41	oXyl	ortho-Xyleen	<	0,125	µg/L
OW172100	2024-11-05	     51996	10:44:41	OyFolsom	Octylfenolen	<	30	ng/L
OW172100	2024-11-05	     51996	10:44:41	P t	Fosfor	=	0,416	mgP/L
OW172100	2024-11-05	     51996	10:44:41	PAK 10	Polyaromatische KWS (10 Vrom)	<	151	ng/L
OW172100	2024-11-05	     51996	10:44:41	PAK 6	Polyaromatische KWS (6 Borneff)	<	93	ng/L
OW172100	2024-11-05	     51996	10:44:41	PathionEy	Parathion-ethyl	<	1	ng/L
OW172100	2024-11-05	     51996	10:44:41	PathionMy	Parathion-methyl	<	2	ng/L
OW172100	2024-11-05	     51996	10:44:41	Pb o	Lood	<	1,5	µg/L
OW172100	2024-11-05	     51996	10:44:41	Pb t	Lood	=	3,13	µg/L
OW172100	2024-11-05	     51996	10:44:41	PCB 101	2,2',4,5,5'-Pentachloorbifenyl (PCB101)	<	0,5	ng/L
OW172100	2024-11-05	     51996	10:44:41	PCB 118	2,3',4,4',5-Pentachloorbifenyl (PCB118)	<	0,5	ng/L
OW172100	2024-11-05	     51996	10:44:41	PCB 138	2,2',3,4,4',5'-Hexachloorbifenyl (PCB138)	<	0,5	ng/L
OW172100	2024-11-05	     51996	10:44:41	PCB 153	2,2',4,4',5,5'-Hexachloorbifenyl (PCB153)	<	1	ng/L
OW172100	2024-11-05	     51996	10:44:41	PCB 180	2,2',3,4,4',5,5'-Heptachloorbifenyl (PCB180)	<	0,5	ng/L
OW172100	2024-11-05	     51996	10:44:41	PCB 28	2,4,4'-Trichloorbifenyl (PCB28)	<	0,5	ng/L
OW172100	2024-11-05	     51996	10:44:41	PCB 52	2,2',5,5'-Tetrachloorbifenyl (PCB52)	<	1	ng/L
OW172100	2024-11-05	     51996	10:44:41	PCB t	Polychloorbifenyl, totaal	<	4,5	ng/L
OW172100	2024-11-05	     51996	10:44:41	PCBz	Pentachloorbenzeen	<	1,5	ng/L
OW172100	2024-11-05	     51996	10:44:41	PCFol	Pentachloorfenol	<	50	ng/L
OW172100	2024-11-05	     51996	10:44:41	PCNiBz	Pentachloornitrobenzeen	<	2	ng/L
OW172100	2024-11-05	     51996	10:44:41	Pentoxif	Pentoxifylline	<	5	ng/L
OW172100	2024-11-05	     51996	10:44:41	PFAS-43	Som van de 43 PFAS	<	168	ng/L
OW172100	2024-11-05	     51996	10:44:41	PFBS	Perfluorbutaansulfonzuur (PFBS)	<	2,5	ng/L
OW172100	2024-11-05	     51996	10:44:41	PFBSA	Perfluorbutaansulfonamide (PFBSA)	<	20	ng/L
OW172100	2024-11-05	     51996	10:44:41	PFDA	Perfluordecaanzuur (PFDA)	<	5	ng/L
OW172100	2024-11-05	     51996	10:44:41	PFDoDA	Perfluordodecaanzuur (PFDoDA)	<	1	ng/L
OW172100	2024-11-05	     51996	10:44:41	PFDoDS	Perfluordodecaansulfonzuur (PFDoDS)	<	5	ng/L
OW172100	2024-11-05	     51996	10:44:41	PFDS	Perfluordecaansulfonzuur (PFDS)	<	0,5	ng/L
OW172100	2024-11-05	     51996	10:44:41	PFECHS	Perfluor-4-ethylcyclohexaansulfonzuur (PFECHS)	<	0,5	ng/L
OW172100	2024-11-05	     51996	10:44:41	PFHpA	Perfluorheptaanzuur (PFHpA)	<	5	ng/L
OW172100	2024-11-05	     51996	10:44:41	PFHpS	Perfluorheptaansulfonzuur (PFHpS)	<	5	ng/L
OW172100	2024-11-05	     51996	10:44:41	PFHxA	Perfluorhexaanzuur (PFHxA)	<	2,5	ng/L
OW172100	2024-11-05	     51996	10:44:41	PFHxS	Perfluorhexaansulfonzuur (PFHxS)	<	2,5	ng/L
OW172100	2024-11-05	     51996	10:44:41	PFHxS totaal	Totaal perfluorhexaansulfonzuur (lineair+vertakt)	<	5	ng/L
OW172100	2024-11-05	     51996	10:44:41	PFHxS vertakt	= PFHxStotaal - PFHxS	<	5	ng/L
OW172100	2024-11-05	     51996	10:44:41	PFHxSA	Perfluorhexaansulfonamide (PFHxSA)	<	5	ng/L
OW172100	2024-11-05	     51996	10:44:41	PFNA	Perfluornonaanzuur (PFNA)	<	5	ng/L
OW172100	2024-11-05	     51996	10:44:41	PFNS	Perfluornonaansulfonzuur (PFNS)	<	0,5	ng/L
OW172100	2024-11-05	     51996	10:44:41	PFOA	Perfluoroctaanzuur (PFOA)	<	5	ng/L
OW172100	2024-11-05	     51996	10:44:41	PFOA totaal	Totaal perfluoroctaanzuur (lineair + vertakt)	<	5	ng/L
OW172100	2024-11-05	     51996	10:44:41	PFOA vertakt	= PFOAtotaal - PFOA	<	5	ng/L
OW172100	2024-11-05	     51996	10:44:41	PFOS	Perfluoroctaansulfonzuur (PFOS)	<	2,5	ng/L
OW172100	2024-11-05	     51996	10:44:41	PFOS totaal	Totaal perfluoroctaansulfonzuur (lineair+vertakt)	<	5	ng/L
OW172100	2024-11-05	     51996	10:44:41	PFOS vertakt	= PFOStotaal - PFOS	<	5	ng/L
OW172100	2024-11-05	     51996	10:44:41	PFOSA	Perfluoroctaansulfonamide (PFOSA)	<	0,5	ng/L
OW172100	2024-11-05	     51996	10:44:41	PFOSA totaal	Totaal perfluoroctaansulfonamide (lineair+vertakt)	<	5	ng/L
OW172100	2024-11-05	     51996	10:44:41	PFOSA vertakt	= PFOSAtotaal - PFOSA	<	5	ng/L
OW172100	2024-11-05	     51996	10:44:41	PFPeA	Perfluorpentaanzuur (PFPeA)	<	5	ng/L
OW172100	2024-11-05	     51996	10:44:41	PFPeS	Perfluorpentaansulfonzuur (PFPeS)	<	0,5	ng/L
OW172100	2024-11-05	     51996	10:44:41	PFTrDA	Perfluortridecaanzuur (PFTrDA)	<	25	ng/L
OW172100	2024-11-05	     51996	10:44:41	PFUnDA	Perfluorundecaanzuur (PFUnDA)	<	5	ng/L
OW172100	2024-11-05	     51996	10:44:41	PFUnDS	Perfluor-1-undecaansulfonzuur (PFUnS)	<	5	ng/L
OW172100	2024-11-05	     51996	10:44:41	pH	pH	=	7,74	-
OW172100	2024-11-05	     51996	10:44:41	Picarb	Pirimicarb	<	5	ng/L
OW172100	2024-11-05	     51996	10:44:41	PirfosMy	Pirimifos-methyl	<	1	ng/L
OW172100	2024-11-05	     51996	10:44:41	Prochloor	Propachloor	<	10	ng/L
OW172100	2024-11-05	     51996	10:44:41	Prometryn	Prometryn	<	10	ng/L
OW172100	2024-11-05	     51996	10:44:41	Propanil	Propanil	<	25	ng/L
OW172100	2024-11-05	     51996	10:44:41	Propanolol	Propanolol	<	30	ng/L
OW172100	2024-11-05	     51996	10:44:41	PropanololHCl	Propanolol, waterstofchloride	<	30	ng/L
OW172100	2024-11-05	     51996	10:44:41	Propaz	Propazine	<	10	ng/L
OW172100	2024-11-05	     51996	10:44:41	PyBz	Propylbenzeen	<	0,125	µg/L
OW172100	2024-11-05	     51996	10:44:41	Pyr	Pyreen	=	32	ng/L
OW172100	2024-11-05	     51996	10:44:41	Quinofen	Quinoxyfen	<	1	ng/L
OW172100	2024-11-05	     51996	10:44:41	Sb o	Antimoon	<	1,5	µg/L
OW172100	2024-11-05	     51996	10:44:41	Sb t	Antimoon	<	1,5	µg/L
OW172100	2024-11-05	     51996	10:44:41	Se o	Seleen	<	1,5	µg/L
OW172100	2024-11-05	     51996	10:44:41	Se t	Seleen	<	1,5	µg/L
OW172100	2024-11-05	     51996	10:44:41	Sebutylaz	Sebutylazine	<	10	ng/L
OW172100	2024-11-05	     51996	10:44:41	Secchi	Doorzichtigheid	=	60	cm
OW172100	2024-11-05	     51996	10:44:41	Simaz	Simazine	<	5	ng/L
OW172100	2024-11-05	     51996	10:44:41	SiO2 o	Silicaat	=	16	mgSiO2/L
OW172100	2024-11-05	     51996	10:44:41	Sn o	Tin	<	1,5	µg/L
OW172100	2024-11-05	     51996	10:44:41	Sn t	Tin	<	1,5	µg/L
OW172100	2024-11-05	     51996	10:44:41	SO4=	Sulfaat	=	84	mg/L
OW172100	2024-11-05	     51996	10:44:41	Sotalol	Sotalol	=	179	ng/L
OW172100	2024-11-05	     51996	10:44:41	SotalolHCl	Sotalol, waterstofchloride	=	202	ng/L
OW172100	2024-11-05	     51996	10:44:41	Styreen	Styreen	<	0,125	µg/L
OW172100	2024-11-05	     51996	10:44:41	Sulfamazol	Sulfamethoxazol	=	64,8	ng/L
OW172100	2024-11-05	     51996	10:44:41	T	Temperatuur	=	12,1	°C
OW172100	2024-11-05	     51996	10:44:41	t12CEe	trans-1,2-Dichlooretheen	<	0,125	µg/L
OW172100	2024-11-05	     51996	10:44:41	t13CPe	trans-1,3-Dichloorpropeen	<	0,125	µg/L
OW172100	2024-11-05	     51996	10:44:41	TAM	Alkaliniteit met methyloranje	=	6	meq/L
OW172100	2024-11-05	     51996	10:44:41	TBEP	Tributoxyethylfosfaat	=	43	ng/L
OW172100	2024-11-05	     51996	10:44:41	TBMa	Tribroommethaan	<	0,125	µg/L
OW172100	2024-11-05	     51996	10:44:41	TBP	Tributylfosfaat	<	18	ng/L
OW172100	2024-11-05	     51996	10:44:41	TBySn	Tributyltin	=	0,041	ngSn/L
OW172100	2024-11-05	     51996	10:44:41	TCBz	Trichloorbenzenen	<	0,15	µg/L
OW172100	2024-11-05	     51996	10:44:41	tCdaan	trans-Chloordaan	<	0,5	ng/L
OW172100	2024-11-05	     51996	10:44:41	TCEe	Trichlooretheen	<	0,125	µg/L
OW172100	2024-11-05	     51996	10:44:41	TCEP	Tris-(2-chloorethyl)-fosfaat	<	16	ng/L
OW172100	2024-11-05	     51996	10:44:41	TclofosMy	Tolclofos-methyl	<	2	ng/L
OW172100	2024-11-05	     51996	10:44:41	TCMa	Trichloormethaan	<	0,125	µg/L
OW172100	2024-11-05	     51996	10:44:41	TCPP	Tris-(2-chloorisopropyl)-fosfaat	=	77	ng/L
OW172100	2024-11-05	     51996	10:44:41	TDC(P)P	Tris-(1,3-dichloor-2-propyl)-fosfaat	<	71	ng/L
OW172100	2024-11-05	     51996	10:44:41	Te o	Telluur	<	2,5	µg/L
OW172100	2024-11-05	     51996	10:44:41	Te t	Telluur	<	2,5	µg/L
OW172100	2024-11-05	     51996	10:44:41	Telodrin	Telodrin	<	1	ng/L
OW172100	2024-11-05	     51996	10:44:41	Terbufos	Terbufos	<	2	ng/L
OW172100	2024-11-05	     51996	10:44:41	Terbutryn	Terbutryn	<	10	ng/L
OW172100	2024-11-05	     51996	10:44:41	Tfluralin	Trifluralin	<	2	ng/L
OW172100	2024-11-05	     51996	10:44:41	TFySn	Trifenyltin	=	0,092	ngSn/L
OW172100	2024-11-05	     51996	10:44:41	TFySn som	Trifenyltinacetaat, chloride, hydroxide	=	0,092	ngSn/L
OW172100	2024-11-05	     51996	10:44:41	Thiacloprid	Thiacloprid	<	2,5	ng/L
OW172100	2024-11-05	     51996	10:44:41	tHpCEpx	trans-Heptachloorepoxyde	<	2	ng/L
OW172100	2024-11-05	     51996	10:44:41	Ti o	Titaan	<	2	µg/L
OW172100	2024-11-05	     51996	10:44:41	Ti t	Titaan	=	18	µg/L
OW172100	2024-11-05	     51996	10:44:41	Tl o	Thallium	<	0,1	µg/L
OW172100	2024-11-05	     51996	10:44:41	Tl t	Thallium	<	0,1	µg/L
OW172100	2024-11-05	     51996	10:44:41	Tmethoxam	Thiamethoxam	<	5	ng/L
OW172100	2024-11-05	     51996	10:44:41	Tolueen	Tolueen	<	0,125	µg/L
OW172100	2024-11-05	     51996	10:44:41	TPP	Trifenylfosfaat	<	12	ng/L
OW172100	2024-11-05	     51996	10:44:41	TrByaz	Terbutylazine	<	5	ng/L
OW172100	2024-11-05	     51996	10:44:41	Triazofos	Triazofos	<	1	ng/L
OW172100	2024-11-05	     51996	10:44:41	triCFolsom	Trichloorfenolen	<	300	ng/L
OW172100	2024-11-05	     51996	10:44:41	Triclopyr	Triclopyr	<	25	ng/L
OW172100	2024-11-05	     51996	10:44:41	Trimoprim	Trimethoprim	<	10	ng/L
OW172100	2024-11-05	     51996	10:44:41	TtBySn	Tetrabutyltin	<	0,34	ngSn/L
OW172100	2024-11-05	     51996	10:44:41	TtCEe	Tetrachlooretheen	<	0,125	µg/L
OW172100	2024-11-05	     51996	10:44:41	TtCMa	Tetrachloormethaan	<	0,125	µg/L
OW172100	2024-11-05	     51996	10:44:41	U o	Uranium	=	1,1	µg/L
OW172100	2024-11-05	     51996	10:44:41	U t	Uranium	=	1,22	µg/L
OW172100	2024-11-05	     51996	10:44:41	V o	Vanadium	<	1,5	µg/L
OW172100	2024-11-05	     51996	10:44:41	V t	Vanadium	=	4,86	µg/L
OW172100	2024-11-05	     51996	10:44:41	Valsartan	Valsartan	=	123	ng/L
OW172100	2024-11-05	     51996	10:44:41	VinCl	Vinylchloride	<	0,125	µg/L
OW172100	2024-11-05	     51996	10:44:41	Zn o	Zink	<	11	µg/L
OW172100	2024-11-05	     51996	10:44:41	Zn t	Zink	=	22,5	µg/L
OW172100	2024-11-05	     51996	10:44:41	ZS	Zwevende stoffen	=	19,8	mg/L
OW172100	2024-12-10	     57174	10:28:46	10:2 FTS	10:2 fluortelomeersulfonzuur (10:2 FTS)	<	5	ng/L
OW172100	2024-12-10	     57174	10:28:46	1112CEa	1,1,1,2-Tetrachloorethaan	<	0,125	µg/L
OW172100	2024-12-10	     57174	10:28:46	111CEa	1,1,1-Trichloorethaan	<	0,125	µg/L
OW172100	2024-12-10	     57174	10:28:46	1122CEa	1,1,2,2-Tetrachloorethaan	<	0,175	µg/L
OW172100	2024-12-10	     57174	10:28:46	112CEa	1,1,2-Trichloorethaan	<	0,125	µg/L
OW172100	2024-12-10	     57174	10:28:46	112CTFEa	1,1,2-Trichloortrifluorethaan	<	0,125	µg/L
OW172100	2024-12-10	     57174	10:28:46	11CEa	1,1-Dichloorethaan	<	0,125	µg/L
OW172100	2024-12-10	     57174	10:28:46	11CEe	1,1-Dichlooretheen	<	0,125	µg/L
OW172100	2024-12-10	     57174	10:28:46	1234CBz	1,2,3,4-Tetrachloorbenzeen	<	1	ng/L
OW172100	2024-12-10	     57174	10:28:46	1235+1245CBz	1,2,3,5+1,2,4,5-Tetrachloorbenzeen	<	1,5	ng/L
OW172100	2024-12-10	     57174	10:28:46	123CBz	1,2,3-Trichloorbenzeen	<	0,05	µg/L
OW172100	2024-12-10	     57174	10:28:46	124CBz	1,2,4-Trichloorbenzeen	<	0,05	µg/L
OW172100	2024-12-10	     57174	10:28:46	124MyBz	1,2,4-Trimethylbenzeen	<	0,125	µg/L
OW172100	2024-12-10	     57174	10:28:46	12BEa	1,2-Dibroomethaan	<	0,125	µg/L
OW172100	2024-12-10	     57174	10:28:46	12CBz	1,2-Dichloorbenzeen	<	0,125	µg/L
OW172100	2024-12-10	     57174	10:28:46	12CEa	1,2-Dichloorethaan	<	0,125	µg/L
OW172100	2024-12-10	     57174	10:28:46	12CEe	1,2-Dichlooretheen	<	0,25	µg/L
OW172100	2024-12-10	     57174	10:28:46	12CPa	1,2-Dichloorpropaan	<	0,125	µg/L
OW172100	2024-12-10	     57174	10:28:46	135CBz	1,3,5-Trichloorbenzeen	<	0,05	µg/L
OW172100	2024-12-10	     57174	10:28:46	135MyBz	1,3,5-Trimethylbenzeen	<	0,125	µg/L
OW172100	2024-12-10	     57174	10:28:46	13CBz	1,3-Dichloorbenzeen	<	0,125	µg/L
OW172100	2024-12-10	     57174	10:28:46	14CBz	1,4-Dichloorbenzeen	<	0,125	µg/L
OW172100	2024-12-10	     57174	10:28:46	2+3+4MyFol	som 2-methylfenol, 3-methylfenol en 4-methylfenol	<	150	ng/L
OW172100	2024-12-10	     57174	10:28:46	2345CFol	2,3,4,5-Tetrachloorfenol	<	50	ng/L
OW172100	2024-12-10	     57174	10:28:46	2346CFol	2,3,4,6-Tetrachloorfenol	<	50	ng/L
OW172100	2024-12-10	     57174	10:28:46	234CFol	2,3,4-Trichloorfenol	<	50	ng/L
OW172100	2024-12-10	     57174	10:28:46	2356CFol	2,3,5,6-Tetrachloorfenol	<	50	ng/L
OW172100	2024-12-10	     57174	10:28:46	2356CNiBz	2,3,5,6-Tetrachloornitrobenzeen	<	2	ng/L
OW172100	2024-12-10	     57174	10:28:46	235CFol	2,3,5-Trichloorfenol	<	50	ng/L
OW172100	2024-12-10	     57174	10:28:46	235MyFol	2,3,5-Trimethylfenol	<	50	ng/L
OW172100	2024-12-10	     57174	10:28:46	236CFol	2,3,6-Trichloorfenol	<	50	ng/L
OW172100	2024-12-10	     57174	10:28:46	23CFol	2,3-Dichloorfenol	<	50	ng/L
OW172100	2024-12-10	     57174	10:28:46	23CPe	2,3-Dichloorpropeen	<	0,125	µg/L
OW172100	2024-12-10	     57174	10:28:46	23MyFol	2,3-Dimethylfenol	<	50	ng/L
OW172100	2024-12-10	     57174	10:28:46	24-D	2,4-Dichloorfenoxyazijnzuur	<	25	ng/L
OW172100	2024-12-10	     57174	10:28:46	24-DB	2,4-Dichloorfenoxybutaanzuur	<	25	ng/L
OW172100	2024-12-10	     57174	10:28:46	24-DP	Dichloorprop	<	25	ng/L
OW172100	2024-12-10	     57174	10:28:46	24+25-CFol	2,4+2,5-Dichloorfenol	<	100	ng/L
OW172100	2024-12-10	     57174	10:28:46	245-T	2,4,5-Trichloorfenoxyazijnzuur	<	25	ng/L
OW172100	2024-12-10	     57174	10:28:46	245CFol	2,4,5-Trichloorfenol	<	50	ng/L
OW172100	2024-12-10	     57174	10:28:46	246CFol	2,4,6-Trichloorfenol	<	50	ng/L
OW172100	2024-12-10	     57174	10:28:46	24DDD	op'Dichloordifenyldichloorethaan	<	1	ng/L
OW172100	2024-12-10	     57174	10:28:46	24DDE	op'Dichloordifenyldichlooretheen	<	1	ng/L
OW172100	2024-12-10	     57174	10:28:46	24DDT	op'Dichloordifenyltrichloorethaan	<	1	ng/L
OW172100	2024-12-10	     57174	10:28:46	24MyFol	2,4-Dimethylfenol	<	50	ng/L
OW172100	2024-12-10	     57174	10:28:46	24NiFol	2,4-Dinitrofenol	<	25	ng/L
OW172100	2024-12-10	     57174	10:28:46	25MyFol	2,5-Dimethylfenol	<	50	ng/L
OW172100	2024-12-10	     57174	10:28:46	26CFol	2,6-Dichloorfenol	<	50	ng/L
OW172100	2024-12-10	     57174	10:28:46	26MyFol	2,6-Dimethylfenol	<	50	ng/L
OW172100	2024-12-10	     57174	10:28:46	2CFol	2-Chloorfenol	<	50	ng/L
OW172100	2024-12-10	     57174	10:28:46	2CTol	2-Chloortolueen	<	0,125	µg/L
OW172100	2024-12-10	     57174	10:28:46	2EyFol	2-Ethylfenol	<	50	ng/L
OW172100	2024-12-10	     57174	10:28:46	2hAtraz	2-Hydroxy-atrazine	=	30	ng/L
OW172100	2024-12-10	     57174	10:28:46	2iPyFol	2-Isopropylfenol	<	50	ng/L
OW172100	2024-12-10	     57174	10:28:46	2MyFol	2-Methylfenol	<	50	ng/L
OW172100	2024-12-10	     57174	10:28:46	345CFol	3,4,5-Trichloorfenol	<	50	ng/L
OW172100	2024-12-10	     57174	10:28:46	34CFol	3,4-Dichloorfenol	<	50	ng/L
OW172100	2024-12-10	     57174	10:28:46	34MyFol	3,4-Dimethylfenol	<	50	ng/L
OW172100	2024-12-10	     57174	10:28:46	35CFol	3,5-Dichloorfenol	<	50	ng/L
OW172100	2024-12-10	     57174	10:28:46	3CFol	3-Chloorfenol	<	50	ng/L
OW172100	2024-12-10	     57174	10:28:46	3CPe	3-Chloorpropeen	<	0,125	µg/L
OW172100	2024-12-10	     57174	10:28:46	3CTol	3-Chloortolueen	<	0,125	µg/L
OW172100	2024-12-10	     57174	10:28:46	3EyFol	3-Ethylfenol	<	50	ng/L
OW172100	2024-12-10	     57174	10:28:46	3MyFol	3-Methylfenol	<	50	ng/L
OW172100	2024-12-10	     57174	10:28:46	44DDD	pp'Dichloordifenyldichloorethaan	<	1	ng/L
OW172100	2024-12-10	     57174	10:28:46	44DDE	pp'Dichloordifenyldichlooretheen	<	1	ng/L
OW172100	2024-12-10	     57174	10:28:46	44DDT	pp'Dichloordifenyltrichloorethaan	<	1	ng/L
OW172100	2024-12-10	     57174	10:28:46	4C35MyFol	4-Chloor-3,5-dimethylfenol	<	100	ng/L
OW172100	2024-12-10	     57174	10:28:46	4C3MyFol	4-Chloor-3-methylfenol	<	50	ng/L
OW172100	2024-12-10	     57174	10:28:46	4CFol	4-Chloorfenol	<	50	ng/L
OW172100	2024-12-10	     57174	10:28:46	4CTol	4-Chloortolueen	<	0,125	µg/L
OW172100	2024-12-10	     57174	10:28:46	4EyFol + 35MyFol	4-ethylfenol + 3,5 dimethylfenol	<	100	ng/L
OW172100	2024-12-10	     57174	10:28:46	4MyFol	4-Methylfenol	<	50	ng/L
OW172100	2024-12-10	     57174	10:28:46	4tOyFol	4-tert-Octylfenol	<	30	ng/L
OW172100	2024-12-10	     57174	10:28:46	6:2 FTS	6:2 fluortelomeersulfonzuur (6:2 FTS)	<	5	ng/L
OW172100	2024-12-10	     57174	10:28:46	8:2 FTS	8:2 fluortelomeersulfonzuur (8:2 FTS)	<	2,5	ng/L
OW172100	2024-12-10	     57174	10:28:46	a+b+d+gHCHS	alfa+beta+gamma+delta Hexachloorcyclohexaan	<	2,5	ng/L
OW172100	2024-12-10	     57174	10:28:46	a+bEndoS	alfa+beta Endosulfan	<	2	ng/L
OW172100	2024-12-10	     57174	10:28:46	Acenaft	Acenafteen	=	20	ng/L
OW172100	2024-12-10	     57174	10:28:46	Acenaftyl	Acenaftyleen	<	10	ng/L
OW172100	2024-12-10	     57174	10:28:46	Acetamiprid	Acetamiprid	<	2,5	ng/L
OW172100	2024-12-10	     57174	10:28:46	Aclonifen	Aclonifen	=	4,4	ng/L
OW172100	2024-12-10	     57174	10:28:46	ADEIdrin	Aldrin+Dieldrin+Endrin+Isodrin	<	3	ng/L
OW172100	2024-12-10	     57174	10:28:46	aEndo	alfa-Endosulfan	<	1	ng/L
OW172100	2024-12-10	     57174	10:28:46	Ag o	Zilver	<	0,05	µg/L
OW172100	2024-12-10	     57174	10:28:46	Ag t	Zilver	<	0,1	µg/L
OW172100	2024-12-10	     57174	10:28:46	Al o	Aluminium	<	150	µg/L
OW172100	2024-12-10	     57174	10:28:46	Alachloor	Alachloor	<	10	ng/L
OW172100	2024-12-10	     57174	10:28:46	Aldrin	Aldrin	<	1	ng/L
OW172100	2024-12-10	     57174	10:28:46	Amidotriz	Amidotrizoinezuur	=	44,5	ng/L
OW172100	2024-12-10	     57174	10:28:46	AMPA	Aminomethylfosfonzuur	=	720	ng/L
OW172100	2024-12-10	     57174	10:28:46	Ant	Anthraceen	=	14	ng/L
OW172100	2024-12-10	     57174	10:28:46	As o	Arseen	=	1,23	µg/L
OW172100	2024-12-10	     57174	10:28:46	As t	Arseen	=	2,63	µg/L
OW172100	2024-12-10	     57174	10:28:46	Atenolol	Atenolol	=	21,9	ng/L
OW172100	2024-12-10	     57174	10:28:46	Atraz	Atrazine	<	10	ng/L
OW172100	2024-12-10	     57174	10:28:46	AzinfosEy	Azinfos-ethyl	<	2	ng/L
OW172100	2024-12-10	     57174	10:28:46	AzinfosMy	Azinfos-methyl	<	1	ng/L
OW172100	2024-12-10	     57174	10:28:46	B o	Boor	=	56	µg/L
OW172100	2024-12-10	     57174	10:28:46	B t	Boor	=	56,1	µg/L
OW172100	2024-12-10	     57174	10:28:46	B(a)A	Benzo(a)anthraceen	=	31	ng/L
OW172100	2024-12-10	     57174	10:28:46	B(a)P	Benzo(a)pyreen	=	31	ng/L
OW172100	2024-12-10	     57174	10:28:46	B(b)Flu	Benzo(b)fluorantheen	=	45	ng/L
OW172100	2024-12-10	     57174	10:28:46	B(ghi)Pe	Benzo(g,h,i)peryleen	=	27	ng/L
OW172100	2024-12-10	     57174	10:28:46	B(k)Flu	Benzo(k)fluorantheen	=	22	ng/L
OW172100	2024-12-10	     57174	10:28:46	Ba o	Barium	=	30	µg/L
OW172100	2024-12-10	     57174	10:28:46	Ba t	Barium	=	48	µg/L
OW172100	2024-12-10	     57174	10:28:46	BAM	2,6-Dichloorbenzamide	=	113	ng/L
OW172100	2024-12-10	     57174	10:28:46	BBz	Broombenzeen	<	0,125	µg/L
OW172100	2024-12-10	     57174	10:28:46	BDCMa	Broomdichloormethaan	<	0,125	µg/L
OW172100	2024-12-10	     57174	10:28:46	Be o	Beryllium	<	0,11	µg/L
OW172100	2024-12-10	     57174	10:28:46	Be t	Beryllium	<	0,15	µg/L
OW172100	2024-12-10	     57174	10:28:46	bEndo	beta-Endosulfan	<	1	ng/L
OW172100	2024-12-10	     57174	10:28:46	Bentazone	Bentazone	<	25	ng/L
OW172100	2024-12-10	     57174	10:28:46	Benzeen	Benzeen	<	0,125	µg/L
OW172100	2024-12-10	     57174	10:28:46	Benzotriazool	Benzotriazool	=	400	ng/L
OW172100	2024-12-10	     57174	10:28:46	Bezafibraat	Bezafibraat	<	10	ng/L
OW172100	2024-12-10	     57174	10:28:46	BFlu som	PAK benzo(b+k)fluorantheen (b)	=	67	ng/L
OW172100	2024-12-10	     57174	10:28:46	bFol-A	Bisfenol-A	<	50	ng/L
OW172100	2024-12-10	     57174	10:28:46	bHCH	beta-Hexachloorcyclohexaan	<	1	ng/L
OW172100	2024-12-10	     57174	10:28:46	Bifenox	Bifenox	<	2	ng/L
OW172100	2024-12-10	     57174	10:28:46	BPe + IP som	PAK Benzo(g,h,i)peryleen + Indeno(1,2,3-cd)pyreen	=	51	ng/L
OW172100	2024-12-10	     57174	10:28:46	BrfosEy	Bromofos-ethyl	<	1	ng/L
OW172100	2024-12-10	     57174	10:28:46	BrfosMy	Bromofos-methyl	<	1	ng/L
OW172100	2024-12-10	     57174	10:28:46	Bromacil	Bromacil	<	10	ng/L
OW172100	2024-12-10	     57174	10:28:46	Bromoxyn	Bromoxynil	<	25	ng/L
OW172100	2024-12-10	     57174	10:28:46	BZV5	Biochemisch zuurstofverbruik na 5d.	=	4,7	mgO2/L
OW172100	2024-12-10	     57174	10:28:46	c12CEe	cis-1,2-Dichlooretheen	<	0,125	µg/L
OW172100	2024-12-10	     57174	10:28:46	c13CPe	cis-1,3-Dichloorpropeen	<	0,125	µg/L
OW172100	2024-12-10	     57174	10:28:46	Ca o	Calcium	=	112000	µg/L
OW172100	2024-12-10	     57174	10:28:46	Carbamaze	Carbamazepine	=	37,6	ng/L
OW172100	2024-12-10	     57174	10:28:46	Carbdzim	Carbendazim	<	5	ng/L
OW172100	2024-12-10	     57174	10:28:46	Cartamid	Carbetamide	<	10	ng/L
OW172100	2024-12-10	     57174	10:28:46	Cbromuron	Chloorbromuron	<	15	ng/L
OW172100	2024-12-10	     57174	10:28:46	CBz	Chloorbenzeen	<	0,125	µg/L
OW172100	2024-12-10	     57174	10:28:46	CBzsom	Dichloorbenzenen	<	0,375	µg/L
OW172100	2024-12-10	     57174	10:28:46	cCdaan	cis-Chloordaan	<	1	ng/L
OW172100	2024-12-10	     57174	10:28:46	Cd o	Cadmium	<	0,05	µg/L
OW172100	2024-12-10	     57174	10:28:46	Cd t	Cadmium	=	0,227	µg/L
OW172100	2024-12-10	     57174	10:28:46	Cdaan	Chloordaan	<	2	ng/L
OW172100	2024-12-10	     57174	10:28:46	Cdazon	Chloridazon	<	5	ng/L
OW172100	2024-12-10	     57174	10:28:46	CFolS	Chloorfenolen	<	150	ng/L
OW172100	2024-12-10	     57174	10:28:46	Cfvinfos	Chloorfenvinfos	<	1	ng/L
OW172100	2024-12-10	     57174	10:28:46	cHpCEpx	cis-Heptachloorepoxyde	<	1	ng/L
OW172100	2024-12-10	     57174	10:28:46	Chr	Chryseen	=	57	ng/L
OW172100	2024-12-10	     57174	10:28:46	Cl-	Chloride	=	44,8	mg/L
OW172100	2024-12-10	     57174	10:28:46	Clarithromyc	Clarithromycine	<	15	ng/L
OW172100	2024-12-10	     57174	10:28:46	Clfyl a	Chlorofyl a	<	5,93	µg/L
OW172100	2024-12-10	     57174	10:28:46	Clindamyc	Clindamycine	<	10	ng/L
OW172100	2024-12-10	     57174	10:28:46	ClindamycineHCl	Clindamycine, waterstofchloride	<	10	ng/L
OW172100	2024-12-10	     57174	10:28:46	Clopyralid	Clopyralid	<	125	ng/L
OW172100	2024-12-10	     57174	10:28:46	Clotidine	Clothianidine	<	5	ng/L
OW172100	2024-12-10	     57174	10:28:46	Clozapine	Clozapine	<	5	ng/L
OW172100	2024-12-10	     57174	10:28:46	Co o	Kobalt	=	0,35	µg/L
OW172100	2024-12-10	     57174	10:28:46	Co t	Kobalt	=	1,58	µg/L
OW172100	2024-12-10	     57174	10:28:46	CpfosEy	Chloorpyrifos-ethyl	<	2	ng/L
OW172100	2024-12-10	     57174	10:28:46	CpfosMy	Chloorpyrifos-methyl	<	2	ng/L
OW172100	2024-12-10	     57174	10:28:46	Cprofam	Chloorprofam	<	2	ng/L
OW172100	2024-12-10	     57174	10:28:46	Cr o	Chroom	<	1,5	µg/L
OW172100	2024-12-10	     57174	10:28:46	Cr t	Chroom	=	8,1	µg/L
OW172100	2024-12-10	     57174	10:28:46	ct13CPe	1,3-Dichloorpropeen (cis+trans)	<	0,25	µg/L
OW172100	2024-12-10	     57174	10:28:46	CTolS	Chloortoluenen	<	0,375	µg/L
OW172100	2024-12-10	     57174	10:28:46	Ctoluron	Chloortoluron	=	230	ng/L
OW172100	2024-12-10	     57174	10:28:46	Cu o	Koper	<	2	µg/L
OW172100	2024-12-10	     57174	10:28:46	Cu t	Koper	=	8,3	µg/L
OW172100	2024-12-10	     57174	10:28:46	Cyanaz	Cyanazine	<	5	ng/L
OW172100	2024-12-10	     57174	10:28:46	Cybutrine	Cybutrine	<	1	ng/L
OW172100	2024-12-10	     57174	10:28:46	Cypmethrin	Cypermethrin	<	3	ng/L
OW172100	2024-12-10	     57174	10:28:46	CZV	Chemisch zuurstofverbruik	=	43	mgO2/L
OW172100	2024-12-10	     57174	10:28:46	DBCMa	Dibroomchloormethaan	<	0,125	µg/L
OW172100	2024-12-10	     57174	10:28:46	DBMa	Dibroommethaan	<	0,125	µg/L
OW172100	2024-12-10	     57174	10:28:46	DBySn	Dibutyltin	<	2,1	ngSn/L
OW172100	2024-12-10	     57174	10:28:46	DBySn som	Dibutyltinverbindingen	<	2,1	ngSn/L
OW172100	2024-12-10	     57174	10:28:46	dBz(ah)An	Dibenzo(a,h)anthraceen	<	10	ng/L
OW172100	2024-12-10	     57174	10:28:46	DCMa	Dichloormethaan	<	0,125	µg/L
OW172100	2024-12-10	     57174	10:28:46	DCvos	Dichloorvos	<	1	ng/L
OW172100	2024-12-10	     57174	10:28:46	DDT t	DDT, totaal	<	4	ng/L
OW172100	2024-12-10	     57174	10:28:46	Demeton-S	Demeton-S	<	9	ng/L
OW172100	2024-12-10	     57174	10:28:46	DEyatraz	Desethylatrazine	=	10	ng/L
OW172100	2024-12-10	     57174	10:28:46	DEytByaz	Desethylterbutylazine	<	10	ng/L
OW172100	2024-12-10	     57174	10:28:46	Dflucan	Diflufenican	=	32	ng/L
OW172100	2024-12-10	     57174	10:28:46	dHCH	delta-Hexachloorcyclohexaan	<	0,75	ng/L
OW172100	2024-12-10	     57174	10:28:46	Diazinon	Diazinon	<	2	ng/L
OW172100	2024-12-10	     57174	10:28:46	Dicamba	Dicamba	<	150	ng/L
OW172100	2024-12-10	     57174	10:28:46	Diclofenac	Diclofenac	=	91	ng/L
OW172100	2024-12-10	     57174	10:28:46	Dieldrin	Dieldrin	<	1	ng/L
OW172100	2024-12-10	     57174	10:28:46	Dimdazol	Dimetridazol	=	11	ng/L
OW172100	2024-12-10	     57174	10:28:46	DiMetamid	Dimethenamid	<	10	ng/L
OW172100	2024-12-10	     57174	10:28:46	DiMetmorf	Dimethomorf	<	5	ng/L
OW172100	2024-12-10	     57174	10:28:46	DiPyatraz	Desisopropylatrazine	<	10	ng/L
OW172100	2024-12-10	     57174	10:28:46	DiPyEt	Di-isopropylether	<	0,125	µg/L
OW172100	2024-12-10	     57174	10:28:46	Diuron	Diuron	<	10	ng/L
OW172100	2024-12-10	     57174	10:28:46	DMyFol som	Som van de dimethylfenolen	<	250	ng/L
OW172100	2024-12-10	     57174	10:28:46	DNOC	4,6-Dinitro-o-cresol	<	25	ng/L
OW172100	2024-12-10	     57174	10:28:46	DOC	Koolstof	=	5,2	mgC/L
OW172100	2024-12-10	     57174	10:28:46	DONA	4,8-dioxa-3H-perfluornonaanzuur (DONA)	<	2,5	ng/L
OW172100	2024-12-10	     57174	10:28:46	Dsulfoton	Disulfoton	<	16	ng/L
OW172100	2024-12-10	     57174	10:28:46	EC 20	Geleidbaarheid (20°C)	=	699	µS/cm
OW172100	2024-12-10	     57174	10:28:46	EC 25	Geleidbaarheid (25°C)	=	765,7545	µS/cm
OW172100	2024-12-10	     57174	10:28:46	EHDPP	2-Ethylhexyldifenylfosfaat	<	16	ng/L
OW172100	2024-12-10	     57174	10:28:46	EndoS	Endosulfansulfaat	<	1	ng/L
OW172100	2024-12-10	     57174	10:28:46	Endrin	Endrin	<	0,5	ng/L
OW172100	2024-12-10	     57174	10:28:46	Etfum	Ethofumesaat	<	8	ng/L
OW172100	2024-12-10	     57174	10:28:46	Ethopfos	Ethoprofos	<	1	ng/L
OW172100	2024-12-10	     57174	10:28:46	EtPFOSA	N-ethylperfluoroctaan-1-sulfonamide (EtPFOSA)	<	0,5	ng/L
OW172100	2024-12-10	     57174	10:28:46	EtPFOSA totaal	Totaal N-ethylperfluoroctaansulfonamide (lin+vert)	<	5	ng/L
OW172100	2024-12-10	     57174	10:28:46	EtPFOSA vertakt	= EtPFOSAtotaal - EtPFOSA	<	5	ng/L
OW172100	2024-12-10	     57174	10:28:46	EyBz	Ethylbenzeen	<	0,125	µg/L
OW172100	2024-12-10	     57174	10:28:46	EytByEt	Ethyl-tert-butylether	<	0,125	µg/L
OW172100	2024-12-10	     57174	10:28:46	F- o	Fluoride	=	0,29	mg/L
OW172100	2024-12-10	     57174	10:28:46	Fe o	Ijzer	<	25	µg/L
OW172100	2024-12-10	     57174	10:28:46	Fe t	Ijzer	=	3410	µg/L
OW172100	2024-12-10	     57174	10:28:46	Fen	Fenantreen	=	51	ng/L
OW172100	2024-12-10	     57174	10:28:46	Fenazon	Fenazon	<	5	ng/L
OW172100	2024-12-10	     57174	10:28:46	Fenithion	Fenitrothion	<	2	ng/L
OW172100	2024-12-10	     57174	10:28:46	Fenoprop	Fenoprop	<	25	ng/L
OW172100	2024-12-10	     57174	10:28:46	Fenthion	Fenthion	<	1	ng/L
OW172100	2024-12-10	     57174	10:28:46	Feofyt a	Feofytine a	<	8,92	µg/L
OW172100	2024-12-10	     57174	10:28:46	Fipronil	Fipronil	<	2	ng/L
OW172100	2024-12-10	     57174	10:28:46	Floxpyr	Fluroxypyr	<	25	ng/L
OW172100	2024-12-10	     57174	10:28:46	Flu	Fluorantheen	=	86	ng/L
OW172100	2024-12-10	     57174	10:28:46	Flucet	Flufenacet	=	200	ng/L
OW172100	2024-12-10	     57174	10:28:46	Fluopic	Fluopicolide	=	61	ng/L
OW172100	2024-12-10	     57174	10:28:46	Fluopyram	Fluopyram	=	96	ng/L
OW172100	2024-12-10	     57174	10:28:46	Fluoreen	Fluoreen	=	18	ng/L
OW172100	2024-12-10	     57174	10:28:46	Fol	Fenol	<	250	ng/L
OW172100	2024-12-10	     57174	10:28:46	Fonofos	Fonofos	<	2	ng/L
OW172100	2024-12-10	     57174	10:28:46	Gabapentine	Gabapentine	=	280	ng/L
OW172100	2024-12-10	     57174	10:28:46	gHCH	gamma-Hexachloorcyclohexaan	<	0,75	ng/L
OW172100	2024-12-10	     57174	10:28:46	Glyfosaat	Glyfosaat	=	153	ng/L
OW172100	2024-12-10	     57174	10:28:46	H t	Hardheid	=	32,375000000000000035	°F
OW172100	2024-12-10	     57174	10:28:46	HCBdn	Hexachloorbutadieen	<	1	ng/L
OW172100	2024-12-10	     57174	10:28:46	HCBz	Hexachloorbenzeen	<	1,5	ng/L
OW172100	2024-12-10	     57174	10:28:46	HCH	Hexachloorcyclohexaan, alle isomeren	<	2,5	ng/L
OW172100	2024-12-10	     57174	10:28:46	Hexazinon	Hexazinon	<	10	ng/L
OW172100	2024-12-10	     57174	10:28:46	HFPO-DA	2,3,3,3-tetrafluor-2(heptafluorpropoxy)propionzuur	<	0,5	ng/L
OW172100	2024-12-10	     57174	10:28:46	Hg o	Kwik	<	0,025	µg/L
OW172100	2024-12-10	     57174	10:28:46	Hg t	Kwik	<	0,05	µg/L
OW172100	2024-12-10	     57174	10:28:46	HpC	Heptachloor	<	1	ng/L
OW172100	2024-12-10	     57174	10:28:46	HpC+Epx	Heptachloor+epoxyde	<	4	ng/L
OW172100	2024-12-10	     57174	10:28:46	HyCtazide	Hydrochloorthiazide	=	109	ng/L
OW172100	2024-12-10	     57174	10:28:46	Imcloprid	Imidacloprid	=	5	ng/L
OW172100	2024-12-10	     57174	10:28:46	Iopamidol	Iopamidol	<	5	ng/L
OW172100	2024-12-10	     57174	10:28:46	Iopromide	Iopromide	=	91	ng/L
OW172100	2024-12-10	     57174	10:28:46	IP	Indeno(1,2,3-cd)pyreen	=	24	ng/L
OW172100	2024-12-10	     57174	10:28:46	Iproturon	Isoproturon	<	5	ng/L
OW172100	2024-12-10	     57174	10:28:46	iPyBz	Isopropylbenzeen	<	0,125	µg/L
OW172100	2024-12-10	     57174	10:28:46	Isodrin	Isodrin	<	0,5	ng/L
OW172100	2024-12-10	     57174	10:28:46	K o	Kalium	=	9100	µg/L
OW172100	2024-12-10	     57174	10:28:46	Ketoprofen	Ketoprofen	=	14,2	ng/L
OW172100	2024-12-10	     57174	10:28:46	KjN	Kjeldahlstikstof	=	1,698	mgN/L
OW172100	2024-12-10	     57174	10:28:46	KWS ap.	Apolaire koolwaterstoffen	=	122	µg/L
OW172100	2024-12-10	     57174	10:28:46	KWS C10-12	Apolaire koolwaterstoffen, fractie C10-C12	=	25	%
OW172100	2024-12-10	     57174	10:28:46	KWS C12-20	Apolaire koolwaterstoffen, fractie C12-C20	=	39	%
OW172100	2024-12-10	     57174	10:28:46	KWS C20-30	Apolaire koolwaterstoffen, fractie C20-C30	=	27	%
OW172100	2024-12-10	     57174	10:28:46	KWS C30-40	Apolaire koolwaterstoffen, fractie C30-C40	=	9	%
OW172100	2024-12-10	     57174	10:28:46	Lenacil	Lenacil	<	25	ng/L
OW172100	2024-12-10	     57174	10:28:46	Lidocaine	Lidocaine	=	11,5	ng/L
OW172100	2024-12-10	     57174	10:28:46	Linuron	Linuron	<	5	ng/L
OW172100	2024-12-10	     57174	10:28:46	Malathion	Malathion	<	2	ng/L
OW172100	2024-12-10	     57174	10:28:46	Mbromuron	Metobromuron	<	10	ng/L
OW172100	2024-12-10	     57174	10:28:46	mBthiaz	Metabenzthiazuron	<	5	ng/L
OW172100	2024-12-10	     57174	10:28:46	MCPA	(4-Chloor-2-methylfenoxy)azijnzuur	<	25	ng/L
OW172100	2024-12-10	     57174	10:28:46	MCPB	4-(4-Chloor-2-methylfenoxy)boterzuur	<	25	ng/L
OW172100	2024-12-10	     57174	10:28:46	MCPP	Mecoprop	<	25	ng/L
OW172100	2024-12-10	     57174	10:28:46	MePFBSA	N-methylperfluorbutaansulfonamide (MePFBSA)	<	5	ng/L
OW172100	2024-12-10	     57174	10:28:46	MePFBSAA	N-methylperfluorbutaansulfonamidoazijnzuur	<	0,5	ng/L
OW172100	2024-12-10	     57174	10:28:46	MePFOSA	N-methylperfluoroctaan-1-sulfonamide (MePFOSA)	<	2,5	ng/L
OW172100	2024-12-10	     57174	10:28:46	MePFOSA totaal	Totaal N-methylperfluoroctaansulfonamide (lin+ver)	<	5	ng/L
OW172100	2024-12-10	     57174	10:28:46	MePFOSA vertakt	= MePFOSAtotaal - MePFOSA	<	5	ng/L
OW172100	2024-12-10	     57174	10:28:46	MePFOSAA	N-methylperfluoroctaansulfonamidoazijnzuur	<	0,5	ng/L
OW172100	2024-12-10	     57174	10:28:46	Metaza	Metazachloor	<	5	ng/L
OW172100	2024-12-10	     57174	10:28:46	Metbuzin	Metribuzin	<	8	ng/L
OW172100	2024-12-10	     57174	10:28:46	Methidat	Methidation	<	1	ng/L
OW172100	2024-12-10	     57174	10:28:46	Metola	Metolachloor	<	10	ng/L
OW172100	2024-12-10	     57174	10:28:46	Metoprolol	Metoprolol	<	10	ng/L
OW172100	2024-12-10	     57174	10:28:46	Metoprololtartraat	Metoprololtartraat	<	12,5	ng/L
OW172100	2024-12-10	     57174	10:28:46	Metoxur	Metoxuron	<	5	ng/L
OW172100	2024-12-10	     57174	10:28:46	Mevinfos	Mevinfos	<	1	ng/L
OW172100	2024-12-10	     57174	10:28:46	Mg o	Magnesium	=	10500	µg/L
OW172100	2024-12-10	     57174	10:28:46	Mlinuron	Monolinuron	<	5	ng/L
OW172100	2024-12-10	     57174	10:28:46	Mmitron	Metamitron	<	5	ng/L
OW172100	2024-12-10	     57174	10:28:46	Mn o	Mangaan	=	59	µg/L
OW172100	2024-12-10	     57174	10:28:46	Mn t	Mangaan	=	149	µg/L
OW172100	2024-12-10	     57174	10:28:46	Mo o	Molybdeen	<	1,5	µg/L
OW172100	2024-12-10	     57174	10:28:46	Mo t	Molybdeen	<	2,5	µg/L
OW172100	2024-12-10	     57174	10:28:46	mpXyl	Xylenen (m+p)	<	0,125	µg/L
OW172100	2024-12-10	     57174	10:28:46	MxyC	Methoxychloor	<	1	ng/L
OW172100	2024-12-10	     57174	10:28:46	MytByEt	Methyl-tert.butylether	<	0,125	µg/L
OW172100	2024-12-10	     57174	10:28:46	N t	Stikstof	=	7,1	mgN/L
OW172100	2024-12-10	     57174	10:28:46	N+N	Nitraat+nitriet	=	5,402	mgN/L
OW172100	2024-12-10	     57174	10:28:46	N+N+N	Nitraat+nitriet+ammonium	=	5,912	mgN/L
OW172100	2024-12-10	     57174	10:28:46	Na o	Natrium	=	27600	µg/L
OW172100	2024-12-10	     57174	10:28:46	Na_diclofenac	Diclofenac, natrium	=	97	ng/L
OW172100	2024-12-10	     57174	10:28:46	Naft	Naftaleen	=	41	ng/L
OW172100	2024-12-10	     57174	10:28:46	Naproxen	Naproxen	=	60	ng/L
OW172100	2024-12-10	     57174	10:28:46	NH4+	Ammonium	=	0,51	mgN/L
OW172100	2024-12-10	     57174	10:28:46	Ni o	Nikkel	<	3,2	µg/L
OW172100	2024-12-10	     57174	10:28:46	Ni t	Nikkel	=	5,33	µg/L
OW172100	2024-12-10	     57174	10:28:46	NO2-	Nitriet	=	0,102	mgN/L
OW172100	2024-12-10	     57174	10:28:46	NO3-	Nitraat	=	5,3	mgN/L
OW172100	2024-12-10	     57174	10:28:46	NPOC	Koolstof	=	8,5	mgC/L
OW172100	2024-12-10	     57174	10:28:46	NyFol	Nonylfenol	=	470	ng/L
OW172100	2024-12-10	     57174	10:28:46	NyFolsom	Nonylfenolen	=	470	ng/L
OW172100	2024-12-10	     57174	10:28:46	O2	Zuurstof	=	10,63	mg/L
OW172100	2024-12-10	     57174	10:28:46	O2 verz	Zuurstof	=	87,3	%
OW172100	2024-12-10	     57174	10:28:46	OCP t	Organochloorpesticiden, totaal	<	16,25	ng/L
OW172100	2024-12-10	     57174	10:28:46	ompXyl	Xylenen (o+m+p)	<	0,25	µg/L
OW172100	2024-12-10	     57174	10:28:46	oPO4 f	Orthofosfaat	=	0,188	mgP/L
OW172100	2024-12-10	     57174	10:28:46	Oxadiazon	Oxadiazon	<	2	ng/L
OW172100	2024-12-10	     57174	10:28:46	oXyl	ortho-Xyleen	<	0,125	µg/L
OW172100	2024-12-10	     57174	10:28:46	OyFolsom	Octylfenolen	<	30	ng/L
OW172100	2024-12-10	     57174	10:28:46	P t	Fosfor	=	0,505	mgP/L
OW172100	2024-12-10	     57174	10:28:46	PAK 10	Polyaromatische KWS (10 Vrom)	=	384	ng/L
OW172100	2024-12-10	     57174	10:28:46	PAK 6	Polyaromatische KWS (6 Borneff)	=	235	ng/L
OW172100	2024-12-10	     57174	10:28:46	PathionEy	Parathion-ethyl	<	1	ng/L
OW172100	2024-12-10	     57174	10:28:46	PathionMy	Parathion-methyl	<	2	ng/L
OW172100	2024-12-10	     57174	10:28:46	Pb o	Lood	<	1,5	µg/L
OW172100	2024-12-10	     57174	10:28:46	Pb t	Lood	=	7,48	µg/L
OW172100	2024-12-10	     57174	10:28:46	PCB 101	2,2',4,5,5'-Pentachloorbifenyl (PCB101)	<	1	ng/L
OW172100	2024-12-10	     57174	10:28:46	PCB 118	2,3',4,4',5-Pentachloorbifenyl (PCB118)	<	1	ng/L
OW172100	2024-12-10	     57174	10:28:46	PCB 138	2,2',3,4,4',5'-Hexachloorbifenyl (PCB138)	=	1,33	ng/L
OW172100	2024-12-10	     57174	10:28:46	PCB 153	2,2',4,4',5,5'-Hexachloorbifenyl (PCB153)	=	1,41	ng/L
OW172100	2024-12-10	     57174	10:28:46	PCB 180	2,2',3,4,4',5,5'-Heptachloorbifenyl (PCB180)	=	1,12	ng/L
OW172100	2024-12-10	     57174	10:28:46	PCB 28	2,4,4'-Trichloorbifenyl (PCB28)	<	0,5	ng/L
OW172100	2024-12-10	     57174	10:28:46	PCB 52	2,2',5,5'-Tetrachloorbifenyl (PCB52)	<	0,5	ng/L
OW172100	2024-12-10	     57174	10:28:46	PCB t	Polychloorbifenyl, totaal	<	6,86	ng/L
OW172100	2024-12-10	     57174	10:28:46	PCBz	Pentachloorbenzeen	<	1,5	ng/L
OW172100	2024-12-10	     57174	10:28:46	PCFol	Pentachloorfenol	<	50	ng/L
OW172100	2024-12-10	     57174	10:28:46	PCNiBz	Pentachloornitrobenzeen	<	2	ng/L
OW172100	2024-12-10	     57174	10:28:46	Pentoxif	Pentoxifylline	<	5	ng/L
OW172100	2024-12-10	     57174	10:28:46	PFAS-43	Som van de 43 PFAS	<	93,5	ng/L
OW172100	2024-12-10	     57174	10:28:46	PFBA	Perfluorbutaanzuur (PFBA)	<	2,5	ng/L
OW172100	2024-12-10	     57174	10:28:46	PFBS	Perfluorbutaansulfonzuur (PFBS)	<	2,5	ng/L
OW172100	2024-12-10	     57174	10:28:46	PFBSA	Perfluorbutaansulfonamide (PFBSA)	<	2,5	ng/L
OW172100	2024-12-10	     57174	10:28:46	PFDA	Perfluordecaanzuur (PFDA)	<	5	ng/L
OW172100	2024-12-10	     57174	10:28:46	PFDS	Perfluordecaansulfonzuur (PFDS)	<	0,5	ng/L
OW172100	2024-12-10	     57174	10:28:46	PFECHS	Perfluor-4-ethylcyclohexaansulfonzuur (PFECHS)	<	2,5	ng/L
OW172100	2024-12-10	     57174	10:28:46	PFHpA	Perfluorheptaanzuur (PFHpA)	<	2,5	ng/L
OW172100	2024-12-10	     57174	10:28:46	PFHpS	Perfluorheptaansulfonzuur (PFHpS)	<	2,5	ng/L
OW172100	2024-12-10	     57174	10:28:46	PFHxA	Perfluorhexaanzuur (PFHxA)	<	2,5	ng/L
OW172100	2024-12-10	     57174	10:28:46	PFHxS	Perfluorhexaansulfonzuur (PFHxS)	<	2,5	ng/L
OW172100	2024-12-10	     57174	10:28:46	PFHxS totaal	Totaal perfluorhexaansulfonzuur (lineair+vertakt)	<	5	ng/L
OW172100	2024-12-10	     57174	10:28:46	PFHxS vertakt	= PFHxStotaal - PFHxS	<	5	ng/L
OW172100	2024-12-10	     57174	10:28:46	PFHxSA	Perfluorhexaansulfonamide (PFHxSA)	<	0,5	ng/L
OW172100	2024-12-10	     57174	10:28:46	PFNA	Perfluornonaanzuur (PFNA)	<	5	ng/L
OW172100	2024-12-10	     57174	10:28:46	PFNS	Perfluornonaansulfonzuur (PFNS)	<	0,5	ng/L
OW172100	2024-12-10	     57174	10:28:46	PFOA	Perfluoroctaanzuur (PFOA)	<	5	ng/L
OW172100	2024-12-10	     57174	10:28:46	PFOA totaal	Totaal perfluoroctaanzuur (lineair + vertakt)	<	5	ng/L
OW172100	2024-12-10	     57174	10:28:46	PFOA vertakt	= PFOAtotaal - PFOA	<	5	ng/L
OW172100	2024-12-10	     57174	10:28:46	PFOS	Perfluoroctaansulfonzuur (PFOS)	<	2,5	ng/L
OW172100	2024-12-10	     57174	10:28:46	PFOS totaal	Totaal perfluoroctaansulfonzuur (lineair+vertakt)	<	5	ng/L
OW172100	2024-12-10	     57174	10:28:46	PFOS vertakt	= PFOStotaal - PFOS	<	5	ng/L
OW172100	2024-12-10	     57174	10:28:46	PFOSA	Perfluoroctaansulfonamide (PFOSA)	<	0,5	ng/L
OW172100	2024-12-10	     57174	10:28:46	PFOSA totaal	Totaal perfluoroctaansulfonamide (lineair+vertakt)	<	5	ng/L
OW172100	2024-12-10	     57174	10:28:46	PFOSA vertakt	= PFOSAtotaal - PFOSA	<	5	ng/L
OW172100	2024-12-10	     57174	10:28:46	PFPeA	Perfluorpentaanzuur (PFPeA)	<	5	ng/L
OW172100	2024-12-10	     57174	10:28:46	PFPeS	Perfluorpentaansulfonzuur (PFPeS)	<	0,5	ng/L
OW172100	2024-12-10	     57174	10:28:46	PFUnDA	Perfluorundecaanzuur (PFUnDA)	<	2,5	ng/L
OW172100	2024-12-10	     57174	10:28:46	PFUnDS	Perfluor-1-undecaansulfonzuur (PFUnS)	<	5	ng/L
OW172100	2024-12-10	     57174	10:28:46	pH	pH	=	7,83	-
OW172100	2024-12-10	     57174	10:28:46	Picarb	Pirimicarb	<	5	ng/L
OW172100	2024-12-10	     57174	10:28:46	PirfosMy	Pirimifos-methyl	<	1	ng/L
OW172100	2024-12-10	     57174	10:28:46	Prochloor	Propachloor	<	10	ng/L
OW172100	2024-12-10	     57174	10:28:46	Prometryn	Prometryn	<	10	ng/L
OW172100	2024-12-10	     57174	10:28:46	Propanil	Propanil	<	25	ng/L
OW172100	2024-12-10	     57174	10:28:46	Propanolol	Propanolol	<	30	ng/L
OW172100	2024-12-10	     57174	10:28:46	PropanololHCl	Propanolol, waterstofchloride	<	30	ng/L
OW172100	2024-12-10	     57174	10:28:46	Propaz	Propazine	<	10	ng/L
OW172100	2024-12-10	     57174	10:28:46	PyBz	Propylbenzeen	<	0,125	µg/L
OW172100	2024-12-10	     57174	10:28:46	Pyr	Pyreen	=	67	ng/L
OW172100	2024-12-10	     57174	10:28:46	Quinofen	Quinoxyfen	<	1	ng/L
OW172100	2024-12-10	     57174	10:28:46	Sb o	Antimoon	<	1,5	µg/L
OW172100	2024-12-10	     57174	10:28:46	Sb t	Antimoon	<	1,5	µg/L
OW172100	2024-12-10	     57174	10:28:46	Se o	Seleen	<	1,5	µg/L
OW172100	2024-12-10	     57174	10:28:46	Se t	Seleen	<	1,5	µg/L
OW172100	2024-12-10	     57174	10:28:46	Sebutylaz	Sebutylazine	<	10	ng/L
OW172100	2024-12-10	     57174	10:28:46	Secchi	Doorzichtigheid	=	17	cm
OW172100	2024-12-10	     57174	10:28:46	Simaz	Simazine	<	5	ng/L
OW172100	2024-12-10	     57174	10:28:46	SiO2 o	Silicaat	=	15	mgSiO2/L
OW172100	2024-12-10	     57174	10:28:46	Sn o	Tin	<	1,5	µg/L
OW172100	2024-12-10	     57174	10:28:46	Sn t	Tin	<	1,5	µg/L
OW172100	2024-12-10	     57174	10:28:46	SO4=	Sulfaat	=	67	mg/L
OW172100	2024-12-10	     57174	10:28:46	Sotalol	Sotalol	=	97	ng/L
OW172100	2024-12-10	     57174	10:28:46	SotalolHCl	Sotalol, waterstofchloride	=	110	ng/L
OW172100	2024-12-10	     57174	10:28:46	Styreen	Styreen	<	0,125	µg/L
OW172100	2024-12-10	     57174	10:28:46	Sulfamazol	Sulfamethoxazol	=	34,4	ng/L
OW172100	2024-12-10	     57174	10:28:46	T	Temperatuur	=	7,6	°C
OW172100	2024-12-10	     57174	10:28:46	t12CEe	trans-1,2-Dichlooretheen	<	0,125	µg/L
OW172100	2024-12-10	     57174	10:28:46	t13CPe	trans-1,3-Dichloorpropeen	<	0,125	µg/L
OW172100	2024-12-10	     57174	10:28:46	TAM	Alkaliniteit met methyloranje	=	5,1	meq/L
OW172100	2024-12-10	     57174	10:28:46	TBEP	Tributoxyethylfosfaat	=	90	ng/L
OW172100	2024-12-10	     57174	10:28:46	TBMa	Tribroommethaan	<	0,125	µg/L
OW172100	2024-12-10	     57174	10:28:46	TBP	Tributylfosfaat	<	18	ng/L
OW172100	2024-12-10	     57174	10:28:46	TBySn	Tributyltin	=	0,14	ngSn/L
OW172100	2024-12-10	     57174	10:28:46	TCBz	Trichloorbenzenen	<	0,15	µg/L
OW172100	2024-12-10	     57174	10:28:46	tCdaan	trans-Chloordaan	<	1	ng/L
OW172100	2024-12-10	     57174	10:28:46	TCEe	Trichlooretheen	<	0,125	µg/L
OW172100	2024-12-10	     57174	10:28:46	TCEP	Tris-(2-chloorethyl)-fosfaat	=	17	ng/L
OW172100	2024-12-10	     57174	10:28:46	TclofosMy	Tolclofos-methyl	<	2	ng/L
OW172100	2024-12-10	     57174	10:28:46	TCMa	Trichloormethaan	<	0,125	µg/L
OW172100	2024-12-10	     57174	10:28:46	TCPP	Tris-(2-chloorisopropyl)-fosfaat	=	150	ng/L
OW172100	2024-12-10	     57174	10:28:46	TDC(P)P	Tris-(1,3-dichloor-2-propyl)-fosfaat	<	71	ng/L
OW172100	2024-12-10	     57174	10:28:46	Te o	Telluur	<	2,5	µg/L
OW172100	2024-12-10	     57174	10:28:46	Te t	Telluur	<	2,5	µg/L
OW172100	2024-12-10	     57174	10:28:46	Telodrin	Telodrin	<	1	ng/L
OW172100	2024-12-10	     57174	10:28:46	Terbufos	Terbufos	<	2	ng/L
OW172100	2024-12-10	     57174	10:28:46	Terbutryn	Terbutryn	<	10	ng/L
OW172100	2024-12-10	     57174	10:28:46	Tfluralin	Trifluralin	<	2	ng/L
OW172100	2024-12-10	     57174	10:28:46	TFySn	Trifenyltin	=	0,079	ngSn/L
OW172100	2024-12-10	     57174	10:28:46	TFySn som	Trifenyltinacetaat, chloride, hydroxide	=	0,079	ngSn/L
OW172100	2024-12-10	     57174	10:28:46	Thiacloprid	Thiacloprid	<	2,5	ng/L
OW172100	2024-12-10	     57174	10:28:46	tHpCEpx	trans-Heptachloorepoxyde	<	2	ng/L
OW172100	2024-12-10	     57174	10:28:46	Ti o	Titaan	<	2	µg/L
OW172100	2024-12-10	     57174	10:28:46	Ti t	Titaan	=	61	µg/L
OW172100	2024-12-10	     57174	10:28:46	Tl o	Thallium	<	0,1	µg/L
OW172100	2024-12-10	     57174	10:28:46	Tl t	Thallium	<	0,1	µg/L
OW172100	2024-12-10	     57174	10:28:46	Tmethoxam	Thiamethoxam	<	5	ng/L
OW172100	2024-12-10	     57174	10:28:46	Tolueen	Tolueen	<	0,125	µg/L
OW172100	2024-12-10	     57174	10:28:46	TPP	Trifenylfosfaat	=	16	ng/L
OW172100	2024-12-10	     57174	10:28:46	TrByaz	Terbutylazine	<	10	ng/L
OW172100	2024-12-10	     57174	10:28:46	Triazofos	Triazofos	<	1	ng/L
OW172100	2024-12-10	     57174	10:28:46	triCFolsom	Trichloorfenolen	<	300	ng/L
OW172100	2024-12-10	     57174	10:28:46	Triclopyr	Triclopyr	<	25	ng/L
OW172100	2024-12-10	     57174	10:28:46	Trimoprim	Trimethoprim	<	10	ng/L
OW172100	2024-12-10	     57174	10:28:46	TtBySn	Tetrabutyltin	<	0,34	ngSn/L
OW172100	2024-12-10	     57174	10:28:46	TtCEe	Tetrachlooretheen	<	0,125	µg/L
OW172100	2024-12-10	     57174	10:28:46	TtCMa	Tetrachloormethaan	<	0,125	µg/L
OW172100	2024-12-10	     57174	10:28:46	U o	Uranium	=	1,17	µg/L
OW172100	2024-12-10	     57174	10:28:46	U t	Uranium	=	1,31	µg/L
OW172100	2024-12-10	     57174	10:28:46	V o	Vanadium	<	1,5	µg/L
OW172100	2024-12-10	     57174	10:28:46	V t	Vanadium	=	8,8	µg/L
OW172100	2024-12-10	     57174	10:28:46	Valsartan	Valsartan	=	148	ng/L
OW172100	2024-12-10	     57174	10:28:46	VinCl	Vinylchloride	<	0,125	µg/L
OW172100	2024-12-10	     57174	10:28:46	Zn o	Zink	<	11	µg/L
OW172100	2024-12-10	     57174	10:28:46	Zn t	Zink	=	52	µg/L
OW172100	2024-12-10	     57174	10:28:46	ZS	Zwevende stoffen	=	77	mg/L
OW172100	2025-01-21	     67683	13:33:58	Ag o	Zilver	<	0,05	µg/L
OW172100	2025-01-21	     67683	13:33:58	Ag t	Zilver	<	0,1	µg/L
OW172100	2025-01-21	     67683	13:33:58	Al o	Aluminium	<	150	µg/L
OW172100	2025-01-21	     67683	13:33:58	As o	Arseen	=	0,92	µg/L
OW172100	2025-01-21	     67683	13:33:58	As t	Arseen	=	1,92	µg/L
OW172100	2025-01-21	     67683	13:33:58	B o	Boor	=	71	µg/L
OW172100	2025-01-21	     67683	13:33:58	B t	Boor	=	74	µg/L
OW172100	2025-01-21	     67683	13:33:58	Ba o	Barium	=	36	µg/L
OW172100	2025-01-21	     67683	13:33:58	Ba t	Barium	=	48	µg/L
OW172100	2025-01-21	     67683	13:33:58	Be o	Beryllium	<	0,11	µg/L
OW172100	2025-01-21	     67683	13:33:58	Be t	Beryllium	<	0,15	µg/L
OW172100	2025-01-21	     67683	13:33:58	BZV5	Biochemisch zuurstofverbruik na 5d.	=	3,1	mgO2/L
OW172100	2025-01-21	     67683	13:33:58	Ca o	Calcium	=	137000	µg/L
OW172100	2025-01-21	     67683	13:33:58	Cd o	Cadmium	<	0,05	µg/L
OW172100	2025-01-21	     67683	13:33:58	Cd t	Cadmium	=	0,201	µg/L
OW172100	2025-01-21	     67683	13:33:58	Cl-	Chloride	=	55	mg/L
OW172100	2025-01-21	     67683	13:33:58	Co o	Kobalt	=	0,42	µg/L
OW172100	2025-01-21	     67683	13:33:58	Co t	Kobalt	=	1	µg/L
OW172100	2025-01-21	     67683	13:33:58	Cr o	Chroom	<	1,5	µg/L
OW172100	2025-01-21	     67683	13:33:58	Cr t	Chroom	=	4,5	µg/L
OW172100	2025-01-21	     67683	13:33:58	Cu o	Koper	<	2	µg/L
OW172100	2025-01-21	     67683	13:33:58	Cu t	Koper	=	5,9	µg/L
OW172100	2025-01-21	     67683	13:33:58	CZV	Chemisch zuurstofverbruik	=	13,5	mgO2/L
OW172100	2025-01-21	     67683	13:33:58	DOC	Koolstof	=	4,75	mgC/L
OW172100	2025-01-21	     67683	13:33:58	EC 20	Geleidbaarheid (20°C)	=	830	µS/cm
OW172100	2025-01-21	     67683	13:33:58	EC 25	Geleidbaarheid (25°C)	=	909,265	µS/cm
OW172100	2025-01-21	     67683	13:33:58	Fe o	Ijzer	<	25	µg/L
OW172100	2025-01-21	     67683	13:33:58	Fe t	Ijzer	=	1720	µg/L
OW172100	2025-01-21	     67683	13:33:58	H t	Hardheid	=	39,875000000000000045	°F
OW172100	2025-01-21	     67683	13:33:58	Hg o	Kwik	<	0,025	µg/L
OW172100	2025-01-21	     67683	13:33:58	Hg t	Kwik	<	0,025	µg/L
OW172100	2025-01-21	     67683	13:33:58	K o	Kalium	=	9500	µg/L
OW172100	2025-01-21	     67683	13:33:58	KjN	Kjeldahlstikstof	=	0,917	mgN/L
OW172100	2025-01-21	     67683	13:33:58	Mg o	Magnesium	=	13500	µg/L
OW172100	2025-01-21	     67683	13:33:58	Mn o	Mangaan	=	93	µg/L
OW172100	2025-01-21	     67683	13:33:58	Mn t	Mangaan	=	164	µg/L
OW172100	2025-01-21	     67683	13:33:58	Mo o	Molybdeen	<	1,5	µg/L
OW172100	2025-01-21	     67683	13:33:58	Mo t	Molybdeen	<	2,5	µg/L
OW172100	2025-01-21	     67683	13:33:58	N t	Stikstof	=	7,1	mgN/L
OW172100	2025-01-21	     67683	13:33:58	N+N	Nitraat+nitriet	=	6,183	mgN/L
OW172100	2025-01-21	     67683	13:33:58	N+N+N	Nitraat+nitriet+ammonium	=	6,743	mgN/L
OW172100	2025-01-21	     67683	13:33:58	Na o	Natrium	=	36000	µg/L
OW172100	2025-01-21	     67683	13:33:58	NH4+	Ammonium	=	0,56	mgN/L
OW172100	2025-01-21	     67683	13:33:58	Ni o	Nikkel	<	3,2	µg/L
OW172100	2025-01-21	     67683	13:33:58	Ni t	Nikkel	=	4,3	µg/L
OW172100	2025-01-21	     67683	13:33:58	NO2-	Nitriet	=	0,083	mgN/L
OW172100	2025-01-21	     67683	13:33:58	NO3-	Nitraat	=	6,1	mgN/L
OW172100	2025-01-21	     67683	13:33:58	O2	Zuurstof	=	12,35	mg/L
OW172100	2025-01-21	     67683	13:33:58	O2 verz	Zuurstof	=	95,1	%
OW172100	2025-01-21	     67683	13:33:58	oPO4 f	Orthofosfaat	=	0,183	mgP/L
OW172100	2025-01-21	     67683	13:33:58	P t	Fosfor	=	0,43	mgP/L
OW172100	2025-01-21	     67683	13:33:58	Pb o	Lood	<	1,5	µg/L
OW172100	2025-01-21	     67683	13:33:58	Pb t	Lood	=	5,1	µg/L
OW172100	2025-01-21	     67683	13:33:58	pH	pH	=	7,93	-
OW172100	2025-01-21	     67683	13:33:58	Sb o	Antimoon	<	1,5	µg/L
OW172100	2025-01-21	     67683	13:33:58	Sb t	Antimoon	<	1,5	µg/L
OW172100	2025-01-21	     67683	13:33:58	Se o	Seleen	<	1,5	µg/L
OW172100	2025-01-21	     67683	13:33:58	Se t	Seleen	=	1,62	µg/L
OW172100	2025-01-21	     67683	13:33:58	SiO2 o	Silicaat	=	16,2	mgSiO2/L
OW172100	2025-01-21	     67683	13:33:58	Sn o	Tin	<	1,5	µg/L
OW172100	2025-01-21	     67683	13:33:58	Sn t	Tin	<	1,5	µg/L
OW172100	2025-01-21	     67683	13:33:58	SO4=	Sulfaat	=	94	mg/L
OW172100	2025-01-21	     67683	13:33:58	T	Temperatuur	=	4,6	°C
OW172100	2025-01-21	     67683	13:33:58	Te o	Telluur	<	2,5	µg/L
OW172100	2025-01-21	     67683	13:33:58	Te t	Telluur	<	2,5	µg/L
OW172100	2025-01-21	     67683	13:33:58	Ti o	Titaan	<	2	µg/L
OW172100	2025-01-21	     67683	13:33:58	Ti t	Titaan	=	24	µg/L
OW172100	2025-01-21	     67683	13:33:58	Tl o	Thallium	<	0,1	µg/L
OW172100	2025-01-21	     67683	13:33:58	Tl t	Thallium	<	0,1	µg/L
OW172100	2025-01-21	     67683	13:33:58	U o	Uranium	=	1,71	µg/L
OW172100	2025-01-21	     67683	13:33:58	U t	Uranium	=	1,87	µg/L
OW172100	2025-01-21	     67683	13:33:58	V o	Vanadium	<	1,5	µg/L
OW172100	2025-01-21	     67683	13:33:58	V t	Vanadium	=	4,8	µg/L
OW172100	2025-01-21	     67683	13:33:58	Zn o	Zink	<	11	µg/L
OW172100	2025-01-21	     67683	13:33:58	Zn t	Zink	=	50	µg/L
OW172100	2025-01-21	     67683	13:33:58	ZS	Zwevende stoffen	=	26,4	mg/L
OW172100	2025-02-18	     69396	14:01:08	Ag o	Zilver	<	0,05	µg/L
OW172100	2025-02-18	     69396	14:01:08	Ag t	Zilver	<	0,1	µg/L
OW172100	2025-02-18	     69396	14:01:08	Al o	Aluminium	<	150	µg/L
OW172100	2025-02-18	     69396	14:01:08	As o	Arseen	=	0,94	µg/L
OW172100	2025-02-18	     69396	14:01:08	As t	Arseen	=	1,83	µg/L
OW172100	2025-02-18	     69396	14:01:08	B o	Boor	=	67	µg/L
OW172100	2025-02-18	     69396	14:01:08	B t	Boor	=	60	µg/L
OW172100	2025-02-18	     69396	14:01:08	Ba o	Barium	=	34	µg/L
OW172100	2025-02-18	     69396	14:01:08	Ba t	Barium	=	47	µg/L
OW172100	2025-02-18	     69396	14:01:08	Be o	Beryllium	<	0,11	µg/L
OW172100	2025-02-18	     69396	14:01:08	Be t	Beryllium	<	0,15	µg/L
OW172100	2025-02-18	     69396	14:01:08	BZV5	Biochemisch zuurstofverbruik na 5d.	<	2	mgO2/L
OW172100	2025-02-18	     69396	14:01:08	Ca o	Calcium	=	136000	µg/L
OW172100	2025-02-18	     69396	14:01:08	Cd o	Cadmium	<	0,05	µg/L
OW172100	2025-02-18	     69396	14:01:08	Cd t	Cadmium	=	0,265	µg/L
OW172100	2025-02-18	     69396	14:01:08	Cl-	Chloride	=	51	mg/L
OW172100	2025-02-18	     69396	14:01:08	Co o	Kobalt	=	0,41	µg/L
OW172100	2025-02-18	     69396	14:01:08	Co t	Kobalt	=	1,05	µg/L
OW172100	2025-02-18	     69396	14:01:08	Cr o	Chroom	<	1,5	µg/L
OW172100	2025-02-18	     69396	14:01:08	Cr t	Chroom	=	5,6	µg/L
OW172100	2025-02-18	     69396	14:01:08	Cu o	Koper	<	2	µg/L
OW172100	2025-02-18	     69396	14:01:08	Cu t	Koper	=	5,2	µg/L
OW172100	2025-02-18	     69396	14:01:08	CZV	Chemisch zuurstofverbruik	=	10,1	mgO2/L
OW172100	2025-02-18	     69396	14:01:08	DOC	Koolstof	=	4,81	mgC/L
OW172100	2025-02-18	     69396	14:01:08	EC 20	Geleidbaarheid (20°C)	=	802	µS/cm
OW172100	2025-02-18	     69396	14:01:08	EC 25	Geleidbaarheid (25°C)	=	878,591	µS/cm
OW172100	2025-02-18	     69396	14:01:08	Fe o	Ijzer	<	25	µg/L
OW172100	2025-02-18	     69396	14:01:08	Fe t	Ijzer	=	2060	µg/L
OW172100	2025-02-18	     69396	14:01:08	H t	Hardheid	=	39,375000000000000043	°F
OW172100	2025-02-18	     69396	14:01:08	Hg o	Kwik	<	0,025	µg/L
OW172100	2025-02-18	     69396	14:01:08	Hg t	Kwik	<	0,025	µg/L
OW172100	2025-02-18	     69396	14:01:08	K o	Kalium	=	9100	µg/L
OW172100	2025-02-18	     69396	14:01:08	KjN	Kjeldahlstikstof	=	0,631	mgN/L
OW172100	2025-02-18	     69396	14:01:08	Mg o	Magnesium	=	12900	µg/L
OW172100	2025-02-18	     69396	14:01:08	Mn o	Mangaan	=	94	µg/L
OW172100	2025-02-18	     69396	14:01:08	Mn t	Mangaan	=	162	µg/L
OW172100	2025-02-18	     69396	14:01:08	Mo o	Molybdeen	<	1,5	µg/L
OW172100	2025-02-18	     69396	14:01:08	Mo t	Molybdeen	<	2,5	µg/L
OW172100	2025-02-18	     69396	14:01:08	N t	Stikstof	=	6,9	mgN/L
OW172100	2025-02-18	     69396	14:01:08	N+N	Nitraat+nitriet	=	6,269	mgN/L
OW172100	2025-02-18	     69396	14:01:08	N+N+N	Nitraat+nitriet+ammonium	=	6,752	mgN/L
OW172100	2025-02-18	     69396	14:01:08	Na o	Natrium	=	32300	µg/L
OW172100	2025-02-18	     69396	14:01:08	NH4+	Ammonium	=	0,483	mgN/L
OW172100	2025-02-18	     69396	14:01:08	Ni o	Nikkel	<	3,2	µg/L
OW172100	2025-02-18	     69396	14:01:08	Ni t	Nikkel	=	4,2	µg/L
OW172100	2025-02-18	     69396	14:01:08	NO2-	Nitriet	=	0,069	mgN/L
OW172100	2025-02-18	     69396	14:01:08	NO3-	Nitraat	=	6,2	mgN/L
OW172100	2025-02-18	     69396	14:01:08	O2	Zuurstof	=	12,39	mg/L
OW172100	2025-02-18	     69396	14:01:08	O2 verz	Zuurstof	=	95,8	%
OW172100	2025-02-18	     69396	14:01:08	oPO4 f	Orthofosfaat	=	0,159	mgP/L
OW172100	2025-02-18	     69396	14:01:08	P t	Fosfor	=	0,37	mgP/L
OW172100	2025-02-18	     69396	14:01:08	Pb o	Lood	<	1,5	µg/L
OW172100	2025-02-18	     69396	14:01:08	Pb t	Lood	=	4,8	µg/L
OW172100	2025-02-18	     69396	14:01:08	pH	pH	=	7,85	-
OW172100	2025-02-18	     69396	14:01:08	Sb o	Antimoon	<	1,5	µg/L
OW172100	2025-02-18	     69396	14:01:08	Sb t	Antimoon	<	1,5	µg/L
OW172100	2025-02-18	     69396	14:01:08	Se o	Seleen	<	1,5	µg/L
OW172100	2025-02-18	     69396	14:01:08	Se t	Seleen	<	1,5	µg/L
OW172100	2025-02-18	     69396	14:01:08	SiO2 o	Silicaat	=	14,7	mgSiO2/L
OW172100	2025-02-18	     69396	14:01:08	Sn o	Tin	<	1,5	µg/L
OW172100	2025-02-18	     69396	14:01:08	Sn t	Tin	<	1,5	µg/L
OW172100	2025-02-18	     69396	14:01:08	SO4=	Sulfaat	=	92	mg/L
OW172100	2025-02-18	     69396	14:01:08	T	Temperatuur	=	5,1	°C
OW172100	2025-02-18	     69396	14:01:08	Te o	Telluur	<	2,5	µg/L
OW172100	2025-02-18	     69396	14:01:08	Te t	Telluur	<	2,5	µg/L
OW172100	2025-02-18	     69396	14:01:08	Ti o	Titaan	<	2	µg/L
OW172100	2025-02-18	     69396	14:01:08	Ti t	Titaan	=	30	µg/L
OW172100	2025-02-18	     69396	14:01:08	Tl o	Thallium	<	0,1	µg/L
OW172100	2025-02-18	     69396	14:01:08	Tl t	Thallium	<	0,1	µg/L
OW172100	2025-02-18	     69396	14:01:08	U o	Uranium	=	1,81	µg/L
OW172100	2025-02-18	     69396	14:01:08	U t	Uranium	=	1,87	µg/L
OW172100	2025-02-18	     69396	14:01:08	V o	Vanadium	<	1,5	µg/L
OW172100	2025-02-18	     69396	14:01:08	V t	Vanadium	=	5	µg/L
OW172100	2025-02-18	     69396	14:01:08	Zn o	Zink	<	11	µg/L
OW172100	2025-02-18	     69396	14:01:08	Zn t	Zink	=	43,7	µg/L
OW172100	2025-02-18	     69396	14:01:08	ZS	Zwevende stoffen	=	41	mg/L
OW172100	2025-03-11	     75618	13:44:17	Ag o	Zilver	<	0,05	µg/L
OW172100	2025-03-11	     75618	13:44:17	Ag t	Zilver	<	0,05	µg/L
OW172100	2025-03-11	     75618	13:44:17	Al o	Aluminium	<	150	µg/L
OW172100	2025-03-11	     75618	13:44:17	As o	Arseen	=	0,95	µg/L
OW172100	2025-03-11	     75618	13:44:17	As t	Arseen	=	1,48	µg/L
OW172100	2025-03-11	     75618	13:44:17	B o	Boor	=	69	µg/L
OW172100	2025-03-11	     75618	13:44:17	B t	Boor	=	72	µg/L
OW172100	2025-03-11	     75618	13:44:17	Ba o	Barium	=	37	µg/L
OW172100	2025-03-11	     75618	13:44:17	Ba t	Barium	=	44	µg/L
OW172100	2025-03-11	     75618	13:44:17	Be o	Beryllium	<	0,11	µg/L
OW172100	2025-03-11	     75618	13:44:17	Be t	Beryllium	<	0,15	µg/L
OW172100	2025-03-11	     75618	13:44:17	BZV5	Biochemisch zuurstofverbruik na 5d.	=	3,1	mgO2/L
OW172100	2025-03-11	     75618	13:44:17	Ca o	Calcium	=	144000	µg/L
OW172100	2025-03-11	     75618	13:44:17	Cd o	Cadmium	<	0,05	µg/L
OW172100	2025-03-11	     75618	13:44:17	Cd t	Cadmium	<	0,2	µg/L
OW172100	2025-03-11	     75618	13:44:17	Cl-	Chloride	=	56	mg/L
OW172100	2025-03-11	     75618	13:44:17	Co o	Kobalt	=	0,35	µg/L
OW172100	2025-03-11	     75618	13:44:17	Co t	Kobalt	=	0,7	µg/L
OW172100	2025-03-11	     75618	13:44:17	Cr o	Chroom	<	1,5	µg/L
OW172100	2025-03-11	     75618	13:44:17	Cr t	Chroom	=	3,2	µg/L
OW172100	2025-03-11	     75618	13:44:17	Cu o	Koper	<	2	µg/L
OW172100	2025-03-11	     75618	13:44:17	Cu t	Koper	<	4	µg/L
OW172100	2025-03-11	     75618	13:44:17	CZV	Chemisch zuurstofverbruik	=	11,8	mgO2/L
OW172100	2025-03-11	     75618	13:44:17	DOC	Koolstof	=	4,36	mgC/L
OW172100	2025-03-11	     75618	13:44:17	EC 20	Geleidbaarheid (20°C)	=	852	µS/cm
OW172100	2025-03-11	     75618	13:44:17	EC 25	Geleidbaarheid (25°C)	=	933,366	µS/cm
OW172100	2025-03-11	     75618	13:44:17	Fe o	Ijzer	<	12,5	µg/L
OW172100	2025-03-11	     75618	13:44:17	Fe t	Ijzer	=	990	µg/L
OW172100	2025-03-11	     75618	13:44:17	H t	Hardheid	=	41,666666666666666712	°F
OW172100	2025-03-11	     75618	13:44:17	Hg o	Kwik	<	0,025	µg/L
OW172100	2025-03-11	     75618	13:44:17	Hg t	Kwik	<	0,025	µg/L
OW172100	2025-03-11	     75618	13:44:17	K o	Kalium	=	10300	µg/L
OW172100	2025-03-11	     75618	13:44:17	KjN	Kjeldahlstikstof	<	0,22	mgN/L
OW172100	2025-03-11	     75618	13:44:17	Mg o	Magnesium	=	13600	µg/L
OW172100	2025-03-11	     75618	13:44:17	Mn o	Mangaan	=	51	µg/L
OW172100	2025-03-11	     75618	13:44:17	Mn t	Mangaan	=	109	µg/L
OW172100	2025-03-11	     75618	13:44:17	Mo o	Molybdeen	<	1,5	µg/L
OW172100	2025-03-11	     75618	13:44:17	Mo t	Molybdeen	<	2,5	µg/L
OW172100	2025-03-11	     75618	13:44:17	N t	Stikstof	=	6,9	mgN/L
OW172100	2025-03-11	     75618	13:44:17	N+N	Nitraat+nitriet	=	6,687	mgN/L
OW172100	2025-03-11	     75618	13:44:17	N+N+N	Nitraat+nitriet+ammonium	=	7,073	mgN/L
OW172100	2025-03-11	     75618	13:44:17	Na o	Natrium	=	38000	µg/L
OW172100	2025-03-11	     75618	13:44:17	NH4+	Ammonium	=	0,386	mgN/L
OW172100	2025-03-11	     75618	13:44:17	Ni o	Nikkel	<	3,2	µg/L
OW172100	2025-03-11	     75618	13:44:17	Ni t	Nikkel	=	3,5	µg/L
OW172100	2025-03-11	     75618	13:44:17	NO2-	Nitriet	=	0,087	mgN/L
OW172100	2025-03-11	     75618	13:44:17	NO3-	Nitraat	=	6,6	mgN/L
OW172100	2025-03-11	     75618	13:44:17	O2	Zuurstof	=	11,19	mg/L
OW172100	2025-03-11	     75618	13:44:17	O2 verz	Zuurstof	=	98,9	%
OW172100	2025-03-11	     75618	13:44:17	oPO4 f	Orthofosfaat	=	0,14	mgP/L
OW172100	2025-03-11	     75618	13:44:17	P t	Fosfor	=	0,294	mgP/L
OW172100	2025-03-11	     75618	13:44:17	Pb o	Lood	<	1,5	µg/L
OW172100	2025-03-11	     75618	13:44:17	Pb t	Lood	=	2,85	µg/L
OW172100	2025-03-11	     75618	13:44:17	pH	pH	=	7,98	-
OW172100	2025-03-11	     75618	13:44:17	Sb o	Antimoon	<	1,5	µg/L
OW172100	2025-03-11	     75618	13:44:17	Sb t	Antimoon	<	1,5	µg/L
OW172100	2025-03-11	     75618	13:44:17	Se o	Seleen	<	1,5	µg/L
OW172100	2025-03-11	     75618	13:44:17	Se t	Seleen	<	1,5	µg/L
OW172100	2025-03-11	     75618	13:44:17	SiO2 o	Silicaat	=	13,6	mgSiO2/L
OW172100	2025-03-11	     75618	13:44:17	Sn o	Tin	<	1,5	µg/L
OW172100	2025-03-11	     75618	13:44:17	Sn t	Tin	<	1,5	µg/L
OW172100	2025-03-11	     75618	13:44:17	SO4=	Sulfaat	=	93	mg/L
OW172100	2025-03-11	     75618	13:44:17	T	Temperatuur	=	9,5	°C
OW172100	2025-03-11	     75618	13:44:17	Te o	Telluur	<	2,5	µg/L
OW172100	2025-03-11	     75618	13:44:17	Te t	Telluur	<	2,5	µg/L
OW172100	2025-03-11	     75618	13:44:17	Ti o	Titaan	<	2	µg/L
OW172100	2025-03-11	     75618	13:44:17	Ti t	Titaan	=	13,3	µg/L
OW172100	2025-03-11	     75618	13:44:17	Tl o	Thallium	<	0,1	µg/L
OW172100	2025-03-11	     75618	13:44:17	Tl t	Thallium	<	0,1	µg/L
OW172100	2025-03-11	     75618	13:44:17	U o	Uranium	=	1,61	µg/L
OW172100	2025-03-11	     75618	13:44:17	U t	Uranium	=	1,72	µg/L
OW172100	2025-03-11	     75618	13:44:17	V o	Vanadium	<	1,5	µg/L
OW172100	2025-03-11	     75618	13:44:17	V t	Vanadium	=	3,7	µg/L
OW172100	2025-03-11	     75618	13:44:17	Zn o	Zink	<	11	µg/L
OW172100	2025-03-11	     75618	13:44:17	Zn t	Zink	=	24,9	µg/L
OW172100	2025-03-11	     75618	13:44:17	ZS	Zwevende stoffen	=	24,6	mg/L
OW172100	2025-04-08	     80038	14:02:42	Ag o	Zilver	<	0,05	µg/L
OW172100	2025-04-08	     80038	14:02:42	Ag t	Zilver	<	0,05	µg/L
OW172100	2025-04-08	     80038	14:02:42	Al o	Aluminium	<	150	µg/L
OW172100	2025-04-08	     80038	14:02:42	As o	Arseen	=	1,05	µg/L
OW172100	2025-04-08	     80038	14:02:42	As t	Arseen	=	1,63	µg/L
OW172100	2025-04-08	     80038	14:02:42	B o	Boor	=	69	µg/L
OW172100	2025-04-08	     80038	14:02:42	B t	Boor	=	72	µg/L
OW172100	2025-04-08	     80038	14:02:42	Ba o	Barium	=	36	µg/L
OW172100	2025-04-08	     80038	14:02:42	Ba t	Barium	=	46	µg/L
OW172100	2025-04-08	     80038	14:02:42	Be o	Beryllium	<	0,11	µg/L
OW172100	2025-04-08	     80038	14:02:42	Be t	Beryllium	<	0,15	µg/L
OW172100	2025-04-08	     80038	14:02:42	BZV5	Biochemisch zuurstofverbruik na 5d.	=	4,3	mgO2/L
OW172100	2025-04-08	     80038	14:02:42	Ca o	Calcium	=	138000	µg/L
OW172100	2025-04-08	     80038	14:02:42	Cd o	Cadmium	<	0,05	µg/L
OW172100	2025-04-08	     80038	14:02:42	Cd t	Cadmium	<	0,2	µg/L
OW172100	2025-04-08	     80038	14:02:42	Cl-	Chloride	=	66	mg/L
OW172100	2025-04-08	     80038	14:02:42	Clfyl a	Chlorofyl a	=	105	µg/L
OW172100	2025-04-08	     80038	14:02:42	Co o	Kobalt	=	0,29	µg/L
OW172100	2025-04-08	     80038	14:02:42	Co t	Kobalt	=	0,89	µg/L
OW172100	2025-04-08	     80038	14:02:42	Cr o	Chroom	<	1,5	µg/L
OW172100	2025-04-08	     80038	14:02:42	Cr t	Chroom	=	7,3	µg/L
OW172100	2025-04-08	     80038	14:02:42	Cu o	Koper	<	2	µg/L
OW172100	2025-04-08	     80038	14:02:42	Cu t	Koper	<	4	µg/L
OW172100	2025-04-08	     80038	14:02:42	CZV	Chemisch zuurstofverbruik	=	12,4	mgO2/L
OW172100	2025-04-08	     80038	14:02:42	DOC	Koolstof	=	4,13	mgC/L
OW172100	2025-04-08	     80038	14:02:42	EC 20	Geleidbaarheid (20°C)	=	837	µS/cm
OW172100	2025-04-08	     80038	14:02:42	EC 25	Geleidbaarheid (25°C)	=	916,9335	µS/cm
OW172100	2025-04-08	     80038	14:02:42	Fe o	Ijzer	<	12,5	µg/L
OW172100	2025-04-08	     80038	14:02:42	Fe t	Ijzer	=	1230	µg/L
OW172100	2025-04-08	     80038	14:02:42	Feofyt a	Feofytine a	=	27	µg/L
OW172100	2025-04-08	     80038	14:02:42	H t	Hardheid	=	40,000000000000000044	°F
OW172100	2025-04-08	     80038	14:02:42	Hg o	Kwik	<	0,025	µg/L
OW172100	2025-04-08	     80038	14:02:42	Hg t	Kwik	<	0,025	µg/L
OW172100	2025-04-08	     80038	14:02:42	K o	Kalium	=	10400	µg/L
OW172100	2025-04-08	     80038	14:02:42	KjN	Kjeldahlstikstof	=	1,018	mgN/L
OW172100	2025-04-08	     80038	14:02:42	Mg o	Magnesium	=	13200	µg/L
OW172100	2025-04-08	     80038	14:02:42	Mn o	Mangaan	=	5,2	µg/L
OW172100	2025-04-08	     80038	14:02:42	Mn t	Mangaan	=	111	µg/L
OW172100	2025-04-08	     80038	14:02:42	Mo o	Molybdeen	<	1,5	µg/L
OW172100	2025-04-08	     80038	14:02:42	Mo t	Molybdeen	<	2,5	µg/L
OW172100	2025-04-08	     80038	14:02:42	N t	Stikstof	=	7,2	mgN/L
OW172100	2025-04-08	     80038	14:02:42	N+N	Nitraat+nitriet	=	6,182	mgN/L
OW172100	2025-04-08	     80038	14:02:42	N+N+N	Nitraat+nitriet+ammonium	<	6,242	mgN/L
OW172100	2025-04-08	     80038	14:02:42	Na o	Natrium	=	41000	µg/L
OW172100	2025-04-08	     80038	14:02:42	NH4+	Ammonium	<	0,06	mgN/L
OW172100	2025-04-08	     80038	14:02:42	Ni o	Nikkel	<	3,2	µg/L
OW172100	2025-04-08	     80038	14:02:42	Ni t	Nikkel	=	5	µg/L
OW172100	2025-04-08	     80038	14:02:42	NO2-	Nitriet	=	0,082	mgN/L
OW172100	2025-04-08	     80038	14:02:42	NO3-	Nitraat	=	6,1	mgN/L
OW172100	2025-04-08	     80038	14:02:42	O2	Zuurstof	=	12,74	mg/L
OW172100	2025-04-08	     80038	14:02:42	O2 verz	Zuurstof	=	123,4	%
OW172100	2025-04-08	     80038	14:02:42	oPO4 f	Orthofosfaat	=	0,092	mgP/L
OW172100	2025-04-08	     80038	14:02:42	P t	Fosfor	=	0,33	mgP/L
OW172100	2025-04-08	     80038	14:02:42	Pb o	Lood	<	1,5	µg/L
OW172100	2025-04-08	     80038	14:02:42	Pb t	Lood	=	5,2	µg/L
OW172100	2025-04-08	     80038	14:02:42	pH	pH	=	8,37	-
OW172100	2025-04-08	     80038	14:02:42	Sb o	Antimoon	<	1,5	µg/L
OW172100	2025-04-08	     80038	14:02:42	Sb t	Antimoon	<	1,5	µg/L
OW172100	2025-04-08	     80038	14:02:42	Se o	Seleen	<	1,5	µg/L
OW172100	2025-04-08	     80038	14:02:42	Se t	Seleen	<	1,5	µg/L
OW172100	2025-04-08	     80038	14:02:42	Secchi	Doorzichtigheid	=	40	cm
OW172100	2025-04-08	     80038	14:02:42	SiO2 o	Silicaat	=	7,2	mgSiO2/L
OW172100	2025-04-08	     80038	14:02:42	Sn o	Tin	<	1,5	µg/L
OW172100	2025-04-08	     80038	14:02:42	Sn t	Tin	<	1,5	µg/L
OW172100	2025-04-08	     80038	14:02:42	SO4=	Sulfaat	=	85	mg/L
OW172100	2025-04-08	     80038	14:02:42	T	Temperatuur	=	14,2	°C
OW172100	2025-04-08	     80038	14:02:42	Te o	Telluur	<	2,5	µg/L
OW172100	2025-04-08	     80038	14:02:42	Te t	Telluur	<	2,5	µg/L
OW172100	2025-04-08	     80038	14:02:42	Ti o	Titaan	<	2	µg/L
OW172100	2025-04-08	     80038	14:02:42	Ti t	Titaan	=	19	µg/L
OW172100	2025-04-08	     80038	14:02:42	Tl o	Thallium	<	0,1	µg/L
OW172100	2025-04-08	     80038	14:02:42	Tl t	Thallium	<	0,1	µg/L
OW172100	2025-04-08	     80038	14:02:42	U o	Uranium	=	1,37	µg/L
OW172100	2025-04-08	     80038	14:02:42	U t	Uranium	=	1,43	µg/L
OW172100	2025-04-08	     80038	14:02:42	V o	Vanadium	<	1,5	µg/L
OW172100	2025-04-08	     80038	14:02:42	V t	Vanadium	=	3,7	µg/L
OW172100	2025-04-08	     80038	14:02:42	Zn o	Zink	<	11	µg/L
OW172100	2025-04-08	     80038	14:02:42	Zn t	Zink	=	26,2	µg/L
OW172100	2025-04-08	     80038	14:02:42	ZS	Zwevende stoffen	=	43	mg/L
OW172100	2025-05-06	     86387	13:59:29	Ag o	Zilver	<	0,05	µg/L
OW172100	2025-05-06	     86387	13:59:29	Ag t	Zilver	<	0,05	µg/L
OW172100	2025-05-06	     86387	13:59:29	Al o	Aluminium	<	150	µg/L
OW172100	2025-05-06	     86387	13:59:29	As o	Arseen	=	1,15	µg/L
OW172100	2025-05-06	     86387	13:59:29	As t	Arseen	=	1,68	µg/L
OW172100	2025-05-06	     86387	13:59:29	B o	Boor	=	68	µg/L
OW172100	2025-05-06	     86387	13:59:29	B t	Boor	=	70	µg/L
OW172100	2025-05-06	     86387	13:59:29	Ba o	Barium	=	34	µg/L
OW172100	2025-05-06	     86387	13:59:29	Ba t	Barium	=	43	µg/L
OW172100	2025-05-06	     86387	13:59:29	Be o	Beryllium	<	0,11	µg/L
OW172100	2025-05-06	     86387	13:59:29	Be t	Beryllium	<	0,15	µg/L
OW172100	2025-05-06	     86387	13:59:29	BZV5	Biochemisch zuurstofverbruik na 5d.	=	2,3	mgO2/L
OW172100	2025-05-06	     86387	13:59:29	Ca o	Calcium	=	132000	µg/L
OW172100	2025-05-06	     86387	13:59:29	Cd o	Cadmium	<	0,05	µg/L
OW172100	2025-05-06	     86387	13:59:29	Cd t	Cadmium	<	0,2	µg/L
OW172100	2025-05-06	     86387	13:59:29	Cl-	Chloride	=	69	mg/L
OW172100	2025-05-06	     86387	13:59:29	Clfyl a	Chlorofyl a	=	36	µg/L
OW172100	2025-05-06	     86387	13:59:29	Co o	Kobalt	=	0,235	µg/L
OW172100	2025-05-06	     86387	13:59:29	Co t	Kobalt	=	0,68	µg/L
OW172100	2025-05-06	     86387	13:59:29	Cr o	Chroom	<	1,5	µg/L
OW172100	2025-05-06	     86387	13:59:29	Cr t	Chroom	=	4,4	µg/L
OW172100	2025-05-06	     86387	13:59:29	Cu o	Koper	<	2	µg/L
OW172100	2025-05-06	     86387	13:59:29	Cu t	Koper	=	4,3	µg/L
OW172100	2025-05-06	     86387	13:59:29	CZV	Chemisch zuurstofverbruik	=	10,2	mgO2/L
OW172100	2025-05-06	     86387	13:59:29	DOC	Koolstof	=	4,99	mgC/L
OW172100	2025-05-06	     86387	13:59:29	EC 20	Geleidbaarheid (20°C)	=	827	µS/cm
OW172100	2025-05-06	     86387	13:59:29	EC 25	Geleidbaarheid (25°C)	=	905,9785	µS/cm
OW172100	2025-05-06	     86387	13:59:29	Fe o	Ijzer	<	12,5	µg/L
OW172100	2025-05-06	     86387	13:59:29	Fe t	Ijzer	=	930	µg/L
OW172100	2025-05-06	     86387	13:59:29	Feofyt a	Feofytine a	=	21	µg/L
OW172100	2025-05-06	     86387	13:59:29	H t	Hardheid	=	38,375000000000000043	°F
OW172100	2025-05-06	     86387	13:59:29	Hg o	Kwik	<	0,025	µg/L
OW172100	2025-05-06	     86387	13:59:29	Hg t	Kwik	<	0,025	µg/L
OW172100	2025-05-06	     86387	13:59:29	K o	Kalium	=	11400	µg/L
OW172100	2025-05-06	     86387	13:59:29	KjN	Kjeldahlstikstof	<	0,44	mgN/L
OW172100	2025-05-06	     86387	13:59:29	Mg o	Magnesium	=	12900	µg/L
OW172100	2025-05-06	     86387	13:59:29	Mn o	Mangaan	=	9,2	µg/L
OW172100	2025-05-06	     86387	13:59:29	Mn t	Mangaan	=	102	µg/L
OW172100	2025-05-06	     86387	13:59:29	Mo o	Molybdeen	<	1,5	µg/L
OW172100	2025-05-06	     86387	13:59:29	Mo t	Molybdeen	<	2,5	µg/L
OW172100	2025-05-06	     86387	13:59:29	N t	Stikstof	=	6,7	mgN/L
OW172100	2025-05-06	     86387	13:59:29	N+N	Nitraat+nitriet	=	6,407	mgN/L
OW172100	2025-05-06	     86387	13:59:29	N+N+N	Nitraat+nitriet+ammonium	<	6,467	mgN/L
OW172100	2025-05-06	     86387	13:59:29	Na o	Natrium	=	42000	µg/L
OW172100	2025-05-06	     86387	13:59:29	NH4+	Ammonium	<	0,06	mgN/L
OW172100	2025-05-06	     86387	13:59:29	Ni o	Nikkel	<	3,2	µg/L
OW172100	2025-05-06	     86387	13:59:29	Ni t	Nikkel	=	3,29	µg/L
OW172100	2025-05-06	     86387	13:59:29	NO2-	Nitriet	=	0,107	mgN/L
OW172100	2025-05-06	     86387	13:59:29	NO3-	Nitraat	=	6,3	mgN/L
OW172100	2025-05-06	     86387	13:59:29	O2	Zuurstof	=	10,36	mg/L
OW172100	2025-05-06	     86387	13:59:29	O2 verz	Zuurstof	=	105,1	%
OW172100	2025-05-06	     86387	13:59:29	oPO4 f	Orthofosfaat	=	0,186	mgP/L
OW172100	2025-05-06	     86387	13:59:29	P t	Fosfor	=	0,311	mgP/L
OW172100	2025-05-06	     86387	13:59:29	Pb o	Lood	<	1,5	µg/L
OW172100	2025-05-06	     86387	13:59:29	Pb t	Lood	=	2,96	µg/L
OW172100	2025-05-06	     86387	13:59:29	pH	pH	=	8,07	-
OW172100	2025-05-06	     86387	13:59:29	Sb o	Antimoon	<	1,5	µg/L
OW172100	2025-05-06	     86387	13:59:29	Sb t	Antimoon	<	1,5	µg/L
OW172100	2025-05-06	     86387	13:59:29	Se o	Seleen	<	1,5	µg/L
OW172100	2025-05-06	     86387	13:59:29	Se t	Seleen	<	1,5	µg/L
OW172100	2025-05-06	     86387	13:59:29	Secchi	Doorzichtigheid	=	60	cm
OW172100	2025-05-06	     86387	13:59:29	SiO2 o	Silicaat	=	8,5	mgSiO2/L
OW172100	2025-05-06	     86387	13:59:29	Sn o	Tin	<	1,5	µg/L
OW172100	2025-05-06	     86387	13:59:29	Sn t	Tin	<	1,5	µg/L
OW172100	2025-05-06	     86387	13:59:29	SO4=	Sulfaat	=	87	mg/L
OW172100	2025-05-06	     86387	13:59:29	T	Temperatuur	=	16,7	°C
OW172100	2025-05-06	     86387	13:59:29	Te o	Telluur	<	2,5	µg/L
OW172100	2025-05-06	     86387	13:59:29	Te t	Telluur	<	2,5	µg/L
OW172100	2025-05-06	     86387	13:59:29	Ti o	Titaan	<	2	µg/L
OW172100	2025-05-06	     86387	13:59:29	Ti t	Titaan	=	14,3	µg/L
OW172100	2025-05-06	     86387	13:59:29	Tl o	Thallium	<	0,1	µg/L
OW172100	2025-05-06	     86387	13:59:29	Tl t	Thallium	<	0,1	µg/L
OW172100	2025-05-06	     86387	13:59:29	U o	Uranium	=	1,16	µg/L
OW172100	2025-05-06	     86387	13:59:29	U t	Uranium	=	1,22	µg/L
OW172100	2025-05-06	     86387	13:59:29	V o	Vanadium	<	1,5	µg/L
OW172100	2025-05-06	     86387	13:59:29	V t	Vanadium	=	3,6	µg/L
OW172100	2025-05-06	     86387	13:59:29	Zn o	Zink	<	11	µg/L
OW172100	2025-05-06	     86387	13:59:29	Zn t	Zink	=	20,5	µg/L
OW172100	2025-05-06	     86387	13:59:29	ZS	Zwevende stoffen	=	39	mg/L
OW172100	2025-06-02	     99442	11:04:23	EC 20	Geleidbaarheid (20°C)	=	807	µS/cm
OW172100	2025-06-02	     99442	11:04:23	EC 25	Geleidbaarheid (25°C)	=	884,0685	µS/cm
OW172100	2025-06-02	     99442	11:04:23	O2	Zuurstof	=	5,99	mg/L
OW172100	2025-06-02	     99442	11:04:23	O2 verz	Zuurstof	=	64,1	%
OW172100	2025-06-02	     99442	11:04:23	pH	pH	=	7,73	-
OW172100	2025-06-02	     99442	11:04:23	T	Temperatuur	=	18,9	°C
OW172100	2025-06-03	     92423	00:00:00	Ag o	Zilver	<	0,05	µg/L
OW172100	2025-06-03	     92423	00:00:00	Ag t	Zilver	<	0,05	µg/L
OW172100	2025-06-03	     92423	00:00:00	Al o	Aluminium	<	150	µg/L
OW172100	2025-06-03	     92423	00:00:00	As o	Arseen	=	1,41	µg/L
OW172100	2025-06-03	     92423	00:00:00	As t	Arseen	=	1,81	µg/L
OW172100	2025-06-03	     92423	00:00:00	B o	Boor	=	63	µg/L
OW172100	2025-06-03	     92423	00:00:00	B t	Boor	=	64	µg/L
OW172100	2025-06-03	     92423	00:00:00	Ba o	Barium	=	33	µg/L
OW172100	2025-06-03	     92423	00:00:00	Ba t	Barium	=	40	µg/L
OW172100	2025-06-03	     92423	00:00:00	Be o	Beryllium	<	0,11	µg/L
OW172100	2025-06-03	     92423	00:00:00	Be t	Beryllium	<	0,15	µg/L
OW172100	2025-06-03	     92423	00:00:00	BZV5	Biochemisch zuurstofverbruik na 5d.	<	2	mgO2/L
OW172100	2025-06-03	     92423	00:00:00	Ca o	Calcium	=	124000	µg/L
OW172100	2025-06-03	     92423	00:00:00	Cd o	Cadmium	<	0,05	µg/L
OW172100	2025-06-03	     92423	00:00:00	Cd t	Cadmium	<	0,2	µg/L
OW172100	2025-06-03	     92423	00:00:00	Cl-	Chloride	=	72	mg/L
OW172100	2025-06-03	     92423	00:00:00	Clfyl a	Chlorofyl a	=	9,6	µg/L
OW172100	2025-06-03	     92423	00:00:00	Co o	Kobalt	=	0,28	µg/L
OW172100	2025-06-03	     92423	00:00:00	Co t	Kobalt	=	0,61	µg/L
OW172100	2025-06-03	     92423	00:00:00	Cr o	Chroom	<	1,5	µg/L
OW172100	2025-06-03	     92423	00:00:00	Cr t	Chroom	=	3,7	µg/L
OW172100	2025-06-03	     92423	00:00:00	Cu o	Koper	<	2	µg/L
OW172100	2025-06-03	     92423	00:00:00	Cu t	Koper	<	4	µg/L
OW172100	2025-06-03	     92423	00:00:00	CZV	Chemisch zuurstofverbruik	=	7,8	mgO2/L
OW172100	2025-06-03	     92423	00:00:00	DOC	Koolstof	=	4,18	mgC/L
OW172100	2025-06-03	     92423	00:00:00	EC 20	Geleidbaarheid (20°C)	=	810	µS/cm
OW172100	2025-06-03	     92423	00:00:00	EC 25	Geleidbaarheid (25°C)	=	887,355	µS/cm
OW172100	2025-06-03	     92423	00:00:00	Fe o	Ijzer	<	12,5	µg/L
OW172100	2025-06-03	     92423	00:00:00	Fe t	Ijzer	=	750	µg/L
OW172100	2025-06-03	     92423	00:00:00	Feofyt a	Feofytine a	<	8,92	µg/L
OW172100	2025-06-03	     92423	00:00:00	H t	Hardheid	=	36,00000000000000004	°F
OW172100	2025-06-03	     92423	00:00:00	Hg o	Kwik	<	0,025	µg/L
OW172100	2025-06-03	     92423	00:00:00	Hg t	Kwik	<	0,025	µg/L
OW172100	2025-06-03	     92423	00:00:00	K o	Kalium	=	11300	µg/L
OW172100	2025-06-03	     92423	00:00:00	KjN	Kjeldahlstikstof	=	0,61	mgN/L
OW172100	2025-06-03	     92423	00:00:00	Mg o	Magnesium	=	12000	µg/L
OW172100	2025-06-03	     92423	00:00:00	Mn o	Mangaan	=	43	µg/L
OW172100	2025-06-03	     92423	00:00:00	Mn t	Mangaan	=	106	µg/L
OW172100	2025-06-03	     92423	00:00:00	Mo o	Molybdeen	<	3	µg/L
OW172100	2025-06-03	     92423	00:00:00	Mo t	Molybdeen	<	2,5	µg/L
OW172100	2025-06-03	     92423	00:00:00	N t	Stikstof	=	6,5	mgN/L
OW172100	2025-06-03	     92423	00:00:00	N+N	Nitraat+nitriet	=	5,89	mgN/L
OW172100	2025-06-03	     92423	00:00:00	N+N+N	Nitraat+nitriet+ammonium	=	6,113	mgN/L
OW172100	2025-06-03	     92423	00:00:00	Na o	Natrium	=	43000	µg/L
OW172100	2025-06-03	     92423	00:00:00	NH4+	Ammonium	=	0,223	mgN/L
OW172100	2025-06-03	     92423	00:00:00	Ni o	Nikkel	<	3,2	µg/L
OW172100	2025-06-03	     92423	00:00:00	Ni t	Nikkel	<	3,2	µg/L
OW172100	2025-06-03	     92423	00:00:00	NO2-	Nitriet	=	0,19	mgN/L
OW172100	2025-06-03	     92423	00:00:00	NO3-	Nitraat	=	5,7	mgN/L
OW172100	2025-06-03	     92423	00:00:00	O2	Zuurstof	=	7,85	mg/L
OW172100	2025-06-03	     92423	00:00:00	O2 verz	Zuurstof	=	85,9	%
OW172100	2025-06-03	     92423	00:00:00	oPO4 f	Orthofosfaat	=	0,254	mgP/L
OW172100	2025-06-03	     92423	00:00:00	P t	Fosfor	=	0,35	mgP/L
OW172100	2025-06-03	     92423	00:00:00	Pb o	Lood	<	1,5	µg/L
OW172100	2025-06-03	     92423	00:00:00	Pb t	Lood	<	2,5	µg/L
OW172100	2025-06-03	     92423	00:00:00	pH	pH	=	7,75	-
OW172100	2025-06-03	     92423	00:00:00	Sb o	Antimoon	<	1,5	µg/L
OW172100	2025-06-03	     92423	00:00:00	Sb t	Antimoon	<	1,5	µg/L
OW172100	2025-06-03	     92423	00:00:00	Se o	Seleen	<	1,5	µg/L
OW172100	2025-06-03	     92423	00:00:00	Se t	Seleen	<	1,5	µg/L
OW172100	2025-06-03	     92423	00:00:00	Secchi	Doorzichtigheid	=	70	cm
OW172100	2025-06-03	     92423	00:00:00	SiO2 o	Silicaat	=	2,43	mgSiO2/L
OW172100	2025-06-03	     92423	00:00:00	Sn o	Tin	<	1,5	µg/L
OW172100	2025-06-03	     92423	00:00:00	Sn t	Tin	<	1,5	µg/L
OW172100	2025-06-03	     92423	00:00:00	SO4=	Sulfaat	=	76	mg/L
OW172100	2025-06-03	     92423	00:00:00	T	Temperatuur	=	19,6	°C
OW172100	2025-06-03	     92423	00:00:00	Te o	Telluur	<	2,5	µg/L
OW172100	2025-06-03	     92423	00:00:00	Te t	Telluur	<	2,5	µg/L
OW172100	2025-06-03	     92423	00:00:00	Ti o	Titaan	<	2	µg/L
OW172100	2025-06-03	     92423	00:00:00	Ti t	Titaan	=	11,3	µg/L
OW172100	2025-06-03	     92423	00:00:00	Tl o	Thallium	<	0,1	µg/L
OW172100	2025-06-03	     92423	00:00:00	Tl t	Thallium	<	0,1	µg/L
OW172100	2025-06-03	     92423	00:00:00	U o	Uranium	=	1,07	µg/L
OW172100	2025-06-03	     92423	00:00:00	U t	Uranium	=	1,12	µg/L
OW172100	2025-06-03	     92423	00:00:00	V o	Vanadium	<	3	µg/L
OW172100	2025-06-03	     92423	00:00:00	V t	Vanadium	=	3,4	µg/L
OW172100	2025-06-03	     92423	00:00:00	Zn o	Zink	<	11	µg/L
OW172100	2025-06-03	     92423	00:00:00	Zn t	Zink	=	16,1	µg/L
OW172100	2025-06-03	     92423	00:00:00	ZS	Zwevende stoffen	=	20,2	mg/L
OW172100	2025-07-08	     98999	14:40:15	Ag o	Zilver	<	0,05	µg/L
OW172100	2025-07-08	     98999	14:40:15	Ag t	Zilver	<	0,05	µg/L
OW172100	2025-07-08	     98999	14:40:15	Al o	Aluminium	<	150	µg/L
OW172100	2025-07-08	     98999	14:40:15	As o	Arseen	=	1,75	µg/L
OW172100	2025-07-08	     98999	14:40:15	As t	Arseen	=	2,48	µg/L
OW172100	2025-07-08	     98999	14:40:15	B o	Boor	=	61	µg/L
OW172100	2025-07-08	     98999	14:40:15	B t	Boor	=	65	µg/L
OW172100	2025-07-08	     98999	14:40:15	Ba o	Barium	=	27	µg/L
OW172100	2025-07-08	     98999	14:40:15	Ba t	Barium	=	36	µg/L
OW172100	2025-07-08	     98999	14:40:15	Be o	Beryllium	<	0,11	µg/L
OW172100	2025-07-08	     98999	14:40:15	Be t	Beryllium	<	0,15	µg/L
OW172100	2025-07-08	     98999	14:40:15	BZV5	Biochemisch zuurstofverbruik na 5d.	=	2,9	mgO2/L
OW172100	2025-07-08	     98999	14:40:15	Ca o	Calcium	=	97000	µg/L
OW172100	2025-07-08	     98999	14:40:15	Cd o	Cadmium	<	0,05	µg/L
OW172100	2025-07-08	     98999	14:40:15	Cd t	Cadmium	<	0,2	µg/L
OW172100	2025-07-08	     98999	14:40:15	Cl-	Chloride	=	60	mg/L
OW172100	2025-07-08	     98999	14:40:15	Clfyl a	Chlorofyl a	=	47	µg/L
OW172100	2025-07-08	     98999	14:40:15	Co o	Kobalt	=	0,25	µg/L
OW172100	2025-07-08	     98999	14:40:15	Co t	Kobalt	=	0,8	µg/L
OW172100	2025-07-08	     98999	14:40:15	Cr o	Chroom	<	1,5	µg/L
OW172100	2025-07-08	     98999	14:40:15	Cr t	Chroom	=	4,7	µg/L
OW172100	2025-07-08	     98999	14:40:15	Cu o	Koper	<	2	µg/L
OW172100	2025-07-08	     98999	14:40:15	Cu t	Koper	=	4,5	µg/L
OW172100	2025-07-08	     98999	14:40:15	CZV	Chemisch zuurstofverbruik	=	14	mgO2/L
OW172100	2025-07-08	     98999	14:40:15	DOC	Koolstof	=	4,78	mgC/L
OW172100	2025-07-08	     98999	14:40:15	EC 20	Geleidbaarheid (20°C)	=	671	µS/cm
OW172100	2025-07-08	     98999	14:40:15	EC 25	Geleidbaarheid (25°C)	=	735,0805	µS/cm
OW172100	2025-07-08	     98999	14:40:15	Fe o	Ijzer	<	12,5	µg/L
OW172100	2025-07-08	     98999	14:40:15	Fe t	Ijzer	=	1130	µg/L
OW172100	2025-07-08	     98999	14:40:15	Feofyt a	Feofytine a	=	18	µg/L
OW172100	2025-07-08	     98999	14:40:15	H t	Hardheid	=	28,4166666666666667	°F
OW172100	2025-07-08	     98999	14:40:15	Hg o	Kwik	<	0,025	µg/L
OW172100	2025-07-08	     98999	14:40:15	Hg t	Kwik	<	0,025	µg/L
OW172100	2025-07-08	     98999	14:40:15	K o	Kalium	=	12200	µg/L
OW172100	2025-07-08	     98999	14:40:15	KjN	Kjeldahlstikstof	=	1,368	mgN/L
OW172100	2025-07-08	     98999	14:40:15	Mg o	Magnesium	=	10000	µg/L
OW172100	2025-07-08	     98999	14:40:15	Mn o	Mangaan	=	6,9	µg/L
OW172100	2025-07-08	     98999	14:40:15	Mn t	Mangaan	=	100	µg/L
OW172100	2025-07-08	     98999	14:40:15	Mo o	Molybdeen	<	3	µg/L
OW172100	2025-07-08	     98999	14:40:15	Mo t	Molybdeen	<	2,5	µg/L
OW172100	2025-07-08	     98999	14:40:15	N t	Stikstof	=	5	mgN/L
OW172100	2025-07-08	     98999	14:40:15	N+N	Nitraat+nitriet	=	3,632	mgN/L
OW172100	2025-07-08	     98999	14:40:15	N+N+N	Nitraat+nitriet+ammonium	=	3,81	mgN/L
OW172100	2025-07-08	     98999	14:40:15	Na o	Natrium	=	40000	µg/L
OW172100	2025-07-08	     98999	14:40:15	NH4+	Ammonium	=	0,178	mgN/L
OW172100	2025-07-08	     98999	14:40:15	Ni o	Nikkel	<	3,2	µg/L
OW172100	2025-07-08	     98999	14:40:15	Ni t	Nikkel	=	3,7	µg/L
OW172100	2025-07-08	     98999	14:40:15	NO2-	Nitriet	=	0,162	mgN/L
OW172100	2025-07-08	     98999	14:40:15	NO3-	Nitraat	=	3,47	mgN/L
OW172100	2025-07-08	     98999	14:40:15	O2	Zuurstof	=	6,95	mg/L
OW172100	2025-07-08	     98999	14:40:15	O2 verz	Zuurstof	=	78,1	%
OW172100	2025-07-08	     98999	14:40:15	oPO4 f	Orthofosfaat	=	0,312	mgP/L
OW172100	2025-07-08	     98999	14:40:15	P t	Fosfor	=	0,54	mgP/L
OW172100	2025-07-08	     98999	14:40:15	Pb o	Lood	<	1,5	µg/L
OW172100	2025-07-08	     98999	14:40:15	Pb t	Lood	=	3,1	µg/L
OW172100	2025-07-08	     98999	14:40:15	pH	pH	=	7,65	-
OW172100	2025-07-08	     98999	14:40:15	Sb o	Antimoon	<	1,5	µg/L
OW172100	2025-07-08	     98999	14:40:15	Sb t	Antimoon	<	1,5	µg/L
OW172100	2025-07-08	     98999	14:40:15	Se o	Seleen	<	0,75	µg/L
OW172100	2025-07-08	     98999	14:40:15	Se t	Seleen	<	1,5	µg/L
OW172100	2025-07-08	     98999	14:40:15	Secchi	Doorzichtigheid	=	30	cm
OW172100	2025-07-08	     98999	14:40:15	SiO2 o	Silicaat	=	3,73	mgSiO2/L
OW172100	2025-07-08	     98999	14:40:15	Sn o	Tin	<	1,5	µg/L
OW172100	2025-07-08	     98999	14:40:15	Sn t	Tin	<	1,5	µg/L
OW172100	2025-07-08	     98999	14:40:15	SO4=	Sulfaat	=	64	mg/L
OW172100	2025-07-08	     98999	14:40:15	T	Temperatuur	=	21,5	°C
OW172100	2025-07-08	     98999	14:40:15	Te o	Telluur	<	2,5	µg/L
OW172100	2025-07-08	     98999	14:40:15	Te t	Telluur	<	2,5	µg/L
OW172100	2025-07-08	     98999	14:40:15	Ti o	Titaan	<	2	µg/L
OW172100	2025-07-08	     98999	14:40:15	Ti t	Titaan	=	22	µg/L
OW172100	2025-07-08	     98999	14:40:15	Tl o	Thallium	<	0,1	µg/L
OW172100	2025-07-08	     98999	14:40:15	Tl t	Thallium	<	0,1	µg/L
OW172100	2025-07-08	     98999	14:40:15	U o	Uranium	=	0,75	µg/L
OW172100	2025-07-08	     98999	14:40:15	U t	Uranium	=	0,87	µg/L
OW172100	2025-07-08	     98999	14:40:15	V o	Vanadium	<	3	µg/L
OW172100	2025-07-08	     98999	14:40:15	V t	Vanadium	=	6,4	µg/L
OW172100	2025-07-08	     98999	14:40:15	Zn o	Zink	<	11	µg/L
OW172100	2025-07-08	     98999	14:40:15	Zn t	Zink	=	20,8	µg/L
OW172100	2025-07-08	     98999	14:40:15	ZS	Zwevende stoffen	=	39	mg/L
OW172100	2025-08-04	     99000	14:02:37	Ag o	Zilver	<	0,05	µg/L
OW172100	2025-08-04	     99000	14:02:37	Ag t	Zilver	<	0,05	µg/L
OW172100	2025-08-04	     99000	14:02:37	Al o	Aluminium	<	150	µg/L
OW172100	2025-08-04	     99000	14:02:37	As o	Arseen	=	1,53	µg/L
OW172100	2025-08-04	     99000	14:02:37	As t	Arseen	=	1,82	µg/L
OW172100	2025-08-04	     99000	14:02:37	B o	Boor	=	57	µg/L
OW172100	2025-08-04	     99000	14:02:37	B t	Boor	=	61	µg/L
OW172100	2025-08-04	     99000	14:02:37	Ba o	Barium	=	28	µg/L
OW172100	2025-08-04	     99000	14:02:37	Ba t	Barium	=	32	µg/L
OW172100	2025-08-04	     99000	14:02:37	Be o	Beryllium	<	0,11	µg/L
OW172100	2025-08-04	     99000	14:02:37	Be t	Beryllium	<	0,15	µg/L
OW172100	2025-08-04	     99000	14:02:37	BZV5	Biochemisch zuurstofverbruik na 5d.	=	3	mgO2/L
OW172100	2025-08-04	     99000	14:02:37	Ca o	Calcium	=	103000	µg/L
OW172100	2025-08-04	     99000	14:02:37	Cd o	Cadmium	<	0,05	µg/L
OW172100	2025-08-04	     99000	14:02:37	Cd t	Cadmium	<	0,1	µg/L
OW172100	2025-08-04	     99000	14:02:37	Cl-	Chloride	=	62	mg/L
OW172100	2025-08-04	     99000	14:02:37	Clfyl a	Chlorofyl a	=	82	µg/L
OW172100	2025-08-04	     99000	14:02:37	Co o	Kobalt	=	0,226	µg/L
OW172100	2025-08-04	     99000	14:02:37	Co t	Kobalt	=	0,39	µg/L
OW172100	2025-08-04	     99000	14:02:37	Cr o	Chroom	<	1,5	µg/L
OW172100	2025-08-04	     99000	14:02:37	Cr t	Chroom	<	3	µg/L
OW172100	2025-08-04	     99000	14:02:37	Cu o	Koper	<	2	µg/L
OW172100	2025-08-04	     99000	14:02:37	Cu t	Koper	<	4	µg/L
OW172100	2025-08-04	     99000	14:02:37	CZV	Chemisch zuurstofverbruik	=	13,1	mgO2/L
OW172100	2025-08-04	     99000	14:02:37	DOC	Koolstof	=	4,38	mgC/L
OW172100	2025-08-04	     99000	14:02:37	EC 20	Geleidbaarheid (20°C)	=	679	µS/cm
OW172100	2025-08-04	     99000	14:02:37	EC 25	Geleidbaarheid (25°C)	=	743,8445	µS/cm
OW172100	2025-08-04	     99000	14:02:37	Fe o	Ijzer	<	12,5	µg/L
OW172100	2025-08-04	     99000	14:02:37	Fe t	Ijzer	=	360	µg/L
OW172100	2025-08-04	     99000	14:02:37	Feofyt a	Feofytine a	=	13,1	µg/L
OW172100	2025-08-04	     99000	14:02:37	H t	Hardheid	=	30,000000000000000034	°F
OW172100	2025-08-04	     99000	14:02:37	Hg o	Kwik	<	0,025	µg/L
OW172100	2025-08-04	     99000	14:02:37	Hg t	Kwik	<	0,025	µg/L
OW172100	2025-08-04	     99000	14:02:37	K o	Kalium	=	10700	µg/L
OW172100	2025-08-04	     99000	14:02:37	KjN	Kjeldahlstikstof	=	1,066	mgN/L
OW172100	2025-08-04	     99000	14:02:37	Mg o	Magnesium	=	10200	µg/L
OW172100	2025-08-04	     99000	14:02:37	Mn o	Mangaan	<	3	µg/L
OW172100	2025-08-04	     99000	14:02:37	Mn t	Mangaan	=	54	µg/L
OW172100	2025-08-04	     99000	14:02:37	Mo o	Molybdeen	<	3	µg/L
OW172100	2025-08-04	     99000	14:02:37	Mo t	Molybdeen	<	2,5	µg/L
OW172100	2025-08-04	     99000	14:02:37	N t	Stikstof	=	4,5	mgN/L
OW172100	2025-08-04	     99000	14:02:37	N+N	Nitraat+nitriet	=	3,434	mgN/L
OW172100	2025-08-04	     99000	14:02:37	N+N+N	Nitraat+nitriet+ammonium	<	3,464	mgN/L
OW172100	2025-08-04	     99000	14:02:37	Na o	Natrium	=	41000	µg/L
OW172100	2025-08-04	     99000	14:02:37	NH4+	Ammonium	<	0,03	mgN/L
OW172100	2025-08-04	     99000	14:02:37	Ni o	Nikkel	<	3,2	µg/L
OW172100	2025-08-04	     99000	14:02:37	Ni t	Nikkel	<	3,2	µg/L
OW172100	2025-08-04	     99000	14:02:37	NO2-	Nitriet	=	0,094	mgN/L
OW172100	2025-08-04	     99000	14:02:37	NO3-	Nitraat	=	3,34	mgN/L
OW172100	2025-08-04	     99000	14:02:37	O2	Zuurstof	=	11,66	mg/L
OW172100	2025-08-04	     99000	14:02:37	O2 verz	Zuurstof	=	133,7	%
OW172100	2025-08-04	     99000	14:02:37	oPO4 f	Orthofosfaat	=	0,222	mgP/L
OW172100	2025-08-04	     99000	14:02:37	P t	Fosfor	=	0,37	mgP/L
OW172100	2025-08-04	     99000	14:02:37	Pb o	Lood	<	1,5	µg/L
OW172100	2025-08-04	     99000	14:02:37	Pb t	Lood	<	2,5	µg/L
OW172100	2025-08-04	     99000	14:02:37	pH	pH	=	8,29	-
OW172100	2025-08-04	     99000	14:02:37	Sb o	Antimoon	<	1,5	µg/L
OW172100	2025-08-04	     99000	14:02:37	Sb t	Antimoon	<	1,5	µg/L
OW172100	2025-08-04	     99000	14:02:37	Se o	Seleen	<	0,75	µg/L
OW172100	2025-08-04	     99000	14:02:37	Se t	Seleen	<	1,5	µg/L
OW172100	2025-08-04	     99000	14:02:37	Secchi	Doorzichtigheid	=	30	cm
OW172100	2025-08-04	     99000	14:02:37	SiO2 o	Silicaat	=	1,05	mgSiO2/L
OW172100	2025-08-04	     99000	14:02:37	Sn o	Tin	<	1,5	µg/L
OW172100	2025-08-04	     99000	14:02:37	Sn t	Tin	<	1,5	µg/L
OW172100	2025-08-04	     99000	14:02:37	SO4=	Sulfaat	=	68	mg/L
OW172100	2025-08-04	     99000	14:02:37	T	Temperatuur	=	22,6	°C
OW172100	2025-08-04	     99000	14:02:37	Te o	Telluur	<	2,5	µg/L
OW172100	2025-08-04	     99000	14:02:37	Te t	Telluur	<	2,5	µg/L
OW172100	2025-08-04	     99000	14:02:37	Ti o	Titaan	<	2	µg/L
OW172100	2025-08-04	     99000	14:02:37	Ti t	Titaan	=	5,2	µg/L
OW172100	2025-08-04	     99000	14:02:37	Tl o	Thallium	<	0,1	µg/L
OW172100	2025-08-04	     99000	14:02:37	Tl t	Thallium	<	0,1	µg/L
OW172100	2025-08-04	     99000	14:02:37	U o	Uranium	=	0,76	µg/L
OW172100	2025-08-04	     99000	14:02:37	U t	Uranium	=	0,84	µg/L
OW172100	2025-08-04	     99000	14:02:37	V o	Vanadium	<	3	µg/L
OW172100	2025-08-04	     99000	14:02:37	V t	Vanadium	=	3,4	µg/L
OW172100	2025-08-04	     99000	14:02:37	Zn o	Zink	<	11	µg/L
OW172100	2025-08-04	     99000	14:02:37	Zn t	Zink	<	15	µg/L
OW172100	2025-08-04	     99000	14:02:37	ZS	Zwevende stoffen	=	22,1	mg/L
OW172100	2025-09-09	    121174	15:03:20	Ag o	Zilver	<	0,05	µg/L
OW172100	2025-09-09	    121174	15:03:20	Ag t	Zilver	<	0,05	µg/L
OW172100	2025-09-09	    121174	15:03:20	Al o	Aluminium	<	150	µg/L
OW172100	2025-09-09	    121174	15:03:20	As o	Arseen	=	1,64	µg/L
OW172100	2025-09-09	    121174	15:03:20	As t	Arseen	=	2	µg/L
OW172100	2025-09-09	    121174	15:03:20	B o	Boor	=	79	µg/L
OW172100	2025-09-09	    121174	15:03:20	B t	Boor	=	77	µg/L
OW172100	2025-09-09	    121174	15:03:20	Ba o	Barium	=	35	µg/L
OW172100	2025-09-09	    121174	15:03:20	Ba t	Barium	=	40	µg/L
OW172100	2025-09-09	    121174	15:03:20	Be o	Beryllium	<	0,11	µg/L
OW172100	2025-09-09	    121174	15:03:20	Be t	Beryllium	<	0,15	µg/L
OW172100	2025-09-09	    121174	15:03:20	BZV5	Biochemisch zuurstofverbruik na 5d.	<	2	mgO2/L
OW172100	2025-09-09	    121174	15:03:20	Ca o	Calcium	=	120000	µg/L
OW172100	2025-09-09	    121174	15:03:20	Cd o	Cadmium	<	0,05	µg/L
OW172100	2025-09-09	    121174	15:03:20	Cd t	Cadmium	<	0,1	µg/L
OW172100	2025-09-09	    121174	15:03:20	Cl-	Chloride	=	89	mg/L
OW172100	2025-09-09	    121174	15:03:20	Clfyl a	Chlorofyl a	=	35	µg/L
OW172100	2025-09-09	    121174	15:03:20	Co o	Kobalt	=	0,31	µg/L
OW172100	2025-09-09	    121174	15:03:20	Co t	Kobalt	=	0,45	µg/L
OW172100	2025-09-09	    121174	15:03:20	Cr o	Chroom	<	1,5	µg/L
OW172100	2025-09-09	    121174	15:03:20	Cr t	Chroom	<	3	µg/L
OW172100	2025-09-09	    121174	15:03:20	Cu o	Koper	<	2	µg/L
OW172100	2025-09-09	    121174	15:03:20	Cu t	Koper	<	4	µg/L
OW172100	2025-09-09	    121174	15:03:20	CZV	Chemisch zuurstofverbruik	=	9,7	mgO2/L
OW172100	2025-09-09	    121174	15:03:20	DOC	Koolstof	=	4,42	mgC/L
OW172100	2025-09-09	    121174	15:03:20	EC 20	Geleidbaarheid (20°C)	=	854	µS/cm
OW172100	2025-09-09	    121174	15:03:20	EC 25	Geleidbaarheid (25°C)	=	935,557	µS/cm
OW172100	2025-09-09	    121174	15:03:20	Fe o	Ijzer	<	12,5	µg/L
OW172100	2025-09-09	    121174	15:03:20	Fe t	Ijzer	=	302	µg/L
OW172100	2025-09-09	    121174	15:03:20	Feofyt a	Feofytine a	<	8,92	µg/L
OW172100	2025-09-09	    121174	15:03:20	H t	Hardheid	=	35,458333333333333377	°F
OW172100	2025-09-09	    121174	15:03:20	Hg o	Kwik	<	0,025	µg/L
OW172100	2025-09-09	    121174	15:03:20	Hg t	Kwik	<	0,025	µg/L
OW172100	2025-09-09	    121174	15:03:20	K o	Kalium	=	15100	µg/L
OW172100	2025-09-09	    121174	15:03:20	KjN	Kjeldahlstikstof	=	0,832	mgN/L
OW172100	2025-09-09	    121174	15:03:20	Mg o	Magnesium	=	13100	µg/L
OW172100	2025-09-09	    121174	15:03:20	Mn o	Mangaan	<	3	µg/L
OW172100	2025-09-09	    121174	15:03:20	Mn t	Mangaan	=	34,3	µg/L
OW172100	2025-09-09	    121174	15:03:20	Mo o	Molybdeen	<	3	µg/L
OW172100	2025-09-09	    121174	15:03:20	Mo t	Molybdeen	<	2,5	µg/L
OW172100	2025-09-09	    121174	15:03:20	N t	Stikstof	=	4,56	mgN/L
OW172100	2025-09-09	    121174	15:03:20	N+N	Nitraat+nitriet	=	3,728	mgN/L
OW172100	2025-09-09	    121174	15:03:20	N+N+N	Nitraat+nitriet+ammonium	<	3,788	mgN/L
OW172100	2025-09-09	    121174	15:03:20	Na o	Natrium	=	58000	µg/L
OW172100	2025-09-09	    121174	15:03:20	NH4+	Ammonium	<	0,06	mgN/L
OW172100	2025-09-09	    121174	15:03:20	Ni o	Nikkel	<	3,2	µg/L
OW172100	2025-09-09	    121174	15:03:20	Ni t	Nikkel	<	3,2	µg/L
OW172100	2025-09-09	    121174	15:03:20	NO2-	Nitriet	=	0,068	mgN/L
OW172100	2025-09-09	    121174	15:03:20	NO3-	Nitraat	=	3,66	mgN/L
OW172100	2025-09-09	    121174	15:03:20	O2	Zuurstof	=	9,11	mg/L
OW172100	2025-09-09	    121174	15:03:20	O2 verz	Zuurstof	=	101,9	%
OW172100	2025-09-09	    121174	15:03:20	oPO4 f	Orthofosfaat	=	0,225	mgP/L
OW172100	2025-09-09	    121174	15:03:20	P t	Fosfor	=	0,321	mgP/L
OW172100	2025-09-09	    121174	15:03:20	Pb o	Lood	<	1,5	µg/L
OW172100	2025-09-09	    121174	15:03:20	Pb t	Lood	<	1,25	µg/L
OW172100	2025-09-09	    121174	15:03:20	pH	pH	=	8,23	-
OW172100	2025-09-09	    121174	15:03:20	Sb o	Antimoon	<	1,5	µg/L
OW172100	2025-09-09	    121174	15:03:20	Sb t	Antimoon	<	1,5	µg/L
OW172100	2025-09-09	    121174	15:03:20	Se o	Seleen	<	1,5	µg/L
OW172100	2025-09-09	    121174	15:03:20	Se t	Seleen	<	1,5	µg/L
OW172100	2025-09-09	    121174	15:03:20	Secchi	Doorzichtigheid	=	80	cm
OW172100	2025-09-09	    121174	15:03:20	SiO2 o	Silicaat	=	3,2	mgSiO2/L
OW172100	2025-09-09	    121174	15:03:20	Sn o	Tin	<	1,5	µg/L
OW172100	2025-09-09	    121174	15:03:20	Sn t	Tin	<	1,5	µg/L
OW172100	2025-09-09	    121174	15:03:20	SO4=	Sulfaat	=	87	mg/L
OW172100	2025-09-09	    121174	15:03:20	T	Temperatuur	=	20,9	°C
OW172100	2025-09-09	    121174	15:03:20	Te o	Telluur	<	2,5	µg/L
OW172100	2025-09-09	    121174	15:03:20	Te t	Telluur	<	2,5	µg/L
OW172100	2025-09-09	    121174	15:03:20	Ti o	Titaan	<	2	µg/L
OW172100	2025-09-09	    121174	15:03:20	Ti t	Titaan	=	6,3	µg/L
OW172100	2025-09-09	    121174	15:03:20	Tl o	Thallium	<	0,1	µg/L
OW172100	2025-09-09	    121174	15:03:20	Tl t	Thallium	<	0,1	µg/L
OW172100	2025-09-09	    121174	15:03:20	U o	Uranium	=	1,13	µg/L
OW172100	2025-09-09	    121174	15:03:20	U t	Uranium	=	1,16	µg/L
OW172100	2025-09-09	    121174	15:03:20	V o	Vanadium	<	3	µg/L
OW172100	2025-09-09	    121174	15:03:20	V t	Vanadium	=	4,3	µg/L
OW172100	2025-09-09	    121174	15:03:20	Zn o	Zink	<	11	µg/L
OW172100	2025-09-09	    121174	15:03:20	Zn t	Zink	<	15	µg/L
OW172100	2025-09-09	    121174	15:03:20	ZS	Zwevende stoffen	=	13,9	mg/L
OW172100	2025-10-14	    128414	13:44:52	Ag o	Zilver	<	0,05	µg/L
OW172100	2025-10-14	    128414	13:44:52	Ag t	Zilver	<	0,05	µg/L
OW172100	2025-10-14	    128414	13:44:52	Al o	Aluminium	<	150	µg/L
OW172100	2025-10-14	    128414	13:44:52	As o	Arseen	=	1,3	µg/L
OW172100	2025-10-14	    128414	13:44:52	As t	Arseen	=	1,73	µg/L
OW172100	2025-10-14	    128414	13:44:52	B o	Boor	=	77	µg/L
OW172100	2025-10-14	    128414	13:44:52	B t	Boor	=	80	µg/L
OW172100	2025-10-14	    128414	13:44:52	Ba o	Barium	=	33	µg/L
OW172100	2025-10-14	    128414	13:44:52	Ba t	Barium	=	38	µg/L
OW172100	2025-10-14	    128414	13:44:52	Be o	Beryllium	<	0,11	µg/L
OW172100	2025-10-14	    128414	13:44:52	Be t	Beryllium	<	0,15	µg/L
OW172100	2025-10-14	    128414	13:44:52	BZV5	Biochemisch zuurstofverbruik na 5d.	<	2	mgO2/L
OW172100	2025-10-14	    128414	13:44:52	Ca o	Calcium	=	117000	µg/L
OW172100	2025-10-14	    128414	13:44:52	Cd o	Cadmium	<	0,05	µg/L
OW172100	2025-10-14	    128414	13:44:52	Cd t	Cadmium	<	0,1	µg/L
OW172100	2025-10-14	    128414	13:44:52	Cl-	Chloride	=	89	mg/L
OW172100	2025-10-14	    128414	13:44:52	Co o	Kobalt	=	0,224	µg/L
OW172100	2025-10-14	    128414	13:44:52	Co t	Kobalt	=	0,49	µg/L
OW172100	2025-10-14	    128414	13:44:52	Cr o	Chroom	<	1,5	µg/L
OW172100	2025-10-14	    128414	13:44:52	Cr t	Chroom	=	3,4	µg/L
OW172100	2025-10-14	    128414	13:44:52	Cu o	Koper	<	2	µg/L
OW172100	2025-10-14	    128414	13:44:52	Cu t	Koper	<	4	µg/L
OW172100	2025-10-14	    128414	13:44:52	CZV	Chemisch zuurstofverbruik	=	7,9	mgO2/L
OW172100	2025-10-14	    128414	13:44:52	DOC	Koolstof	=	3,59	mgC/L
OW172100	2025-10-14	    128414	13:44:52	EC 20	Geleidbaarheid (20°C)	=	862	µS/cm
OW172100	2025-10-14	    128414	13:44:52	EC 25	Geleidbaarheid (25°C)	=	944,321	µS/cm
OW172100	2025-10-14	    128414	13:44:52	Fe o	Ijzer	<	12,5	µg/L
OW172100	2025-10-14	    128414	13:44:52	Fe t	Ijzer	=	590	µg/L
OW172100	2025-10-14	    128414	13:44:52	H t	Hardheid	=	34,500000000000000042	°F
OW172100	2025-10-14	    128414	13:44:52	Hg o	Kwik	<	0,025	µg/L
OW172100	2025-10-14	    128414	13:44:52	Hg t	Kwik	<	0,025	µg/L
OW172100	2025-10-14	    128414	13:44:52	K o	Kalium	=	14200	µg/L
OW172100	2025-10-14	    128414	13:44:52	KjN	Kjeldahlstikstof	<	0,44	mgN/L
OW172100	2025-10-14	    128414	13:44:52	Mg o	Magnesium	=	12600	µg/L
OW172100	2025-10-14	    128414	13:44:52	Mn o	Mangaan	=	9,6	µg/L
OW172100	2025-10-14	    128414	13:44:52	Mn t	Mangaan	=	52	µg/L
OW172100	2025-10-14	    128414	13:44:52	Mo o	Molybdeen	<	3	µg/L
OW172100	2025-10-14	    128414	13:44:52	Mo t	Molybdeen	<	3	µg/L
OW172100	2025-10-14	    128414	13:44:52	N t	Stikstof	=	6,1	mgN/L
OW172100	2025-10-14	    128414	13:44:52	N+N	Nitraat+nitriet	=	5,752	mgN/L
OW172100	2025-10-14	    128414	13:44:52	N+N+N	Nitraat+nitriet+ammonium	=	5,887	mgN/L
OW172100	2025-10-14	    128414	13:44:52	Na o	Natrium	=	60000	µg/L
OW172100	2025-10-14	    128414	13:44:52	NH4+	Ammonium	=	0,135	mgN/L
OW172100	2025-10-14	    128414	13:44:52	Ni o	Nikkel	<	3,2	µg/L
OW172100	2025-10-14	    128414	13:44:52	Ni t	Nikkel	<	3,2	µg/L
OW172100	2025-10-14	    128414	13:44:52	NO2-	Nitriet	=	0,152	mgN/L
OW172100	2025-10-14	    128414	13:44:52	NO3-	Nitraat	=	5,6	mgN/L
OW172100	2025-10-14	    128414	13:44:52	O2	Zuurstof	=	7,28	mg/L
OW172100	2025-10-14	    128414	13:44:52	O2 verz	Zuurstof	=	72,2	%
OW172100	2025-10-14	    128414	13:44:52	oPO4 f	Orthofosfaat	=	0,301	mgP/L
OW172100	2025-10-14	    128414	13:44:52	P t	Fosfor	=	0,42	mgP/L
OW172100	2025-10-14	    128414	13:44:52	Pb o	Lood	<	1,5	µg/L
OW172100	2025-10-14	    128414	13:44:52	Pb t	Lood	<	3	µg/L
OW172100	2025-10-14	    128414	13:44:52	pH	pH	=	7,78	-
OW172100	2025-10-14	    128414	13:44:52	Sb o	Antimoon	<	1,5	µg/L
OW172100	2025-10-14	    128414	13:44:52	Sb t	Antimoon	<	1,5	µg/L
OW172100	2025-10-14	    128414	13:44:52	Se o	Seleen	<	1,5	µg/L
OW172100	2025-10-14	    128414	13:44:52	Se t	Seleen	<	1,5	µg/L
OW172100	2025-10-14	    128414	13:44:52	SiO2 o	Silicaat	=	11,6	mgSiO2/L
OW172100	2025-10-14	    128414	13:44:52	Sn o	Tin	<	1,5	µg/L
OW172100	2025-10-14	    128414	13:44:52	Sn t	Tin	<	1,5	µg/L
OW172100	2025-10-14	    128414	13:44:52	SO4=	Sulfaat	=	87	mg/L
OW172100	2025-10-14	    128414	13:44:52	T	Temperatuur	=	15,6	°C
OW172100	2025-10-14	    128414	13:44:52	Te o	Telluur	<	2,5	µg/L
OW172100	2025-10-14	    128414	13:44:52	Te t	Telluur	<	2,5	µg/L
OW172100	2025-10-14	    128414	13:44:52	Ti o	Titaan	<	2	µg/L
OW172100	2025-10-14	    128414	13:44:52	Ti t	Titaan	=	9,4	µg/L
OW172100	2025-10-14	    128414	13:44:52	Tl o	Thallium	<	0,1	µg/L
OW172100	2025-10-14	    128414	13:44:52	Tl t	Thallium	<	0,1	µg/L
OW172100	2025-10-14	    128414	13:44:52	U o	Uranium	=	0,98	µg/L
OW172100	2025-10-14	    128414	13:44:52	U t	Uranium	=	1,03	µg/L
OW172100	2025-10-14	    128414	13:44:52	V o	Vanadium	<	3	µg/L
OW172100	2025-10-14	    128414	13:44:52	V t	Vanadium	=	4,8	µg/L
OW172100	2025-10-14	    128414	13:44:52	Zn o	Zink	<	11	µg/L
OW172100	2025-10-14	    128414	13:44:52	Zn t	Zink	<	22	µg/L
OW172100	2025-10-14	    128414	13:44:52	ZS	Zwevende stoffen	=	18,4	mg/L
OW172100	2025-11-18	    133788	13:35:45	Ag o	Zilver	<	0,05	µg/L
OW172100	2025-11-18	    133788	13:35:45	Ag t	Zilver	<	0,05	µg/L
OW172100	2025-11-18	    133788	13:35:45	Al o	Aluminium	<	150	µg/L
OW172100	2025-11-18	    133788	13:35:45	As o	Arseen	=	1,27	µg/L
OW172100	2025-11-18	    133788	13:35:45	As t	Arseen	=	1,72	µg/L
OW172100	2025-11-18	    133788	13:35:45	B o	Boor	=	81	µg/L
OW172100	2025-11-18	    133788	13:35:45	B t	Boor	=	83	µg/L
OW172100	2025-11-18	    133788	13:35:45	Ba o	Barium	=	32	µg/L
OW172100	2025-11-18	    133788	13:35:45	Ba t	Barium	=	40	µg/L
OW172100	2025-11-18	    133788	13:35:45	Be o	Beryllium	<	0,11	µg/L
OW172100	2025-11-18	    133788	13:35:45	Be t	Beryllium	<	0,15	µg/L
OW172100	2025-11-18	    133788	13:35:45	BZV5	Biochemisch zuurstofverbruik na 5d.	<	2	mgO2/L
OW172100	2025-11-18	    133788	13:35:45	Ca o	Calcium	=	124000	µg/L
OW172100	2025-11-18	    133788	13:35:45	Cd o	Cadmium	<	0,05	µg/L
OW172100	2025-11-18	    133788	13:35:45	Cd t	Cadmium	<	0,2	µg/L
OW172100	2025-11-18	    133788	13:35:45	Cl-	Chloride	=	90	mg/L
OW172100	2025-11-18	    133788	13:35:45	Co o	Kobalt	=	0,25	µg/L
OW172100	2025-11-18	    133788	13:35:45	Co t	Kobalt	=	0,6	µg/L
OW172100	2025-11-18	    133788	13:35:45	Cr o	Chroom	<	1,5	µg/L
OW172100	2025-11-18	    133788	13:35:45	Cr t	Chroom	=	4,4	µg/L
OW172100	2025-11-18	    133788	13:35:45	Cu o	Koper	<	2	µg/L
OW172100	2025-11-18	    133788	13:35:45	Cu t	Koper	<	4	µg/L
OW172100	2025-11-18	    133788	13:35:45	CZV	Chemisch zuurstofverbruik	=	8,2	mgO2/L
OW172100	2025-11-18	    133788	13:35:45	DOC	Koolstof	=	4,09	mgC/L
OW172100	2025-11-18	    133788	13:35:45	EC 20	Geleidbaarheid (20°C)	=	918	µS/cm
OW172100	2025-11-18	    133788	13:35:45	EC 25	Geleidbaarheid (25°C)	=	1005,669	µS/cm
OW172100	2025-11-18	    133788	13:35:45	Fe o	Ijzer	<	25	µg/L
OW172100	2025-11-18	    133788	13:35:45	Fe t	Ijzer	=	880	µg/L
OW172100	2025-11-18	    133788	13:35:45	H t	Hardheid	=	36,750000000000000046	°F
OW172100	2025-11-18	    133788	13:35:45	Hg o	Kwik	<	0,025	µg/L
OW172100	2025-11-18	    133788	13:35:45	Hg t	Kwik	<	0,025	µg/L
OW172100	2025-11-18	    133788	13:35:45	K o	Kalium	=	18500	µg/L
OW172100	2025-11-18	    133788	13:35:45	KjN	Kjeldahlstikstof	=	0,654	mgN/L
OW172100	2025-11-18	    133788	13:35:45	Mg o	Magnesium	=	13800	µg/L
OW172100	2025-11-18	    133788	13:35:45	Mn o	Mangaan	=	18,3	µg/L
OW172100	2025-11-18	    133788	13:35:45	Mn t	Mangaan	=	73	µg/L
OW172100	2025-11-18	    133788	13:35:45	Mo o	Molybdeen	<	3	µg/L
OW172100	2025-11-18	    133788	13:35:45	Mo t	Molybdeen	<	3	µg/L
OW172100	2025-11-18	    133788	13:35:45	N t	Stikstof	=	7	mgN/L
OW172100	2025-11-18	    133788	13:35:45	N+N	Nitraat+nitriet	=	6,346	mgN/L
OW172100	2025-11-18	    133788	13:35:45	N+N+N	Nitraat+nitriet+ammonium	=	6,603	mgN/L
OW172100	2025-11-18	    133788	13:35:45	Na o	Natrium	=	66000	µg/L
OW172100	2025-11-18	    133788	13:35:45	NH4+	Ammonium	=	0,257	mgN/L
OW172100	2025-11-18	    133788	13:35:45	Ni o	Nikkel	<	3,2	µg/L
OW172100	2025-11-18	    133788	13:35:45	Ni t	Nikkel	=	3,5	µg/L
OW172100	2025-11-18	    133788	13:35:45	NO2-	Nitriet	=	0,146	mgN/L
OW172100	2025-11-18	    133788	13:35:45	NO3-	Nitraat	=	6,2	mgN/L
OW172100	2025-11-18	    133788	13:35:45	O2	Zuurstof	=	9,25	mg/L
OW172100	2025-11-18	    133788	13:35:45	O2 verz	Zuurstof	=	81,5	%
OW172100	2025-11-18	    133788	13:35:45	oPO4 f	Orthofosfaat	=	0,357	mgP/L
OW172100	2025-11-18	    133788	13:35:45	P t	Fosfor	=	0,48	mgP/L
OW172100	2025-11-18	    133788	13:35:45	Pb o	Lood	<	1,5	µg/L
OW172100	2025-11-18	    133788	13:35:45	Pb t	Lood	<	3	µg/L
OW172100	2025-11-18	    133788	13:35:45	pH	pH	=	7,8	-
OW172100	2025-11-18	    133788	13:35:45	Sb o	Antimoon	<	1,5	µg/L
OW172100	2025-11-18	    133788	13:35:45	Sb t	Antimoon	<	1,5	µg/L
OW172100	2025-11-18	    133788	13:35:45	Se o	Seleen	<	1,5	µg/L
OW172100	2025-11-18	    133788	13:35:45	Se t	Seleen	<	1,5	µg/L
OW172100	2025-11-18	    133788	13:35:45	SiO2 o	Silicaat	=	15,9	mgSiO2/L
OW172100	2025-11-18	    133788	13:35:45	Sn o	Tin	<	1,5	µg/L
OW172100	2025-11-18	    133788	13:35:45	Sn t	Tin	<	1,5	µg/L
OW172100	2025-11-18	    133788	13:35:45	SO4=	Sulfaat	=	97	mg/L
OW172100	2025-11-18	    133788	13:35:45	T	Temperatuur	=	10	°C
OW172100	2025-11-18	    133788	13:35:45	Te o	Telluur	<	2,5	µg/L
OW172100	2025-11-18	    133788	13:35:45	Te t	Telluur	<	2,5	µg/L
OW172100	2025-11-18	    133788	13:35:45	Ti o	Titaan	<	2	µg/L
OW172100	2025-11-18	    133788	13:35:45	Ti t	Titaan	=	12,5	µg/L
OW172100	2025-11-18	    133788	13:35:45	Tl o	Thallium	<	0,1	µg/L
OW172100	2025-11-18	    133788	13:35:45	Tl t	Thallium	<	0,1	µg/L
OW172100	2025-11-18	    133788	13:35:45	U o	Uranium	=	0,95	µg/L
OW172100	2025-11-18	    133788	13:35:45	U t	Uranium	=	1,07	µg/L
OW172100	2025-11-18	    133788	13:35:45	V o	Vanadium	<	3	µg/L
OW172100	2025-11-18	    133788	13:35:45	V t	Vanadium	=	3,4	µg/L
OW172100	2025-11-18	    133788	13:35:45	Zn o	Zink	<	11	µg/L
OW172100	2025-11-18	    133788	13:35:45	Zn t	Zink	=	23,1	µg/L
OW172100	2025-11-18	    133788	13:35:45	ZS	Zwevende stoffen	=	23,8	mg/L
OW172100	2025-12-03	    134500	13:08:00	Ag o	Zilver	<	0,05	µg/L
OW172100	2025-12-03	    134500	13:08:00	Ag t	Zilver	<	0,1	µg/L
OW172100	2025-12-03	    134500	13:08:00	Al o	Aluminium	<	150	µg/L
OW172100	2025-12-03	    134500	13:08:00	As o	Arseen	=	1,06	µg/L
OW172100	2025-12-03	    134500	13:08:00	As t	Arseen	=	1,72	µg/L
OW172100	2025-12-03	    134500	13:08:00	B o	Boor	=	66	µg/L
OW172100	2025-12-03	    134500	13:08:00	B t	Boor	=	68	µg/L
OW172100	2025-12-03	    134500	13:08:00	Ba o	Barium	=	31	µg/L
OW172100	2025-12-03	    134500	13:08:00	Ba t	Barium	=	40	µg/L
OW172100	2025-12-03	    134500	13:08:00	Be o	Beryllium	<	0,11	µg/L
OW172100	2025-12-03	    134500	13:08:00	Be t	Beryllium	<	0,15	µg/L
OW172100	2025-12-03	    134500	13:08:00	BZV5	Biochemisch zuurstofverbruik na 5d.	=	2,9	mgO2/L
OW172100	2025-12-03	    134500	13:08:00	Ca o	Calcium	=	118000	µg/L
OW172100	2025-12-03	    134500	13:08:00	Cd o	Cadmium	<	0,05	µg/L
OW172100	2025-12-03	    134500	13:08:00	Cd t	Cadmium	<	0,2	µg/L
OW172100	2025-12-03	    134500	13:08:00	Cl-	Chloride	=	75	mg/L
OW172100	2025-12-03	    134500	13:08:00	Co o	Kobalt	=	0,28	µg/L
OW172100	2025-12-03	    134500	13:08:00	Co t	Kobalt	=	0,79	µg/L
OW172100	2025-12-03	    134500	13:08:00	Cr o	Chroom	<	1,5	µg/L
OW172100	2025-12-03	    134500	13:08:00	Cr t	Chroom	=	5,8	µg/L
OW172100	2025-12-03	    134500	13:08:00	Cu o	Koper	<	2	µg/L
OW172100	2025-12-03	    134500	13:08:00	Cu t	Koper	=	4,5	µg/L
OW172100	2025-12-03	    134500	13:08:00	CZV	Chemisch zuurstofverbruik	=	11	mgO2/L
OW172100	2025-12-03	    134500	13:08:00	DOC	Koolstof	=	4,33	mgC/L
OW172100	2025-12-03	    134500	13:08:00	EC 20	Geleidbaarheid (20°C)	=	836	µS/cm
OW172100	2025-12-03	    134500	13:08:00	EC 25	Geleidbaarheid (25°C)	=	915,838	µS/cm
OW172100	2025-12-03	    134500	13:08:00	Fe o	Ijzer	<	25	µg/L
OW172100	2025-12-03	    134500	13:08:00	Fe t	Ijzer	=	1410	µg/L
OW172100	2025-12-03	    134500	13:08:00	H t	Hardheid	=	34,583333333333333374	°F
OW172100	2025-12-03	    134500	13:08:00	Hg o	Kwik	<	0,025	µg/L
OW172100	2025-12-03	    134500	13:08:00	Hg t	Kwik	<	0,025	µg/L
OW172100	2025-12-03	    134500	13:08:00	K o	Kalium	=	13500	µg/L
OW172100	2025-12-03	    134500	13:08:00	KjN	Kjeldahlstikstof	=	1,101	mgN/L
OW172100	2025-12-03	    134500	13:08:00	Mg o	Magnesium	=	12200	µg/L
OW172100	2025-12-03	    134500	13:08:00	Mn o	Mangaan	=	32	µg/L
OW172100	2025-12-03	    134500	13:08:00	Mn t	Mangaan	=	98	µg/L
OW172100	2025-12-03	    134500	13:08:00	Mo o	Molybdeen	<	3	µg/L
OW172100	2025-12-03	    134500	13:08:00	Mo t	Molybdeen	<	3	µg/L
OW172100	2025-12-03	    134500	13:08:00	N t	Stikstof	=	6,8	mgN/L
OW172100	2025-12-03	    134500	13:08:00	N+N	Nitraat+nitriet	=	5,699	mgN/L
OW172100	2025-12-03	    134500	13:08:00	N+N+N	Nitraat+nitriet+ammonium	=	6,177	mgN/L
OW172100	2025-12-03	    134500	13:08:00	Na o	Natrium	=	51000	µg/L
OW172100	2025-12-03	    134500	13:08:00	NH4+	Ammonium	=	0,478	mgN/L
OW172100	2025-12-03	    134500	13:08:00	Ni o	Nikkel	<	3,2	µg/L
OW172100	2025-12-03	    134500	13:08:00	Ni t	Nikkel	=	3,8	µg/L
OW172100	2025-12-03	    134500	13:08:00	NO2-	Nitriet	=	0,099	mgN/L
OW172100	2025-12-03	    134500	13:08:00	NO3-	Nitraat	=	5,6	mgN/L
OW172100	2025-12-03	    134500	13:08:00	O2	Zuurstof	=	10,42	mg/L
OW172100	2025-12-03	    134500	13:08:00	O2 verz	Zuurstof	=	87,1	%
OW172100	2025-12-03	    134500	13:08:00	oPO4 f	Orthofosfaat	=	0,269	mgP/L
OW172100	2025-12-03	    134500	13:08:00	P t	Fosfor	=	0,49	mgP/L
OW172100	2025-12-03	    134500	13:08:00	Pb o	Lood	<	1,5	µg/L
OW172100	2025-12-03	    134500	13:08:00	Pb t	Lood	=	4,4	µg/L
OW172100	2025-12-03	    134500	13:08:00	pH	pH	=	7,5	-
OW172100	2025-12-03	    134500	13:08:00	Sb o	Antimoon	<	1,5	µg/L
OW172100	2025-12-03	    134500	13:08:00	Sb t	Antimoon	<	1,5	µg/L
OW172100	2025-12-03	    134500	13:08:00	Se o	Seleen	<	1,5	µg/L
OW172100	2025-12-03	    134500	13:08:00	Se t	Seleen	<	1,5	µg/L
OW172100	2025-12-03	    134500	13:08:00	SiO2 o	Silicaat	=	14,9	mgSiO2/L
OW172100	2025-12-03	    134500	13:08:00	Sn o	Tin	<	1,5	µg/L
OW172100	2025-12-03	    134500	13:08:00	Sn t	Tin	<	1,5	µg/L
OW172100	2025-12-03	    134500	13:08:00	SO4=	Sulfaat	=	94	mg/L
OW172100	2025-12-03	    134500	13:08:00	T	Temperatuur	=	8,3	°C
OW172100	2025-12-03	    134500	13:08:00	Te o	Telluur	<	2,5	µg/L
OW172100	2025-12-03	    134500	13:08:00	Te t	Telluur	<	2,5	µg/L
OW172100	2025-12-03	    134500	13:08:00	Ti o	Titaan	<	2	µg/L
OW172100	2025-12-03	    134500	13:08:00	Ti t	Titaan	=	21	µg/L
OW172100	2025-12-03	    134500	13:08:00	Tl o	Thallium	<	0,1	µg/L
OW172100	2025-12-03	    134500	13:08:00	Tl t	Thallium	<	0,1	µg/L
OW172100	2025-12-03	    134500	13:08:00	U o	Uranium	=	1,06	µg/L
OW172100	2025-12-03	    134500	13:08:00	U t	Uranium	=	1,14	µg/L
OW172100	2025-12-03	    134500	13:08:00	V o	Vanadium	<	1,5	µg/L
OW172100	2025-12-03	    134500	13:08:00	V t	Vanadium	=	4,7	µg/L
OW172100	2025-12-03	    134500	13:08:00	Zn o	Zink	<	11	µg/L
OW172100	2025-12-03	    134500	13:08:00	Zn t	Zink	=	34,9	µg/L
OW172100	2025-12-03	    134500	13:08:00	ZS	Zwevende stoffen	=	30	mg/L
OW172100	2026-01-20	    595493	13:44:23	Ag o	Zilver	<	0,05	µg/L
OW172100	2026-01-20	    595493	13:44:23	Ag t	Zilver	<	0,05	µg/L
OW172100	2026-01-20	    595493	13:44:23	Al o	Aluminium	<	150	µg/L
OW172100	2026-01-20	    595493	13:44:23	As o	Arseen	=	1,06	µg/L
OW172100	2026-01-20	    595493	13:44:23	As t	Arseen	=	1,57	µg/L
OW172100	2026-01-20	    595493	13:44:23	B o	Boor	=	61	µg/L
OW172100	2026-01-20	    595493	13:44:23	B t	Boor	=	62	µg/L
OW172100	2026-01-20	    595493	13:44:23	Ba o	Barium	=	32	µg/L
OW172100	2026-01-20	    595493	13:44:23	Ba t	Barium	=	39	µg/L
OW172100	2026-01-20	    595493	13:44:23	Be o	Beryllium	<	0,11	µg/L
OW172100	2026-01-20	    595493	13:44:23	Be t	Beryllium	<	0,15	µg/L
OW172100	2026-01-20	    595493	13:44:23	BZV5	Biochemisch zuurstofverbruik na 5d.	<	2	mgO2/L
OW172100	2026-01-20	    595493	13:44:23	Ca o	Calcium	=	123000	µg/L
OW172100	2026-01-20	    595493	13:44:23	Cd o	Cadmium	<	0,05	µg/L
OW172100	2026-01-20	    595493	13:44:23	Cd t	Cadmium	<	0,1	µg/L
OW172100	2026-01-20	    595493	13:44:23	Cl-	Chloride	=	82	mg/L
OW172100	2026-01-20	    595493	13:44:23	Co o	Kobalt	=	0,34	µg/L
OW172100	2026-01-20	    595493	13:44:23	Co t	Kobalt	=	0,69	µg/L
OW172100	2026-01-20	    595493	13:44:23	Cr o	Chroom	<	1,5	µg/L
OW172100	2026-01-20	    595493	13:44:23	Cr t	Chroom	=	3,4	µg/L
OW172100	2026-01-20	    595493	13:44:23	Cu o	Koper	<	2	µg/L
OW172100	2026-01-20	    595493	13:44:23	Cu t	Koper	=	4,5	µg/L
OW172100	2026-01-20	    595493	13:44:23	CZV	Chemisch zuurstofverbruik	=	14,4	mgO2/L
OW172100	2026-01-20	    595493	13:44:23	DOC	Koolstof	=	5,19	mgC/L
OW172100	2026-01-20	    595493	13:44:23	EC 20	Geleidbaarheid (20°C)	=	826	µS/cm
OW172100	2026-01-20	    595493	13:44:23	EC 25	Geleidbaarheid (25°C)	=	904,883	µS/cm
OW172100	2026-01-20	    595493	13:44:23	Fe o	Ijzer	<	25	µg/L
OW172100	2026-01-20	    595493	13:44:23	Fe t	Ijzer	=	950	µg/L
OW172100	2026-01-20	    595493	13:44:23	H t	Hardheid	=	36,041666666666666709	°F
OW172100	2026-01-20	    595493	13:44:23	Hg o	Kwik	<	0,025	µg/L
OW172100	2026-01-20	    595493	13:44:23	Hg t	Kwik	<	0,025	µg/L
OW172100	2026-01-20	    595493	13:44:23	K o	Kalium	=	11600	µg/L
OW172100	2026-01-20	    595493	13:44:23	KjN	Kjeldahlstikstof	<	0,44	mgN/L
OW172100	2026-01-20	    595493	13:44:23	Mg o	Magnesium	=	12700	µg/L
OW172100	2026-01-20	    595493	13:44:23	Mn o	Mangaan	=	55	µg/L
OW172100	2026-01-20	    595493	13:44:23	Mn t	Mangaan	=	92	µg/L
OW172100	2026-01-20	    595493	13:44:23	Mo o	Molybdeen	<	3	µg/L
OW172100	2026-01-20	    595493	13:44:23	Mo t	Molybdeen	<	3	µg/L
OW172100	2026-01-20	    595493	13:44:23	N t	Stikstof	=	7,1	mgN/L
OW172100	2026-01-20	    595493	13:44:23	N+N	Nitraat+nitriet	=	6,679	mgN/L
OW172100	2026-01-20	    595493	13:44:23	N+N+N	Nitraat+nitriet+ammonium	=	7,139	mgN/L
OW172100	2026-01-20	    595493	13:44:23	Na o	Natrium	=	49000	µg/L
OW172100	2026-01-20	    595493	13:44:23	NH4+	Ammonium	=	0,46	mgN/L
OW172100	2026-01-20	    595493	13:44:23	Ni o	Nikkel	<	3,2	µg/L
OW172100	2026-01-20	    595493	13:44:23	Ni t	Nikkel	=	3,5	µg/L
OW172100	2026-01-20	    595493	13:44:23	NO2-	Nitriet	=	0,079	mgN/L
OW172100	2026-01-20	    595493	13:44:23	NO3-	Nitraat	=	6,6	mgN/L
OW172100	2026-01-20	    595493	13:44:23	O2	Zuurstof	=	10,71	mg/L
OW172100	2026-01-20	    595493	13:44:23	O2 verz	Zuurstof	=	87,7	%
OW172100	2026-01-20	    595493	13:44:23	oPO4 f	Orthofosfaat	=	0,208	mgP/L
OW172100	2026-01-20	    595493	13:44:23	P t	Fosfor	=	0,33	mgP/L
OW172100	2026-01-20	    595493	13:44:23	Pb o	Lood	<	1,5	µg/L
OW172100	2026-01-20	    595493	13:44:23	Pb t	Lood	<	3	µg/L
OW172100	2026-01-20	    595493	13:44:23	pH	pH	=	7,55	-
OW172100	2026-01-20	    595493	13:44:23	Sb o	Antimoon	<	1,5	µg/L
OW172100	2026-01-20	    595493	13:44:23	Sb t	Antimoon	<	1,5	µg/L
OW172100	2026-01-20	    595493	13:44:23	Se o	Seleen	=	1,5	µg/L
OW172100	2026-01-20	    595493	13:44:23	Se t	Seleen	<	1,5	µg/L
OW172100	2026-01-20	    595493	13:44:23	SiO2 o	Silicaat	=	14,7	mgSiO2/L
OW172100	2026-01-20	    595493	13:44:23	Sn o	Tin	<	1,5	µg/L
OW172100	2026-01-20	    595493	13:44:23	Sn t	Tin	<	1,5	µg/L
OW172100	2026-01-20	    595493	13:44:23	SO4=	Sulfaat	=	90	mg/L
OW172100	2026-01-20	    595493	13:44:23	T	Temperatuur	=	7,2	°C
OW172100	2026-01-20	    595493	13:44:23	Te o	Telluur	<	2,5	µg/L
OW172100	2026-01-20	    595493	13:44:23	Te t	Telluur	<	2,5	µg/L
OW172100	2026-01-20	    595493	13:44:23	Ti o	Titaan	<	2	µg/L
OW172100	2026-01-20	    595493	13:44:23	Ti t	Titaan	=	14,6	µg/L
OW172100	2026-01-20	    595493	13:44:23	Tl o	Thallium	<	0,1	µg/L
OW172100	2026-01-20	    595493	13:44:23	Tl t	Thallium	<	0,1	µg/L
OW172100	2026-01-20	    595493	13:44:23	U o	Uranium	=	1,33	µg/L
OW172100	2026-01-20	    595493	13:44:23	U t	Uranium	=	1,41	µg/L
OW172100	2026-01-20	    595493	13:44:23	V o	Vanadium	<	1,5	µg/L
OW172100	2026-01-20	    595493	13:44:23	V t	Vanadium	=	4,3	µg/L
OW172100	2026-01-20	    595493	13:44:23	Zn o	Zink	<	11	µg/L
OW172100	2026-01-20	    595493	13:44:23	Zn t	Zink	=	24	µg/L
OW172100	2026-01-20	    595493	13:44:23	ZS	Zwevende stoffen	=	22,1	mg/L
OW172100	2026-02-17	    595845	14:31:39	Ag o	Zilver	<	0,05	µg/L
OW172100	2026-02-17	    595845	14:31:39	Ag t	Zilver	<	0,1	µg/L
OW172100	2026-02-17	    595845	14:31:39	Al o	Aluminium	<	150	µg/L
OW172100	2026-02-17	    595845	14:31:39	As o	Arseen	=	1,07	µg/L
OW172100	2026-02-17	    595845	14:31:39	As t	Arseen	=	2,29	µg/L
OW172100	2026-02-17	    595845	14:31:39	B o	Boor	=	64	µg/L
OW172100	2026-02-17	    595845	14:31:39	B t	Boor	=	58	µg/L
OW172100	2026-02-17	    595845	14:31:39	Ba o	Barium	=	30	µg/L
OW172100	2026-02-17	    595845	14:31:39	Ba t	Barium	=	44	µg/L
OW172100	2026-02-17	    595845	14:31:39	Be o	Beryllium	<	0,11	µg/L
OW172100	2026-02-17	    595845	14:31:39	Be t	Beryllium	<	0,15	µg/L
OW172100	2026-02-17	    595845	14:31:39	BZV5	Biochemisch zuurstofverbruik na 5d.	=	2,7	mgO2/L
OW172100	2026-02-17	    595845	14:31:39	Ca o	Calcium	=	108000	µg/L
OW172100	2026-02-17	    595845	14:31:39	Cd o	Cadmium	<	0,05	µg/L
OW172100	2026-02-17	    595845	14:31:39	Cd t	Cadmium	=	0,238	µg/L
OW172100	2026-02-17	    595845	14:31:39	Cl-	Chloride	=	57	mg/L
OW172100	2026-02-17	    595845	14:31:39	Co o	Kobalt	=	0,38	µg/L
OW172100	2026-02-17	    595845	14:31:39	Co t	Kobalt	=	1,24	µg/L
OW172100	2026-02-17	    595845	14:31:39	Cr o	Chroom	<	1,5	µg/L
OW172100	2026-02-17	    595845	14:31:39	Cr t	Chroom	=	7,3	µg/L
OW172100	2026-02-17	    595845	14:31:39	Cu o	Koper	<	2	µg/L
OW172100	2026-02-17	    595845	14:31:39	Cu t	Koper	=	7,5	µg/L
OW172100	2026-02-17	    595845	14:31:39	CZV	Chemisch zuurstofverbruik	=	15,9	mgO2/L
OW172100	2026-02-17	    595845	14:31:39	DOC	Koolstof	=	5,6	mgC/L
OW172100	2026-02-17	    595845	14:31:39	EC 20	Geleidbaarheid (20°C)	=	718	µS/cm
OW172100	2026-02-17	    595845	14:31:39	EC 25	Geleidbaarheid (25°C)	=	786,569	µS/cm
OW172100	2026-02-17	    595845	14:31:39	Fe o	Ijzer	=	25,4	µg/L
OW172100	2026-02-17	    595845	14:31:39	Fe t	Ijzer	=	2650	µg/L
OW172100	2026-02-17	    595845	14:31:39	H t	Hardheid	=	32,00000000000000004	°F
OW172100	2026-02-17	    595845	14:31:39	Hg o	Kwik	<	0,025	µg/L
OW172100	2026-02-17	    595845	14:31:39	Hg t	Kwik	<	0,025	µg/L
OW172100	2026-02-17	    595845	14:31:39	K o	Kalium	=	10900	µg/L
OW172100	2026-02-17	    595845	14:31:39	KjN	Kjeldahlstikstof	=	0,707	mgN/L
OW172100	2026-02-17	    595845	14:31:39	Mg o	Magnesium	=	12000	µg/L
OW172100	2026-02-17	    595845	14:31:39	Mn o	Mangaan	=	53	µg/L
OW172100	2026-02-17	    595845	14:31:39	Mn t	Mangaan	=	136	µg/L
OW172100	2026-02-17	    595845	14:31:39	Mo o	Molybdeen	<	3	µg/L
OW172100	2026-02-17	    595845	14:31:39	Mo t	Molybdeen	<	3	µg/L
OW172100	2026-02-17	    595845	14:31:39	N t	Stikstof	=	6,7	mgN/L
OW172100	2026-02-17	    595845	14:31:39	N+N	Nitraat+nitriet	=	5,993	mgN/L
OW172100	2026-02-17	    595845	14:31:39	N+N+N	Nitraat+nitriet+ammonium	=	6,573	mgN/L
OW172100	2026-02-17	    595845	14:31:39	Na o	Natrium	=	44000	µg/L
OW172100	2026-02-17	    595845	14:31:39	NH4+	Ammonium	=	0,58	mgN/L
OW172100	2026-02-17	    595845	14:31:39	Ni o	Nikkel	<	3,2	µg/L
OW172100	2026-02-17	    595845	14:31:39	Ni t	Nikkel	=	4,9	µg/L
OW172100	2026-02-17	    595845	14:31:39	NO2-	Nitriet	=	0,093	mgN/L
OW172100	2026-02-17	    595845	14:31:39	NO3-	Nitraat	=	5,9	mgN/L
OW172100	2026-02-17	    595845	14:31:39	O2	Zuurstof	=	10,8	mg/L
OW172100	2026-02-17	    595845	14:31:39	O2 verz	Zuurstof	=	88,2	%
OW172100	2026-02-17	    595845	14:31:39	oPO4 f	Orthofosfaat	=	0,191	mgP/L
OW172100	2026-02-17	    595845	14:31:39	P t	Fosfor	=	0,5	mgP/L
OW172100	2026-02-17	    595845	14:31:39	Pb o	Lood	<	1,5	µg/L
OW172100	2026-02-17	    595845	14:31:39	Pb t	Lood	=	5,9	µg/L
OW172100	2026-02-17	    595845	14:31:39	pH	pH	=	7,81	-
OW172100	2026-02-17	    595845	14:31:39	Sb o	Antimoon	<	1,5	µg/L
OW172100	2026-02-17	    595845	14:31:39	Sb t	Antimoon	<	1,5	µg/L
OW172100	2026-02-17	    595845	14:31:39	Se o	Seleen	<	1,5	µg/L
OW172100	2026-02-17	    595845	14:31:39	Se t	Seleen	<	1,5	µg/L
OW172100	2026-02-17	    595845	14:31:39	SiO2 o	Silicaat	=	12,1	mgSiO2/L
OW172100	2026-02-17	    595845	14:31:39	Sn o	Tin	<	1,5	µg/L
OW172100	2026-02-17	    595845	14:31:39	Sn t	Tin	<	1,5	µg/L
OW172100	2026-02-17	    595845	14:31:39	SO4=	Sulfaat	=	84	mg/L
OW172100	2026-02-17	    595845	14:31:39	T	Temperatuur	=	6,9	°C
OW172100	2026-02-17	    595845	14:31:39	Te o	Telluur	<	2,5	µg/L
OW172100	2026-02-17	    595845	14:31:39	Te t	Telluur	<	2,5	µg/L
OW172100	2026-02-17	    595845	14:31:39	Ti o	Titaan	<	2	µg/L
OW172100	2026-02-17	    595845	14:31:39	Ti t	Titaan	=	45	µg/L
OW172100	2026-02-17	    595845	14:31:39	Tl o	Thallium	<	0,1	µg/L
OW172100	2026-02-17	    595845	14:31:39	Tl t	Thallium	<	0,1	µg/L
OW172100	2026-02-17	    595845	14:31:39	U o	Uranium	=	1,23	µg/L
OW172100	2026-02-17	    595845	14:31:39	U t	Uranium	=	1,38	µg/L
OW172100	2026-02-17	    595845	14:31:39	V o	Vanadium	<	1,5	µg/L
OW172100	2026-02-17	    595845	14:31:39	V t	Vanadium	=	6,5	µg/L
OW172100	2026-02-17	    595845	14:31:39	Zn o	Zink	<	11	µg/L
OW172100	2026-02-17	    595845	14:31:39	Zn t	Zink	=	52	µg/L
OW172100	2026-02-17	    595845	14:31:39	ZS	Zwevende stoffen	=	70	mg/L
OW172100	2026-03-17	    606881	14:00:17	Ag o	Zilver	<	0,05	µg/L
OW172100	2026-03-17	    606881	14:00:17	Ag t	Zilver	<	0,05	µg/L
OW172100	2026-03-17	    606881	14:00:17	Al o	Aluminium	<	150	µg/L
OW172100	2026-03-17	    606881	14:00:17	As o	Arseen	=	1,06	µg/L
OW172100	2026-03-17	    606881	14:00:17	As t	Arseen	=	1,73	µg/L
OW172100	2026-03-17	    606881	14:00:17	B o	Boor	=	63	µg/L
OW172100	2026-03-17	    606881	14:00:17	B t	Boor	=	64	µg/L
OW172100	2026-03-17	    606881	14:00:17	Ba o	Barium	=	34	µg/L
OW172100	2026-03-17	    606881	14:00:17	Ba t	Barium	=	31	µg/L
OW172100	2026-03-17	    606881	14:00:17	Be o	Beryllium	<	0,11	µg/L
OW172100	2026-03-17	    606881	14:00:17	Be t	Beryllium	<	0,15	µg/L
OW172100	2026-03-17	    606881	14:00:17	BZV5	Biochemisch zuurstofverbruik na 5d.	<	2	mgO2/L
OW172100	2026-03-17	    606881	14:00:17	Ca o	Calcium	=	126000	µg/L
OW172100	2026-03-17	    606881	14:00:17	Cd o	Cadmium	<	0,05	µg/L
OW172100	2026-03-17	    606881	14:00:17	Cd t	Cadmium	<	0,1	µg/L
OW172100	2026-03-17	    606881	14:00:17	Cl-	Chloride	=	58	mg/L
OW172100	2026-03-17	    606881	14:00:17	Co o	Kobalt	=	0,31	µg/L
OW172100	2026-03-17	    606881	14:00:17	Co t	Kobalt	=	0,76	µg/L
OW172100	2026-03-17	    606881	14:00:17	Cr o	Chroom	<	1,5	µg/L
OW172100	2026-03-17	    606881	14:00:17	Cr t	Chroom	<	3	µg/L
OW172100	2026-03-17	    606881	14:00:17	Cu o	Koper	<	2	µg/L
OW172100	2026-03-17	    606881	14:00:17	Cu t	Koper	<	4	µg/L
OW172100	2026-03-17	    606881	14:00:17	CZV	Chemisch zuurstofverbruik	=	13	mgO2/L
OW172100	2026-03-17	    606881	14:00:17	DOC	Koolstof	=	5,23	mgC/L
OW172100	2026-03-17	    606881	14:00:17	EC 20	Geleidbaarheid (20°C)	=	784	µS/cm
OW172100	2026-03-17	    606881	14:00:17	EC 25	Geleidbaarheid (25°C)	=	858,872	µS/cm
OW172100	2026-03-17	    606881	14:00:17	Fe o	Ijzer	<	25	µg/L
OW172100	2026-03-17	    606881	14:00:17	Fe t	Ijzer	=	1090	µg/L
OW172100	2026-03-17	    606881	14:00:17	H t	Hardheid	=	36,708333333333333375	°F
OW172100	2026-03-17	    606881	14:00:17	Hg o	Kwik	<	0,025	µg/L
OW172100	2026-03-17	    606881	14:00:17	Hg t	Kwik	<	0,025	µg/L
OW172100	2026-03-17	    606881	14:00:17	K o	Kalium	=	10300	µg/L
OW172100	2026-03-17	    606881	14:00:17	KjN	Kjeldahlstikstof	=	1,179	mgN/L
OW172100	2026-03-17	    606881	14:00:17	Mg o	Magnesium	=	12500	µg/L
OW172100	2026-03-17	    606881	14:00:17	Mn o	Mangaan	=	47	µg/L
OW172100	2026-03-17	    606881	14:00:17	Mn t	Mangaan	=	101	µg/L
OW172100	2026-03-17	    606881	14:00:17	Mo o	Molybdeen	<	3	µg/L
OW172100	2026-03-17	    606881	14:00:17	Mo t	Molybdeen	<	1,5	µg/L
OW172100	2026-03-17	    606881	14:00:17	N t	Stikstof	=	6,8	mgN/L
OW172100	2026-03-17	    606881	14:00:17	N+N	Nitraat+nitriet	=	5,621	mgN/L
OW172100	2026-03-17	    606881	14:00:17	N+N+N	Nitraat+nitriet+ammonium	=	6,171	mgN/L
OW172100	2026-03-17	    606881	14:00:17	Na o	Natrium	=	36000	µg/L
OW172100	2026-03-17	    606881	14:00:17	NH4+	Ammonium	=	0,55	mgN/L
OW172100	2026-03-17	    606881	14:00:17	Ni o	Nikkel	<	3,2	µg/L
OW172100	2026-03-17	    606881	14:00:17	Ni t	Nikkel	<	3,2	µg/L
OW172100	2026-03-17	    606881	14:00:17	NO2-	Nitriet	=	0,121	mgN/L
OW172100	2026-03-17	    606881	14:00:17	NO3-	Nitraat	=	5,5	mgN/L
OW172100	2026-03-17	    606881	14:00:17	O2	Zuurstof	=	9,9	mg/L
OW172100	2026-03-17	    606881	14:00:17	O2 verz	Zuurstof	=	89,6	%
OW172100	2026-03-17	    606881	14:00:17	oPO4 f	Orthofosfaat	=	0,164	mgP/L
OW172100	2026-03-17	    606881	14:00:17	P t	Fosfor	=	0,284	mgP/L
OW172100	2026-03-17	    606881	14:00:17	Pb o	Lood	<	1,5	µg/L
OW172100	2026-03-17	    606881	14:00:17	Pb t	Lood	<	3	µg/L
OW172100	2026-03-17	    606881	14:00:17	pH	pH	=	7,82	-
OW172100	2026-03-17	    606881	14:00:17	Sb o	Antimoon	<	1,5	µg/L
OW172100	2026-03-17	    606881	14:00:17	Sb t	Antimoon	<	1,5	µg/L
OW172100	2026-03-17	    606881	14:00:17	Se o	Seleen	<	1,5	µg/L
OW172100	2026-03-17	    606881	14:00:17	Se t	Seleen	<	0,75	µg/L
OW172100	2026-03-17	    606881	14:00:17	SiO2 o	Silicaat	=	12,2	mgSiO2/L
OW172100	2026-03-17	    606881	14:00:17	Sn o	Tin	<	1,5	µg/L
OW172100	2026-03-17	    606881	14:00:17	Sn t	Tin	<	1,5	µg/L
OW172100	2026-03-17	    606881	14:00:17	SO4=	Sulfaat	=	89	mg/L
OW172100	2026-03-17	    606881	14:00:17	T	Temperatuur	=	11,2	°C
OW172100	2026-03-17	    606881	14:00:17	Te o	Telluur	<	2,5	µg/L
OW172100	2026-03-17	    606881	14:00:17	Te t	Telluur	<	2,5	µg/L
OW172100	2026-03-17	    606881	14:00:17	Ti o	Titaan	<	2	µg/L
OW172100	2026-03-17	    606881	14:00:17	Ti t	Titaan	=	18	µg/L
OW172100	2026-03-17	    606881	14:00:17	Tl o	Thallium	<	0,1	µg/L
OW172100	2026-03-17	    606881	14:00:17	Tl t	Thallium	<	0,1	µg/L
OW172100	2026-03-17	    606881	14:00:17	U o	Uranium	=	1,4	µg/L
OW172100	2026-03-17	    606881	14:00:17	U t	Uranium	=	1,5	µg/L
OW172100	2026-03-17	    606881	14:00:17	V o	Vanadium	<	1,5	µg/L
OW172100	2026-03-17	    606881	14:00:17	V t	Vanadium	=	4,2	µg/L
OW172100	2026-03-17	    606881	14:00:17	Zn o	Zink	<	11	µg/L
OW172100	2026-03-17	    606881	14:00:17	Zn t	Zink	<	22	µg/L
OW172100	2026-03-17	    606881	14:00:17	ZS	Zwevende stoffen	=	30	mg/L
OW172100	2026-04-08	    606882	12:21:38	Ag o	Zilver	<	0,05	µg/L
OW172100	2026-04-08	    606882	12:21:38	Ag t	Zilver	<	0,05	µg/L
OW172100	2026-04-08	    606882	12:21:38	Al o	Aluminium	<	150	µg/L
OW172100	2026-04-08	    606882	12:21:38	As o	Arseen	=	0,98	µg/L
OW172100	2026-04-08	    606882	12:21:38	As t	Arseen	=	1,46	µg/L
OW172100	2026-04-08	    606882	12:21:38	B o	Boor	=	71	µg/L
OW172100	2026-04-08	    606882	12:21:38	B t	Boor	=	70	µg/L
OW172100	2026-04-08	    606882	12:21:38	Ba o	Barium	=	30	µg/L
OW172100	2026-04-08	    606882	12:21:38	Ba t	Barium	=	38	µg/L
OW172100	2026-04-08	    606882	12:21:38	Be o	Beryllium	<	0,11	µg/L
OW172100	2026-04-08	    606882	12:21:38	Be t	Beryllium	<	0,15	µg/L
OW172100	2026-04-08	    606882	12:21:38	BZV5	Biochemisch zuurstofverbruik na 5d.	=	3	mgO2/L
OW172100	2026-04-08	    606882	12:21:38	Ca o	Calcium	=	123000	µg/L
OW172100	2026-04-08	    606882	12:21:38	Cd o	Cadmium	<	0,05	µg/L
OW172100	2026-04-08	    606882	12:21:38	Cd t	Cadmium	<	0,1	µg/L
OW172100	2026-04-08	    606882	12:21:38	Cl-	Chloride	=	70	mg/L
OW172100	2026-04-08	    606882	12:21:38	Clfyl a	Chlorofyl a	=	126	µg/L
OW172100	2026-04-08	    606882	12:21:38	Co o	Kobalt	=	0,3	µg/L
OW172100	2026-04-08	    606882	12:21:38	Co t	Kobalt	=	0,64	µg/L
OW172100	2026-04-08	    606882	12:21:38	Cr o	Chroom	<	1,5	µg/L
OW172100	2026-04-08	    606882	12:21:38	Cr t	Chroom	<	3	µg/L
OW172100	2026-04-08	    606882	12:21:38	Cu o	Koper	<	2	µg/L
OW172100	2026-04-08	    606882	12:21:38	Cu t	Koper	<	4	µg/L
OW172100	2026-04-08	    606882	12:21:38	CZV	Chemisch zuurstofverbruik	=	20	mgO2/L
OW172100	2026-04-08	    606882	12:21:38	DOC	Koolstof	=	5,03	mgC/L
OW172100	2026-04-08	    606882	12:21:38	EC 20	Geleidbaarheid (20°C)	=	829	µS/cm
OW172100	2026-04-08	    606882	12:21:38	EC 25	Geleidbaarheid (25°C)	=	908,1695	µS/cm
OW172100	2026-04-08	    606882	12:21:38	Fe o	Ijzer	<	25	µg/L
OW172100	2026-04-08	    606882	12:21:38	Fe t	Ijzer	=	730	µg/L
OW172100	2026-04-08	    606882	12:21:38	Feofyt a	Feofytine a	=	26	µg/L
OW172100	2026-04-08	    606882	12:21:38	H t	Hardheid	=	36,291666666666666711	°F
OW172100	2026-04-08	    606882	12:21:38	Hg o	Kwik	<	0,025	µg/L
OW172100	2026-04-08	    606882	12:21:38	Hg t	Kwik	<	0,025	µg/L
OW172100	2026-04-08	    606882	12:21:38	K o	Kalium	=	13300	µg/L
OW172100	2026-04-08	    606882	12:21:38	KjN	Kjeldahlstikstof	=	1,0469	mgN/L
OW172100	2026-04-08	    606882	12:21:38	Mg o	Magnesium	=	13300	µg/L
OW172100	2026-04-08	    606882	12:21:38	Mn o	Mangaan	<	3	µg/L
OW172100	2026-04-08	    606882	12:21:38	Mn t	Mangaan	=	75	µg/L
OW172100	2026-04-08	    606882	12:21:38	Mo o	Molybdeen	<	1,5	µg/L
OW172100	2026-04-08	    606882	12:21:38	Mo t	Molybdeen	<	3	µg/L
OW172100	2026-04-08	    606882	12:21:38	N t	Stikstof	=	5,4	mgN/L
OW172100	2026-04-08	    606882	12:21:38	N+N	Nitraat+nitriet	=	4,3531	mgN/L
OW172100	2026-04-08	    606882	12:21:38	N+N+N	Nitraat+nitriet+ammonium	<	4,3831	mgN/L
OW172100	2026-04-08	    606882	12:21:38	Na o	Natrium	=	48000	µg/L
OW172100	2026-04-08	    606882	12:21:38	NH4+	Ammonium	<	0,03	mgN/L
OW172100	2026-04-08	    606882	12:21:38	Ni o	Nikkel	<	3,2	µg/L
OW172100	2026-04-08	    606882	12:21:38	Ni t	Nikkel	=	3,26	µg/L
OW172100	2026-04-08	    606882	12:21:38	NO2-	Nitriet	=	0,0531	mgN/L
OW172100	2026-04-08	    606882	12:21:38	NO3-	Nitraat	=	4,3	mgN/L
OW172100	2026-04-08	    606882	12:21:38	O2	Zuurstof	=	14,66	mg/L
OW172100	2026-04-08	    606882	12:21:38	O2 verz	Zuurstof	=	138,5	%
OW172100	2026-04-08	    606882	12:21:38	oPO4 f	Orthofosfaat	=	0,104	mgP/L
OW172100	2026-04-08	    606882	12:21:38	P t	Fosfor	=	0,288	mgP/L
OW172100	2026-04-08	    606882	12:21:38	Pb o	Lood	<	1,5	µg/L
OW172100	2026-04-08	    606882	12:21:38	Pb t	Lood	<	3	µg/L
OW172100	2026-04-08	    606882	12:21:38	pH	pH	=	8,44	-
OW172100	2026-04-08	    606882	12:21:38	Sb o	Antimoon	<	1,5	µg/L
OW172100	2026-04-08	    606882	12:21:38	Sb t	Antimoon	<	1,5	µg/L
OW172100	2026-04-08	    606882	12:21:38	Se o	Seleen	<	1,5	µg/L
OW172100	2026-04-08	    606882	12:21:38	Se t	Seleen	<	1,5	µg/L
OW172100	2026-04-08	    606882	12:21:38	Secchi	Doorzichtigheid	=	50	cm
OW172100	2026-04-08	    606882	12:21:38	SiO2 o	Silicaat	=	6,29	mgSiO2/L
OW172100	2026-04-08	    606882	12:21:38	Sn o	Tin	<	1,5	µg/L
OW172100	2026-04-08	    606882	12:21:38	Sn t	Tin	<	1,5	µg/L
OW172100	2026-04-08	    606882	12:21:38	SO4=	Sulfaat	=	99	mg/L
OW172100	2026-04-08	    606882	12:21:38	T	Temperatuur	=	13,4	°C
OW172100	2026-04-08	    606882	12:21:38	Te o	Telluur	<	2,5	µg/L
OW172100	2026-04-08	    606882	12:21:38	Te t	Telluur	<	2,5	µg/L
OW172100	2026-04-08	    606882	12:21:38	Ti o	Titaan	<	2	µg/L
OW172100	2026-04-08	    606882	12:21:38	Ti t	Titaan	=	11,1	µg/L
OW172100	2026-04-08	    606882	12:21:38	Tl o	Thallium	<	0,1	µg/L
OW172100	2026-04-08	    606882	12:21:38	Tl t	Thallium	<	0,1	µg/L
OW172100	2026-04-08	    606882	12:21:38	U o	Uranium	=	1,27	µg/L
OW172100	2026-04-08	    606882	12:21:38	U t	Uranium	=	1,39	µg/L
OW172100	2026-04-08	    606882	12:21:38	V o	Vanadium	<	1,5	µg/L
OW172100	2026-04-08	    606882	12:21:38	V t	Vanadium	=	3,3	µg/L
OW172100	2026-04-08	    606882	12:21:38	Zn o	Zink	<	11	µg/L
OW172100	2026-04-08	    606882	12:21:38	Zn t	Zink	<	22	µg/L
OW172100	2026-04-08	    606882	12:21:38	ZS	Zwevende stoffen	=	26,8	mg/L
OW172100	2026-05-05	    624869	13:57:13	Ag o	Zilver	<	0,05	µg/L
OW172100	2026-05-05	    624869	13:57:13	Ag t	Zilver	<	0,05	µg/L
OW172100	2026-05-05	    624869	13:57:13	Al o	Aluminium	<	150	µg/L
OW172100	2026-05-05	    624869	13:57:13	As o	Arseen	=	1,24	µg/L
OW172100	2026-05-05	    624869	13:57:13	As t	Arseen	=	1,65	µg/L
OW172100	2026-05-05	    624869	13:57:13	B o	Boor	=	85	µg/L
OW172100	2026-05-05	    624869	13:57:13	B t	Boor	=	78	µg/L
OW172100	2026-05-05	    624869	13:57:13	Ba o	Barium	=	33	µg/L
OW172100	2026-05-05	    624869	13:57:13	Ba t	Barium	=	39	µg/L
OW172100	2026-05-05	    624869	13:57:13	Be o	Beryllium	<	0,11	µg/L
OW172100	2026-05-05	    624869	13:57:13	Be t	Beryllium	<	0,15	µg/L
OW172100	2026-05-05	    624869	13:57:13	BZV5	Biochemisch zuurstofverbruik na 5d.	=	4,3	mgO2/L
OW172100	2026-05-05	    624869	13:57:13	Ca o	Calcium	=	123000	µg/L
OW172100	2026-05-05	    624869	13:57:13	Cd o	Cadmium	<	0,05	µg/L
OW172100	2026-05-05	    624869	13:57:13	Cd t	Cadmium	<	0,2	µg/L
OW172100	2026-05-05	    624869	13:57:13	Cl-	Chloride	=	84	mg/L
OW172100	2026-05-05	    624869	13:57:13	Co o	Kobalt	=	0,4	µg/L
OW172100	2026-05-05	    624869	13:57:13	Co t	Kobalt	=	0,74	µg/L
OW172100	2026-05-05	    624869	13:57:13	Cr o	Chroom	<	1,5	µg/L
OW172100	2026-05-05	    624869	13:57:13	Cr t	Chroom	=	3,1	µg/L
OW172100	2026-05-05	    624869	13:57:13	Cu o	Koper	<	2	µg/L
OW172100	2026-05-05	    624869	13:57:13	Cu t	Koper	<	4	µg/L
OW172100	2026-05-05	    624869	13:57:13	CZV	Chemisch zuurstofverbruik	=	14,2	mgO2/L
OW172100	2026-05-05	    624869	13:57:13	DOC	Koolstof	=	5,37	mgC/L
OW172100	2026-05-05	    624869	13:57:13	EC 20	Geleidbaarheid (20°C)	=	895	µS/cm
OW172100	2026-05-05	    624869	13:57:13	EC 25	Geleidbaarheid (25°C)	=	980,4725	µS/cm
OW172100	2026-05-05	    624869	13:57:13	Fe o	Ijzer	<	12,5	µg/L
OW172100	2026-05-05	    624869	13:57:13	Fe t	Ijzer	=	750	µg/L
OW172100	2026-05-05	    624869	13:57:13	H t	Hardheid	=	36,875000000000000049	°F
OW172100	2026-05-05	    624869	13:57:13	Hg o	Kwik	<	0,025	µg/L
OW172100	2026-05-05	    624869	13:57:13	Hg t	Kwik	<	0,025	µg/L
OW172100	2026-05-05	    624869	13:57:13	K o	Kalium	=	18100	µg/L
OW172100	2026-05-05	    624869	13:57:13	KjN	Kjeldahlstikstof	=	0,756	mgN/L
OW172100	2026-05-05	    624869	13:57:13	Mg o	Magnesium	=	14700	µg/L
OW172100	2026-05-05	    624869	13:57:13	Mn o	Mangaan	=	5,3	µg/L
OW172100	2026-05-05	    624869	13:57:13	Mn t	Mangaan	=	97	µg/L
OW172100	2026-05-05	    624869	13:57:13	Mo o	Molybdeen	<	3	µg/L
OW172100	2026-05-05	    624869	13:57:13	Mo t	Molybdeen	<	3	µg/L
OW172100	2026-05-05	    624869	13:57:13	N t	Stikstof	=	4,57	mgN/L
OW172100	2026-05-05	    624869	13:57:13	N+N	Nitraat+nitriet	=	3,814	mgN/L
OW172100	2026-05-05	    624869	13:57:13	N+N+N	Nitraat+nitriet+ammonium	=	3,962	mgN/L
OW172100	2026-05-05	    624869	13:57:13	Na o	Natrium	=	65000	µg/L
OW172100	2026-05-05	    624869	13:57:13	NH4+	Ammonium	=	0,148	mgN/L
OW172100	2026-05-05	    624869	13:57:13	Ni o	Nikkel	<	3,2	µg/L
OW172100	2026-05-05	    624869	13:57:13	Ni t	Nikkel	<	3,2	µg/L
OW172100	2026-05-05	    624869	13:57:13	NO2-	Nitriet	=	0,094	mgN/L
OW172100	2026-05-05	    624869	13:57:13	NO3-	Nitraat	=	3,72	mgN/L
OW172100	2026-05-05	    624869	13:57:13	O2	Zuurstof	=	9,31	mg/L
OW172100	2026-05-05	    624869	13:57:13	O2 verz	Zuurstof	=	95,1	%
OW172100	2026-05-05	    624869	13:57:13	oPO4 f	Orthofosfaat	=	0,204	mgP/L
OW172100	2026-05-05	    624869	13:57:13	P t	Fosfor	=	0,4	mgP/L
OW172100	2026-05-05	    624869	13:57:13	Pb o	Lood	<	1,5	µg/L
OW172100	2026-05-05	    624869	13:57:13	Pb t	Lood	<	3	µg/L
OW172100	2026-05-05	    624869	13:57:13	pH	pH	=	7,92	-
OW172100	2026-05-05	    624869	13:57:13	Sb o	Antimoon	<	1,5	µg/L
OW172100	2026-05-05	    624869	13:57:13	Sb t	Antimoon	<	1,5	µg/L
OW172100	2026-05-05	    624869	13:57:13	Se o	Seleen	<	1,5	µg/L
OW172100	2026-05-05	    624869	13:57:13	Se t	Seleen	<	1,5	µg/L
OW172100	2026-05-05	    624869	13:57:13	Secchi	Doorzichtigheid	=	40	cm
OW172100	2026-05-05	    624869	13:57:13	SiO2 o	Silicaat	=	2,83	mgSiO2/L
OW172100	2026-05-05	    624869	13:57:13	Sn o	Tin	<	1,5	µg/L
OW172100	2026-05-05	    624869	13:57:13	Sn t	Tin	<	1,5	µg/L
OW172100	2026-05-05	    624869	13:57:13	SO4=	Sulfaat	=	106	mg/L
OW172100	2026-05-05	    624869	13:57:13	T	Temperatuur	=	16,4	°C
OW172100	2026-05-05	    624869	13:57:13	Te o	Telluur	<	2,5	µg/L
OW172100	2026-05-05	    624869	13:57:13	Te t	Telluur	<	2,5	µg/L
OW172100	2026-05-05	    624869	13:57:13	Ti o	Titaan	<	2	µg/L
OW172100	2026-05-05	    624869	13:57:13	Ti t	Titaan	=	10,1	µg/L
OW172100	2026-05-05	    624869	13:57:13	Tl o	Thallium	<	0,1	µg/L
OW172100	2026-05-05	    624869	13:57:13	Tl t	Thallium	<	0,1	µg/L
OW172100	2026-05-05	    624869	13:57:13	U o	Uranium	=	1,13	µg/L
OW172100	2026-05-05	    624869	13:57:13	U t	Uranium	=	1,2	µg/L
OW172100	2026-05-05	    624869	13:57:13	V o	Vanadium	<	1,5	µg/L
OW172100	2026-05-05	    624869	13:57:13	V t	Vanadium	=	3,6	µg/L
OW172100	2026-05-05	    624869	13:57:13	Zn o	Zink	<	11	µg/L
OW172100	2026-05-05	    624869	13:57:13	Zn t	Zink	<	22	µg/L
OW172100	2026-05-05	    624869	13:57:13	ZS	Zwevende stoffen	=	49	mg/L
OW172100	2026-06-09	    624871	13:21:28	Ag o	Zilver	<	0,05	µg/L
OW172100	2026-06-09	    624871	13:21:28	Ag t	Zilver	<	0,1	µg/L
OW172100	2026-06-09	    624871	13:21:28	Al o	Aluminium	<	150	µg/L
OW172100	2026-06-09	    624871	13:21:28	As o	Arseen	=	1,83	µg/L
OW172100	2026-06-09	    624871	13:21:28	As t	Arseen	=	2,23	µg/L
OW172100	2026-06-09	    624871	13:21:28	B o	Boor	=	83	µg/L
OW172100	2026-06-09	    624871	13:21:28	B t	Boor	=	81	µg/L
OW172100	2026-06-09	    624871	13:21:28	Ba o	Barium	=	33	µg/L
OW172100	2026-06-09	    624871	13:21:28	Ba t	Barium	=	41	µg/L
OW172100	2026-06-09	    624871	13:21:28	Be o	Beryllium	<	0,11	µg/L
OW172100	2026-06-09	    624871	13:21:28	Be t	Beryllium	<	0,15	µg/L
OW172100	2026-06-09	    624871	13:21:28	Ca o	Calcium	=	117000	µg/L
OW172100	2026-06-09	    624871	13:21:28	Cd o	Cadmium	<	0,05	µg/L
OW172100	2026-06-09	    624871	13:21:28	Cd t	Cadmium	<	0,2	µg/L
OW172100	2026-06-09	    624871	13:21:28	Cl-	Chloride	=	81	mg/L
OW172100	2026-06-09	    624871	13:21:28	Clfyl a	Chlorofyl a	=	7	µg/L
OW172100	2026-06-09	    624871	13:21:28	Co o	Kobalt	=	0,34	µg/L
OW172100	2026-06-09	    624871	13:21:28	Co t	Kobalt	=	0,81	µg/L
OW172100	2026-06-09	    624871	13:21:28	Cr o	Chroom	<	1,5	µg/L
OW172100	2026-06-09	    624871	13:21:28	Cr t	Chroom	=	6,7	µg/L
OW172100	2026-06-09	    624871	13:21:28	Cu o	Koper	<	2	µg/L
OW172100	2026-06-09	    624871	13:21:28	Cu t	Koper	=	4,4	µg/L
OW172100	2026-06-09	    624871	13:21:28	CZV	Chemisch zuurstofverbruik	=	8,4	mgO2/L
OW172100	2026-06-09	    624871	13:21:28	DOC	Koolstof	=	4,57	mgC/L
OW172100	2026-06-09	    624871	13:21:28	EC 20	Geleidbaarheid (20°C)	=	841	µS/cm
OW172100	2026-06-09	    624871	13:21:28	EC 25	Geleidbaarheid (25°C)	=	921,3155	µS/cm
OW172100	2026-06-09	    624871	13:21:28	Fe o	Ijzer	<	12,5	µg/L
OW172100	2026-06-09	    624871	13:21:28	Fe t	Ijzer	=	1320	µg/L
OW172100	2026-06-09	    624871	13:21:28	Feofyt a	Feofytine a	=	10,6	µg/L
OW172100	2026-06-09	    624871	13:21:28	H t	Hardheid	=	35,000000000000000046	°F
OW172100	2026-06-09	    624871	13:21:28	Hg o	Kwik	<	0,025	µg/L
OW172100	2026-06-09	    624871	13:21:28	Hg t	Kwik	<	0,05	µg/L
OW172100	2026-06-09	    624871	13:21:28	K o	Kalium	=	16600	µg/L
OW172100	2026-06-09	    624871	13:21:28	KjN	Kjeldahlstikstof	=	1,155	mgN/L
OW172100	2026-06-09	    624871	13:21:28	Mg o	Magnesium	=	13800	µg/L
OW172100	2026-06-09	    624871	13:21:28	Mn o	Mangaan	=	31	µg/L
OW172100	2026-06-09	    624871	13:21:28	Mn t	Mangaan	=	158	µg/L
OW172100	2026-06-09	    624871	13:21:28	Mo o	Molybdeen	<	3	µg/L
OW172100	2026-06-09	    624871	13:21:28	Mo t	Molybdeen	<	3	µg/L
OW172100	2026-06-09	    624871	13:21:28	N t	Stikstof	=	5,1	mgN/L
OW172100	2026-06-09	    624871	13:21:28	N+N	Nitraat+nitriet	=	3,945	mgN/L
OW172100	2026-06-09	    624871	13:21:28	N+N+N	Nitraat+nitriet+ammonium	=	4,256	mgN/L
OW172100	2026-06-09	    624871	13:21:28	Na o	Natrium	=	56000	µg/L
OW172100	2026-06-09	    624871	13:21:28	NH4+	Ammonium	=	0,311	mgN/L
OW172100	2026-06-09	    624871	13:21:28	Ni o	Nikkel	<	3,2	µg/L
OW172100	2026-06-09	    624871	13:21:28	Ni t	Nikkel	=	3,7	µg/L
OW172100	2026-06-09	    624871	13:21:28	NO2-	Nitriet	=	0,235	mgN/L
OW172100	2026-06-09	    624871	13:21:28	NO3-	Nitraat	=	3,71	mgN/L
OW172100	2026-06-09	    624871	13:21:28	O2	Zuurstof	=	6,21	mg/L
OW172100	2026-06-09	    624871	13:21:28	O2 verz	Zuurstof	=	66,3	%
OW172100	2026-06-09	    624871	13:21:28	oPO4 f	Orthofosfaat	=	0,44	mgP/L
OW172100	2026-06-09	    624871	13:21:28	P t	Fosfor	=	0,63	mgP/L
OW172100	2026-06-09	    624871	13:21:28	Pb o	Lood	<	1,5	µg/L
OW172100	2026-06-09	    624871	13:21:28	Pb t	Lood	=	4	µg/L
OW172100	2026-06-09	    624871	13:21:28	pH	pH	=	7,75	-
OW172100	2026-06-09	    624871	13:21:28	Sb o	Antimoon	<	1,5	µg/L
OW172100	2026-06-09	    624871	13:21:28	Sb t	Antimoon	<	1,5	µg/L
OW172100	2026-06-09	    624871	13:21:28	Se o	Seleen	<	1,5	µg/L
OW172100	2026-06-09	    624871	13:21:28	Se t	Seleen	<	1,5	µg/L
OW172100	2026-06-09	    624871	13:21:28	Secchi	Doorzichtigheid	=	50	cm
OW172100	2026-06-09	    624871	13:21:28	SiO2 o	Silicaat	=	11,3	mgSiO2/L
OW172100	2026-06-09	    624871	13:21:28	Sn o	Tin	<	1,5	µg/L
OW172100	2026-06-09	    624871	13:21:28	Sn t	Tin	<	1,5	µg/L
OW172100	2026-06-09	    624871	13:21:28	SO4=	Sulfaat	=	88	mg/L
OW172100	2026-06-09	    624871	13:21:28	T	Temperatuur	=	18,7	°C
OW172100	2026-06-09	    624871	13:21:28	Te o	Telluur	<	2,5	µg/L
OW172100	2026-06-09	    624871	13:21:28	Te t	Telluur	<	2,5	µg/L
OW172100	2026-06-09	    624871	13:21:28	Ti o	Titaan	<	2	µg/L
OW172100	2026-06-09	    624871	13:21:28	Ti t	Titaan	=	18	µg/L
OW172100	2026-06-09	    624871	13:21:28	Tl o	Thallium	<	0,1	µg/L
OW172100	2026-06-09	    624871	13:21:28	Tl t	Thallium	<	0,1	µg/L
OW172100	2026-06-09	    624871	13:21:28	U o	Uranium	=	0,98	µg/L
OW172100	2026-06-09	    624871	13:21:28	U t	Uranium	=	1	µg/L
OW172100	2026-06-09	    624871	13:21:28	V o	Vanadium	<	3	µg/L
OW172100	2026-06-09	    624871	13:21:28	V t	Vanadium	=	4,7	µg/L
OW172100	2026-06-09	    624871	13:21:28	Zn o	Zink	<	11	µg/L
OW172100	2026-06-09	    624871	13:21:28	Zn t	Zink	<	22	µg/L
OW172100	2026-06-09	    624871	13:21:28	ZS	Zwevende stoffen	=	34	mg/L
OW172100	2026-07-07	   1107974	13:09:33	Ag o	Zilver	<	0,05	µg/L
OW172100	2026-07-07	   1107974	13:09:33	Ag t	Zilver	<	0,05	µg/L
OW172100	2026-07-07	   1107974	13:09:33	Al o	Aluminium	<	150	µg/L
OW172100	2026-07-07	   1107974	13:09:33	As o	Arseen	=	2,14	µg/L
OW172100	2026-07-07	   1107974	13:09:33	As t	Arseen	=	2,48	µg/L
OW172100	2026-07-07	   1107974	13:09:33	B o	Boor	=	89	µg/L
OW172100	2026-07-07	   1107974	13:09:33	B t	Boor	=	87	µg/L
OW172100	2026-07-07	   1107974	13:09:33	Ba o	Barium	=	34	µg/L
OW172100	2026-07-07	   1107974	13:09:33	Ba t	Barium	=	39	µg/L
OW172100	2026-07-07	   1107974	13:09:33	Be o	Beryllium	<	0,11	µg/L
OW172100	2026-07-07	   1107974	13:09:33	Be t	Beryllium	<	0,15	µg/L
OW172100	2026-07-07	   1107974	13:09:33	BZV5	Biochemisch zuurstofverbruik na 5d.	<	2	mgO2/L
OW172100	2026-07-07	   1107974	13:09:33	Ca o	Calcium	=	127000	µg/L
OW172100	2026-07-07	   1107974	13:09:33	Cd o	Cadmium	<	0,05	µg/L
OW172100	2026-07-07	   1107974	13:09:33	Cd t	Cadmium	<	0,1	µg/L
OW172100	2026-07-07	   1107974	13:09:33	Cl-	Chloride	=	90	mg/L
OW172100	2026-07-07	   1107974	13:09:33	Clfyl a	Chlorofyl a	=	41	µg/L
OW172100	2026-07-07	   1107974	13:09:33	Co o	Kobalt	=	0,3	µg/L
OW172100	2026-07-07	   1107974	13:09:33	Co t	Kobalt	=	0,53	µg/L
OW172100	2026-07-07	   1107974	13:09:33	Cr o	Chroom	<	1,5	µg/L
OW172100	2026-07-07	   1107974	13:09:33	Cr t	Chroom	<	3	µg/L
OW172100	2026-07-07	   1107974	13:09:33	Cu o	Koper	<	2	µg/L
OW172100	2026-07-07	   1107974	13:09:33	Cu t	Koper	<	4	µg/L
OW172100	2026-07-07	   1107974	13:09:33	CZV	Chemisch zuurstofverbruik	=	16,5	mgO2/L
OW172100	2026-07-07	   1107974	13:09:33	DOC	Koolstof	=	4,57	mgC/L
OW172100	2026-07-07	   1107974	13:09:33	EC 20	Geleidbaarheid (20°C)	=	873	µS/cm
OW172100	2026-07-07	   1107974	13:09:33	EC 25	Geleidbaarheid (25°C)	=	956,3715	µS/cm
OW172100	2026-07-07	   1107974	13:09:33	Fe o	Ijzer	<	12,5	µg/L
OW172100	2026-07-07	   1107974	13:09:33	Fe t	Ijzer	=	410	µg/L
OW172100	2026-07-07	   1107974	13:09:33	Feofyt a	Feofytine a	<	8,92	µg/L
OW172100	2026-07-07	   1107974	13:09:33	H t	Hardheid	=	37,916666666666666716	°F
OW172100	2026-07-07	   1107974	13:09:33	Hg o	Kwik	<	0,025	µg/L
OW172100	2026-07-07	   1107974	13:09:33	Hg t	Kwik	<	0,025	µg/L
OW172100	2026-07-07	   1107974	13:09:33	K o	Kalium	=	18700	µg/L
OW172100	2026-07-07	   1107974	13:09:33	KjN	Kjeldahlstikstof	=	0,6079	mgN/L
OW172100	2026-07-07	   1107974	13:09:33	Mg o	Magnesium	=	14800	µg/L
OW172100	2026-07-07	   1107974	13:09:33	Mn o	Mangaan	=	4,3	µg/L
OW172100	2026-07-07	   1107974	13:09:33	Mn t	Mangaan	=	69	µg/L
OW172100	2026-07-07	   1107974	13:09:33	Mo o	Molybdeen	<	3	µg/L
OW172100	2026-07-07	   1107974	13:09:33	Mo t	Molybdeen	<	3	µg/L
OW172100	2026-07-07	   1107974	13:09:33	N t	Stikstof	=	3,72	mgN/L
OW172100	2026-07-07	   1107974	13:09:33	N+N	Nitraat+nitriet	=	3,1121	mgN/L
OW172100	2026-07-07	   1107974	13:09:33	N+N+N	Nitraat+nitriet+ammonium	<	3,1421	mgN/L
OW172100	2026-07-07	   1107974	13:09:33	Na o	Natrium	=	63000	µg/L
OW172100	2026-07-07	   1107974	13:09:33	NH4+	Ammonium	<	0,03	mgN/L
OW172100	2026-07-07	   1107974	13:09:33	Ni o	Nikkel	<	3,2	µg/L
OW172100	2026-07-07	   1107974	13:09:33	Ni t	Nikkel	<	3,2	µg/L
OW172100	2026-07-07	   1107974	13:09:33	NO2-	Nitriet	=	0,0521	mgN/L
OW172100	2026-07-07	   1107974	13:09:33	NO3-	Nitraat	=	3,06	mgN/L
OW172100	2026-07-07	   1107974	13:09:33	O2	Zuurstof	=	9,67	mg/L
OW172100	2026-07-07	   1107974	13:09:33	O2 verz	Zuurstof	=	117,8	%
OW172100	2026-07-07	   1107974	13:09:33	oPO4 f	Orthofosfaat	=	0,381	mgP/L
OW172100	2026-07-07	   1107974	13:09:33	P t	Fosfor	=	0,52	mgP/L
OW172100	2026-07-07	   1107974	13:09:33	Pb o	Lood	<	1,5	µg/L
OW172100	2026-07-07	   1107974	13:09:33	Pb t	Lood	<	3	µg/L
OW172100	2026-07-07	   1107974	13:09:33	pH	pH	=	8,2	-
OW172100	2026-07-07	   1107974	13:09:33	Sb o	Antimoon	<	1,5	µg/L
OW172100	2026-07-07	   1107974	13:09:33	Sb t	Antimoon	<	1,5	µg/L
OW172100	2026-07-07	   1107974	13:09:33	Se o	Seleen	<	1,5	µg/L
OW172100	2026-07-07	   1107974	13:09:33	Se t	Seleen	<	1,5	µg/L
OW172100	2026-07-07	   1107974	13:09:33	Secchi	Doorzichtigheid	=	70	cm
OW172100	2026-07-07	   1107974	13:09:33	SiO2 o	Silicaat	=	1,68	mgSiO2/L
OW172100	2026-07-07	   1107974	13:09:33	Sn o	Tin	<	1,5	µg/L
OW172100	2026-07-07	   1107974	13:09:33	Sn t	Tin	<	1,5	µg/L
OW172100	2026-07-07	   1107974	13:09:33	SO4=	Sulfaat	=	91	mg/L
OW172100	2026-07-07	   1107974	13:09:33	T	Temperatuur	=	25,7	°C
OW172100	2026-07-07	   1107974	13:09:33	Te o	Telluur	<	2,5	µg/L
OW172100	2026-07-07	   1107974	13:09:33	Te t	Telluur	<	2,5	µg/L
OW172100	2026-07-07	   1107974	13:09:33	Ti o	Titaan	<	2	µg/L
OW172100	2026-07-07	   1107974	13:09:33	Ti t	Titaan	=	6,8	µg/L
OW172100	2026-07-07	   1107974	13:09:33	Tl o	Thallium	<	0,1	µg/L
OW172100	2026-07-07	   1107974	13:09:33	Tl t	Thallium	<	0,1	µg/L
OW172100	2026-07-07	   1107974	13:09:33	U o	Uranium	=	1,04	µg/L
OW172100	2026-07-07	   1107974	13:09:33	U t	Uranium	=	1,12	µg/L
OW172100	2026-07-07	   1107974	13:09:33	V o	Vanadium	<	3	µg/L
OW172100	2026-07-07	   1107974	13:09:33	V t	Vanadium	=	4,5	µg/L
OW172100	2026-07-07	   1107974	13:09:33	Zn o	Zink	<	11	µg/L
OW172100	2026-07-07	   1107974	13:09:33	Zn t	Zink	<	11	µg/L
OW172100	2026-07-07	   1107974	13:09:33	ZS	Zwevende stoffen	=	16,8	mg/L
OW172100	2026-08-11	   1109850	11:58:24	Ag o	Zilver	<	0,05	µg/L
OW172100	2026-08-11	   1109850	11:58:24	Ag t	Zilver	<	0,05	µg/L
OW172100	2026-08-11	   1109850	11:58:24	Al o	Aluminium	<	150	µg/L
OW172100	2026-08-11	   1109850	11:58:24	As o	Arseen	=	2,33	µg/L
OW172100	2026-08-11	   1109850	11:58:24	As t	Arseen	=	2,66	µg/L
OW172100	2026-08-11	   1109850	11:58:24	B o	Boor	=	97	µg/L
OW172100	2026-08-11	   1109850	11:58:24	B t	Boor	=	96	µg/L
OW172100	2026-08-11	   1109850	11:58:24	Ba o	Barium	=	34	µg/L
OW172100	2026-08-11	   1109850	11:58:24	Ba t	Barium	=	40	µg/L
OW172100	2026-08-11	   1109850	11:58:24	Be o	Beryllium	<	0,11	µg/L
OW172100	2026-08-11	   1109850	11:58:24	Be t	Beryllium	<	0,15	µg/L
OW172100	2026-08-11	   1109850	11:58:24	BZV5	Biochemisch zuurstofverbruik na 5d.	=	2,01	mgO2/L
OW172100	2026-08-11	   1109850	11:58:24	Ca o	Calcium	=	114000	µg/L
OW172100	2026-08-11	   1109850	11:58:24	Cd o	Cadmium	<	0,05	µg/L
OW172100	2026-08-11	   1109850	11:58:24	Cd t	Cadmium	<	0,1	µg/L
OW172100	2026-08-11	   1109850	11:58:24	Cl-	Chloride	=	110	mg/L
OW172100	2026-08-11	   1109850	11:58:24	Clfyl a	Chlorofyl a	=	69	µg/L
OW172100	2026-08-11	   1109850	11:58:24	Co o	Kobalt	=	0,35	µg/L
OW172100	2026-08-11	   1109850	11:58:24	Co t	Kobalt	=	0,61	µg/L
OW172100	2026-08-11	   1109850	11:58:24	Cr o	Chroom	<	1,5	µg/L
OW172100	2026-08-11	   1109850	11:58:24	Cr t	Chroom	=	3,1	µg/L
OW172100	2026-08-11	   1109850	11:58:24	Cu o	Koper	<	4	µg/L
OW172100	2026-08-11	   1109850	11:58:24	Cu t	Koper	<	4	µg/L
OW172100	2026-08-11	   1109850	11:58:24	CZV	Chemisch zuurstofverbruik	=	18,4	mgO2/L
OW172100	2026-08-11	   1109850	11:58:24	DOC	Koolstof	=	5,7	mgC/L
OW172100	2026-08-11	   1109850	11:58:24	EC 20	Geleidbaarheid (20°C)	=	944	µS/cm
OW172100	2026-08-11	   1109850	11:58:24	EC 25	Geleidbaarheid (25°C)	=	1034,152	µS/cm
OW172100	2026-08-11	   1109850	11:58:24	Fe o	Ijzer	<	12,5	µg/L
OW172100	2026-08-11	   1109850	11:58:24	Fe t	Ijzer	=	490	µg/L
OW172100	2026-08-11	   1109850	11:58:24	Feofyt a	Feofytine a	=	12,8	µg/L
OW172100	2026-08-11	   1109850	11:58:24	H t	Hardheid	=	34,958333333333333385	°F
OW172100	2026-08-11	   1109850	11:58:24	Hg o	Kwik	<	0,025	µg/L
OW172100	2026-08-11	   1109850	11:58:24	Hg t	Kwik	<	0,025	µg/L
OW172100	2026-08-11	   1109850	11:58:24	K o	Kalium	=	20200	µg/L
OW172100	2026-08-11	   1109850	11:58:24	KjN	Kjeldahlstikstof	=	0,9521	mgN/L
OW172100	2026-08-11	   1109850	11:58:24	Mg o	Magnesium	=	15500	µg/L
OW172100	2026-08-11	   1109850	11:58:24	Mn o	Mangaan	<	3	µg/L
OW172100	2026-08-11	   1109850	11:58:24	Mn t	Mangaan	=	72	µg/L
OW172100	2026-08-11	   1109850	11:58:24	Mo o	Molybdeen	<	3	µg/L
OW172100	2026-08-11	   1109850	11:58:24	Mo t	Molybdeen	<	3	µg/L
OW172100	2026-08-11	   1109850	11:58:24	N t	Stikstof	=	2,9	mgN/L
OW172100	2026-08-11	   1109850	11:58:24	N+N	Nitraat+nitriet	=	1,9479	mgN/L
OW172100	2026-08-11	   1109850	11:58:24	N+N+N	Nitraat+nitriet+ammonium	<	2,0079	mgN/L
OW172100	2026-08-11	   1109850	11:58:24	Na o	Natrium	=	70000	µg/L
OW172100	2026-08-11	   1109850	11:58:24	NH4+	Ammonium	<	0,06	mgN/L
OW172100	2026-08-11	   1109850	11:58:24	Ni o	Nikkel	<	3,2	µg/L
OW172100	2026-08-11	   1109850	11:58:24	Ni t	Nikkel	=	3,5	µg/L
OW172100	2026-08-11	   1109850	11:58:24	NO2-	Nitriet	=	0,0179	mgN/L
OW172100	2026-08-11	   1109850	11:58:24	NO3-	Nitraat	=	1,93	mgN/L
OW172100	2026-08-11	   1109850	11:58:24	O2	Zuurstof	=	9,22	mg/L
OW172100	2026-08-11	   1109850	11:58:24	O2 verz	Zuurstof	=	106,9	%
OW172100	2026-08-11	   1109850	11:58:24	oPO4 f	Orthofosfaat	=	0,42	mgP/L
OW172100	2026-08-11	   1109850	11:58:24	P t	Fosfor	=	0,56	mgP/L
OW172100	2026-08-11	   1109850	11:58:24	Pb o	Lood	<	1,5	µg/L
OW172100	2026-08-11	   1109850	11:58:24	Pb t	Lood	<	3	µg/L
OW172100	2026-08-11	   1109850	11:58:24	pH	pH	=	8,37	-
OW172100	2026-08-11	   1109850	11:58:24	Sb o	Antimoon	<	1,5	µg/L
OW172100	2026-08-11	   1109850	11:58:24	Sb t	Antimoon	<	1,5	µg/L
OW172100	2026-08-11	   1109850	11:58:24	Se o	Seleen	<	1,5	µg/L
OW172100	2026-08-11	   1109850	11:58:24	Se t	Seleen	<	1,5	µg/L
OW172100	2026-08-11	   1109850	11:58:24	Secchi	Doorzichtigheid	=	60	cm
OW172100	2026-08-11	   1109850	11:58:24	SiO2 o	Silicaat	=	2,18	mgSiO2/L
OW172100	2026-08-11	   1109850	11:58:24	Sn o	Tin	<	1,5	µg/L
OW172100	2026-08-11	   1109850	11:58:24	Sn t	Tin	<	1,5	µg/L
OW172100	2026-08-11	   1109850	11:58:24	SO4=	Sulfaat	=	98	mg/L
OW172100	2026-08-11	   1109850	11:58:24	T	Temperatuur	=	23,3	°C
OW172100	2026-08-11	   1109850	11:58:24	Te o	Telluur	<	2,5	µg/L
OW172100	2026-08-11	   1109850	11:58:24	Te t	Telluur	<	2,5	µg/L
OW172100	2026-08-11	   1109850	11:58:24	Ti o	Titaan	<	2	µg/L
OW172100	2026-08-11	   1109850	11:58:24	Ti t	Titaan	=	7,8	µg/L
OW172100	2026-08-11	   1109850	11:58:24	Tl o	Thallium	<	0,1	µg/L
OW172100	2026-08-11	   1109850	11:58:24	Tl t	Thallium	<	0,1	µg/L
OW172100	2026-08-11	   1109850	11:58:24	U o	Uranium	=	1,09	µg/L
OW172100	2026-08-11	   1109850	11:58:24	U t	Uranium	=	1,15	µg/L
OW172100	2026-08-11	   1109850	11:58:24	V o	Vanadium	=	3,1	µg/L
OW172100	2026-08-11	   1109850	11:58:24	V t	Vanadium	=	5,4	µg/L
OW172100	2026-08-11	   1109850	11:58:24	Zn o	Zink	<	11	µg/L
OW172100	2026-08-11	   1109850	11:58:24	Zn t	Zink	<	22	µg/L
OW172100	2026-08-11	   1109850	11:58:24	ZS	Zwevende stoffen	=	20,5	mg/L
OW172100	2026-09-08	   1114481	13:40:17	Ag o	Zilver	<	0,05	µg/L
OW172100	2026-09-08	   1114481	13:40:17	Ag t	Zilver	<	0,05	µg/L
OW172100	2026-09-08	   1114481	13:40:17	Al o	Aluminium	<	150	µg/L
OW172100	2026-09-08	   1114481	13:40:17	As o	Arseen	=	1,6	µg/L
OW172100	2026-09-08	   1114481	13:40:17	As t	Arseen	=	2	µg/L
OW172100	2026-09-08	   1114481	13:40:17	B o	Boor	=	74	µg/L
OW172100	2026-09-08	   1114481	13:40:17	B t	Boor	=	74	µg/L
OW172100	2026-09-08	   1114481	13:40:17	Ba t	Barium	=	35	µg/L
OW172100	2026-09-08	   1114481	13:40:17	Be o	Beryllium	<	0,11	µg/L
OW172100	2026-09-08	   1114481	13:40:17	Be t	Beryllium	<	0,15	µg/L
OW172100	2026-09-08	   1114481	13:40:17	BZV5	Biochemisch zuurstofverbruik na 5d.	=	2,03	mgO2/L
OW172100	2026-09-08	   1114481	13:40:17	Ca o	Calcium	=	92000	µg/L
OW172100	2026-09-08	   1114481	13:40:17	Cd o	Cadmium	<	0,05	µg/L
OW172100	2026-09-08	   1114481	13:40:17	Cd t	Cadmium	<	0,2	µg/L
OW172100	2026-09-08	   1114481	13:40:17	Cl-	Chloride	=	77	mg/L
OW172100	2026-09-08	   1114481	13:40:17	Clfyl a	Chlorofyl a	=	49	µg/L
OW172100	2026-09-08	   1114481	13:40:17	Co o	Kobalt	=	0,203	µg/L
OW172100	2026-09-08	   1114481	13:40:17	Co t	Kobalt	=	0,6	µg/L
OW172100	2026-09-08	   1114481	13:40:17	Cr o	Chroom	<	1,5	µg/L
OW172100	2026-09-08	   1114481	13:40:17	Cr t	Chroom	=	5,7	µg/L
OW172100	2026-09-08	   1114481	13:40:17	Cu o	Koper	<	2	µg/L
OW172100	2026-09-08	   1114481	13:40:17	Cu t	Koper	<	4	µg/L
OW172100	2026-09-08	   1114481	13:40:17	CZV	Chemisch zuurstofverbruik	=	16,2	mgO2/L
OW172100	2026-09-08	   1114481	13:40:17	EC 20	Geleidbaarheid (20°C)	=	713	µS/cm
OW172100	2026-09-08	   1114481	13:40:17	EC 25	Geleidbaarheid (25°C)	=	781,0915	µS/cm
OW172100	2026-09-08	   1114481	13:40:17	Fe o	Ijzer	<	12,5	µg/L
OW172100	2026-09-08	   1114481	13:40:17	Fe t	Ijzer	=	870	µg/L
OW172100	2026-09-08	   1114481	13:40:17	Feofyt a	Feofytine a	=	19	µg/L
OW172100	2026-09-08	   1114481	13:40:17	H t	Hardheid	=	27,541666666666666703	°F
OW172100	2026-09-08	   1114481	13:40:17	Hg o	Kwik	<	0,025	µg/L
OW172100	2026-09-08	   1114481	13:40:17	Hg t	Kwik	<	0,025	µg/L
OW172100	2026-09-08	   1114481	13:40:17	K o	Kalium	=	13900	µg/L
OW172100	2026-09-08	   1114481	13:40:17	Mg o	Magnesium	=	10900	µg/L
OW172100	2026-09-08	   1114481	13:40:17	Mn o	Mangaan	=	5,6	µg/L
OW172100	2026-09-08	   1114481	13:40:17	Mn t	Mangaan	=	91	µg/L
OW172100	2026-09-08	   1114481	13:40:17	Mo o	Molybdeen	<	3	µg/L
OW172100	2026-09-08	   1114481	13:40:17	Mo t	Molybdeen	<	3	µg/L
OW172100	2026-09-08	   1114481	13:40:17	N+N	Nitraat+nitriet	=	2,874	mgN/L
OW172100	2026-09-08	   1114481	13:40:17	N+N+N	Nitraat+nitriet+ammonium	<	2,934	mgN/L
OW172100	2026-09-08	   1114481	13:40:17	Na o	Natrium	=	54000	µg/L
OW172100	2026-09-08	   1114481	13:40:17	NH4+	Ammonium	<	0,06	mgN/L
OW172100	2026-09-08	   1114481	13:40:17	Ni o	Nikkel	<	3,2	µg/L
OW172100	2026-09-08	   1114481	13:40:17	Ni t	Nikkel	=	3,6	µg/L
OW172100	2026-09-08	   1114481	13:40:17	NO2-	Nitriet	=	0,134	mgN/L
OW172100	2026-09-08	   1114481	13:40:17	NO3-	Nitraat	=	2,74	mgN/L
OW172100	2026-09-08	   1114481	13:40:17	O2	Zuurstof	=	9,74	mg/L
OW172100	2026-09-08	   1114481	13:40:17	O2 verz	Zuurstof	=	109,3	%
OW172100	2026-09-08	   1114481	13:40:17	oPO4 f	Orthofosfaat	=	0,269	mgP/L
OW172100	2026-09-08	   1114481	13:40:17	P t	Fosfor	=	0,47	mgP/L
OW172100	2026-09-08	   1114481	13:40:17	Pb o	Lood	<	1,5	µg/L
OW172100	2026-09-08	   1114481	13:40:17	Pb t	Lood	=	7	µg/L
OW172100	2026-09-08	   1114481	13:40:17	pH	pH	=	8,09	-
OW172100	2026-09-08	   1114481	13:40:17	Sb o	Antimoon	<	1,5	µg/L
OW172100	2026-09-08	   1114481	13:40:17	Sb t	Antimoon	<	1,5	µg/L
OW172100	2026-09-08	   1114481	13:40:17	Se o	Seleen	<	1,5	µg/L
OW172100	2026-09-08	   1114481	13:40:17	Se t	Seleen	<	1,5	µg/L
OW172100	2026-09-08	   1114481	13:40:17	Secchi	Doorzichtigheid	=	40	cm
OW172100	2026-09-08	   1114481	13:40:17	SiO2 o	Silicaat	<	0,26	mgSiO2/L
OW172100	2026-09-08	   1114481	13:40:17	Sn o	Tin	<	1,5	µg/L
OW172100	2026-09-08	   1114481	13:40:17	Sn t	Tin	<	1,5	µg/L
OW172100	2026-09-08	   1114481	13:40:17	SO4=	Sulfaat	=	79	mg/L
OW172100	2026-09-08	   1114481	13:40:17	T	Temperatuur	=	20,7	°C
OW172100	2026-09-08	   1114481	13:40:17	Te o	Telluur	<	2,5	µg/L
OW172100	2026-09-08	   1114481	13:40:17	Te t	Telluur	<	2,5	µg/L
OW172100	2026-09-08	   1114481	13:40:17	Ti o	Titaan	<	2	µg/L
OW172100	2026-09-08	   1114481	13:40:17	Ti t	Titaan	=	17	µg/L
OW172100	2026-09-08	   1114481	13:40:17	Tl o	Thallium	<	0,1	µg/L
OW172100	2026-09-08	   1114481	13:40:17	Tl t	Thallium	<	0,1	µg/L
OW172100	2026-09-08	   1114481	13:40:17	U o	Uranium	=	0,74	µg/L
OW172100	2026-09-08	   1114481	13:40:17	U t	Uranium	=	0,8	µg/L
OW172100	2026-09-08	   1114481	13:40:17	V o	Vanadium	<	3	µg/L
OW172100	2026-09-08	   1114481	13:40:17	V t	Vanadium	=	4,4	µg/L
OW172100	2026-09-08	   1114481	13:40:17	Zn o	Zink	<	11	µg/L
OW172100	2026-09-08	   1114481	13:40:17	Zn t	Zink	<	22	µg/L
OW172100	2026-09-08	   1114481	13:40:17	ZS	Zwevende stoffen	=	24	mg/L
