Sample Point	Datum	Sample ID	Tijdstip	Parameter Symbool	Parameter omschrijving	Teken	Resultaat	Eenheid
OW168900	2022-01-19	21554934	12:11:00	1234CBz	1,2,3,4-Tetrachloorbenzeen	<	1	ng/L
OW168900	2022-01-19	21554934	12:11:00	1235+1245CBz	1,2,3,5+1,2,4,5-Tetrachloorbenzeen	<	1,5	ng/L
OW168900	2022-01-19	21554934	12:11:00	2356CNiBz	2,3,5,6-Tetrachloornitrobenzeen	<	0,5	ng/L
OW168900	2022-01-19	21554934	12:11:00	24DDD	op'Dichloordifenyldichloorethaan	<	0,75	ng/L
OW168900	2022-01-19	21554934	12:11:00	24DDE	op'Dichloordifenyldichlooretheen	<	0,5	ng/L
OW168900	2022-01-19	21554934	12:11:00	24DDT	op'Dichloordifenyltrichloorethaan	<	0,5	ng/L
OW168900	2022-01-19	21554934	12:11:00	2hAtraz	2-Hydroxy-atrazine	<	10	ng/L
OW168900	2022-01-19	21554934	12:11:00	44DDD	pp'Dichloordifenyldichloorethaan	<	1	ng/L
OW168900	2022-01-19	21554934	12:11:00	44DDE	pp'Dichloordifenyldichlooretheen	<	0,75	ng/L
OW168900	2022-01-19	21554934	12:11:00	44DDT	pp'Dichloordifenyltrichloorethaan	<	0,75	ng/L
OW168900	2022-01-19	21554934	12:11:00	a+b+d+gHCHS	alfa+beta+gamma+delta Hexachloorcyclohexaan	<	2,25	ng/L
OW168900	2022-01-19	21554934	12:11:00	a+bEndoS	alfa+beta Endosulfan	<	1,5	ng/L
OW168900	2022-01-19	21554934	12:11:00	Acenaft	Acenafteen	=	62	ng/L
OW168900	2022-01-19	21554934	12:11:00	Acenaftyl	Acenaftyleen	=	12	ng/L
OW168900	2022-01-19	21554934	12:11:00	Acetamiprid	Acetamiprid	<	2,5	ng/L
OW168900	2022-01-19	21554934	12:11:00	Aclonifen	Aclonifen	<	2,5	ng/L
OW168900	2022-01-19	21554934	12:11:00	ADEIdrin	Aldrin+Dieldrin+Endrin+Isodrin	<	2,2	ng/L
OW168900	2022-01-19	21554934	12:11:00	aEndo	alfa-Endosulfan	<	0,5	ng/L
OW168900	2022-01-19	21554934	12:11:00	Ag o	Zilver	<	0,05	µg/L
OW168900	2022-01-19	21554934	12:11:00	Ag t	Zilver	<	0,1	µg/L
OW168900	2022-01-19	21554934	12:11:00	aHCH	alfa-Hexachloorcyclohexaan	<	0,5	ng/L
OW168900	2022-01-19	21554934	12:11:00	Al o	Aluminium	<	150	µg/L
OW168900	2022-01-19	21554934	12:11:00	Alachloor	Alachloor	<	10	ng/L
OW168900	2022-01-19	21554934	12:11:00	Aldrin	Aldrin	<	0,35	ng/L
OW168900	2022-01-19	21554934	12:11:00	Ant	Anthraceen	=	33	ng/L
OW168900	2022-01-19	21554934	12:11:00	As o	Arseen	=	1,14	µg/L
OW168900	2022-01-19	21554934	12:11:00	As t	Arseen	=	2,3	µg/L
OW168900	2022-01-19	21554934	12:11:00	Atraz	Atrazine	<	5	ng/L
OW168900	2022-01-19	21554934	12:11:00	AzinfosEy	Azinfos-ethyl	<	1,5	ng/L
OW168900	2022-01-19	21554934	12:11:00	AzinfosMy	Azinfos-methyl	<	1	ng/L
OW168900	2022-01-19	21554934	12:11:00	B o	Boor	=	71	µg/L
OW168900	2022-01-19	21554934	12:11:00	B t	Boor	=	75	µg/L
OW168900	2022-01-19	21554934	12:11:00	B(a)A	Benzo(a)anthraceen	=	55	ng/L
OW168900	2022-01-19	21554934	12:11:00	B(a)P	Benzo(a)pyreen	=	51	ng/L
OW168900	2022-01-19	21554934	12:11:00	B(b)Flu	Benzo(b)fluorantheen	=	68	ng/L
OW168900	2022-01-19	21554934	12:11:00	B(ghi)Pe	Benzo(g,h,i)peryleen	=	63	ng/L
OW168900	2022-01-19	21554934	12:11:00	B(k)Flu	Benzo(k)fluorantheen	=	34	ng/L
OW168900	2022-01-19	21554934	12:11:00	Ba o	Barium	=	34	µg/L
OW168900	2022-01-19	21554934	12:11:00	Ba t	Barium	=	52	µg/L
OW168900	2022-01-19	21554934	12:11:00	BAM	2,6-Dichloorbenzamide	=	47	ng/L
OW168900	2022-01-19	21554934	12:11:00	Be o	Beryllium	<	0,15	µg/L
OW168900	2022-01-19	21554934	12:11:00	Be t	Beryllium	<	0,15	µg/L
OW168900	2022-01-19	21554934	12:11:00	bEndo	beta-Endosulfan	<	1	ng/L
OW168900	2022-01-19	21554934	12:11:00	BFlu som	PAK benzo(b+k)fluorantheen (b)	=	102	ng/L
OW168900	2022-01-19	21554934	12:11:00	bHCH	beta-Hexachloorcyclohexaan	<	0,5	ng/L
OW168900	2022-01-19	21554934	12:11:00	Bifenox	Bifenox	<	2	ng/L
OW168900	2022-01-19	21554934	12:11:00	BPe + IP som	PAK Benzo(g,h,i)peryleen + Indeno(1,2,3-cd)pyreen	=	123	ng/L
OW168900	2022-01-19	21554934	12:11:00	BrfosEy	Bromofos-ethyl	<	2,5	ng/L
OW168900	2022-01-19	21554934	12:11:00	BrfosMy	Bromofos-methyl	<	1,5	ng/L
OW168900	2022-01-19	21554934	12:11:00	Bromacil	Bromacil	<	10	ng/L
OW168900	2022-01-19	21554934	12:11:00	Ca o	Calcium	=	132000	µg/L
OW168900	2022-01-19	21554934	12:11:00	Carbdzim	Carbendazim	<	5	ng/L
OW168900	2022-01-19	21554934	12:11:00	Cartamid	Carbetamide	<	10	ng/L
OW168900	2022-01-19	21554934	12:11:00	Cbromuron	Chloorbromuron	<	15	ng/L
OW168900	2022-01-19	21554934	12:11:00	cCdaan	cis-Chloordaan	<	0,5	ng/L
OW168900	2022-01-19	21554934	12:11:00	Cd o	Cadmium	<	0,05	µg/L
OW168900	2022-01-19	21554934	12:11:00	Cd t	Cadmium	=	0,252	µg/L
OW168900	2022-01-19	21554934	12:11:00	Cdaan	Chloordaan	<	1	ng/L
OW168900	2022-01-19	21554934	12:11:00	Cdazon	Chloridazon	<	5	ng/L
OW168900	2022-01-19	21554934	12:11:00	Cfvinfos	Chloorfenvinfos	<	1,5	ng/L
OW168900	2022-01-19	21554934	12:11:00	cHpCEpx	cis-Heptachloorepoxyde	<	0,5	ng/L
OW168900	2022-01-19	21554934	12:11:00	Chr	Chryseen	=	67	ng/L
OW168900	2022-01-19	21554934	12:11:00	Cl-	Chloride	=	60,2	mg/L
OW168900	2022-01-19	21554934	12:11:00	Clfyl a	Chlorofyl a	<	4	µg/L
OW168900	2022-01-19	21554934	12:11:00	Clotidine	Clothianidine	<	5	ng/L
OW168900	2022-01-19	21554934	12:11:00	Co o	Kobalt	=	0,43	µg/L
OW168900	2022-01-19	21554934	12:11:00	Co t	Kobalt	=	1,37	µg/L
OW168900	2022-01-19	21554934	12:11:00	CpfosEy	Chloorpyrifos-ethyl	<	2	ng/L
OW168900	2022-01-19	21554934	12:11:00	CpfosMy	Chloorpyrifos-methyl	<	1,5	ng/L
OW168900	2022-01-19	21554934	12:11:00	Cprofam	Chloorprofam	<	2	ng/L
OW168900	2022-01-19	21554934	12:11:00	Cr o	Chroom	<	1,5	µg/L
OW168900	2022-01-19	21554934	12:11:00	Cr t	Chroom	=	7,2	µg/L
OW168900	2022-01-19	21554934	12:11:00	Ctoluron	Chloortoluron	=	43	ng/L
OW168900	2022-01-19	21554934	12:11:00	Cu o	Koper	<	2	µg/L
OW168900	2022-01-19	21554934	12:11:00	Cu t	Koper	=	10,3	µg/L
OW168900	2022-01-19	21554934	12:11:00	Cumafos	Cumafos	<	2,5	ng/L
OW168900	2022-01-19	21554934	12:11:00	Cyanaz	Cyanazine	<	5	ng/L
OW168900	2022-01-19	21554934	12:11:00	Cybutrine	Cybutrine	<	1	ng/L
OW168900	2022-01-19	21554934	12:11:00	Cypmethrin	Cypermethrin	<	3	ng/L
OW168900	2022-01-19	21554934	12:11:00	CZV	Chemisch zuurstofverbruik	=	21,7	mgO2/L
OW168900	2022-01-19	21554934	12:11:00	DBySn	Dibutyltin	<	20	ngSn/L
OW168900	2022-01-19	21554934	12:11:00	DBySn som	Dibutyltinverbindingen	<	20	ngSn/L
OW168900	2022-01-19	21554934	12:11:00	dBz(ah)An	Dibenzo(a,h)anthraceen	=	32	ng/L
OW168900	2022-01-19	21554934	12:11:00	DCvos	Dichloorvos	<	0,5	ng/L
OW168900	2022-01-19	21554934	12:11:00	DDT t	DDT, totaal	<	3	ng/L
OW168900	2022-01-19	21554934	12:11:00	Demeton	Demeton	<	4,5	ng/L
OW168900	2022-01-19	21554934	12:11:00	DEyatraz	Desethylatrazine	<	10	ng/L
OW168900	2022-01-19	21554934	12:11:00	DEytByaz	Desethylterbutylazine	<	10	ng/L
OW168900	2022-01-19	21554934	12:11:00	Dflucan	Diflufenican	=	10,3	ng/L
OW168900	2022-01-19	21554934	12:11:00	dHCH	delta-Hexachloorcyclohexaan	<	0,75	ng/L
OW168900	2022-01-19	21554934	12:11:00	Diazinon	Diazinon	<	2	ng/L
OW168900	2022-01-19	21554934	12:11:00	Dieldrin	Dieldrin	<	1	ng/L
OW168900	2022-01-19	21554934	12:11:00	DiMetamid	Dimethenamid	<	5	ng/L
OW168900	2022-01-19	21554934	12:11:00	DiMetmorf	Dimethomorf	<	5	ng/L
OW168900	2022-01-19	21554934	12:11:00	DiPyatraz	Desisopropylatrazine	<	10	ng/L
OW168900	2022-01-19	21554934	12:11:00	Diuron	Diuron	<	10	ng/L
OW168900	2022-01-19	21554934	12:11:00	Dmetoat	Dimethoaat	<	3	ng/L
OW168900	2022-01-19	21554934	12:11:00	DOC	Koolstof	=	6,2	mgC/L
OW168900	2022-01-19	21554934	12:11:00	Dsulfoton	Disulfoton	<	4,5	ng/L
OW168900	2022-01-19	21554934	12:11:00	EC 20	Geleidbaarheid (20°C)	=	842	µS/cm
OW168900	2022-01-19	21554934	12:11:00	EC 25	Geleidbaarheid (25°C)	=	922,411	µS/cm
OW168900	2022-01-19	21554934	12:11:00	EndoS	Endosulfansulfaat	<	0,75	ng/L
OW168900	2022-01-19	21554934	12:11:00	Endrin	Endrin	<	0,5	ng/L
OW168900	2022-01-19	21554934	12:11:00	Etfum	Ethofumesaat	<	2,5	ng/L
OW168900	2022-01-19	21554934	12:11:00	Ethopfos	Ethoprofos	<	2,5	ng/L
OW168900	2022-01-19	21554934	12:11:00	F- o	Fluoride	=	0,22	mg/L
OW168900	2022-01-19	21554934	12:11:00	Fe o	Ijzer	<	25	µg/L
OW168900	2022-01-19	21554934	12:11:00	Fe t	Ijzer	=	2430	µg/L
OW168900	2022-01-19	21554934	12:11:00	Fen	Fenantreen	=	121	ng/L
OW168900	2022-01-19	21554934	12:11:00	Fenithion	Fenitrothion	<	1,5	ng/L
OW168900	2022-01-19	21554934	12:11:00	Fenthion	Fenthion	<	2,5	ng/L
OW168900	2022-01-19	21554934	12:11:00	Feofyt a	Feofytine a	<	4	µg/L
OW168900	2022-01-19	21554934	12:11:00	Flu	Fluorantheen	=	163	ng/L
OW168900	2022-01-19	21554934	12:11:00	Flucet	Flufenacet	=	38	ng/L
OW168900	2022-01-19	21554934	12:11:00	Fluoreen	Fluoreen	=	59	ng/L
OW168900	2022-01-19	21554934	12:11:00	Fonofos	Fonofos	<	2	ng/L
OW168900	2022-01-19	21554934	12:11:00	gHCH	gamma-Hexachloorcyclohexaan	<	0,5	ng/L
OW168900	2022-01-19	21554934	12:11:00	H t	Hardheid	=	39	°F
OW168900	2022-01-19	21554934	12:11:00	HCBdn	Hexachloorbutadieen	<	1,3	ng/L
OW168900	2022-01-19	21554934	12:11:00	HCBz	Hexachloorbenzeen	<	1	ng/L
OW168900	2022-01-19	21554934	12:11:00	HCH	Hexachloorcyclohexaan, alle isomeren	<	2,25	ng/L
OW168900	2022-01-19	21554934	12:11:00	Hexazinon	Hexazinon	<	10	ng/L
OW168900	2022-01-19	21554934	12:11:00	Hg o	Kwik	<	0,025	µg/L
OW168900	2022-01-19	21554934	12:11:00	Hg t	Kwik	<	0,04	µg/L
OW168900	2022-01-19	21554934	12:11:00	HpC	Heptachloor	<	0,75	ng/L
OW168900	2022-01-19	21554934	12:11:00	HpC+Epx	Heptachloor+epoxyde	<	2	ng/L
OW168900	2022-01-19	21554934	12:11:00	Imcloprid	Imidacloprid	<	5	ng/L
OW168900	2022-01-19	21554934	12:11:00	IP	Indeno(1,2,3-cd)pyreen	=	60	ng/L
OW168900	2022-01-19	21554934	12:11:00	Iproturon	Isoproturon	<	5	ng/L
OW168900	2022-01-19	21554934	12:11:00	Isodrin	Isodrin	<	0,35	ng/L
OW168900	2022-01-19	21554934	12:11:00	K o	Kalium	=	11600	µg/L
OW168900	2022-01-19	21554934	12:11:00	KjN	Kjeldahlstikstof	=	1,622	mgN/L
OW168900	2022-01-19	21554934	12:11:00	Linuron	Linuron	<	5	ng/L
OW168900	2022-01-19	21554934	12:11:00	Malathion	Malathion	<	2,5	ng/L
OW168900	2022-01-19	21554934	12:11:00	Mbromuron	Metobromuron	<	10	ng/L
OW168900	2022-01-19	21554934	12:11:00	mBthiaz	Metabenzthiazuron	<	5	ng/L
OW168900	2022-01-19	21554934	12:11:00	Metaza	Metazachloor	<	5	ng/L
OW168900	2022-01-19	21554934	12:11:00	Metbuzin	Metribuzin	<	3	ng/L
OW168900	2022-01-19	21554934	12:11:00	Metcarb	Methiocarb	<	4,5	ng/L
OW168900	2022-01-19	21554934	12:11:00	Methidat	Methidation	<	3,5	ng/L
OW168900	2022-01-19	21554934	12:11:00	Metola	Metolachloor	<	10	ng/L
OW168900	2022-01-19	21554934	12:11:00	Metoxur	Metoxuron	<	5	ng/L
OW168900	2022-01-19	21554934	12:11:00	Mevinfos	Mevinfos	<	2	ng/L
OW168900	2022-01-19	21554934	12:11:00	Mg o	Magnesium	=	13500	µg/L
OW168900	2022-01-19	21554934	12:11:00	Mlinuron	Monolinuron	<	5	ng/L
OW168900	2022-01-19	21554934	12:11:00	Mmitron	Metamitron	<	5	ng/L
OW168900	2022-01-19	21554934	12:11:00	Mn o	Mangaan	=	104	µg/L
OW168900	2022-01-19	21554934	12:11:00	Mn t	Mangaan	=	195	µg/L
OW168900	2022-01-19	21554934	12:11:00	Mo o	Molybdeen	<	2,5	µg/L
OW168900	2022-01-19	21554934	12:11:00	Mo t	Molybdeen	=	2,04	µg/L
OW168900	2022-01-19	21554934	12:11:00	MxyC	Methoxychloor	<	0,75	ng/L
OW168900	2022-01-19	21554934	12:11:00	N t	Stikstof	=	7,7	mgN/L
OW168900	2022-01-19	21554934	12:11:00	N+N	Nitraat+nitriet	=	6,078	mgN/L
OW168900	2022-01-19	21554934	12:11:00	N+N+N	Nitraat+nitriet+ammonium	=	6,728	mgN/L
OW168900	2022-01-19	21554934	12:11:00	Na o	Natrium	=	39300	µg/L
OW168900	2022-01-19	21554934	12:11:00	Naft	Naftaleen	=	48	ng/L
OW168900	2022-01-19	21554934	12:11:00	NH4+	Ammonium	=	0,65	mgN/L
OW168900	2022-01-19	21554934	12:11:00	Ni o	Nikkel	<	3,2	µg/L
OW168900	2022-01-19	21554934	12:11:00	Ni t	Nikkel	=	5,08	µg/L
OW168900	2022-01-19	21554934	12:11:00	NO2-	Nitriet	=	0,078	mgN/L
OW168900	2022-01-19	21554934	12:11:00	NO3-	Nitraat	=	6	mgN/L
OW168900	2022-01-19	21554934	12:11:00	O2	Zuurstof	=	11,67	mg/L
OW168900	2022-01-19	21554934	12:11:00	O2 verz	Zuurstof	=	91,3	%
OW168900	2022-01-19	21554934	12:11:00	OCP t	Organochloorpesticiden, totaal	<	11,7	ng/L
OW168900	2022-01-19	21554934	12:11:00	oPO4 f	Orthofosfaat	=	0,214	mgP/L
OW168900	2022-01-19	21554934	12:11:00	Oxadiazon	Oxadiazon	<	3	ng/L
OW168900	2022-01-19	21554934	12:11:00	P t	Fosfor	=	0,473	mgP/L
OW168900	2022-01-19	21554934	12:11:00	PAK 10	Polyaromatische KWS (10 Vrom)	=	695	ng/L
OW168900	2022-01-19	21554934	12:11:00	PAK 6	Polyaromatische KWS (6 Borneff)	=	439	ng/L
OW168900	2022-01-19	21554934	12:11:00	PathionEy	Parathion-ethyl	<	1	ng/L
OW168900	2022-01-19	21554934	12:11:00	PathionMy	Parathion-methyl	<	1,5	ng/L
OW168900	2022-01-19	21554934	12:11:00	Pb o	Lood	<	1,25	µg/L
OW168900	2022-01-19	21554934	12:11:00	Pb t	Lood	=	7,9	µg/L
OW168900	2022-01-19	21554934	12:11:00	PCB 101	2,2',4,5,5'-Pentachloorbifenyl (PCB101)	<	1	ng/L
OW168900	2022-01-19	21554934	12:11:00	PCB 118	2,3',4,4',5-Pentachloorbifenyl (PCB118)	<	0,5	ng/L
OW168900	2022-01-19	21554934	12:11:00	PCB 138	2,2',3,4,4',5'-Hexachloorbifenyl (PCB138)	<	1	ng/L
OW168900	2022-01-19	21554934	12:11:00	PCB 153	2,2',4,4',5,5'-Hexachloorbifenyl (PCB153)	<	1	ng/L
OW168900	2022-01-19	21554934	12:11:00	PCB 180	2,2',3,4,4',5,5'-Heptachloorbifenyl (PCB180)	<	1	ng/L
OW168900	2022-01-19	21554934	12:11:00	PCB 28	2,4,4'-Trichloorbifenyl (PCB28)	<	0,5	ng/L
OW168900	2022-01-19	21554934	12:11:00	PCB 52	2,2',5,5'-Tetrachloorbifenyl (PCB52)	<	0,5	ng/L
OW168900	2022-01-19	21554934	12:11:00	PCB t	Polychloorbifenyl, totaal	<	5,5	ng/L
OW168900	2022-01-19	21554934	12:11:00	PCBz	Pentachloorbenzeen	<	1,5	ng/L
OW168900	2022-01-19	21554934	12:11:00	PCNiBz	Pentachloornitrobenzeen	<	0,5	ng/L
OW168900	2022-01-19	21554934	12:11:00	pH	pH	=	7,84	-
OW168900	2022-01-19	21554934	12:11:00	Picarb	Pirimicarb	<	5	ng/L
OW168900	2022-01-19	21554934	12:11:00	PirfosMy	Pirimifos-methyl	<	3,5	ng/L
OW168900	2022-01-19	21554934	12:11:00	Prochloor	Propachloor	<	10	ng/L
OW168900	2022-01-19	21554934	12:11:00	Prometryn	Prometryn	<	10	ng/L
OW168900	2022-01-19	21554934	12:11:00	Propanil	Propanil	<	25	ng/L
OW168900	2022-01-19	21554934	12:11:00	Propaz	Propazine	<	10	ng/L
OW168900	2022-01-19	21554934	12:11:00	Proscarb	Prosulfocarb	<	100	ng/L
OW168900	2022-01-19	21554934	12:11:00	Pyr	Pyreen	=	122	ng/L
OW168900	2022-01-19	21554934	12:11:00	Quinofen	Quinoxyfen	<	1	ng/L
OW168900	2022-01-19	21554934	12:11:00	Sb o	Antimoon	<	1,5	µg/L
OW168900	2022-01-19	21554934	12:11:00	Sb t	Antimoon	<	1,2	µg/L
OW168900	2022-01-19	21554934	12:11:00	Se o	Seleen	<	1,5	µg/L
OW168900	2022-01-19	21554934	12:11:00	Se t	Seleen	=	1,61	µg/L
OW168900	2022-01-19	21554934	12:11:00	Sebutylaz	Sebutylazine	<	10	ng/L
OW168900	2022-01-19	21554934	12:11:00	Secchi	Doorzichtigheid	=	40	cm
OW168900	2022-01-19	21554934	12:11:00	Simaz	Simazine	<	5	ng/L
OW168900	2022-01-19	21554934	12:11:00	SiO2 o	Silicaat	=	16	mgSiO2/L
OW168900	2022-01-19	21554934	12:11:00	Sn o	Tin	<	1,5	µg/L
OW168900	2022-01-19	21554934	12:11:00	Sn t	Tin	<	0,65	µg/L
OW168900	2022-01-19	21554934	12:11:00	SO4=	Sulfaat	=	97	mg/L
OW168900	2022-01-19	21554934	12:11:00	T	Temperatuur	=	5,6	°C
OW168900	2022-01-19	21554934	12:11:00	TAM	Alkaliniteit met methyloranje	=	5,6	meq/L
OW168900	2022-01-19	21554934	12:11:00	TBySn	Tributyltin	=	0,23	ngSn/L
OW168900	2022-01-19	21554934	12:11:00	tCdaan	trans-Chloordaan	<	0,5	ng/L
OW168900	2022-01-19	21554934	12:11:00	TclofosMy	Tolclofos-methyl	<	2,5	ng/L
OW168900	2022-01-19	21554934	12:11:00	Te o	Telluur	<	2,5	µg/L
OW168900	2022-01-19	21554934	12:11:00	Te t	Telluur	<	1,5	µg/L
OW168900	2022-01-19	21554934	12:11:00	Telodrin	Telodrin	<	0,5	ng/L
OW168900	2022-01-19	21554934	12:11:00	Terbufos	Terbufos	<	2,5	ng/L
OW168900	2022-01-19	21554934	12:11:00	Terbutryn	Terbutryn	<	10	ng/L
OW168900	2022-01-19	21554934	12:11:00	Tfluralin	Trifluralin	<	0,5	ng/L
OW168900	2022-01-19	21554934	12:11:00	TFySn	Trifenyltin	<	0,01	ngSn/L
OW168900	2022-01-19	21554934	12:11:00	TFySn som	Trifenyltinacetaat, chloride, hydroxide	<	0,01	ngSn/L
OW168900	2022-01-19	21554934	12:11:00	Thiacloprid	Thiacloprid	<	2,5	ng/L
OW168900	2022-01-19	21554934	12:11:00	tHpCEpx	trans-Heptachloorepoxyde	<	0,75	ng/L
OW168900	2022-01-19	21554934	12:11:00	Ti o	Titaan	<	2	µg/L
OW168900	2022-01-19	21554934	12:11:00	Ti t	Titaan	=	41	µg/L
OW168900	2022-01-19	21554934	12:11:00	Tl o	Thallium	<	0,1	µg/L
OW168900	2022-01-19	21554934	12:11:00	Tl t	Thallium	<	0,1	µg/L
OW168900	2022-01-19	21554934	12:11:00	Tmethoxam	Thiamethoxam	<	5	ng/L
OW168900	2022-01-19	21554934	12:11:00	TrByaz	Terbutylazine	<	5	ng/L
OW168900	2022-01-19	21554934	12:11:00	Triazofos	Triazofos	<	2	ng/L
OW168900	2022-01-19	21554934	12:11:00	TtBySn	Tetrabutyltin	<	0,5	ngSn/L
OW168900	2022-01-19	21554934	12:11:00	U o	Uranium	=	1,66	µg/L
OW168900	2022-01-19	21554934	12:11:00	U t	Uranium	=	1,87	µg/L
OW168900	2022-01-19	21554934	12:11:00	V o	Vanadium	<	1,5	µg/L
OW168900	2022-01-19	21554934	12:11:00	V t	Vanadium	=	6,1	µg/L
OW168900	2022-01-19	21554934	12:11:00	Zn o	Zink	<	7,5	µg/L
OW168900	2022-01-19	21554934	12:11:00	Zn t	Zink	=	48	µg/L
OW168900	2022-01-19	21554934	12:11:00	ZS	Zwevende stoffen	=	62	mg/L
OW168900	2022-02-16	21557060	12:02:00	1234CBz	1,2,3,4-Tetrachloorbenzeen	<	1	ng/L
OW168900	2022-02-16	21557060	12:02:00	1235+1245CBz	1,2,3,5+1,2,4,5-Tetrachloorbenzeen	<	1,5	ng/L
OW168900	2022-02-16	21557060	12:02:00	2356CNiBz	2,3,5,6-Tetrachloornitrobenzeen	<	0,5	ng/L
OW168900	2022-02-16	21557060	12:02:00	24DDD	op'Dichloordifenyldichloorethaan	<	0,75	ng/L
OW168900	2022-02-16	21557060	12:02:00	24DDE	op'Dichloordifenyldichlooretheen	<	0,5	ng/L
OW168900	2022-02-16	21557060	12:02:00	24DDT	op'Dichloordifenyltrichloorethaan	<	0,5	ng/L
OW168900	2022-02-16	21557060	12:02:00	2hAtraz	2-Hydroxy-atrazine	<	10	ng/L
OW168900	2022-02-16	21557060	12:02:00	44DDD	pp'Dichloordifenyldichloorethaan	<	1	ng/L
OW168900	2022-02-16	21557060	12:02:00	44DDE	pp'Dichloordifenyldichlooretheen	<	0,75	ng/L
OW168900	2022-02-16	21557060	12:02:00	44DDT	pp'Dichloordifenyltrichloorethaan	<	0,75	ng/L
OW168900	2022-02-16	21557060	12:02:00	a+b+d+gHCHS	alfa+beta+gamma+delta Hexachloorcyclohexaan	<	2,25	ng/L
OW168900	2022-02-16	21557060	12:02:00	a+bEndoS	alfa+beta Endosulfan	<	1,5	ng/L
OW168900	2022-02-16	21557060	12:02:00	Acenaft	Acenafteen	=	50	ng/L
OW168900	2022-02-16	21557060	12:02:00	Acenaftyl	Acenaftyleen	=	13	ng/L
OW168900	2022-02-16	21557060	12:02:00	Acetamiprid	Acetamiprid	<	2,5	ng/L
OW168900	2022-02-16	21557060	12:02:00	Aclonifen	Aclonifen	<	2,5	ng/L
OW168900	2022-02-16	21557060	12:02:00	ADEIdrin	Aldrin+Dieldrin+Endrin+Isodrin	<	2,2	ng/L
OW168900	2022-02-16	21557060	12:02:00	aEndo	alfa-Endosulfan	<	0,5	ng/L
OW168900	2022-02-16	21557060	12:02:00	Ag o	Zilver	<	0,05	µg/L
OW168900	2022-02-16	21557060	12:02:00	Ag t	Zilver	<	0,1	µg/L
OW168900	2022-02-16	21557060	12:02:00	aHCH	alfa-Hexachloorcyclohexaan	<	0,5	ng/L
OW168900	2022-02-16	21557060	12:02:00	Al o	Aluminium	<	150	µg/L
OW168900	2022-02-16	21557060	12:02:00	Alachloor	Alachloor	<	10	ng/L
OW168900	2022-02-16	21557060	12:02:00	Aldrin	Aldrin	<	0,35	ng/L
OW168900	2022-02-16	21557060	12:02:00	Ant	Anthraceen	=	29	ng/L
OW168900	2022-02-16	21557060	12:02:00	As o	Arseen	=	1,2	µg/L
OW168900	2022-02-16	21557060	12:02:00	As t	Arseen	=	2,33	µg/L
OW168900	2022-02-16	21557060	12:02:00	Atraz	Atrazine	<	10	ng/L
OW168900	2022-02-16	21557060	12:02:00	AzinfosEy	Azinfos-ethyl	<	1,5	ng/L
OW168900	2022-02-16	21557060	12:02:00	AzinfosMy	Azinfos-methyl	<	1	ng/L
OW168900	2022-02-16	21557060	12:02:00	B o	Boor	=	71	µg/L
OW168900	2022-02-16	21557060	12:02:00	B t	Boor	=	74	µg/L
OW168900	2022-02-16	21557060	12:02:00	B(a)A	Benzo(a)anthraceen	=	44	ng/L
OW168900	2022-02-16	21557060	12:02:00	B(a)P	Benzo(a)pyreen	=	42	ng/L
OW168900	2022-02-16	21557060	12:02:00	B(b)Flu	Benzo(b)fluorantheen	=	53	ng/L
OW168900	2022-02-16	21557060	12:02:00	B(ghi)Pe	Benzo(g,h,i)peryleen	=	35	ng/L
OW168900	2022-02-16	21557060	12:02:00	B(k)Flu	Benzo(k)fluorantheen	=	26	ng/L
OW168900	2022-02-16	21557060	12:02:00	Ba o	Barium	=	33	µg/L
OW168900	2022-02-16	21557060	12:02:00	Ba t	Barium	=	52	µg/L
OW168900	2022-02-16	21557060	12:02:00	BAM	2,6-Dichloorbenzamide	=	39	ng/L
OW168900	2022-02-16	21557060	12:02:00	Be o	Beryllium	<	0,15	µg/L
OW168900	2022-02-16	21557060	12:02:00	Be t	Beryllium	<	0,15	µg/L
OW168900	2022-02-16	21557060	12:02:00	bEndo	beta-Endosulfan	<	1	ng/L
OW168900	2022-02-16	21557060	12:02:00	BFlu som	PAK benzo(b+k)fluorantheen (b)	=	79	ng/L
OW168900	2022-02-16	21557060	12:02:00	bHCH	beta-Hexachloorcyclohexaan	<	0,5	ng/L
OW168900	2022-02-16	21557060	12:02:00	Bifenox	Bifenox	<	2	ng/L
OW168900	2022-02-16	21557060	12:02:00	BPe + IP som	PAK Benzo(g,h,i)peryleen + Indeno(1,2,3-cd)pyreen	=	65	ng/L
OW168900	2022-02-16	21557060	12:02:00	BrfosEy	Bromofos-ethyl	<	2,5	ng/L
OW168900	2022-02-16	21557060	12:02:00	BrfosMy	Bromofos-methyl	<	1,5	ng/L
OW168900	2022-02-16	21557060	12:02:00	Bromacil	Bromacil	<	10	ng/L
OW168900	2022-02-16	21557060	12:02:00	BZV5	Biochemisch zuurstofverbruik na 5d.	<	2	mgO2/L
OW168900	2022-02-16	21557060	12:02:00	Ca o	Calcium	=	135000	µg/L
OW168900	2022-02-16	21557060	12:02:00	Carbdzim	Carbendazim	<	10	ng/L
OW168900	2022-02-16	21557060	12:02:00	Cartamid	Carbetamide	<	10	ng/L
OW168900	2022-02-16	21557060	12:02:00	Cbromuron	Chloorbromuron	<	15	ng/L
OW168900	2022-02-16	21557060	12:02:00	cCdaan	cis-Chloordaan	<	0,5	ng/L
OW168900	2022-02-16	21557060	12:02:00	Cd o	Cadmium	<	0,05	µg/L
OW168900	2022-02-16	21557060	12:02:00	Cd t	Cadmium	=	0,287	µg/L
OW168900	2022-02-16	21557060	12:02:00	Cdaan	Chloordaan	<	1	ng/L
OW168900	2022-02-16	21557060	12:02:00	Cdazon	Chloridazon	<	5	ng/L
OW168900	2022-02-16	21557060	12:02:00	Cfvinfos	Chloorfenvinfos	<	1,5	ng/L
OW168900	2022-02-16	21557060	12:02:00	cHpCEpx	cis-Heptachloorepoxyde	<	0,5	ng/L
OW168900	2022-02-16	21557060	12:02:00	Chr	Chryseen	=	71	ng/L
OW168900	2022-02-16	21557060	12:02:00	Cl-	Chloride	=	63,2	mg/L
OW168900	2022-02-16	21557060	12:02:00	Clfyl a	Chlorofyl a	<	4	µg/L
OW168900	2022-02-16	21557060	12:02:00	Clotidine	Clothianidine	<	2,5	ng/L
OW168900	2022-02-16	21557060	12:02:00	Co o	Kobalt	=	0,43	µg/L
OW168900	2022-02-16	21557060	12:02:00	Co t	Kobalt	=	1,43	µg/L
OW168900	2022-02-16	21557060	12:02:00	CpfosEy	Chloorpyrifos-ethyl	<	2	ng/L
OW168900	2022-02-16	21557060	12:02:00	CpfosMy	Chloorpyrifos-methyl	<	1,5	ng/L
OW168900	2022-02-16	21557060	12:02:00	Cprofam	Chloorprofam	<	2	ng/L
OW168900	2022-02-16	21557060	12:02:00	Cr o	Chroom	<	1,5	µg/L
OW168900	2022-02-16	21557060	12:02:00	Cr t	Chroom	=	8,3	µg/L
OW168900	2022-02-16	21557060	12:02:00	Ctoluron	Chloortoluron	=	36	ng/L
OW168900	2022-02-16	21557060	12:02:00	Cu o	Koper	<	2	µg/L
OW168900	2022-02-16	21557060	12:02:00	Cu t	Koper	=	12,5	µg/L
OW168900	2022-02-16	21557060	12:02:00	Cumafos	Cumafos	<	2,5	ng/L
OW168900	2022-02-16	21557060	12:02:00	Cyanaz	Cyanazine	<	5	ng/L
OW168900	2022-02-16	21557060	12:02:00	Cybutrine	Cybutrine	<	1	ng/L
OW168900	2022-02-16	21557060	12:02:00	Cypmethrin	Cypermethrin	<	3	ng/L
OW168900	2022-02-16	21557060	12:02:00	CZV	Chemisch zuurstofverbruik	=	18,5	mgO2/L
OW168900	2022-02-16	21557060	12:02:00	DBySn	Dibutyltin	<	20	ngSn/L
OW168900	2022-02-16	21557060	12:02:00	DBySn som	Dibutyltinverbindingen	<	20	ngSn/L
OW168900	2022-02-16	21557060	12:02:00	dBz(ah)An	Dibenzo(a,h)anthraceen	=	13	ng/L
OW168900	2022-02-16	21557060	12:02:00	DCvos	Dichloorvos	<	0,5	ng/L
OW168900	2022-02-16	21557060	12:02:00	DDT t	DDT, totaal	<	3	ng/L
OW168900	2022-02-16	21557060	12:02:00	Demeton	Demeton	<	4,5	ng/L
OW168900	2022-02-16	21557060	12:02:00	DEyatraz	Desethylatrazine	=	12	ng/L
OW168900	2022-02-16	21557060	12:02:00	DEytByaz	Desethylterbutylazine	<	10	ng/L
OW168900	2022-02-16	21557060	12:02:00	Dflucan	Diflufenican	=	8,9	ng/L
OW168900	2022-02-16	21557060	12:02:00	dHCH	delta-Hexachloorcyclohexaan	<	0,75	ng/L
OW168900	2022-02-16	21557060	12:02:00	Diazinon	Diazinon	<	2	ng/L
OW168900	2022-02-16	21557060	12:02:00	Dieldrin	Dieldrin	<	1	ng/L
OW168900	2022-02-16	21557060	12:02:00	DiMetamid	Dimethenamid	<	5	ng/L
OW168900	2022-02-16	21557060	12:02:00	DiMetmorf	Dimethomorf	<	5	ng/L
OW168900	2022-02-16	21557060	12:02:00	DiPyatraz	Desisopropylatrazine	<	10	ng/L
OW168900	2022-02-16	21557060	12:02:00	Diuron	Diuron	<	10	ng/L
OW168900	2022-02-16	21557060	12:02:00	Dmetoat	Dimethoaat	<	3	ng/L
OW168900	2022-02-16	21557060	12:02:00	DOC	Koolstof	=	5,4	mgC/L
OW168900	2022-02-16	21557060	12:02:00	Dsulfoton	Disulfoton	<	4,5	ng/L
OW168900	2022-02-16	21557060	12:02:00	EC 20	Geleidbaarheid (20°C)	=	856	µS/cm
OW168900	2022-02-16	21557060	12:02:00	EC 25	Geleidbaarheid (25°C)	=	937,748	µS/cm
OW168900	2022-02-16	21557060	12:02:00	EndoS	Endosulfansulfaat	<	0,75	ng/L
OW168900	2022-02-16	21557060	12:02:00	Endrin	Endrin	<	0,5	ng/L
OW168900	2022-02-16	21557060	12:02:00	Etfum	Ethofumesaat	<	2,5	ng/L
OW168900	2022-02-16	21557060	12:02:00	Ethopfos	Ethoprofos	<	2,5	ng/L
OW168900	2022-02-16	21557060	12:02:00	F- o	Fluoride	=	0,179	mg/L
OW168900	2022-02-16	21557060	12:02:00	Fe o	Ijzer	<	25	µg/L
OW168900	2022-02-16	21557060	12:02:00	Fe t	Ijzer	=	2570	µg/L
OW168900	2022-02-16	21557060	12:02:00	Fen	Fenantreen	=	99	ng/L
OW168900	2022-02-16	21557060	12:02:00	Fenithion	Fenitrothion	<	1,5	ng/L
OW168900	2022-02-16	21557060	12:02:00	Fenthion	Fenthion	<	2,5	ng/L
OW168900	2022-02-16	21557060	12:02:00	Feofyt a	Feofytine a	=	4,4	µg/L
OW168900	2022-02-16	21557060	12:02:00	Flu	Fluorantheen	=	127	ng/L
OW168900	2022-02-16	21557060	12:02:00	Flucet	Flufenacet	<	20	ng/L
OW168900	2022-02-16	21557060	12:02:00	Fluoreen	Fluoreen	=	49	ng/L
OW168900	2022-02-16	21557060	12:02:00	Fonofos	Fonofos	<	2	ng/L
OW168900	2022-02-16	21557060	12:02:00	gHCH	gamma-Hexachloorcyclohexaan	<	0,5	ng/L
OW168900	2022-02-16	21557060	12:02:00	H t	Hardheid	=	39	°F
OW168900	2022-02-16	21557060	12:02:00	HCBdn	Hexachloorbutadieen	<	1,3	ng/L
OW168900	2022-02-16	21557060	12:02:00	HCBz	Hexachloorbenzeen	<	1	ng/L
OW168900	2022-02-16	21557060	12:02:00	HCH	Hexachloorcyclohexaan, alle isomeren	<	2,25	ng/L
OW168900	2022-02-16	21557060	12:02:00	Hexazinon	Hexazinon	<	10	ng/L
OW168900	2022-02-16	21557060	12:02:00	Hg o	Kwik	<	0,025	µg/L
OW168900	2022-02-16	21557060	12:02:00	Hg t	Kwik	<	0,05	µg/L
OW168900	2022-02-16	21557060	12:02:00	HpC	Heptachloor	<	0,75	ng/L
OW168900	2022-02-16	21557060	12:02:00	HpC+Epx	Heptachloor+epoxyde	<	2	ng/L
OW168900	2022-02-16	21557060	12:02:00	Imcloprid	Imidacloprid	=	6	ng/L
OW168900	2022-02-16	21557060	12:02:00	IP	Indeno(1,2,3-cd)pyreen	=	30	ng/L
OW168900	2022-02-16	21557060	12:02:00	Iproturon	Isoproturon	<	10	ng/L
OW168900	2022-02-16	21557060	12:02:00	Isodrin	Isodrin	<	0,35	ng/L
OW168900	2022-02-16	21557060	12:02:00	K o	Kalium	=	11100	µg/L
OW168900	2022-02-16	21557060	12:02:00	KjN	Kjeldahlstikstof	=	1,001	mgN/L
OW168900	2022-02-16	21557060	12:02:00	Linuron	Linuron	<	5	ng/L
OW168900	2022-02-16	21557060	12:02:00	Malathion	Malathion	<	2,5	ng/L
OW168900	2022-02-16	21557060	12:02:00	Mbromuron	Metobromuron	<	10	ng/L
OW168900	2022-02-16	21557060	12:02:00	mBthiaz	Metabenzthiazuron	<	5	ng/L
OW168900	2022-02-16	21557060	12:02:00	Metaza	Metazachloor	<	5	ng/L
OW168900	2022-02-16	21557060	12:02:00	Metbuzin	Metribuzin	<	3	ng/L
OW168900	2022-02-16	21557060	12:02:00	Metcarb	Methiocarb	<	4,5	ng/L
OW168900	2022-02-16	21557060	12:02:00	Methidat	Methidation	<	3,5	ng/L
OW168900	2022-02-16	21557060	12:02:00	Metola	Metolachloor	<	5	ng/L
OW168900	2022-02-16	21557060	12:02:00	Metoxur	Metoxuron	<	5	ng/L
OW168900	2022-02-16	21557060	12:02:00	Mevinfos	Mevinfos	<	2	ng/L
OW168900	2022-02-16	21557060	12:02:00	Mg o	Magnesium	=	12600	µg/L
OW168900	2022-02-16	21557060	12:02:00	Mlinuron	Monolinuron	<	5	ng/L
OW168900	2022-02-16	21557060	12:02:00	Mmitron	Metamitron	<	5	ng/L
OW168900	2022-02-16	21557060	12:02:00	Mn o	Mangaan	=	82	µg/L
OW168900	2022-02-16	21557060	12:02:00	Mn t	Mangaan	=	201	µg/L
OW168900	2022-02-16	21557060	12:02:00	Mo o	Molybdeen	<	2,5	µg/L
OW168900	2022-02-16	21557060	12:02:00	Mo t	Molybdeen	<	2,5	µg/L
OW168900	2022-02-16	21557060	12:02:00	MxyC	Methoxychloor	<	0,75	ng/L
OW168900	2022-02-16	21557060	12:02:00	N t	Stikstof	=	7,8	mgN/L
OW168900	2022-02-16	21557060	12:02:00	N+N	Nitraat+nitriet	=	6,799	mgN/L
OW168900	2022-02-16	21557060	12:02:00	N+N+N	Nitraat+nitriet+ammonium	=	7,499	mgN/L
OW168900	2022-02-16	21557060	12:02:00	Na o	Natrium	=	45000	µg/L
OW168900	2022-02-16	21557060	12:02:00	Naft	Naftaleen	<	40	ng/L
OW168900	2022-02-16	21557060	12:02:00	NH4+	Ammonium	=	0,7	mgN/L
OW168900	2022-02-16	21557060	12:02:00	Ni o	Nikkel	<	3,2	µg/L
OW168900	2022-02-16	21557060	12:02:00	Ni t	Nikkel	=	5,25	µg/L
OW168900	2022-02-16	21557060	12:02:00	NO2-	Nitriet	=	0,099	mgN/L
OW168900	2022-02-16	21557060	12:02:00	NO3-	Nitraat	=	6,7	mgN/L
OW168900	2022-02-16	21557060	12:02:00	O2	Zuurstof	=	10,65	mg/L
OW168900	2022-02-16	21557060	12:02:00	O2 verz	Zuurstof	=	93,2	%
OW168900	2022-02-16	21557060	12:02:00	OCP t	Organochloorpesticiden, totaal	<	11,7	ng/L
OW168900	2022-02-16	21557060	12:02:00	oPO4 f	Orthofosfaat	=	0,18	mgP/L
OW168900	2022-02-16	21557060	12:02:00	Oxadiazon	Oxadiazon	<	3	ng/L
OW168900	2022-02-16	21557060	12:02:00	P t	Fosfor	=	0,486	mgP/L
OW168900	2022-02-16	21557060	12:02:00	PAK 10	Polyaromatische KWS (10 Vrom)	<	543	ng/L
OW168900	2022-02-16	21557060	12:02:00	PAK 6	Polyaromatische KWS (6 Borneff)	=	313	ng/L
OW168900	2022-02-16	21557060	12:02:00	PathionEy	Parathion-ethyl	<	1	ng/L
OW168900	2022-02-16	21557060	12:02:00	PathionMy	Parathion-methyl	<	1,5	ng/L
OW168900	2022-02-16	21557060	12:02:00	Pb o	Lood	<	1,25	µg/L
OW168900	2022-02-16	21557060	12:02:00	Pb t	Lood	=	8,5	µg/L
OW168900	2022-02-16	21557060	12:02:00	PCB 101	2,2',4,5,5'-Pentachloorbifenyl (PCB101)	<	1	ng/L
OW168900	2022-02-16	21557060	12:02:00	PCB 118	2,3',4,4',5-Pentachloorbifenyl (PCB118)	<	0,5	ng/L
OW168900	2022-02-16	21557060	12:02:00	PCB 138	2,2',3,4,4',5'-Hexachloorbifenyl (PCB138)	<	1	ng/L
OW168900	2022-02-16	21557060	12:02:00	PCB 153	2,2',4,4',5,5'-Hexachloorbifenyl (PCB153)	<	1	ng/L
OW168900	2022-02-16	21557060	12:02:00	PCB 180	2,2',3,4,4',5,5'-Heptachloorbifenyl (PCB180)	<	1	ng/L
OW168900	2022-02-16	21557060	12:02:00	PCB 28	2,4,4'-Trichloorbifenyl (PCB28)	<	0,5	ng/L
OW168900	2022-02-16	21557060	12:02:00	PCB 52	2,2',5,5'-Tetrachloorbifenyl (PCB52)	<	1	ng/L
OW168900	2022-02-16	21557060	12:02:00	PCB t	Polychloorbifenyl, totaal	<	6	ng/L
OW168900	2022-02-16	21557060	12:02:00	PCBz	Pentachloorbenzeen	<	1,5	ng/L
OW168900	2022-02-16	21557060	12:02:00	PCNiBz	Pentachloornitrobenzeen	<	0,5	ng/L
OW168900	2022-02-16	21557060	12:02:00	pH	pH	=	7,96	-
OW168900	2022-02-16	21557060	12:02:00	Picarb	Pirimicarb	<	5	ng/L
OW168900	2022-02-16	21557060	12:02:00	PirfosMy	Pirimifos-methyl	<	3,5	ng/L
OW168900	2022-02-16	21557060	12:02:00	Prochloor	Propachloor	<	10	ng/L
OW168900	2022-02-16	21557060	12:02:00	Prometryn	Prometryn	<	10	ng/L
OW168900	2022-02-16	21557060	12:02:00	Propanil	Propanil	<	25	ng/L
OW168900	2022-02-16	21557060	12:02:00	Propaz	Propazine	<	10	ng/L
OW168900	2022-02-16	21557060	12:02:00	Proscarb	Prosulfocarb	<	100	ng/L
OW168900	2022-02-16	21557060	12:02:00	Pyr	Pyreen	=	97	ng/L
OW168900	2022-02-16	21557060	12:02:00	Quinofen	Quinoxyfen	<	1	ng/L
OW168900	2022-02-16	21557060	12:02:00	Sb o	Antimoon	<	1,5	µg/L
OW168900	2022-02-16	21557060	12:02:00	Sb t	Antimoon	<	1,5	µg/L
OW168900	2022-02-16	21557060	12:02:00	Se o	Seleen	<	1,5	µg/L
OW168900	2022-02-16	21557060	12:02:00	Se t	Seleen	=	1,54	µg/L
OW168900	2022-02-16	21557060	12:02:00	Sebutylaz	Sebutylazine	<	10	ng/L
OW168900	2022-02-16	21557060	12:02:00	Secchi	Doorzichtigheid	=	20	cm
OW168900	2022-02-16	21557060	12:02:00	Simaz	Simazine	<	5	ng/L
OW168900	2022-02-16	21557060	12:02:00	SiO2 o	Silicaat	=	15	mgSiO2/L
OW168900	2022-02-16	21557060	12:02:00	Sn o	Tin	<	1,5	µg/L
OW168900	2022-02-16	21557060	12:02:00	Sn t	Tin	<	1,5	µg/L
OW168900	2022-02-16	21557060	12:02:00	SO4=	Sulfaat	=	96	mg/L
OW168900	2022-02-16	21557060	12:02:00	T	Temperatuur	=	9	°C
OW168900	2022-02-16	21557060	12:02:00	TAM	Alkaliniteit met methyloranje	=	5,8	meq/L
OW168900	2022-02-16	21557060	12:02:00	TBySn	Tributyltin	=	0,26	ngSn/L
OW168900	2022-02-16	21557060	12:02:00	tCdaan	trans-Chloordaan	<	0,5	ng/L
OW168900	2022-02-16	21557060	12:02:00	TclofosMy	Tolclofos-methyl	<	2,5	ng/L
OW168900	2022-02-16	21557060	12:02:00	Te o	Telluur	<	2,5	µg/L
OW168900	2022-02-16	21557060	12:02:00	Te t	Telluur	<	2,5	µg/L
OW168900	2022-02-16	21557060	12:02:00	Telodrin	Telodrin	<	0,5	ng/L
OW168900	2022-02-16	21557060	12:02:00	Terbufos	Terbufos	<	2,5	ng/L
OW168900	2022-02-16	21557060	12:02:00	Terbutryn	Terbutryn	<	10	ng/L
OW168900	2022-02-16	21557060	12:02:00	Tfluralin	Trifluralin	<	0,5	ng/L
OW168900	2022-02-16	21557060	12:02:00	TFySn	Trifenyltin	=	0,027	ngSn/L
OW168900	2022-02-16	21557060	12:02:00	TFySn som	Trifenyltinacetaat, chloride, hydroxide	=	0,027	ngSn/L
OW168900	2022-02-16	21557060	12:02:00	Thiacloprid	Thiacloprid	<	2,5	ng/L
OW168900	2022-02-16	21557060	12:02:00	tHpCEpx	trans-Heptachloorepoxyde	<	0,75	ng/L
OW168900	2022-02-16	21557060	12:02:00	Ti o	Titaan	<	2	µg/L
OW168900	2022-02-16	21557060	12:02:00	Ti t	Titaan	=	39	µg/L
OW168900	2022-02-16	21557060	12:02:00	Tl o	Thallium	<	0,1	µg/L
OW168900	2022-02-16	21557060	12:02:00	Tl t	Thallium	<	0,2	µg/L
OW168900	2022-02-16	21557060	12:02:00	Tmethoxam	Thiamethoxam	<	5	ng/L
OW168900	2022-02-16	21557060	12:02:00	TrByaz	Terbutylazine	<	5	ng/L
OW168900	2022-02-16	21557060	12:02:00	Triazofos	Triazofos	<	2	ng/L
OW168900	2022-02-16	21557060	12:02:00	TtBySn	Tetrabutyltin	<	0,5	ngSn/L
OW168900	2022-02-16	21557060	12:02:00	U o	Uranium	=	1,38	µg/L
OW168900	2022-02-16	21557060	12:02:00	U t	Uranium	=	1,57	µg/L
OW168900	2022-02-16	21557060	12:02:00	V o	Vanadium	<	1,5	µg/L
OW168900	2022-02-16	21557060	12:02:00	V t	Vanadium	=	6,4	µg/L
OW168900	2022-02-16	21557060	12:02:00	Zn o	Zink	<	7,5	µg/L
OW168900	2022-02-16	21557060	12:02:00	Zn t	Zink	=	56	µg/L
OW168900	2022-02-16	21557060	12:02:00	ZS	Zwevende stoffen	=	56	mg/L
OW168900	2022-03-16	21559041	11:44:00	1234CBz	1,2,3,4-Tetrachloorbenzeen	<	1	ng/L
OW168900	2022-03-16	21559041	11:44:00	1235+1245CBz	1,2,3,5+1,2,4,5-Tetrachloorbenzeen	<	1,5	ng/L
OW168900	2022-03-16	21559041	11:44:00	2356CNiBz	2,3,5,6-Tetrachloornitrobenzeen	<	0,48	ng/L
OW168900	2022-03-16	21559041	11:44:00	24-D	2,4-Dichloorfenoxyazijnzuur	<	25	ng/L
OW168900	2022-03-16	21559041	11:44:00	24-DB	2,4-Dichloorfenoxybutaanzuur	<	25	ng/L
OW168900	2022-03-16	21559041	11:44:00	24-DP	Dichloorprop	<	25	ng/L
OW168900	2022-03-16	21559041	11:44:00	245-T	2,4,5-Trichloorfenoxyazijnzuur	<	25	ng/L
OW168900	2022-03-16	21559041	11:44:00	24DDD	op'Dichloordifenyldichloorethaan	<	0,73	ng/L
OW168900	2022-03-16	21559041	11:44:00	24DDE	op'Dichloordifenyldichlooretheen	<	0,48	ng/L
OW168900	2022-03-16	21559041	11:44:00	24DDT	op'Dichloordifenyltrichloorethaan	<	0,48	ng/L
OW168900	2022-03-16	21559041	11:44:00	24NiFol	2,4-Dinitrofenol	<	25	ng/L
OW168900	2022-03-16	21559041	11:44:00	2hAtraz	2-Hydroxy-atrazine	<	5	ng/L
OW168900	2022-03-16	21559041	11:44:00	44DDD	pp'Dichloordifenyldichloorethaan	<	0,97	ng/L
OW168900	2022-03-16	21559041	11:44:00	44DDE	pp'Dichloordifenyldichlooretheen	<	0,73	ng/L
OW168900	2022-03-16	21559041	11:44:00	44DDT	pp'Dichloordifenyltrichloorethaan	<	0,73	ng/L
OW168900	2022-03-16	21559041	11:44:00	a+b+d+gHCHS	alfa+beta+gamma+delta Hexachloorcyclohexaan	<	2,66	ng/L
OW168900	2022-03-16	21559041	11:44:00	a+bEndoS	alfa+beta Endosulfan	<	1,45	ng/L
OW168900	2022-03-16	21559041	11:44:00	Acenaft	Acenafteen	=	28	ng/L
OW168900	2022-03-16	21559041	11:44:00	Acenaftyl	Acenaftyleen	<	10	ng/L
OW168900	2022-03-16	21559041	11:44:00	Acetamiprid	Acetamiprid	<	2,5	ng/L
OW168900	2022-03-16	21559041	11:44:00	Aclonifen	Aclonifen	<	2,5	ng/L
OW168900	2022-03-16	21559041	11:44:00	ADEIdrin	Aldrin+Dieldrin+Endrin+Isodrin	<	2,13	ng/L
OW168900	2022-03-16	21559041	11:44:00	aEndo	alfa-Endosulfan	<	0,48	ng/L
OW168900	2022-03-16	21559041	11:44:00	Ag o	Zilver	<	0,05	µg/L
OW168900	2022-03-16	21559041	11:44:00	Ag t	Zilver	<	0,05	µg/L
OW168900	2022-03-16	21559041	11:44:00	aHCH	alfa-Hexachloorcyclohexaan	<	0,48	ng/L
OW168900	2022-03-16	21559041	11:44:00	Al o	Aluminium	<	150	µg/L
OW168900	2022-03-16	21559041	11:44:00	Alachloor	Alachloor	<	10	ng/L
OW168900	2022-03-16	21559041	11:44:00	Aldrin	Aldrin	<	0,34	ng/L
OW168900	2022-03-16	21559041	11:44:00	AMPA	Aminomethylfosfonzuur	=	1600	ng/L
OW168900	2022-03-16	21559041	11:44:00	Ant	Anthraceen	=	15	ng/L
OW168900	2022-03-16	21559041	11:44:00	As o	Arseen	=	1,13	µg/L
OW168900	2022-03-16	21559041	11:44:00	As t	Arseen	=	1,54	µg/L
OW168900	2022-03-16	21559041	11:44:00	Atraz	Atrazine	<	10	ng/L
OW168900	2022-03-16	21559041	11:44:00	AzinfosEy	Azinfos-ethyl	<	1,5	ng/L
OW168900	2022-03-16	21559041	11:44:00	AzinfosMy	Azinfos-methyl	<	1	ng/L
OW168900	2022-03-16	21559041	11:44:00	B o	Boor	=	78	µg/L
OW168900	2022-03-16	21559041	11:44:00	B t	Boor	=	77	µg/L
OW168900	2022-03-16	21559041	11:44:00	B(a)A	Benzo(a)anthraceen	=	14	ng/L
OW168900	2022-03-16	21559041	11:44:00	B(a)P	Benzo(a)pyreen	=	15	ng/L
OW168900	2022-03-16	21559041	11:44:00	B(b)Flu	Benzo(b)fluorantheen	=	20	ng/L
OW168900	2022-03-16	21559041	11:44:00	B(ghi)Pe	Benzo(g,h,i)peryleen	=	13	ng/L
OW168900	2022-03-16	21559041	11:44:00	B(k)Flu	Benzo(k)fluorantheen	=	10	ng/L
OW168900	2022-03-16	21559041	11:44:00	Ba o	Barium	=	36	µg/L
OW168900	2022-03-16	21559041	11:44:00	Ba t	Barium	=	41	µg/L
OW168900	2022-03-16	21559041	11:44:00	BAM	2,6-Dichloorbenzamide	<	20	ng/L
OW168900	2022-03-16	21559041	11:44:00	Be o	Beryllium	<	0,15	µg/L
OW168900	2022-03-16	21559041	11:44:00	Be t	Beryllium	<	0,15	µg/L
OW168900	2022-03-16	21559041	11:44:00	bEndo	beta-Endosulfan	<	0,97	ng/L
OW168900	2022-03-16	21559041	11:44:00	Bentazone	Bentazone	<	50	ng/L
OW168900	2022-03-16	21559041	11:44:00	BFlu som	PAK benzo(b+k)fluorantheen (b)	=	30	ng/L
OW168900	2022-03-16	21559041	11:44:00	bHCH	beta-Hexachloorcyclohexaan	<	0,48	ng/L
OW168900	2022-03-16	21559041	11:44:00	Bifenox	Bifenox	<	2	ng/L
OW168900	2022-03-16	21559041	11:44:00	BPe + IP som	PAK Benzo(g,h,i)peryleen + Indeno(1,2,3-cd)pyreen	=	24	ng/L
OW168900	2022-03-16	21559041	11:44:00	BrfosEy	Bromofos-ethyl	<	2,5	ng/L
OW168900	2022-03-16	21559041	11:44:00	BrfosMy	Bromofos-methyl	<	1,5	ng/L
OW168900	2022-03-16	21559041	11:44:00	Bromacil	Bromacil	<	10	ng/L
OW168900	2022-03-16	21559041	11:44:00	Bromoxyn	Bromoxynil	<	25	ng/L
OW168900	2022-03-16	21559041	11:44:00	BZV5	Biochemisch zuurstofverbruik na 5d.	<	2	mgO2/L
OW168900	2022-03-16	21559041	11:44:00	Ca o	Calcium	=	135000	µg/L
OW168900	2022-03-16	21559041	11:44:00	Carbdzim	Carbendazim	<	5	ng/L
OW168900	2022-03-16	21559041	11:44:00	Cartamid	Carbetamide	<	10	ng/L
OW168900	2022-03-16	21559041	11:44:00	Cbromuron	Chloorbromuron	<	15	ng/L
OW168900	2022-03-16	21559041	11:44:00	cCdaan	cis-Chloordaan	<	0,48	ng/L
OW168900	2022-03-16	21559041	11:44:00	Cd o	Cadmium	<	0,05	µg/L
OW168900	2022-03-16	21559041	11:44:00	Cd t	Cadmium	<	0,2	µg/L
OW168900	2022-03-16	21559041	11:44:00	Cdaan	Chloordaan	<	0,96	ng/L
OW168900	2022-03-16	21559041	11:44:00	Cdazon	Chloridazon	<	5	ng/L
OW168900	2022-03-16	21559041	11:44:00	Cfvinfos	Chloorfenvinfos	<	1,5	ng/L
OW168900	2022-03-16	21559041	11:44:00	cHpCEpx	cis-Heptachloorepoxyde	<	0,48	ng/L
OW168900	2022-03-16	21559041	11:44:00	Chr	Chryseen	=	24	ng/L
OW168900	2022-03-16	21559041	11:44:00	Cl-	Chloride	=	72	mg/L
OW168900	2022-03-16	21559041	11:44:00	Clfyl a	Chlorofyl a	=	7,6	µg/L
OW168900	2022-03-16	21559041	11:44:00	Clopyralid	Clopyralid	<	125	ng/L
OW168900	2022-03-16	21559041	11:44:00	Clotidine	Clothianidine	<	2,5	ng/L
OW168900	2022-03-16	21559041	11:44:00	Co o	Kobalt	=	0,35	µg/L
OW168900	2022-03-16	21559041	11:44:00	Co t	Kobalt	=	0,71	µg/L
OW168900	2022-03-16	21559041	11:44:00	CpfosEy	Chloorpyrifos-ethyl	<	2	ng/L
OW168900	2022-03-16	21559041	11:44:00	CpfosMy	Chloorpyrifos-methyl	<	1,5	ng/L
OW168900	2022-03-16	21559041	11:44:00	Cprofam	Chloorprofam	<	2	ng/L
OW168900	2022-03-16	21559041	11:44:00	Cr o	Chroom	<	1,5	µg/L
OW168900	2022-03-16	21559041	11:44:00	Cr t	Chroom	=	3,19	µg/L
OW168900	2022-03-16	21559041	11:44:00	Ctoluron	Chloortoluron	<	16	ng/L
OW168900	2022-03-16	21559041	11:44:00	Cu o	Koper	<	4	µg/L
OW168900	2022-03-16	21559041	11:44:00	Cu t	Koper	=	5,49	µg/L
OW168900	2022-03-16	21559041	11:44:00	Cumafos	Cumafos	<	2,5	ng/L
OW168900	2022-03-16	21559041	11:44:00	Cyanaz	Cyanazine	<	5	ng/L
OW168900	2022-03-16	21559041	11:44:00	Cybutrine	Cybutrine	<	1	ng/L
OW168900	2022-03-16	21559041	11:44:00	Cypmethrin	Cypermethrin	<	3	ng/L
OW168900	2022-03-16	21559041	11:44:00	CZV	Chemisch zuurstofverbruik	=	16,2	mgO2/L
OW168900	2022-03-16	21559041	11:44:00	dBz(ah)An	Dibenzo(a,h)anthraceen	<	5	ng/L
OW168900	2022-03-16	21559041	11:44:00	DCvos	Dichloorvos	<	0,5	ng/L
OW168900	2022-03-16	21559041	11:44:00	DDT t	DDT, totaal	<	2,91	ng/L
OW168900	2022-03-16	21559041	11:44:00	Demeton	Demeton	<	4,5	ng/L
OW168900	2022-03-16	21559041	11:44:00	DEyatraz	Desethylatrazine	=	14	ng/L
OW168900	2022-03-16	21559041	11:44:00	DEytByaz	Desethylterbutylazine	<	10	ng/L
OW168900	2022-03-16	21559041	11:44:00	Dflucan	Diflufenican	=	12,2	ng/L
OW168900	2022-03-16	21559041	11:44:00	dHCH	delta-Hexachloorcyclohexaan	<	0,73	ng/L
OW168900	2022-03-16	21559041	11:44:00	Diazinon	Diazinon	<	2	ng/L
OW168900	2022-03-16	21559041	11:44:00	Dicamba	Dicamba	<	150	ng/L
OW168900	2022-03-16	21559041	11:44:00	Dieldrin	Dieldrin	<	0,97	ng/L
OW168900	2022-03-16	21559041	11:44:00	DiMetamid	Dimethenamid	<	5	ng/L
OW168900	2022-03-16	21559041	11:44:00	DiMetmorf	Dimethomorf	<	5	ng/L
OW168900	2022-03-16	21559041	11:44:00	DiPyatraz	Desisopropylatrazine	<	10	ng/L
OW168900	2022-03-16	21559041	11:44:00	Diuron	Diuron	=	10	ng/L
OW168900	2022-03-16	21559041	11:44:00	Dmetoat	Dimethoaat	<	3	ng/L
OW168900	2022-03-16	21559041	11:44:00	DNOC	4,6-Dinitro-o-cresol	<	25	ng/L
OW168900	2022-03-16	21559041	11:44:00	DOC	Koolstof	=	5,1	mgC/L
OW168900	2022-03-16	21559041	11:44:00	Dsulfoton	Disulfoton	<	4,5	ng/L
OW168900	2022-03-16	21559041	11:44:00	EC 20	Geleidbaarheid (20°C)	=	901	µS/cm
OW168900	2022-03-16	21559041	11:44:00	EC 25	Geleidbaarheid (25°C)	=	987,0455	µS/cm
OW168900	2022-03-16	21559041	11:44:00	EndoS	Endosulfansulfaat	<	0,73	ng/L
OW168900	2022-03-16	21559041	11:44:00	Endrin	Endrin	<	0,48	ng/L
OW168900	2022-03-16	21559041	11:44:00	Etfum	Ethofumesaat	<	2,5	ng/L
OW168900	2022-03-16	21559041	11:44:00	Ethopfos	Ethoprofos	<	2,5	ng/L
OW168900	2022-03-16	21559041	11:44:00	F- o	Fluoride	=	0,176	mg/L
OW168900	2022-03-16	21559041	11:44:00	Fe o	Ijzer	<	25	µg/L
OW168900	2022-03-16	21559041	11:44:00	Fe t	Ijzer	=	960	µg/L
OW168900	2022-03-16	21559041	11:44:00	Fen	Fenantreen	=	48	ng/L
OW168900	2022-03-16	21559041	11:44:00	Fenithion	Fenitrothion	<	1,5	ng/L
OW168900	2022-03-16	21559041	11:44:00	Fenoprop	Fenoprop	<	25	ng/L
OW168900	2022-03-16	21559041	11:44:00	Fenthion	Fenthion	<	2,5	ng/L
OW168900	2022-03-16	21559041	11:44:00	Feofyt a	Feofytine a	<	4	µg/L
OW168900	2022-03-16	21559041	11:44:00	Floxpyr	Fluroxypyr	<	25	ng/L
OW168900	2022-03-16	21559041	11:44:00	Flu	Fluorantheen	=	51	ng/L
OW168900	2022-03-16	21559041	11:44:00	Flucet	Flufenacet	<	20	ng/L
OW168900	2022-03-16	21559041	11:44:00	Fluoreen	Fluoreen	=	22	ng/L
OW168900	2022-03-16	21559041	11:44:00	Fonofos	Fonofos	<	2	ng/L
OW168900	2022-03-16	21559041	11:44:00	gHCH	gamma-Hexachloorcyclohexaan	<	0,97	ng/L
OW168900	2022-03-16	21559041	11:44:00	Glyfosaat	Glyfosaat	=	330	ng/L
OW168900	2022-03-16	21559041	11:44:00	H t	Hardheid	=	39	°F
OW168900	2022-03-16	21559041	11:44:00	HCBdn	Hexachloorbutadieen	<	1,3	ng/L
OW168900	2022-03-16	21559041	11:44:00	HCBz	Hexachloorbenzeen	<	1	ng/L
OW168900	2022-03-16	21559041	11:44:00	HCH	Hexachloorcyclohexaan, alle isomeren	<	2,66	ng/L
OW168900	2022-03-16	21559041	11:44:00	Hexazinon	Hexazinon	<	10	ng/L
OW168900	2022-03-16	21559041	11:44:00	Hg o	Kwik	<	0,025	µg/L
OW168900	2022-03-16	21559041	11:44:00	Hg t	Kwik	<	0,025	µg/L
OW168900	2022-03-16	21559041	11:44:00	HpC	Heptachloor	<	0,73	ng/L
OW168900	2022-03-16	21559041	11:44:00	HpC+Epx	Heptachloor+epoxyde	<	1,94	ng/L
OW168900	2022-03-16	21559041	11:44:00	Imcloprid	Imidacloprid	=	6	ng/L
OW168900	2022-03-16	21559041	11:44:00	IP	Indeno(1,2,3-cd)pyreen	=	11	ng/L
OW168900	2022-03-16	21559041	11:44:00	Iproturon	Isoproturon	<	5	ng/L
OW168900	2022-03-16	21559041	11:44:00	Isodrin	Isodrin	<	0,34	ng/L
OW168900	2022-03-16	21559041	11:44:00	K o	Kalium	=	12400	µg/L
OW168900	2022-03-16	21559041	11:44:00	KjN	Kjeldahlstikstof	=	0,988	mgN/L
OW168900	2022-03-16	21559041	11:44:00	Lenacil	Lenacil	<	25	ng/L
OW168900	2022-03-16	21559041	11:44:00	Linuron	Linuron	<	5	ng/L
OW168900	2022-03-16	21559041	11:44:00	Malathion	Malathion	<	2,5	ng/L
OW168900	2022-03-16	21559041	11:44:00	Mbromuron	Metobromuron	<	10	ng/L
OW168900	2022-03-16	21559041	11:44:00	mBthiaz	Metabenzthiazuron	<	5	ng/L
OW168900	2022-03-16	21559041	11:44:00	MCPA	(4-Chloor-2-methylfenoxy)azijnzuur	<	25	ng/L
OW168900	2022-03-16	21559041	11:44:00	MCPB	4-(4-Chloor-2-methylfenoxy)boterzuur	<	25	ng/L
OW168900	2022-03-16	21559041	11:44:00	MCPP	Mecoprop	<	25	ng/L
OW168900	2022-03-16	21559041	11:44:00	Metaza	Metazachloor	<	5	ng/L
OW168900	2022-03-16	21559041	11:44:00	Metbuzin	Metribuzin	<	3	ng/L
OW168900	2022-03-16	21559041	11:44:00	Metcarb	Methiocarb	<	4,5	ng/L
OW168900	2022-03-16	21559041	11:44:00	Methidat	Methidation	<	3,5	ng/L
OW168900	2022-03-16	21559041	11:44:00	Metola	Metolachloor	<	5	ng/L
OW168900	2022-03-16	21559041	11:44:00	Metoxur	Metoxuron	<	5	ng/L
OW168900	2022-03-16	21559041	11:44:00	Mevinfos	Mevinfos	<	2	ng/L
OW168900	2022-03-16	21559041	11:44:00	Mg o	Magnesium	=	13700	µg/L
OW168900	2022-03-16	21559041	11:44:00	Mlinuron	Monolinuron	<	5	ng/L
OW168900	2022-03-16	21559041	11:44:00	Mmitron	Metamitron	<	5	ng/L
OW168900	2022-03-16	21559041	11:44:00	Mn o	Mangaan	=	74	µg/L
OW168900	2022-03-16	21559041	11:44:00	Mn t	Mangaan	=	108	µg/L
OW168900	2022-03-16	21559041	11:44:00	Mo o	Molybdeen	<	2,5	µg/L
OW168900	2022-03-16	21559041	11:44:00	Mo t	Molybdeen	<	2,5	µg/L
OW168900	2022-03-16	21559041	11:44:00	MxyC	Methoxychloor	<	0,73	ng/L
OW168900	2022-03-16	21559041	11:44:00	N t	Stikstof	=	7,4	mgN/L
OW168900	2022-03-16	21559041	11:44:00	N+N	Nitraat+nitriet	=	6,412	mgN/L
OW168900	2022-03-16	21559041	11:44:00	N+N+N	Nitraat+nitriet+ammonium	=	7,002	mgN/L
OW168900	2022-03-16	21559041	11:44:00	Na o	Natrium	=	49000	µg/L
OW168900	2022-03-16	21559041	11:44:00	Naft	Naftaleen	<	40	ng/L
OW168900	2022-03-16	21559041	11:44:00	NH4+	Ammonium	=	0,59	mgN/L
OW168900	2022-03-16	21559041	11:44:00	Ni o	Nikkel	<	3,2	µg/L
OW168900	2022-03-16	21559041	11:44:00	Ni t	Nikkel	=	3,73	µg/L
OW168900	2022-03-16	21559041	11:44:00	NO2-	Nitriet	=	0,112	mgN/L
OW168900	2022-03-16	21559041	11:44:00	NO3-	Nitraat	=	6,3	mgN/L
OW168900	2022-03-16	21559041	11:44:00	O2	Zuurstof	=	11,23	mg/L
OW168900	2022-03-16	21559041	11:44:00	O2 verz	Zuurstof	=	98,4	%
OW168900	2022-03-16	21559041	11:44:00	OCP t	Organochloorpesticiden, totaal	<	11,84	ng/L
OW168900	2022-03-16	21559041	11:44:00	oPO4 f	Orthofosfaat	=	0,189	mgP/L
OW168900	2022-03-16	21559041	11:44:00	Oxadiazon	Oxadiazon	<	3	ng/L
OW168900	2022-03-16	21559041	11:44:00	P t	Fosfor	=	0,295	mgP/L
OW168900	2022-03-16	21559041	11:44:00	PAK 10	Polyaromatische KWS (10 Vrom)	<	241	ng/L
OW168900	2022-03-16	21559041	11:44:00	PAK 6	Polyaromatische KWS (6 Borneff)	=	120	ng/L
OW168900	2022-03-16	21559041	11:44:00	PathionEy	Parathion-ethyl	<	1	ng/L
OW168900	2022-03-16	21559041	11:44:00	PathionMy	Parathion-methyl	<	1,5	ng/L
OW168900	2022-03-16	21559041	11:44:00	Pb o	Lood	<	1,25	µg/L
OW168900	2022-03-16	21559041	11:44:00	Pb t	Lood	=	3,2	µg/L
OW168900	2022-03-16	21559041	11:44:00	PCB 101	2,2',4,5,5'-Pentachloorbifenyl (PCB101)	<	0,48	ng/L
OW168900	2022-03-16	21559041	11:44:00	PCB 118	2,3',4,4',5-Pentachloorbifenyl (PCB118)	<	0,48	ng/L
OW168900	2022-03-16	21559041	11:44:00	PCB 138	2,2',3,4,4',5'-Hexachloorbifenyl (PCB138)	<	0,48	ng/L
OW168900	2022-03-16	21559041	11:44:00	PCB 153	2,2',4,4',5,5'-Hexachloorbifenyl (PCB153)	<	0,48	ng/L
OW168900	2022-03-16	21559041	11:44:00	PCB 180	2,2',3,4,4',5,5'-Heptachloorbifenyl (PCB180)	<	0,48	ng/L
OW168900	2022-03-16	21559041	11:44:00	PCB 28	2,4,4'-Trichloorbifenyl (PCB28)	<	0,48	ng/L
OW168900	2022-03-16	21559041	11:44:00	PCB 52	2,2',5,5'-Tetrachloorbifenyl (PCB52)	<	0,48	ng/L
OW168900	2022-03-16	21559041	11:44:00	PCB t	Polychloorbifenyl, totaal	<	3,36	ng/L
OW168900	2022-03-16	21559041	11:44:00	PCBz	Pentachloorbenzeen	<	1,5	ng/L
OW168900	2022-03-16	21559041	11:44:00	PCNiBz	Pentachloornitrobenzeen	<	0,48	ng/L
OW168900	2022-03-16	21559041	11:44:00	pH	pH	=	7,97	-
OW168900	2022-03-16	21559041	11:44:00	Picarb	Pirimicarb	<	5	ng/L
OW168900	2022-03-16	21559041	11:44:00	PirfosMy	Pirimifos-methyl	<	3,5	ng/L
OW168900	2022-03-16	21559041	11:44:00	Prochloor	Propachloor	<	10	ng/L
OW168900	2022-03-16	21559041	11:44:00	Prometryn	Prometryn	<	10	ng/L
OW168900	2022-03-16	21559041	11:44:00	Propanil	Propanil	<	25	ng/L
OW168900	2022-03-16	21559041	11:44:00	Propaz	Propazine	<	10	ng/L
OW168900	2022-03-16	21559041	11:44:00	Proscarb	Prosulfocarb	<	100	ng/L
OW168900	2022-03-16	21559041	11:44:00	Pyr	Pyreen	=	47	ng/L
OW168900	2022-03-16	21559041	11:44:00	Quinofen	Quinoxyfen	<	1	ng/L
OW168900	2022-03-16	21559041	11:44:00	Sb o	Antimoon	<	1,5	µg/L
OW168900	2022-03-16	21559041	11:44:00	Sb t	Antimoon	<	1,5	µg/L
OW168900	2022-03-16	21559041	11:44:00	Se o	Seleen	<	1,5	µg/L
OW168900	2022-03-16	21559041	11:44:00	Se t	Seleen	<	1,5	µg/L
OW168900	2022-03-16	21559041	11:44:00	Sebutylaz	Sebutylazine	<	10	ng/L
OW168900	2022-03-16	21559041	11:44:00	Secchi	Doorzichtigheid	=	60	cm
OW168900	2022-03-16	21559041	11:44:00	Simaz	Simazine	<	5	ng/L
OW168900	2022-03-16	21559041	11:44:00	SiO2 o	Silicaat	=	14	mgSiO2/L
OW168900	2022-03-16	21559041	11:44:00	Sn o	Tin	<	1,5	µg/L
OW168900	2022-03-16	21559041	11:44:00	Sn t	Tin	<	1,5	µg/L
OW168900	2022-03-16	21559041	11:44:00	SO4=	Sulfaat	=	107	mg/L
OW168900	2022-03-16	21559041	11:44:00	T	Temperatuur	=	9,9	°C
OW168900	2022-03-16	21559041	11:44:00	TAM	Alkaliniteit met methyloranje	=	6,4	meq/L
OW168900	2022-03-16	21559041	11:44:00	tCdaan	trans-Chloordaan	<	0,48	ng/L
OW168900	2022-03-16	21559041	11:44:00	TclofosMy	Tolclofos-methyl	<	2,5	ng/L
OW168900	2022-03-16	21559041	11:44:00	Te o	Telluur	<	2,5	µg/L
OW168900	2022-03-16	21559041	11:44:00	Te t	Telluur	<	2,5	µg/L
OW168900	2022-03-16	21559041	11:44:00	Telodrin	Telodrin	<	0,48	ng/L
OW168900	2022-03-16	21559041	11:44:00	Terbufos	Terbufos	<	2,5	ng/L
OW168900	2022-03-16	21559041	11:44:00	Terbutryn	Terbutryn	<	10	ng/L
OW168900	2022-03-16	21559041	11:44:00	Tfluralin	Trifluralin	<	0,48	ng/L
OW168900	2022-03-16	21559041	11:44:00	Thiacloprid	Thiacloprid	<	2,5	ng/L
OW168900	2022-03-16	21559041	11:44:00	tHpCEpx	trans-Heptachloorepoxyde	<	0,73	ng/L
OW168900	2022-03-16	21559041	11:44:00	Ti o	Titaan	<	2	µg/L
OW168900	2022-03-16	21559041	11:44:00	Ti t	Titaan	=	14	µg/L
OW168900	2022-03-16	21559041	11:44:00	Tl o	Thallium	<	0,1	µg/L
OW168900	2022-03-16	21559041	11:44:00	Tl t	Thallium	<	0,1	µg/L
OW168900	2022-03-16	21559041	11:44:00	Tmethoxam	Thiamethoxam	<	5	ng/L
OW168900	2022-03-16	21559041	11:44:00	TrByaz	Terbutylazine	<	5	ng/L
OW168900	2022-03-16	21559041	11:44:00	Triazofos	Triazofos	<	2	ng/L
OW168900	2022-03-16	21559041	11:44:00	Triclopyr	Triclopyr	<	25	ng/L
OW168900	2022-03-16	21559041	11:44:00	U o	Uranium	=	1,38	µg/L
OW168900	2022-03-16	21559041	11:44:00	U t	Uranium	=	1,4	µg/L
OW168900	2022-03-16	21559041	11:44:00	V o	Vanadium	<	1,5	µg/L
OW168900	2022-03-16	21559041	11:44:00	V t	Vanadium	=	3,44	µg/L
OW168900	2022-03-16	21559041	11:44:00	Zn o	Zink	<	15	µg/L
OW168900	2022-03-16	21559041	11:44:00	Zn t	Zink	=	25,7	µg/L
OW168900	2022-03-16	21559041	11:44:00	ZS	Zwevende stoffen	=	31	mg/L
OW168900	2022-04-13	21560594	12:13:00	1234CBz	1,2,3,4-Tetrachloorbenzeen	<	1	ng/L
OW168900	2022-04-13	21560594	12:13:00	1235+1245CBz	1,2,3,5+1,2,4,5-Tetrachloorbenzeen	<	1,5	ng/L
OW168900	2022-04-13	21560594	12:13:00	2356CNiBz	2,3,5,6-Tetrachloornitrobenzeen	<	0,5	ng/L
OW168900	2022-04-13	21560594	12:13:00	24-D	2,4-Dichloorfenoxyazijnzuur	<	25	ng/L
OW168900	2022-04-13	21560594	12:13:00	24-DB	2,4-Dichloorfenoxybutaanzuur	<	25	ng/L
OW168900	2022-04-13	21560594	12:13:00	24-DP	Dichloorprop	<	25	ng/L
OW168900	2022-04-13	21560594	12:13:00	245-T	2,4,5-Trichloorfenoxyazijnzuur	<	25	ng/L
OW168900	2022-04-13	21560594	12:13:00	24DDD	op'Dichloordifenyldichloorethaan	<	0,75	ng/L
OW168900	2022-04-13	21560594	12:13:00	24DDE	op'Dichloordifenyldichlooretheen	<	0,5	ng/L
OW168900	2022-04-13	21560594	12:13:00	24DDT	op'Dichloordifenyltrichloorethaan	<	0,5	ng/L
OW168900	2022-04-13	21560594	12:13:00	24NiFol	2,4-Dinitrofenol	<	25	ng/L
OW168900	2022-04-13	21560594	12:13:00	2hAtraz	2-Hydroxy-atrazine	<	10	ng/L
OW168900	2022-04-13	21560594	12:13:00	44DDD	pp'Dichloordifenyldichloorethaan	<	1	ng/L
OW168900	2022-04-13	21560594	12:13:00	44DDE	pp'Dichloordifenyldichlooretheen	<	0,75	ng/L
OW168900	2022-04-13	21560594	12:13:00	44DDT	pp'Dichloordifenyltrichloorethaan	<	0,75	ng/L
OW168900	2022-04-13	21560594	12:13:00	a+b+d+gHCHS	alfa+beta+gamma+delta Hexachloorcyclohexaan	<	2,25	ng/L
OW168900	2022-04-13	21560594	12:13:00	a+bEndoS	alfa+beta Endosulfan	<	1,5	ng/L
OW168900	2022-04-13	21560594	12:13:00	Acenaft	Acenafteen	=	15	ng/L
OW168900	2022-04-13	21560594	12:13:00	Acenaftyl	Acenaftyleen	<	5	ng/L
OW168900	2022-04-13	21560594	12:13:00	Acetamiprid	Acetamiprid	<	2,5	ng/L
OW168900	2022-04-13	21560594	12:13:00	Aclonifen	Aclonifen	<	2,5	ng/L
OW168900	2022-04-13	21560594	12:13:00	ADEIdrin	Aldrin+Dieldrin+Endrin+Isodrin	<	2,2	ng/L
OW168900	2022-04-13	21560594	12:13:00	aEndo	alfa-Endosulfan	<	0,5	ng/L
OW168900	2022-04-13	21560594	12:13:00	Ag o	Zilver	<	0,05	µg/L
OW168900	2022-04-13	21560594	12:13:00	Ag t	Zilver	<	0,05	µg/L
OW168900	2022-04-13	21560594	12:13:00	aHCH	alfa-Hexachloorcyclohexaan	<	0,5	ng/L
OW168900	2022-04-13	21560594	12:13:00	Al o	Aluminium	<	150	µg/L
OW168900	2022-04-13	21560594	12:13:00	Alachloor	Alachloor	<	10	ng/L
OW168900	2022-04-13	21560594	12:13:00	Aldrin	Aldrin	<	0,35	ng/L
OW168900	2022-04-13	21560594	12:13:00	AMPA	Aminomethylfosfonzuur	=	1700	ng/L
OW168900	2022-04-13	21560594	12:13:00	Ant	Anthraceen	=	17	ng/L
OW168900	2022-04-13	21560594	12:13:00	As o	Arseen	=	1,18	µg/L
OW168900	2022-04-13	21560594	12:13:00	As t	Arseen	=	1,67	µg/L
OW168900	2022-04-13	21560594	12:13:00	Atraz	Atrazine	=	14	ng/L
OW168900	2022-04-13	21560594	12:13:00	AzinfosEy	Azinfos-ethyl	<	1,5	ng/L
OW168900	2022-04-13	21560594	12:13:00	AzinfosMy	Azinfos-methyl	<	1	ng/L
OW168900	2022-04-13	21560594	12:13:00	B o	Boor	=	70	µg/L
OW168900	2022-04-13	21560594	12:13:00	B t	Boor	=	68	µg/L
OW168900	2022-04-13	21560594	12:13:00	B(a)A	Benzo(a)anthraceen	=	16	ng/L
OW168900	2022-04-13	21560594	12:13:00	B(a)P	Benzo(a)pyreen	=	19	ng/L
OW168900	2022-04-13	21560594	12:13:00	B(b)Flu	Benzo(b)fluorantheen	=	28	ng/L
OW168900	2022-04-13	21560594	12:13:00	B(ghi)Pe	Benzo(g,h,i)peryleen	=	16	ng/L
OW168900	2022-04-13	21560594	12:13:00	B(k)Flu	Benzo(k)fluorantheen	=	14	ng/L
OW168900	2022-04-13	21560594	12:13:00	Ba o	Barium	=	32	µg/L
OW168900	2022-04-13	21560594	12:13:00	Ba t	Barium	=	41	µg/L
OW168900	2022-04-13	21560594	12:13:00	BAM	2,6-Dichloorbenzamide	<	20	ng/L
OW168900	2022-04-13	21560594	12:13:00	Be o	Beryllium	<	0,15	µg/L
OW168900	2022-04-13	21560594	12:13:00	Be t	Beryllium	<	0,15	µg/L
OW168900	2022-04-13	21560594	12:13:00	bEndo	beta-Endosulfan	<	1	ng/L
OW168900	2022-04-13	21560594	12:13:00	Bentazone	Bentazone	<	25	ng/L
OW168900	2022-04-13	21560594	12:13:00	BFlu som	PAK benzo(b+k)fluorantheen (b)	=	42	ng/L
OW168900	2022-04-13	21560594	12:13:00	bHCH	beta-Hexachloorcyclohexaan	<	0,5	ng/L
OW168900	2022-04-13	21560594	12:13:00	Bifenox	Bifenox	<	2	ng/L
OW168900	2022-04-13	21560594	12:13:00	BPe + IP som	PAK Benzo(g,h,i)peryleen + Indeno(1,2,3-cd)pyreen	=	30	ng/L
OW168900	2022-04-13	21560594	12:13:00	BrfosEy	Bromofos-ethyl	<	2,5	ng/L
OW168900	2022-04-13	21560594	12:13:00	BrfosMy	Bromofos-methyl	<	1,5	ng/L
OW168900	2022-04-13	21560594	12:13:00	Bromacil	Bromacil	<	10	ng/L
OW168900	2022-04-13	21560594	12:13:00	Bromoxyn	Bromoxynil	<	25	ng/L
OW168900	2022-04-13	21560594	12:13:00	BZV5	Biochemisch zuurstofverbruik na 5d.	<	2	mgO2/L
OW168900	2022-04-13	21560594	12:13:00	Ca o	Calcium	=	125000	µg/L
OW168900	2022-04-13	21560594	12:13:00	Carbdzim	Carbendazim	<	5	ng/L
OW168900	2022-04-13	21560594	12:13:00	Cartamid	Carbetamide	=	67	ng/L
OW168900	2022-04-13	21560594	12:13:00	Cbromuron	Chloorbromuron	<	15	ng/L
OW168900	2022-04-13	21560594	12:13:00	cCdaan	cis-Chloordaan	<	0,5	ng/L
OW168900	2022-04-13	21560594	12:13:00	Cd o	Cadmium	<	0,05	µg/L
OW168900	2022-04-13	21560594	12:13:00	Cd t	Cadmium	<	0,2	µg/L
OW168900	2022-04-13	21560594	12:13:00	Cdaan	Chloordaan	<	1	ng/L
OW168900	2022-04-13	21560594	12:13:00	Cdazon	Chloridazon	=	72	ng/L
OW168900	2022-04-13	21560594	12:13:00	Cfvinfos	Chloorfenvinfos	<	1,5	ng/L
OW168900	2022-04-13	21560594	12:13:00	cHpCEpx	cis-Heptachloorepoxyde	<	0,5	ng/L
OW168900	2022-04-13	21560594	12:13:00	Chr	Chryseen	=	26	ng/L
OW168900	2022-04-13	21560594	12:13:00	Cl-	Chloride	=	75	mg/L
OW168900	2022-04-13	21560594	12:13:00	Clfyl a	Chlorofyl a	=	4,5	µg/L
OW168900	2022-04-13	21560594	12:13:00	Clopyralid	Clopyralid	<	125	ng/L
OW168900	2022-04-13	21560594	12:13:00	Clotidine	Clothianidine	<	2,5	ng/L
OW168900	2022-04-13	21560594	12:13:00	Co o	Kobalt	=	0,29	µg/L
OW168900	2022-04-13	21560594	12:13:00	Co t	Kobalt	=	0,76	µg/L
OW168900	2022-04-13	21560594	12:13:00	CpfosEy	Chloorpyrifos-ethyl	<	2	ng/L
OW168900	2022-04-13	21560594	12:13:00	CpfosMy	Chloorpyrifos-methyl	<	1,5	ng/L
OW168900	2022-04-13	21560594	12:13:00	Cprofam	Chloorprofam	<	2	ng/L
OW168900	2022-04-13	21560594	12:13:00	Cr o	Chroom	<	1,5	µg/L
OW168900	2022-04-13	21560594	12:13:00	Cr t	Chroom	=	4,88	µg/L
OW168900	2022-04-13	21560594	12:13:00	Ctoluron	Chloortoluron	=	27	ng/L
OW168900	2022-04-13	21560594	12:13:00	Cu o	Koper	<	4	µg/L
OW168900	2022-04-13	21560594	12:13:00	Cu t	Koper	=	7,8	µg/L
OW168900	2022-04-13	21560594	12:13:00	Cumafos	Cumafos	<	2,5	ng/L
OW168900	2022-04-13	21560594	12:13:00	Cyanaz	Cyanazine	<	5	ng/L
OW168900	2022-04-13	21560594	12:13:00	Cybutrine	Cybutrine	<	1	ng/L
OW168900	2022-04-13	21560594	12:13:00	Cypmethrin	Cypermethrin	<	3	ng/L
OW168900	2022-04-13	21560594	12:13:00	CZV	Chemisch zuurstofverbruik	=	13	mgO2/L
OW168900	2022-04-13	21560594	12:13:00	DBySn	Dibutyltin	=	0,56	ngSn/L
OW168900	2022-04-13	21560594	12:13:00	DBySn som	Dibutyltinverbindingen	=	0,56	ngSn/L
OW168900	2022-04-13	21560594	12:13:00	dBz(ah)An	Dibenzo(a,h)anthraceen	<	5	ng/L
OW168900	2022-04-13	21560594	12:13:00	DCvos	Dichloorvos	<	0,5	ng/L
OW168900	2022-04-13	21560594	12:13:00	DDT t	DDT, totaal	<	3	ng/L
OW168900	2022-04-13	21560594	12:13:00	Demeton	Demeton	<	4,5	ng/L
OW168900	2022-04-13	21560594	12:13:00	DEyatraz	Desethylatrazine	=	20	ng/L
OW168900	2022-04-13	21560594	12:13:00	DEytByaz	Desethylterbutylazine	<	10	ng/L
OW168900	2022-04-13	21560594	12:13:00	Dflucan	Diflufenican	=	11,9	ng/L
OW168900	2022-04-13	21560594	12:13:00	dHCH	delta-Hexachloorcyclohexaan	<	0,75	ng/L
OW168900	2022-04-13	21560594	12:13:00	Diazinon	Diazinon	<	2	ng/L
OW168900	2022-04-13	21560594	12:13:00	Dicamba	Dicamba	<	150	ng/L
OW168900	2022-04-13	21560594	12:13:00	Dieldrin	Dieldrin	<	1	ng/L
OW168900	2022-04-13	21560594	12:13:00	DiMetamid	Dimethenamid	<	5	ng/L
OW168900	2022-04-13	21560594	12:13:00	DiMetmorf	Dimethomorf	<	5	ng/L
OW168900	2022-04-13	21560594	12:13:00	DiPyatraz	Desisopropylatrazine	<	10	ng/L
OW168900	2022-04-13	21560594	12:13:00	Diuron	Diuron	=	13	ng/L
OW168900	2022-04-13	21560594	12:13:00	Dmetoat	Dimethoaat	<	3	ng/L
OW168900	2022-04-13	21560594	12:13:00	DNOC	4,6-Dinitro-o-cresol	<	25	ng/L
OW168900	2022-04-13	21560594	12:13:00	DOC	Koolstof	=	4,9	mgC/L
OW168900	2022-04-13	21560594	12:13:00	Dsulfoton	Disulfoton	<	4,5	ng/L
OW168900	2022-04-13	21560594	12:13:00	EC 20	Geleidbaarheid (20°C)	=	850	µS/cm
OW168900	2022-04-13	21560594	12:13:00	EC 25	Geleidbaarheid (25°C)	=	931,175	µS/cm
OW168900	2022-04-13	21560594	12:13:00	EndoS	Endosulfansulfaat	<	0,75	ng/L
OW168900	2022-04-13	21560594	12:13:00	Endrin	Endrin	<	0,5	ng/L
OW168900	2022-04-13	21560594	12:13:00	Etfum	Ethofumesaat	<	2,5	ng/L
OW168900	2022-04-13	21560594	12:13:00	Ethopfos	Ethoprofos	<	2,5	ng/L
OW168900	2022-04-13	21560594	12:13:00	F- o	Fluoride	=	0,191	mg/L
OW168900	2022-04-13	21560594	12:13:00	Fe o	Ijzer	<	25	µg/L
OW168900	2022-04-13	21560594	12:13:00	Fe t	Ijzer	=	1260	µg/L
OW168900	2022-04-13	21560594	12:13:00	Fen	Fenantreen	=	49	ng/L
OW168900	2022-04-13	21560594	12:13:00	Fenithion	Fenitrothion	<	1,5	ng/L
OW168900	2022-04-13	21560594	12:13:00	Fenoprop	Fenoprop	<	25	ng/L
OW168900	2022-04-13	21560594	12:13:00	Fenthion	Fenthion	<	2,5	ng/L
OW168900	2022-04-13	21560594	12:13:00	Feofyt a	Feofytine a	=	4,1	µg/L
OW168900	2022-04-13	21560594	12:13:00	Floxpyr	Fluroxypyr	<	25	ng/L
OW168900	2022-04-13	21560594	12:13:00	Flu	Fluorantheen	=	54	ng/L
OW168900	2022-04-13	21560594	12:13:00	Flucet	Flufenacet	<	20	ng/L
OW168900	2022-04-13	21560594	12:13:00	Fluoreen	Fluoreen	=	23	ng/L
OW168900	2022-04-13	21560594	12:13:00	Fonofos	Fonofos	<	2	ng/L
OW168900	2022-04-13	21560594	12:13:00	gHCH	gamma-Hexachloorcyclohexaan	<	0,5	ng/L
OW168900	2022-04-13	21560594	12:13:00	Glyfosaat	Glyfosaat	=	240	ng/L
OW168900	2022-04-13	21560594	12:13:00	H t	Hardheid	=	36	°F
OW168900	2022-04-13	21560594	12:13:00	HCBdn	Hexachloorbutadieen	<	1,3	ng/L
OW168900	2022-04-13	21560594	12:13:00	HCBz	Hexachloorbenzeen	<	1	ng/L
OW168900	2022-04-13	21560594	12:13:00	HCH	Hexachloorcyclohexaan, alle isomeren	<	2,25	ng/L
OW168900	2022-04-13	21560594	12:13:00	Hexazinon	Hexazinon	<	10	ng/L
OW168900	2022-04-13	21560594	12:13:00	Hg o	Kwik	<	0,025	µg/L
OW168900	2022-04-13	21560594	12:13:00	Hg t	Kwik	<	0,05	µg/L
OW168900	2022-04-13	21560594	12:13:00	HpC	Heptachloor	<	0,75	ng/L
OW168900	2022-04-13	21560594	12:13:00	HpC+Epx	Heptachloor+epoxyde	<	2	ng/L
OW168900	2022-04-13	21560594	12:13:00	Imcloprid	Imidacloprid	=	8	ng/L
OW168900	2022-04-13	21560594	12:13:00	IP	Indeno(1,2,3-cd)pyreen	=	14	ng/L
OW168900	2022-04-13	21560594	12:13:00	Iproturon	Isoproturon	<	5	ng/L
OW168900	2022-04-13	21560594	12:13:00	Isodrin	Isodrin	<	0,35	ng/L
OW168900	2022-04-13	21560594	12:13:00	K o	Kalium	=	10300	µg/L
OW168900	2022-04-13	21560594	12:13:00	KjN	Kjeldahlstikstof	=	0,68	mgN/L
OW168900	2022-04-13	21560594	12:13:00	Lenacil	Lenacil	<	25	ng/L
OW168900	2022-04-13	21560594	12:13:00	Linuron	Linuron	<	5	ng/L
OW168900	2022-04-13	21560594	12:13:00	Malathion	Malathion	<	2,5	ng/L
OW168900	2022-04-13	21560594	12:13:00	Mbromuron	Metobromuron	<	10	ng/L
OW168900	2022-04-13	21560594	12:13:00	mBthiaz	Metabenzthiazuron	<	5	ng/L
OW168900	2022-04-13	21560594	12:13:00	MCPA	(4-Chloor-2-methylfenoxy)azijnzuur	<	25	ng/L
OW168900	2022-04-13	21560594	12:13:00	MCPB	4-(4-Chloor-2-methylfenoxy)boterzuur	<	25	ng/L
OW168900	2022-04-13	21560594	12:13:00	MCPP	Mecoprop	<	25	ng/L
OW168900	2022-04-13	21560594	12:13:00	Metaza	Metazachloor	<	5	ng/L
OW168900	2022-04-13	21560594	12:13:00	Metbuzin	Metribuzin	<	3	ng/L
OW168900	2022-04-13	21560594	12:13:00	Metcarb	Methiocarb	<	4,5	ng/L
OW168900	2022-04-13	21560594	12:13:00	Methidat	Methidation	<	3,5	ng/L
OW168900	2022-04-13	21560594	12:13:00	Metola	Metolachloor	=	10	ng/L
OW168900	2022-04-13	21560594	12:13:00	Metoxur	Metoxuron	<	5	ng/L
OW168900	2022-04-13	21560594	12:13:00	Mevinfos	Mevinfos	<	2	ng/L
OW168900	2022-04-13	21560594	12:13:00	Mg o	Magnesium	=	12100	µg/L
OW168900	2022-04-13	21560594	12:13:00	Mlinuron	Monolinuron	<	5	ng/L
OW168900	2022-04-13	21560594	12:13:00	Mmitron	Metamitron	=	39	ng/L
OW168900	2022-04-13	21560594	12:13:00	Mn o	Mangaan	=	34	µg/L
OW168900	2022-04-13	21560594	12:13:00	Mn t	Mangaan	=	96	µg/L
OW168900	2022-04-13	21560594	12:13:00	Mo o	Molybdeen	<	2,5	µg/L
OW168900	2022-04-13	21560594	12:13:00	Mo t	Molybdeen	<	2,5	µg/L
OW168900	2022-04-13	21560594	12:13:00	MxyC	Methoxychloor	<	0,75	ng/L
OW168900	2022-04-13	21560594	12:13:00	N t	Stikstof	=	7,3	mgN/L
OW168900	2022-04-13	21560594	12:13:00	N+N	Nitraat+nitriet	=	6,62	mgN/L
OW168900	2022-04-13	21560594	12:13:00	N+N+N	Nitraat+nitriet+ammonium	=	7,04	mgN/L
OW168900	2022-04-13	21560594	12:13:00	Na o	Natrium	=	47000	µg/L
OW168900	2022-04-13	21560594	12:13:00	Naft	Naftaleen	<	40	ng/L
OW168900	2022-04-13	21560594	12:13:00	NH4+	Ammonium	=	0,42	mgN/L
OW168900	2022-04-13	21560594	12:13:00	Ni o	Nikkel	<	3,2	µg/L
OW168900	2022-04-13	21560594	12:13:00	Ni t	Nikkel	=	3,92	µg/L
OW168900	2022-04-13	21560594	12:13:00	NO2-	Nitriet	=	0,12	mgN/L
OW168900	2022-04-13	21560594	12:13:00	NO3-	Nitraat	=	6,5	mgN/L
OW168900	2022-04-13	21560594	12:13:00	O2	Zuurstof	=	10,22	mg/L
OW168900	2022-04-13	21560594	12:13:00	O2 verz	Zuurstof	=	95,5	%
OW168900	2022-04-13	21560594	12:13:00	OCP t	Organochloorpesticiden, totaal	<	11,7	ng/L
OW168900	2022-04-13	21560594	12:13:00	oPO4 f	Orthofosfaat	=	0,183	mgP/L
OW168900	2022-04-13	21560594	12:13:00	Oxadiazon	Oxadiazon	<	3	ng/L
OW168900	2022-04-13	21560594	12:13:00	P t	Fosfor	=	0,333	mgP/L
OW168900	2022-04-13	21560594	12:13:00	PAK 10	Polyaromatische KWS (10 Vrom)	<	265	ng/L
OW168900	2022-04-13	21560594	12:13:00	PAK 6	Polyaromatische KWS (6 Borneff)	=	145	ng/L
OW168900	2022-04-13	21560594	12:13:00	PathionEy	Parathion-ethyl	<	1	ng/L
OW168900	2022-04-13	21560594	12:13:00	PathionMy	Parathion-methyl	<	1,5	ng/L
OW168900	2022-04-13	21560594	12:13:00	Pb o	Lood	<	1,25	µg/L
OW168900	2022-04-13	21560594	12:13:00	Pb t	Lood	=	4,22	µg/L
OW168900	2022-04-13	21560594	12:13:00	PCB 101	2,2',4,5,5'-Pentachloorbifenyl (PCB101)	<	0,5	ng/L
OW168900	2022-04-13	21560594	12:13:00	PCB 118	2,3',4,4',5-Pentachloorbifenyl (PCB118)	<	0,5	ng/L
OW168900	2022-04-13	21560594	12:13:00	PCB 138	2,2',3,4,4',5'-Hexachloorbifenyl (PCB138)	<	1	ng/L
OW168900	2022-04-13	21560594	12:13:00	PCB 153	2,2',4,4',5,5'-Hexachloorbifenyl (PCB153)	<	1	ng/L
OW168900	2022-04-13	21560594	12:13:00	PCB 180	2,2',3,4,4',5,5'-Heptachloorbifenyl (PCB180)	<	0,5	ng/L
OW168900	2022-04-13	21560594	12:13:00	PCB 28	2,4,4'-Trichloorbifenyl (PCB28)	<	0,5	ng/L
OW168900	2022-04-13	21560594	12:13:00	PCB 52	2,2',5,5'-Tetrachloorbifenyl (PCB52)	<	0,5	ng/L
OW168900	2022-04-13	21560594	12:13:00	PCB t	Polychloorbifenyl, totaal	<	4,5	ng/L
OW168900	2022-04-13	21560594	12:13:00	PCBz	Pentachloorbenzeen	<	1,5	ng/L
OW168900	2022-04-13	21560594	12:13:00	PCNiBz	Pentachloornitrobenzeen	<	0,5	ng/L
OW168900	2022-04-13	21560594	12:13:00	pH	pH	=	8,06	-
OW168900	2022-04-13	21560594	12:13:00	Picarb	Pirimicarb	<	5	ng/L
OW168900	2022-04-13	21560594	12:13:00	PirfosMy	Pirimifos-methyl	<	3,5	ng/L
OW168900	2022-04-13	21560594	12:13:00	Prochloor	Propachloor	<	10	ng/L
OW168900	2022-04-13	21560594	12:13:00	Prometryn	Prometryn	<	10	ng/L
OW168900	2022-04-13	21560594	12:13:00	Propanil	Propanil	<	25	ng/L
OW168900	2022-04-13	21560594	12:13:00	Propaz	Propazine	<	10	ng/L
OW168900	2022-04-13	21560594	12:13:00	Proscarb	Prosulfocarb	<	100	ng/L
OW168900	2022-04-13	21560594	12:13:00	Pyr	Pyreen	=	52	ng/L
OW168900	2022-04-13	21560594	12:13:00	Quinofen	Quinoxyfen	<	1	ng/L
OW168900	2022-04-13	21560594	12:13:00	Sb o	Antimoon	<	1,5	µg/L
OW168900	2022-04-13	21560594	12:13:00	Sb t	Antimoon	<	1,5	µg/L
OW168900	2022-04-13	21560594	12:13:00	Se o	Seleen	<	1,5	µg/L
OW168900	2022-04-13	21560594	12:13:00	Se t	Seleen	<	1,5	µg/L
OW168900	2022-04-13	21560594	12:13:00	Sebutylaz	Sebutylazine	<	10	ng/L
OW168900	2022-04-13	21560594	12:13:00	Secchi	Doorzichtigheid	=	50	cm
OW168900	2022-04-13	21560594	12:13:00	Simaz	Simazine	<	10	ng/L
OW168900	2022-04-13	21560594	12:13:00	SiO2 o	Silicaat	=	12	mgSiO2/L
OW168900	2022-04-13	21560594	12:13:00	Sn o	Tin	<	1,5	µg/L
OW168900	2022-04-13	21560594	12:13:00	Sn t	Tin	<	1,5	µg/L
OW168900	2022-04-13	21560594	12:13:00	SO4=	Sulfaat	=	99	mg/L
OW168900	2022-04-13	21560594	12:13:00	T	Temperatuur	=	12,5	°C
OW168900	2022-04-13	21560594	12:13:00	TAM	Alkaliniteit met methyloranje	=	5,9	meq/L
OW168900	2022-04-13	21560594	12:13:00	TBySn	Tributyltin	=	0,078	ngSn/L
OW168900	2022-04-13	21560594	12:13:00	tCdaan	trans-Chloordaan	<	0,5	ng/L
OW168900	2022-04-13	21560594	12:13:00	TclofosMy	Tolclofos-methyl	<	2,5	ng/L
OW168900	2022-04-13	21560594	12:13:00	Te o	Telluur	<	2,5	µg/L
OW168900	2022-04-13	21560594	12:13:00	Te t	Telluur	<	2,5	µg/L
OW168900	2022-04-13	21560594	12:13:00	Telodrin	Telodrin	<	0,5	ng/L
OW168900	2022-04-13	21560594	12:13:00	Terbufos	Terbufos	<	2,5	ng/L
OW168900	2022-04-13	21560594	12:13:00	Terbutryn	Terbutryn	<	10	ng/L
OW168900	2022-04-13	21560594	12:13:00	Tfluralin	Trifluralin	<	0,5	ng/L
OW168900	2022-04-13	21560594	12:13:00	TFySn	Trifenyltin	<	0,035	ngSn/L
OW168900	2022-04-13	21560594	12:13:00	TFySn som	Trifenyltinacetaat, chloride, hydroxide	<	0,035	ngSn/L
OW168900	2022-04-13	21560594	12:13:00	Thiacloprid	Thiacloprid	<	2,5	ng/L
OW168900	2022-04-13	21560594	12:13:00	tHpCEpx	trans-Heptachloorepoxyde	<	0,75	ng/L
OW168900	2022-04-13	21560594	12:13:00	Ti o	Titaan	<	2	µg/L
OW168900	2022-04-13	21560594	12:13:00	Ti t	Titaan	=	17,6	µg/L
OW168900	2022-04-13	21560594	12:13:00	Tl o	Thallium	<	0,1	µg/L
OW168900	2022-04-13	21560594	12:13:00	Tl t	Thallium	<	0,1	µg/L
OW168900	2022-04-13	21560594	12:13:00	Tmethoxam	Thiamethoxam	<	5	ng/L
OW168900	2022-04-13	21560594	12:13:00	TrByaz	Terbutylazine	<	5	ng/L
OW168900	2022-04-13	21560594	12:13:00	Triazofos	Triazofos	<	2	ng/L
OW168900	2022-04-13	21560594	12:13:00	Triclopyr	Triclopyr	<	25	ng/L
OW168900	2022-04-13	21560594	12:13:00	TtBySn	Tetrabutyltin	<	0,035	ngSn/L
OW168900	2022-04-13	21560594	12:13:00	U o	Uranium	=	1,2	µg/L
OW168900	2022-04-13	21560594	12:13:00	U t	Uranium	=	1,22	µg/L
OW168900	2022-04-13	21560594	12:13:00	V o	Vanadium	<	1,5	µg/L
OW168900	2022-04-13	21560594	12:13:00	V t	Vanadium	=	3,74	µg/L
OW168900	2022-04-13	21560594	12:13:00	Zn o	Zink	<	15	µg/L
OW168900	2022-04-13	21560594	12:13:00	Zn t	Zink	=	31,9	µg/L
OW168900	2022-04-13	21560594	12:13:00	ZS	Zwevende stoffen	=	34	mg/L
OW168900	2022-05-11	21562655	11:56:00	1234CBz	1,2,3,4-Tetrachloorbenzeen	<	1	ng/L
OW168900	2022-05-11	21562655	11:56:00	1235+1245CBz	1,2,3,5+1,2,4,5-Tetrachloorbenzeen	<	1,5	ng/L
OW168900	2022-05-11	21562655	11:56:00	2356CNiBz	2,3,5,6-Tetrachloornitrobenzeen	<	0,5	ng/L
OW168900	2022-05-11	21562655	11:56:00	24-D	2,4-Dichloorfenoxyazijnzuur	<	25	ng/L
OW168900	2022-05-11	21562655	11:56:00	24-DB	2,4-Dichloorfenoxybutaanzuur	<	25	ng/L
OW168900	2022-05-11	21562655	11:56:00	24-DP	Dichloorprop	<	25	ng/L
OW168900	2022-05-11	21562655	11:56:00	245-T	2,4,5-Trichloorfenoxyazijnzuur	<	25	ng/L
OW168900	2022-05-11	21562655	11:56:00	24DDD	op'Dichloordifenyldichloorethaan	<	1,5	ng/L
OW168900	2022-05-11	21562655	11:56:00	24DDE	op'Dichloordifenyldichlooretheen	<	0,5	ng/L
OW168900	2022-05-11	21562655	11:56:00	24DDT	op'Dichloordifenyltrichloorethaan	<	0,5	ng/L
OW168900	2022-05-11	21562655	11:56:00	24NiFol	2,4-Dinitrofenol	<	25	ng/L
OW168900	2022-05-11	21562655	11:56:00	2hAtraz	2-Hydroxy-atrazine	=	10	ng/L
OW168900	2022-05-11	21562655	11:56:00	44DDD	pp'Dichloordifenyldichloorethaan	=	2,9	ng/L
OW168900	2022-05-11	21562655	11:56:00	44DDE	pp'Dichloordifenyldichlooretheen	<	0,75	ng/L
OW168900	2022-05-11	21562655	11:56:00	44DDT	pp'Dichloordifenyltrichloorethaan	<	0,75	ng/L
OW168900	2022-05-11	21562655	11:56:00	a+b+d+gHCHS	alfa+beta+gamma+delta Hexachloorcyclohexaan	<	2,75	ng/L
OW168900	2022-05-11	21562655	11:56:00	a+bEndoS	alfa+beta Endosulfan	<	1,5	ng/L
OW168900	2022-05-11	21562655	11:56:00	Acenaft	Acenafteen	=	17	ng/L
OW168900	2022-05-11	21562655	11:56:00	Acenaftyl	Acenaftyleen	<	10	ng/L
OW168900	2022-05-11	21562655	11:56:00	Acetamiprid	Acetamiprid	<	2,5	ng/L
OW168900	2022-05-11	21562655	11:56:00	ADEIdrin	Aldrin+Dieldrin+Endrin+Isodrin	<	2,2	ng/L
OW168900	2022-05-11	21562655	11:56:00	aEndo	alfa-Endosulfan	<	0,5	ng/L
OW168900	2022-05-11	21562655	11:56:00	Ag o	Zilver	<	0,05	µg/L
OW168900	2022-05-11	21562655	11:56:00	Ag t	Zilver	<	0,1	µg/L
OW168900	2022-05-11	21562655	11:56:00	aHCH	alfa-Hexachloorcyclohexaan	<	0,5	ng/L
OW168900	2022-05-11	21562655	11:56:00	Al o	Aluminium	<	150	µg/L
OW168900	2022-05-11	21562655	11:56:00	Alachloor	Alachloor	<	10	ng/L
OW168900	2022-05-11	21562655	11:56:00	Aldrin	Aldrin	<	0,35	ng/L
OW168900	2022-05-11	21562655	11:56:00	AMPA	Aminomethylfosfonzuur	=	2800	ng/L
OW168900	2022-05-11	21562655	11:56:00	Ant	Anthraceen	=	15	ng/L
OW168900	2022-05-11	21562655	11:56:00	As o	Arseen	=	1,6	µg/L
OW168900	2022-05-11	21562655	11:56:00	As t	Arseen	=	2,65	µg/L
OW168900	2022-05-11	21562655	11:56:00	Atraz	Atrazine	<	10	ng/L
OW168900	2022-05-11	21562655	11:56:00	B o	Boor	=	80	µg/L
OW168900	2022-05-11	21562655	11:56:00	B t	Boor	=	79	µg/L
OW168900	2022-05-11	21562655	11:56:00	B(a)A	Benzo(a)anthraceen	=	20	ng/L
OW168900	2022-05-11	21562655	11:56:00	B(a)P	Benzo(a)pyreen	=	23	ng/L
OW168900	2022-05-11	21562655	11:56:00	B(b)Flu	Benzo(b)fluorantheen	=	31	ng/L
OW168900	2022-05-11	21562655	11:56:00	B(ghi)Pe	Benzo(g,h,i)peryleen	=	19	ng/L
OW168900	2022-05-11	21562655	11:56:00	B(k)Flu	Benzo(k)fluorantheen	=	15	ng/L
OW168900	2022-05-11	21562655	11:56:00	Ba o	Barium	=	34	µg/L
OW168900	2022-05-11	21562655	11:56:00	Ba t	Barium	=	50	µg/L
OW168900	2022-05-11	21562655	11:56:00	BAM	2,6-Dichloorbenzamide	<	20	ng/L
OW168900	2022-05-11	21562655	11:56:00	Be o	Beryllium	<	0,15	µg/L
OW168900	2022-05-11	21562655	11:56:00	Be t	Beryllium	<	0,15	µg/L
OW168900	2022-05-11	21562655	11:56:00	bEndo	beta-Endosulfan	<	1	ng/L
OW168900	2022-05-11	21562655	11:56:00	Bentazone	Bentazone	<	25	ng/L
OW168900	2022-05-11	21562655	11:56:00	BFlu som	PAK benzo(b+k)fluorantheen (b)	=	46	ng/L
OW168900	2022-05-11	21562655	11:56:00	bHCH	beta-Hexachloorcyclohexaan	<	0,5	ng/L
OW168900	2022-05-11	21562655	11:56:00	BPe + IP som	PAK Benzo(g,h,i)peryleen + Indeno(1,2,3-cd)pyreen	=	36	ng/L
OW168900	2022-05-11	21562655	11:56:00	Bromacil	Bromacil	<	10	ng/L
OW168900	2022-05-11	21562655	11:56:00	Bromoxyn	Bromoxynil	<	25	ng/L
OW168900	2022-05-11	21562655	11:56:00	BZV5	Biochemisch zuurstofverbruik na 5d.	=	3,1	mgO2/L
OW168900	2022-05-11	21562655	11:56:00	Ca o	Calcium	=	129000	µg/L
OW168900	2022-05-11	21562655	11:56:00	Carbdzim	Carbendazim	<	10	ng/L
OW168900	2022-05-11	21562655	11:56:00	Cartamid	Carbetamide	=	23	ng/L
OW168900	2022-05-11	21562655	11:56:00	Cbromuron	Chloorbromuron	<	15	ng/L
OW168900	2022-05-11	21562655	11:56:00	cCdaan	cis-Chloordaan	<	0,5	ng/L
OW168900	2022-05-11	21562655	11:56:00	Cd o	Cadmium	<	0,05	µg/L
OW168900	2022-05-11	21562655	11:56:00	Cd t	Cadmium	=	0,274	µg/L
OW168900	2022-05-11	21562655	11:56:00	Cdaan	Chloordaan	<	1	ng/L
OW168900	2022-05-11	21562655	11:56:00	Cdazon	Chloridazon	<	10	ng/L
OW168900	2022-05-11	21562655	11:56:00	cHpCEpx	cis-Heptachloorepoxyde	<	0,5	ng/L
OW168900	2022-05-11	21562655	11:56:00	Chr	Chryseen	=	32	ng/L
OW168900	2022-05-11	21562655	11:56:00	Cl-	Chloride	=	81	mg/L
OW168900	2022-05-11	21562655	11:56:00	Clfyl a	Chlorofyl a	=	34	µg/L
OW168900	2022-05-11	21562655	11:56:00	Clopyralid	Clopyralid	<	125	ng/L
OW168900	2022-05-11	21562655	11:56:00	Clotidine	Clothianidine	<	2,5	ng/L
OW168900	2022-05-11	21562655	11:56:00	Co o	Kobalt	=	0,38	µg/L
OW168900	2022-05-11	21562655	11:56:00	Co t	Kobalt	=	1,39	µg/L
OW168900	2022-05-11	21562655	11:56:00	Cr o	Chroom	<	1,5	µg/L
OW168900	2022-05-11	21562655	11:56:00	Cr t	Chroom	=	8,7	µg/L
OW168900	2022-05-11	21562655	11:56:00	Ctoluron	Chloortoluron	<	16	ng/L
OW168900	2022-05-11	21562655	11:56:00	Cu o	Koper	<	4	µg/L
OW168900	2022-05-11	21562655	11:56:00	Cu t	Koper	=	10	µg/L
OW168900	2022-05-11	21562655	11:56:00	Cyanaz	Cyanazine	<	5	ng/L
OW168900	2022-05-11	21562655	11:56:00	Cybutrine	Cybutrine	<	1	ng/L
OW168900	2022-05-11	21562655	11:56:00	CZV	Chemisch zuurstofverbruik	=	19	mgO2/L
OW168900	2022-05-11	21562655	11:56:00	DBySn	Dibutyltin	=	0,56	ngSn/L
OW168900	2022-05-11	21562655	11:56:00	DBySn som	Dibutyltinverbindingen	=	0,56	ngSn/L
OW168900	2022-05-11	21562655	11:56:00	dBz(ah)An	Dibenzo(a,h)anthraceen	<	10	ng/L
OW168900	2022-05-11	21562655	11:56:00	DDT t	DDT, totaal	<	4,9	ng/L
OW168900	2022-05-11	21562655	11:56:00	DEyatraz	Desethylatrazine	=	18	ng/L
OW168900	2022-05-11	21562655	11:56:00	DEytByaz	Desethylterbutylazine	<	10	ng/L
OW168900	2022-05-11	21562655	11:56:00	dHCH	delta-Hexachloorcyclohexaan	<	0,75	ng/L
OW168900	2022-05-11	21562655	11:56:00	Dicamba	Dicamba	<	150	ng/L
OW168900	2022-05-11	21562655	11:56:00	Dieldrin	Dieldrin	<	1	ng/L
OW168900	2022-05-11	21562655	11:56:00	DiMetamid	Dimethenamid	=	64	ng/L
OW168900	2022-05-11	21562655	11:56:00	DiMetmorf	Dimethomorf	<	5	ng/L
OW168900	2022-05-11	21562655	11:56:00	DiPyatraz	Desisopropylatrazine	<	10	ng/L
OW168900	2022-05-11	21562655	11:56:00	Diuron	Diuron	=	14	ng/L
OW168900	2022-05-11	21562655	11:56:00	DNOC	4,6-Dinitro-o-cresol	<	25	ng/L
OW168900	2022-05-11	21562655	11:56:00	DOC	Koolstof	=	5,2	mgC/L
OW168900	2022-05-11	21562655	11:56:00	EC 20	Geleidbaarheid (20°C)	=	905	µS/cm
OW168900	2022-05-11	21562655	11:56:00	EC 25	Geleidbaarheid (25°C)	=	991,4275	µS/cm
OW168900	2022-05-11	21562655	11:56:00	EndoS	Endosulfansulfaat	<	0,75	ng/L
OW168900	2022-05-11	21562655	11:56:00	Endrin	Endrin	<	0,5	ng/L
OW168900	2022-05-11	21562655	11:56:00	F- o	Fluoride	=	0,217	mg/L
OW168900	2022-05-11	21562655	11:56:00	Fe o	Ijzer	<	12,5	µg/L
OW168900	2022-05-11	21562655	11:56:00	Fe t	Ijzer	=	2740	µg/L
OW168900	2022-05-11	21562655	11:56:00	Fen	Fenantreen	=	50	ng/L
OW168900	2022-05-11	21562655	11:56:00	Fenoprop	Fenoprop	<	25	ng/L
OW168900	2022-05-11	21562655	11:56:00	Feofyt a	Feofytine a	=	16,5	µg/L
OW168900	2022-05-11	21562655	11:56:00	Floxpyr	Fluroxypyr	<	25	ng/L
OW168900	2022-05-11	21562655	11:56:00	Flu	Fluorantheen	=	67	ng/L
OW168900	2022-05-11	21562655	11:56:00	Flucet	Flufenacet	<	20	ng/L
OW168900	2022-05-11	21562655	11:56:00	Fluoreen	Fluoreen	=	20	ng/L
OW168900	2022-05-11	21562655	11:56:00	gHCH	gamma-Hexachloorcyclohexaan	<	1	ng/L
OW168900	2022-05-11	21562655	11:56:00	Glyfosaat	Glyfosaat	=	250	ng/L
OW168900	2022-05-11	21562655	11:56:00	H t	Hardheid	=	38	°F
OW168900	2022-05-11	21562655	11:56:00	HCBdn	Hexachloorbutadieen	<	1,3	ng/L
OW168900	2022-05-11	21562655	11:56:00	HCBz	Hexachloorbenzeen	<	1	ng/L
OW168900	2022-05-11	21562655	11:56:00	HCH	Hexachloorcyclohexaan, alle isomeren	<	2,75	ng/L
OW168900	2022-05-11	21562655	11:56:00	Hexazinon	Hexazinon	<	10	ng/L
OW168900	2022-05-11	21562655	11:56:00	Hg o	Kwik	<	0,025	µg/L
OW168900	2022-05-11	21562655	11:56:00	Hg t	Kwik	<	0,05	µg/L
OW168900	2022-05-11	21562655	11:56:00	HpC	Heptachloor	<	0,75	ng/L
OW168900	2022-05-11	21562655	11:56:00	HpC+Epx	Heptachloor+epoxyde	<	2	ng/L
OW168900	2022-05-11	21562655	11:56:00	Imcloprid	Imidacloprid	=	6	ng/L
OW168900	2022-05-11	21562655	11:56:00	IP	Indeno(1,2,3-cd)pyreen	=	17	ng/L
OW168900	2022-05-11	21562655	11:56:00	Iproturon	Isoproturon	<	5	ng/L
OW168900	2022-05-11	21562655	11:56:00	Isodrin	Isodrin	<	0,35	ng/L
OW168900	2022-05-11	21562655	11:56:00	K o	Kalium	=	14200	µg/L
OW168900	2022-05-11	21562655	11:56:00	KjN	Kjeldahlstikstof	=	1,349	mgN/L
OW168900	2022-05-11	21562655	11:56:00	Lenacil	Lenacil	<	50	ng/L
OW168900	2022-05-11	21562655	11:56:00	Linuron	Linuron	<	5	ng/L
OW168900	2022-05-11	21562655	11:56:00	Mbromuron	Metobromuron	=	31	ng/L
OW168900	2022-05-11	21562655	11:56:00	mBthiaz	Metabenzthiazuron	<	5	ng/L
OW168900	2022-05-11	21562655	11:56:00	MCPA	(4-Chloor-2-methylfenoxy)azijnzuur	=	78	ng/L
OW168900	2022-05-11	21562655	11:56:00	MCPB	4-(4-Chloor-2-methylfenoxy)boterzuur	<	25	ng/L
OW168900	2022-05-11	21562655	11:56:00	MCPP	Mecoprop	<	25	ng/L
OW168900	2022-05-11	21562655	11:56:00	Metaza	Metazachloor	<	5	ng/L
OW168900	2022-05-11	21562655	11:56:00	Metola	Metolachloor	=	15	ng/L
OW168900	2022-05-11	21562655	11:56:00	Metoxur	Metoxuron	<	5	ng/L
OW168900	2022-05-11	21562655	11:56:00	Mg o	Magnesium	=	12900	µg/L
OW168900	2022-05-11	21562655	11:56:00	Mlinuron	Monolinuron	<	5	ng/L
OW168900	2022-05-11	21562655	11:56:00	Mmitron	Metamitron	=	34	ng/L
OW168900	2022-05-11	21562655	11:56:00	Mn o	Mangaan	=	61	µg/L
OW168900	2022-05-11	21562655	11:56:00	Mn t	Mangaan	=	186	µg/L
OW168900	2022-05-11	21562655	11:56:00	Mo o	Molybdeen	<	2,5	µg/L
OW168900	2022-05-11	21562655	11:56:00	Mo t	Molybdeen	<	2,5	µg/L
OW168900	2022-05-11	21562655	11:56:00	MxyC	Methoxychloor	<	0,75	ng/L
OW168900	2022-05-11	21562655	11:56:00	N t	Stikstof	=	7,1	mgN/L
OW168900	2022-05-11	21562655	11:56:00	N+N	Nitraat+nitriet	=	5,751	mgN/L
OW168900	2022-05-11	21562655	11:56:00	N+N+N	Nitraat+nitriet+ammonium	=	5,855	mgN/L
OW168900	2022-05-11	21562655	11:56:00	Na o	Natrium	=	54000	µg/L
OW168900	2022-05-11	21562655	11:56:00	Naft	Naftaleen	<	40	ng/L
OW168900	2022-05-11	21562655	11:56:00	NH4+	Ammonium	=	0,104	mgN/L
OW168900	2022-05-11	21562655	11:56:00	Ni o	Nikkel	<	3,2	µg/L
OW168900	2022-05-11	21562655	11:56:00	Ni t	Nikkel	=	5,05	µg/L
OW168900	2022-05-11	21562655	11:56:00	NO2-	Nitriet	=	0,151	mgN/L
OW168900	2022-05-11	21562655	11:56:00	NO3-	Nitraat	=	5,6	mgN/L
OW168900	2022-05-11	21562655	11:56:00	O2	Zuurstof	=	10,05	mg/L
OW168900	2022-05-11	21562655	11:56:00	O2 verz	Zuurstof	=	109,4	%
OW168900	2022-05-11	21562655	11:56:00	OCP t	Organochloorpesticiden, totaal	<	14,85	ng/L
OW168900	2022-05-11	21562655	11:56:00	oPO4 f	Orthofosfaat	=	0,185	mgP/L
OW168900	2022-05-11	21562655	11:56:00	P t	Fosfor	=	0,517	mgP/L
OW168900	2022-05-11	21562655	11:56:00	PAK 10	Polyaromatische KWS (10 Vrom)	<	298	ng/L
OW168900	2022-05-11	21562655	11:56:00	PAK 6	Polyaromatische KWS (6 Borneff)	=	172	ng/L
OW168900	2022-05-11	21562655	11:56:00	Pb o	Lood	<	1,25	µg/L
OW168900	2022-05-11	21562655	11:56:00	Pb t	Lood	=	7,46	µg/L
OW168900	2022-05-11	21562655	11:56:00	PCB 101	2,2',4,5,5'-Pentachloorbifenyl (PCB101)	<	0,5	ng/L
OW168900	2022-05-11	21562655	11:56:00	PCB 118	2,3',4,4',5-Pentachloorbifenyl (PCB118)	<	0,5	ng/L
OW168900	2022-05-11	21562655	11:56:00	PCB 138	2,2',3,4,4',5'-Hexachloorbifenyl (PCB138)	<	1	ng/L
OW168900	2022-05-11	21562655	11:56:00	PCB 153	2,2',4,4',5,5'-Hexachloorbifenyl (PCB153)	<	1	ng/L
OW168900	2022-05-11	21562655	11:56:00	PCB 180	2,2',3,4,4',5,5'-Heptachloorbifenyl (PCB180)	<	0,5	ng/L
OW168900	2022-05-11	21562655	11:56:00	PCB 28	2,4,4'-Trichloorbifenyl (PCB28)	<	0,5	ng/L
OW168900	2022-05-11	21562655	11:56:00	PCB 52	2,2',5,5'-Tetrachloorbifenyl (PCB52)	<	0,5	ng/L
OW168900	2022-05-11	21562655	11:56:00	PCB t	Polychloorbifenyl, totaal	<	4,5	ng/L
OW168900	2022-05-11	21562655	11:56:00	PCBz	Pentachloorbenzeen	<	1,5	ng/L
OW168900	2022-05-11	21562655	11:56:00	PCNiBz	Pentachloornitrobenzeen	<	0,5	ng/L
OW168900	2022-05-11	21562655	11:56:00	pH	pH	=	8,08	-
OW168900	2022-05-11	21562655	11:56:00	Picarb	Pirimicarb	<	5	ng/L
OW168900	2022-05-11	21562655	11:56:00	Prochloor	Propachloor	<	10	ng/L
OW168900	2022-05-11	21562655	11:56:00	Prometryn	Prometryn	<	10	ng/L
OW168900	2022-05-11	21562655	11:56:00	Propanil	Propanil	<	25	ng/L
OW168900	2022-05-11	21562655	11:56:00	Propaz	Propazine	<	10	ng/L
OW168900	2022-05-11	21562655	11:56:00	Proscarb	Prosulfocarb	<	100	ng/L
OW168900	2022-05-11	21562655	11:56:00	Pyr	Pyreen	=	55	ng/L
OW168900	2022-05-11	21562655	11:56:00	Sb o	Antimoon	<	1,5	µg/L
OW168900	2022-05-11	21562655	11:56:00	Sb t	Antimoon	<	1,5	µg/L
OW168900	2022-05-11	21562655	11:56:00	Se o	Seleen	<	0,75	µg/L
OW168900	2022-05-11	21562655	11:56:00	Se t	Seleen	<	1,5	µg/L
OW168900	2022-05-11	21562655	11:56:00	Sebutylaz	Sebutylazine	<	10	ng/L
OW168900	2022-05-11	21562655	11:56:00	Secchi	Doorzichtigheid	=	35	cm
OW168900	2022-05-11	21562655	11:56:00	Simaz	Simazine	<	10	ng/L
OW168900	2022-05-11	21562655	11:56:00	SiO2 o	Silicaat	=	8	mgSiO2/L
OW168900	2022-05-11	21562655	11:56:00	Sn o	Tin	<	1,5	µg/L
OW168900	2022-05-11	21562655	11:56:00	Sn t	Tin	<	1,5	µg/L
OW168900	2022-05-11	21562655	11:56:00	SO4=	Sulfaat	=	91	mg/L
OW168900	2022-05-11	21562655	11:56:00	T	Temperatuur	=	19,3	°C
OW168900	2022-05-11	21562655	11:56:00	TAM	Alkaliniteit met methyloranje	=	6	meq/L
OW168900	2022-05-11	21562655	11:56:00	TBySn	Tributyltin	=	0,094	ngSn/L
OW168900	2022-05-11	21562655	11:56:00	tCdaan	trans-Chloordaan	<	0,5	ng/L
OW168900	2022-05-11	21562655	11:56:00	Te o	Telluur	<	2,5	µg/L
OW168900	2022-05-11	21562655	11:56:00	Te t	Telluur	<	2,5	µg/L
OW168900	2022-05-11	21562655	11:56:00	Telodrin	Telodrin	<	0,5	ng/L
OW168900	2022-05-11	21562655	11:56:00	Terbutryn	Terbutryn	<	10	ng/L
OW168900	2022-05-11	21562655	11:56:00	Tfluralin	Trifluralin	<	0,5	ng/L
OW168900	2022-05-11	21562655	11:56:00	TFySn	Trifenyltin	<	0,035	ngSn/L
OW168900	2022-05-11	21562655	11:56:00	TFySn som	Trifenyltinacetaat, chloride, hydroxide	<	0,035	ngSn/L
OW168900	2022-05-11	21562655	11:56:00	Thiacloprid	Thiacloprid	<	2,5	ng/L
OW168900	2022-05-11	21562655	11:56:00	tHpCEpx	trans-Heptachloorepoxyde	<	0,75	ng/L
OW168900	2022-05-11	21562655	11:56:00	Ti o	Titaan	<	2	µg/L
OW168900	2022-05-11	21562655	11:56:00	Ti t	Titaan	=	35	µg/L
OW168900	2022-05-11	21562655	11:56:00	Tl o	Thallium	<	0,1	µg/L
OW168900	2022-05-11	21562655	11:56:00	Tl t	Thallium	<	0,1	µg/L
OW168900	2022-05-11	21562655	11:56:00	Tmethoxam	Thiamethoxam	<	5	ng/L
OW168900	2022-05-11	21562655	11:56:00	TrByaz	Terbutylazine	<	5	ng/L
OW168900	2022-05-11	21562655	11:56:00	Triclopyr	Triclopyr	<	25	ng/L
OW168900	2022-05-11	21562655	11:56:00	TtBySn	Tetrabutyltin	<	0,035	ngSn/L
OW168900	2022-05-11	21562655	11:56:00	U o	Uranium	=	1,16	µg/L
OW168900	2022-05-11	21562655	11:56:00	U t	Uranium	=	1,28	µg/L
OW168900	2022-05-11	21562655	11:56:00	V o	Vanadium	<	3	µg/L
OW168900	2022-05-11	21562655	11:56:00	V t	Vanadium	=	6,5	µg/L
OW168900	2022-05-11	21562655	11:56:00	Zn o	Zink	<	7,5	µg/L
OW168900	2022-05-11	21562655	11:56:00	Zn t	Zink	=	54	µg/L
OW168900	2022-05-11	21562655	11:56:00	ZS	Zwevende stoffen	=	50	mg/L
OW168900	2022-06-15	21565482	12:42:00	1234CBz	1,2,3,4-Tetrachloorbenzeen	<	1	ng/L
OW168900	2022-06-15	21565482	12:42:00	1235+1245CBz	1,2,3,5+1,2,4,5-Tetrachloorbenzeen	<	1,5	ng/L
OW168900	2022-06-15	21565482	12:42:00	2356CNiBz	2,3,5,6-Tetrachloornitrobenzeen	<	0,5	ng/L
OW168900	2022-06-15	21565482	12:42:00	24-D	2,4-Dichloorfenoxyazijnzuur	<	50	ng/L
OW168900	2022-06-15	21565482	12:42:00	24-DB	2,4-Dichloorfenoxybutaanzuur	<	25	ng/L
OW168900	2022-06-15	21565482	12:42:00	24-DP	Dichloorprop	<	25	ng/L
OW168900	2022-06-15	21565482	12:42:00	245-T	2,4,5-Trichloorfenoxyazijnzuur	<	25	ng/L
OW168900	2022-06-15	21565482	12:42:00	24DDD	op'Dichloordifenyldichloorethaan	<	0,75	ng/L
OW168900	2022-06-15	21565482	12:42:00	24DDE	op'Dichloordifenyldichlooretheen	<	0,5	ng/L
OW168900	2022-06-15	21565482	12:42:00	24DDT	op'Dichloordifenyltrichloorethaan	<	0,5	ng/L
OW168900	2022-06-15	21565482	12:42:00	24NiFol	2,4-Dinitrofenol	<	50	ng/L
OW168900	2022-06-15	21565482	12:42:00	2hAtraz	2-Hydroxy-atrazine	=	12	ng/L
OW168900	2022-06-15	21565482	12:42:00	44DDD	pp'Dichloordifenyldichloorethaan	<	1	ng/L
OW168900	2022-06-15	21565482	12:42:00	44DDE	pp'Dichloordifenyldichlooretheen	<	0,75	ng/L
OW168900	2022-06-15	21565482	12:42:00	44DDT	pp'Dichloordifenyltrichloorethaan	<	0,75	ng/L
OW168900	2022-06-15	21565482	12:42:00	a+b+d+gHCHS	alfa+beta+gamma+delta Hexachloorcyclohexaan	<	2,75	ng/L
OW168900	2022-06-15	21565482	12:42:00	a+bEndoS	alfa+beta Endosulfan	<	1,5	ng/L
OW168900	2022-06-15	21565482	12:42:00	Acenaft	Acenafteen	=	13	ng/L
OW168900	2022-06-15	21565482	12:42:00	Acenaftyl	Acenaftyleen	<	10	ng/L
OW168900	2022-06-15	21565482	12:42:00	Acetamiprid	Acetamiprid	<	2,5	ng/L
OW168900	2022-06-15	21565482	12:42:00	Aclonifen	Aclonifen	=	13,6	ng/L
OW168900	2022-06-15	21565482	12:42:00	ADEIdrin	Aldrin+Dieldrin+Endrin+Isodrin	<	2,2	ng/L
OW168900	2022-06-15	21565482	12:42:00	aEndo	alfa-Endosulfan	<	0,5	ng/L
OW168900	2022-06-15	21565482	12:42:00	Ag o	Zilver	<	0,05	µg/L
OW168900	2022-06-15	21565482	12:42:00	Ag t	Zilver	<	0,1	µg/L
OW168900	2022-06-15	21565482	12:42:00	aHCH	alfa-Hexachloorcyclohexaan	<	0,5	ng/L
OW168900	2022-06-15	21565482	12:42:00	Al o	Aluminium	<	150	µg/L
OW168900	2022-06-15	21565482	12:42:00	Alachloor	Alachloor	<	10	ng/L
OW168900	2022-06-15	21565482	12:42:00	Aldrin	Aldrin	<	0,35	ng/L
OW168900	2022-06-15	21565482	12:42:00	AMPA	Aminomethylfosfonzuur	=	3300	ng/L
OW168900	2022-06-15	21565482	12:42:00	Ant	Anthraceen	=	10	ng/L
OW168900	2022-06-15	21565482	12:42:00	As o	Arseen	=	2,05	µg/L
OW168900	2022-06-15	21565482	12:42:00	As t	Arseen	=	3,3	µg/L
OW168900	2022-06-15	21565482	12:42:00	Atraz	Atrazine	<	10	ng/L
OW168900	2022-06-15	21565482	12:42:00	AzinfosEy	Azinfos-ethyl	<	1,5	ng/L
OW168900	2022-06-15	21565482	12:42:00	AzinfosMy	Azinfos-methyl	<	1	ng/L
OW168900	2022-06-15	21565482	12:42:00	B o	Boor	=	76	µg/L
OW168900	2022-06-15	21565482	12:42:00	B t	Boor	=	78	µg/L
OW168900	2022-06-15	21565482	12:42:00	B(a)P	Benzo(a)pyreen	=	25	ng/L
OW168900	2022-06-15	21565482	12:42:00	B(b)Flu	Benzo(b)fluorantheen	=	31	ng/L
OW168900	2022-06-15	21565482	12:42:00	B(ghi)Pe	Benzo(g,h,i)peryleen	=	21	ng/L
OW168900	2022-06-15	21565482	12:42:00	B(k)Flu	Benzo(k)fluorantheen	=	16	ng/L
OW168900	2022-06-15	21565482	12:42:00	Ba o	Barium	=	31	µg/L
OW168900	2022-06-15	21565482	12:42:00	Ba t	Barium	=	44	µg/L
OW168900	2022-06-15	21565482	12:42:00	BAM	2,6-Dichloorbenzamide	<	20	ng/L
OW168900	2022-06-15	21565482	12:42:00	Be o	Beryllium	<	0,15	µg/L
OW168900	2022-06-15	21565482	12:42:00	Be t	Beryllium	<	0,15	µg/L
OW168900	2022-06-15	21565482	12:42:00	bEndo	beta-Endosulfan	<	1	ng/L
OW168900	2022-06-15	21565482	12:42:00	Bentazone	Bentazone	<	50	ng/L
OW168900	2022-06-15	21565482	12:42:00	BFlu som	PAK benzo(b+k)fluorantheen (b)	=	47	ng/L
OW168900	2022-06-15	21565482	12:42:00	bHCH	beta-Hexachloorcyclohexaan	<	0,5	ng/L
OW168900	2022-06-15	21565482	12:42:00	Bifenox	Bifenox	<	2	ng/L
OW168900	2022-06-15	21565482	12:42:00	BPe + IP som	PAK Benzo(g,h,i)peryleen + Indeno(1,2,3-cd)pyreen	=	36	ng/L
OW168900	2022-06-15	21565482	12:42:00	BrfosEy	Bromofos-ethyl	<	2,5	ng/L
OW168900	2022-06-15	21565482	12:42:00	BrfosMy	Bromofos-methyl	<	1,5	ng/L
OW168900	2022-06-15	21565482	12:42:00	Bromacil	Bromacil	<	10	ng/L
OW168900	2022-06-15	21565482	12:42:00	Bromoxyn	Bromoxynil	<	25	ng/L
OW168900	2022-06-15	21565482	12:42:00	BZV5	Biochemisch zuurstofverbruik na 5d.	=	4,2	mgO2/L
OW168900	2022-06-15	21565482	12:42:00	Ca o	Calcium	=	108000	µg/L
OW168900	2022-06-15	21565482	12:42:00	Carbdzim	Carbendazim	<	10	ng/L
OW168900	2022-06-15	21565482	12:42:00	Cartamid	Carbetamide	<	10	ng/L
OW168900	2022-06-15	21565482	12:42:00	Cbromuron	Chloorbromuron	<	15	ng/L
OW168900	2022-06-15	21565482	12:42:00	cCdaan	cis-Chloordaan	<	0,5	ng/L
OW168900	2022-06-15	21565482	12:42:00	Cd o	Cadmium	<	0,05	µg/L
OW168900	2022-06-15	21565482	12:42:00	Cd t	Cadmium	=	0,203	µg/L
OW168900	2022-06-15	21565482	12:42:00	Cdaan	Chloordaan	<	1	ng/L
OW168900	2022-06-15	21565482	12:42:00	Cdazon	Chloridazon	<	10	ng/L
OW168900	2022-06-15	21565482	12:42:00	Cfvinfos	Chloorfenvinfos	<	1,5	ng/L
OW168900	2022-06-15	21565482	12:42:00	cHpCEpx	cis-Heptachloorepoxyde	<	0,5	ng/L
OW168900	2022-06-15	21565482	12:42:00	Chr	Chryseen	=	33	ng/L
OW168900	2022-06-15	21565482	12:42:00	Cl-	Chloride	=	73	mg/L
OW168900	2022-06-15	21565482	12:42:00	Clfyl a	Chlorofyl a	=	110	µg/L
OW168900	2022-06-15	21565482	12:42:00	Clopyralid	Clopyralid	<	125	ng/L
OW168900	2022-06-15	21565482	12:42:00	Clotidine	Clothianidine	<	2,5	ng/L
OW168900	2022-06-15	21565482	12:42:00	Co o	Kobalt	=	0,32	µg/L
OW168900	2022-06-15	21565482	12:42:00	Co t	Kobalt	=	1,36	µg/L
OW168900	2022-06-15	21565482	12:42:00	CpfosEy	Chloorpyrifos-ethyl	<	2	ng/L
OW168900	2022-06-15	21565482	12:42:00	CpfosMy	Chloorpyrifos-methyl	<	1,5	ng/L
OW168900	2022-06-15	21565482	12:42:00	Cprofam	Chloorprofam	<	4	ng/L
OW168900	2022-06-15	21565482	12:42:00	Cr o	Chroom	<	1,5	µg/L
OW168900	2022-06-15	21565482	12:42:00	Cr t	Chroom	=	7,7	µg/L
OW168900	2022-06-15	21565482	12:42:00	Ctoluron	Chloortoluron	<	16	ng/L
OW168900	2022-06-15	21565482	12:42:00	Cu o	Koper	<	2	µg/L
OW168900	2022-06-15	21565482	12:42:00	Cu t	Koper	=	7,5	µg/L
OW168900	2022-06-15	21565482	12:42:00	Cumafos	Cumafos	<	2,5	ng/L
OW168900	2022-06-15	21565482	12:42:00	Cyanaz	Cyanazine	=	1080	ng/L
OW168900	2022-06-15	21565482	12:42:00	Cybutrine	Cybutrine	<	1	ng/L
OW168900	2022-06-15	21565482	12:42:00	Cypmethrin	Cypermethrin	<	3	ng/L
OW168900	2022-06-15	21565482	12:42:00	CZV	Chemisch zuurstofverbruik	=	27	mgO2/L
OW168900	2022-06-15	21565482	12:42:00	DBySn	Dibutyltin	=	0,44	ngSn/L
OW168900	2022-06-15	21565482	12:42:00	DBySn som	Dibutyltinverbindingen	=	0,44	ngSn/L
OW168900	2022-06-15	21565482	12:42:00	dBz(ah)An	Dibenzo(a,h)anthraceen	<	10	ng/L
OW168900	2022-06-15	21565482	12:42:00	DCvos	Dichloorvos	<	0,5	ng/L
OW168900	2022-06-15	21565482	12:42:00	DDT t	DDT, totaal	<	3	ng/L
OW168900	2022-06-15	21565482	12:42:00	Demeton	Demeton	<	4,5	ng/L
OW168900	2022-06-15	21565482	12:42:00	DEyatraz	Desethylatrazine	=	18	ng/L
OW168900	2022-06-15	21565482	12:42:00	DEytByaz	Desethylterbutylazine	=	42	ng/L
OW168900	2022-06-15	21565482	12:42:00	Dflucan	Diflufenican	=	23	ng/L
OW168900	2022-06-15	21565482	12:42:00	dHCH	delta-Hexachloorcyclohexaan	<	0,75	ng/L
OW168900	2022-06-15	21565482	12:42:00	Diazinon	Diazinon	<	2	ng/L
OW168900	2022-06-15	21565482	12:42:00	Dicamba	Dicamba	<	150	ng/L
OW168900	2022-06-15	21565482	12:42:00	Dieldrin	Dieldrin	<	1	ng/L
OW168900	2022-06-15	21565482	12:42:00	DiMetamid	Dimethenamid	=	300	ng/L
OW168900	2022-06-15	21565482	12:42:00	DiMetmorf	Dimethomorf	<	5	ng/L
OW168900	2022-06-15	21565482	12:42:00	DiPyatraz	Desisopropylatrazine	<	10	ng/L
OW168900	2022-06-15	21565482	12:42:00	Diuron	Diuron	=	10	ng/L
OW168900	2022-06-15	21565482	12:42:00	Dmetoat	Dimethoaat	<	3	ng/L
OW168900	2022-06-15	21565482	12:42:00	DNOC	4,6-Dinitro-o-cresol	<	25	ng/L
OW168900	2022-06-15	21565482	12:42:00	DOC	Koolstof	=	5,2	mgC/L
OW168900	2022-06-15	21565482	12:42:00	Dsulfoton	Disulfoton	<	4,5	ng/L
OW168900	2022-06-15	21565482	12:42:00	EC 20	Geleidbaarheid (20°C)	=	780	µS/cm
OW168900	2022-06-15	21565482	12:42:00	EC 25	Geleidbaarheid (25°C)	=	854,49	µS/cm
OW168900	2022-06-15	21565482	12:42:00	EndoS	Endosulfansulfaat	<	0,75	ng/L
OW168900	2022-06-15	21565482	12:42:00	Endrin	Endrin	<	0,5	ng/L
OW168900	2022-06-15	21565482	12:42:00	Etfum	Ethofumesaat	=	130	ng/L
OW168900	2022-06-15	21565482	12:42:00	Ethopfos	Ethoprofos	<	2,5	ng/L
OW168900	2022-06-15	21565482	12:42:00	F- o	Fluoride	=	0,18	mg/L
OW168900	2022-06-15	21565482	12:42:00	Fe o	Ijzer	<	12,5	µg/L
OW168900	2022-06-15	21565482	12:42:00	Fe t	Ijzer	=	2450	µg/L
OW168900	2022-06-15	21565482	12:42:00	Fen	Fenantreen	=	47	ng/L
OW168900	2022-06-15	21565482	12:42:00	Fenithion	Fenitrothion	<	1,5	ng/L
OW168900	2022-06-15	21565482	12:42:00	Fenoprop	Fenoprop	<	25	ng/L
OW168900	2022-06-15	21565482	12:42:00	Fenthion	Fenthion	<	2,5	ng/L
OW168900	2022-06-15	21565482	12:42:00	Feofyt a	Feofytine a	=	20,5	µg/L
OW168900	2022-06-15	21565482	12:42:00	Floxpyr	Fluroxypyr	=	52	ng/L
OW168900	2022-06-15	21565482	12:42:00	Flu	Fluorantheen	=	56	ng/L
OW168900	2022-06-15	21565482	12:42:00	Flucet	Flufenacet	=	83	ng/L
OW168900	2022-06-15	21565482	12:42:00	Fluoreen	Fluoreen	=	14	ng/L
OW168900	2022-06-15	21565482	12:42:00	Fonofos	Fonofos	<	2	ng/L
OW168900	2022-06-15	21565482	12:42:00	gHCH	gamma-Hexachloorcyclohexaan	<	1	ng/L
OW168900	2022-06-15	21565482	12:42:00	Glyfosaat	Glyfosaat	=	310	ng/L
OW168900	2022-06-15	21565482	12:42:00	H t	Hardheid	=	32	°F
OW168900	2022-06-15	21565482	12:42:00	HCBdn	Hexachloorbutadieen	<	1,3	ng/L
OW168900	2022-06-15	21565482	12:42:00	HCBz	Hexachloorbenzeen	<	1	ng/L
OW168900	2022-06-15	21565482	12:42:00	HCH	Hexachloorcyclohexaan, alle isomeren	<	2,75	ng/L
OW168900	2022-06-15	21565482	12:42:00	Hexazinon	Hexazinon	<	10	ng/L
OW168900	2022-06-15	21565482	12:42:00	Hg o	Kwik	<	0,025	µg/L
OW168900	2022-06-15	21565482	12:42:00	Hg t	Kwik	<	0,05	µg/L
OW168900	2022-06-15	21565482	12:42:00	HpC	Heptachloor	<	0,75	ng/L
OW168900	2022-06-15	21565482	12:42:00	HpC+Epx	Heptachloor+epoxyde	<	2	ng/L
OW168900	2022-06-15	21565482	12:42:00	Imcloprid	Imidacloprid	=	8	ng/L
OW168900	2022-06-15	21565482	12:42:00	IP	Indeno(1,2,3-cd)pyreen	=	15	ng/L
OW168900	2022-06-15	21565482	12:42:00	Iproturon	Isoproturon	<	5	ng/L
OW168900	2022-06-15	21565482	12:42:00	Isodrin	Isodrin	<	0,35	ng/L
OW168900	2022-06-15	21565482	12:42:00	K o	Kalium	=	14200	µg/L
OW168900	2022-06-15	21565482	12:42:00	KjN	Kjeldahlstikstof	=	1,081	mgN/L
OW168900	2022-06-15	21565482	12:42:00	Lenacil	Lenacil	<	50	ng/L
OW168900	2022-06-15	21565482	12:42:00	Linuron	Linuron	<	5	ng/L
OW168900	2022-06-15	21565482	12:42:00	Malathion	Malathion	<	2,5	ng/L
OW168900	2022-06-15	21565482	12:42:00	Mbromuron	Metobromuron	=	78	ng/L
OW168900	2022-06-15	21565482	12:42:00	mBthiaz	Metabenzthiazuron	<	5	ng/L
OW168900	2022-06-15	21565482	12:42:00	MCPA	(4-Chloor-2-methylfenoxy)azijnzuur	=	70	ng/L
OW168900	2022-06-15	21565482	12:42:00	MCPB	4-(4-Chloor-2-methylfenoxy)boterzuur	<	25	ng/L
OW168900	2022-06-15	21565482	12:42:00	MCPP	Mecoprop	<	25	ng/L
OW168900	2022-06-15	21565482	12:42:00	Metaza	Metazachloor	<	5	ng/L
OW168900	2022-06-15	21565482	12:42:00	Metbuzin	Metribuzin	=	22	ng/L
OW168900	2022-06-15	21565482	12:42:00	Metcarb	Methiocarb	<	4,5	ng/L
OW168900	2022-06-15	21565482	12:42:00	Methidat	Methidation	<	3,5	ng/L
OW168900	2022-06-15	21565482	12:42:00	Metola	Metolachloor	=	156	ng/L
OW168900	2022-06-15	21565482	12:42:00	Metoxur	Metoxuron	<	5	ng/L
OW168900	2022-06-15	21565482	12:42:00	Mevinfos	Mevinfos	<	2	ng/L
OW168900	2022-06-15	21565482	12:42:00	Mg o	Magnesium	=	11100	µg/L
OW168900	2022-06-15	21565482	12:42:00	Mlinuron	Monolinuron	<	5	ng/L
OW168900	2022-06-15	21565482	12:42:00	Mmitron	Metamitron	<	10	ng/L
OW168900	2022-06-15	21565482	12:42:00	Mn o	Mangaan	=	20,7	µg/L
OW168900	2022-06-15	21565482	12:42:00	Mn t	Mangaan	=	198	µg/L
OW168900	2022-06-15	21565482	12:42:00	Mo o	Molybdeen	<	2,5	µg/L
OW168900	2022-06-15	21565482	12:42:00	Mo t	Molybdeen	=	2,79	µg/L
OW168900	2022-06-15	21565482	12:42:00	MxyC	Methoxychloor	<	0,75	ng/L
OW168900	2022-06-15	21565482	12:42:00	N t	Stikstof	=	6,4	mgN/L
OW168900	2022-06-15	21565482	12:42:00	N+N	Nitraat+nitriet	=	5,319	mgN/L
OW168900	2022-06-15	21565482	12:42:00	N+N+N	Nitraat+nitriet+ammonium	=	5,474	mgN/L
OW168900	2022-06-15	21565482	12:42:00	Na o	Natrium	=	48000	µg/L
OW168900	2022-06-15	21565482	12:42:00	Naft	Naftaleen	<	40	ng/L
OW168900	2022-06-15	21565482	12:42:00	NH4+	Ammonium	=	0,155	mgN/L
OW168900	2022-06-15	21565482	12:42:00	Ni o	Nikkel	<	3,2	µg/L
OW168900	2022-06-15	21565482	12:42:00	Ni t	Nikkel	=	5,02	µg/L
OW168900	2022-06-15	21565482	12:42:00	NO2-	Nitriet	=	0,319	mgN/L
OW168900	2022-06-15	21565482	12:42:00	NO3-	Nitraat	=	5	mgN/L
OW168900	2022-06-15	21565482	12:42:00	O2	Zuurstof	=	8,73	mg/L
OW168900	2022-06-15	21565482	12:42:00	O2 verz	Zuurstof	=	103,7	%
OW168900	2022-06-15	21565482	12:42:00	OCP t	Organochloorpesticiden, totaal	<	12,2	ng/L
OW168900	2022-06-15	21565482	12:42:00	oPO4 f	Orthofosfaat	=	0,238	mgP/L
OW168900	2022-06-15	21565482	12:42:00	Oxadiazon	Oxadiazon	<	6	ng/L
OW168900	2022-06-15	21565482	12:42:00	P t	Fosfor	=	0,586	mgP/L
OW168900	2022-06-15	21565482	12:42:00	PAK 10	Polyaromatische KWS (10 Vrom)	<	263	ng/L
OW168900	2022-06-15	21565482	12:42:00	PAK 6	Polyaromatische KWS (6 Borneff)	=	164	ng/L
OW168900	2022-06-15	21565482	12:42:00	PathionEy	Parathion-ethyl	<	1	ng/L
OW168900	2022-06-15	21565482	12:42:00	PathionMy	Parathion-methyl	<	1,5	ng/L
OW168900	2022-06-15	21565482	12:42:00	Pb o	Lood	<	1,25	µg/L
OW168900	2022-06-15	21565482	12:42:00	Pb t	Lood	=	7,65	µg/L
OW168900	2022-06-15	21565482	12:42:00	PCB 101	2,2',4,5,5'-Pentachloorbifenyl (PCB101)	<	0,5	ng/L
OW168900	2022-06-15	21565482	12:42:00	PCB 118	2,3',4,4',5-Pentachloorbifenyl (PCB118)	<	0,5	ng/L
OW168900	2022-06-15	21565482	12:42:00	PCB 138	2,2',3,4,4',5'-Hexachloorbifenyl (PCB138)	<	0,5	ng/L
OW168900	2022-06-15	21565482	12:42:00	PCB 153	2,2',4,4',5,5'-Hexachloorbifenyl (PCB153)	<	1	ng/L
OW168900	2022-06-15	21565482	12:42:00	PCB 180	2,2',3,4,4',5,5'-Heptachloorbifenyl (PCB180)	<	0,5	ng/L
OW168900	2022-06-15	21565482	12:42:00	PCB 28	2,4,4'-Trichloorbifenyl (PCB28)	<	0,5	ng/L
OW168900	2022-06-15	21565482	12:42:00	PCB 52	2,2',5,5'-Tetrachloorbifenyl (PCB52)	<	0,5	ng/L
OW168900	2022-06-15	21565482	12:42:00	PCB t	Polychloorbifenyl, totaal	<	4	ng/L
OW168900	2022-06-15	21565482	12:42:00	PCBz	Pentachloorbenzeen	<	1,5	ng/L
OW168900	2022-06-15	21565482	12:42:00	PCNiBz	Pentachloornitrobenzeen	<	0,5	ng/L
OW168900	2022-06-15	21565482	12:42:00	pH	pH	=	7,94	-
OW168900	2022-06-15	21565482	12:42:00	Picarb	Pirimicarb	<	5	ng/L
OW168900	2022-06-15	21565482	12:42:00	PirfosMy	Pirimifos-methyl	<	3,5	ng/L
OW168900	2022-06-15	21565482	12:42:00	Prochloor	Propachloor	<	10	ng/L
OW168900	2022-06-15	21565482	12:42:00	Prometryn	Prometryn	<	10	ng/L
OW168900	2022-06-15	21565482	12:42:00	Propanil	Propanil	<	25	ng/L
OW168900	2022-06-15	21565482	12:42:00	Propaz	Propazine	<	10	ng/L
OW168900	2022-06-15	21565482	12:42:00	Proscarb	Prosulfocarb	<	100	ng/L
OW168900	2022-06-15	21565482	12:42:00	Pyr	Pyreen	=	46	ng/L
OW168900	2022-06-15	21565482	12:42:00	Quinofen	Quinoxyfen	<	1	ng/L
OW168900	2022-06-15	21565482	12:42:00	Sb o	Antimoon	<	1,5	µg/L
OW168900	2022-06-15	21565482	12:42:00	Sb t	Antimoon	<	1,5	µg/L
OW168900	2022-06-15	21565482	12:42:00	Se o	Seleen	<	1,5	µg/L
OW168900	2022-06-15	21565482	12:42:00	Se t	Seleen	<	1,5	µg/L
OW168900	2022-06-15	21565482	12:42:00	Sebutylaz	Sebutylazine	<	10	ng/L
OW168900	2022-06-15	21565482	12:42:00	Secchi	Doorzichtigheid	=	30	cm
OW168900	2022-06-15	21565482	12:42:00	Simaz	Simazine	<	10	ng/L
OW168900	2022-06-15	21565482	12:42:00	SiO2 o	Silicaat	=	9	mgSiO2/L
OW168900	2022-06-15	21565482	12:42:00	Sn o	Tin	<	1,5	µg/L
OW168900	2022-06-15	21565482	12:42:00	Sn t	Tin	<	1,5	µg/L
OW168900	2022-06-15	21565482	12:42:00	SO4=	Sulfaat	=	80	mg/L
OW168900	2022-06-15	21565482	12:42:00	T	Temperatuur	=	23,6	°C
OW168900	2022-06-15	21565482	12:42:00	TAM	Alkaliniteit met methyloranje	=	5,5	meq/L
OW168900	2022-06-15	21565482	12:42:00	TBySn	Tributyltin	=	0,057	ngSn/L
OW168900	2022-06-15	21565482	12:42:00	tCdaan	trans-Chloordaan	<	0,5	ng/L
OW168900	2022-06-15	21565482	12:42:00	TclofosMy	Tolclofos-methyl	<	2,5	ng/L
OW168900	2022-06-15	21565482	12:42:00	Te o	Telluur	<	2,5	µg/L
OW168900	2022-06-15	21565482	12:42:00	Te t	Telluur	<	2,5	µg/L
OW168900	2022-06-15	21565482	12:42:00	Telodrin	Telodrin	<	0,5	ng/L
OW168900	2022-06-15	21565482	12:42:00	Terbufos	Terbufos	<	2,5	ng/L
OW168900	2022-06-15	21565482	12:42:00	Terbutryn	Terbutryn	<	10	ng/L
OW168900	2022-06-15	21565482	12:42:00	Tfluralin	Trifluralin	<	0,5	ng/L
OW168900	2022-06-15	21565482	12:42:00	TFySn	Trifenyltin	<	0,035	ngSn/L
OW168900	2022-06-15	21565482	12:42:00	TFySn som	Trifenyltinacetaat, chloride, hydroxide	<	0,035	ngSn/L
OW168900	2022-06-15	21565482	12:42:00	Thiacloprid	Thiacloprid	<	2,5	ng/L
OW168900	2022-06-15	21565482	12:42:00	tHpCEpx	trans-Heptachloorepoxyde	<	0,75	ng/L
OW168900	2022-06-15	21565482	12:42:00	Ti o	Titaan	<	2	µg/L
OW168900	2022-06-15	21565482	12:42:00	Ti t	Titaan	=	37	µg/L
OW168900	2022-06-15	21565482	12:42:00	Tl o	Thallium	<	0,1	µg/L
OW168900	2022-06-15	21565482	12:42:00	Tl t	Thallium	<	0,1	µg/L
OW168900	2022-06-15	21565482	12:42:00	Tmethoxam	Thiamethoxam	<	5	ng/L
OW168900	2022-06-15	21565482	12:42:00	TrByaz	Terbutylazine	=	310	ng/L
OW168900	2022-06-15	21565482	12:42:00	Triazofos	Triazofos	<	2	ng/L
OW168900	2022-06-15	21565482	12:42:00	Triclopyr	Triclopyr	<	50	ng/L
OW168900	2022-06-15	21565482	12:42:00	TtBySn	Tetrabutyltin	<	0,035	ngSn/L
OW168900	2022-06-15	21565482	12:42:00	U o	Uranium	=	0,99	µg/L
OW168900	2022-06-15	21565482	12:42:00	U t	Uranium	=	1,07	µg/L
OW168900	2022-06-15	21565482	12:42:00	V o	Vanadium	<	3	µg/L
OW168900	2022-06-15	21565482	12:42:00	V t	Vanadium	=	8,2	µg/L
OW168900	2022-06-15	21565482	12:42:00	Zn o	Zink	<	7,5	µg/L
OW168900	2022-06-15	21565482	12:42:00	Zn t	Zink	=	39,9	µg/L
OW168900	2022-06-15	21565482	12:42:00	ZS	Zwevende stoffen	=	60	mg/L
OW168900	2022-06-22	21567148	10:23:00	EC 20	Geleidbaarheid (20°C)	=	764	µS/cm
OW168900	2022-06-22	21567148	10:23:00	EC 25	Geleidbaarheid (25°C)	=	836,962	µS/cm
OW168900	2022-06-22	21567148	10:23:00	O2	Zuurstof	=	10,95	mg/L
OW168900	2022-06-22	21567148	10:23:00	O2 verz	Zuurstof	=	122,9	%
OW168900	2022-06-22	21567148	10:23:00	pH	pH	=	8,21	-
OW168900	2022-06-22	21567148	10:23:00	T	Temperatuur	=	21,2	°C
OW168900	2022-07-06	21564812	11:41:00	1234CBz	1,2,3,4-Tetrachloorbenzeen	<	1	ng/L
OW168900	2022-07-06	21564812	11:41:00	1235+1245CBz	1,2,3,5+1,2,4,5-Tetrachloorbenzeen	<	1,5	ng/L
OW168900	2022-07-06	21564812	11:41:00	2356CNiBz	2,3,5,6-Tetrachloornitrobenzeen	<	0,5	ng/L
OW168900	2022-07-06	21564812	11:41:00	24-D	2,4-Dichloorfenoxyazijnzuur	<	50	ng/L
OW168900	2022-07-06	21564812	11:41:00	24-DB	2,4-Dichloorfenoxybutaanzuur	<	25	ng/L
OW168900	2022-07-06	21564812	11:41:00	24-DP	Dichloorprop	<	25	ng/L
OW168900	2022-07-06	21564812	11:41:00	245-T	2,4,5-Trichloorfenoxyazijnzuur	<	25	ng/L
OW168900	2022-07-06	21564812	11:41:00	24DDD	op'Dichloordifenyldichloorethaan	<	0,75	ng/L
OW168900	2022-07-06	21564812	11:41:00	24DDE	op'Dichloordifenyldichlooretheen	<	0,5	ng/L
OW168900	2022-07-06	21564812	11:41:00	24DDT	op'Dichloordifenyltrichloorethaan	<	0,5	ng/L
OW168900	2022-07-06	21564812	11:41:00	24NiFol	2,4-Dinitrofenol	<	25	ng/L
OW168900	2022-07-06	21564812	11:41:00	2hAtraz	2-Hydroxy-atrazine	=	12	ng/L
OW168900	2022-07-06	21564812	11:41:00	44DDD	pp'Dichloordifenyldichloorethaan	<	1	ng/L
OW168900	2022-07-06	21564812	11:41:00	44DDE	pp'Dichloordifenyldichlooretheen	<	0,75	ng/L
OW168900	2022-07-06	21564812	11:41:00	44DDT	pp'Dichloordifenyltrichloorethaan	<	0,75	ng/L
OW168900	2022-07-06	21564812	11:41:00	a+b+d+gHCHS	alfa+beta+gamma+delta Hexachloorcyclohexaan	<	2,75	ng/L
OW168900	2022-07-06	21564812	11:41:00	a+bEndoS	alfa+beta Endosulfan	<	1,5	ng/L
OW168900	2022-07-06	21564812	11:41:00	Acenaft	Acenafteen	=	34	ng/L
OW168900	2022-07-06	21564812	11:41:00	Acenaftyl	Acenaftyleen	=	16	ng/L
OW168900	2022-07-06	21564812	11:41:00	Acetamiprid	Acetamiprid	=	6	ng/L
OW168900	2022-07-06	21564812	11:41:00	Aclonifen	Aclonifen	<	5	ng/L
OW168900	2022-07-06	21564812	11:41:00	ADEIdrin	Aldrin+Dieldrin+Endrin+Isodrin	<	2,2	ng/L
OW168900	2022-07-06	21564812	11:41:00	aEndo	alfa-Endosulfan	<	0,5	ng/L
OW168900	2022-07-06	21564812	11:41:00	Ag o	Zilver	<	0,05	µg/L
OW168900	2022-07-06	21564812	11:41:00	Ag t	Zilver	=	0,174	µg/L
OW168900	2022-07-06	21564812	11:41:00	aHCH	alfa-Hexachloorcyclohexaan	<	0,5	ng/L
OW168900	2022-07-06	21564812	11:41:00	Al o	Aluminium	<	150	µg/L
OW168900	2022-07-06	21564812	11:41:00	Alachloor	Alachloor	<	10	ng/L
OW168900	2022-07-06	21564812	11:41:00	Aldrin	Aldrin	<	0,35	ng/L
OW168900	2022-07-06	21564812	11:41:00	AMPA	Aminomethylfosfonzuur	=	4500	ng/L
OW168900	2022-07-06	21564812	11:41:00	Ant	Anthraceen	=	50	ng/L
OW168900	2022-07-06	21564812	11:41:00	As o	Arseen	=	2,38	µg/L
OW168900	2022-07-06	21564812	11:41:00	As t	Arseen	=	5,84	µg/L
OW168900	2022-07-06	21564812	11:41:00	Atraz	Atrazine	=	37	ng/L
OW168900	2022-07-06	21564812	11:41:00	AzinfosEy	Azinfos-ethyl	<	1,5	ng/L
OW168900	2022-07-06	21564812	11:41:00	AzinfosMy	Azinfos-methyl	<	1	ng/L
OW168900	2022-07-06	21564812	11:41:00	B o	Boor	=	77	µg/L
OW168900	2022-07-06	21564812	11:41:00	B t	Boor	=	87	µg/L
OW168900	2022-07-06	21564812	11:41:00	B(a)A	Benzo(a)anthraceen	=	65	ng/L
OW168900	2022-07-06	21564812	11:41:00	B(a)P	Benzo(a)pyreen	=	68	ng/L
OW168900	2022-07-06	21564812	11:41:00	B(b)Flu	Benzo(b)fluorantheen	=	115	ng/L
OW168900	2022-07-06	21564812	11:41:00	B(ghi)Pe	Benzo(g,h,i)peryleen	=	66	ng/L
OW168900	2022-07-06	21564812	11:41:00	B(k)Flu	Benzo(k)fluorantheen	=	57	ng/L
OW168900	2022-07-06	21564812	11:41:00	Ba o	Barium	=	33	µg/L
OW168900	2022-07-06	21564812	11:41:00	Ba t	Barium	=	67	µg/L
OW168900	2022-07-06	21564812	11:41:00	BAM	2,6-Dichloorbenzamide	<	20	ng/L
OW168900	2022-07-06	21564812	11:41:00	Be o	Beryllium	<	0,15	µg/L
OW168900	2022-07-06	21564812	11:41:00	Be t	Beryllium	<	0,3	µg/L
OW168900	2022-07-06	21564812	11:41:00	bEndo	beta-Endosulfan	<	1	ng/L
OW168900	2022-07-06	21564812	11:41:00	Bentazone	Bentazone	=	135	ng/L
OW168900	2022-07-06	21564812	11:41:00	BFlu som	PAK benzo(b+k)fluorantheen (b)	=	172	ng/L
OW168900	2022-07-06	21564812	11:41:00	bHCH	beta-Hexachloorcyclohexaan	<	0,5	ng/L
OW168900	2022-07-06	21564812	11:41:00	Bifenox	Bifenox	<	2	ng/L
OW168900	2022-07-06	21564812	11:41:00	BPe + IP som	PAK Benzo(g,h,i)peryleen + Indeno(1,2,3-cd)pyreen	=	125	ng/L
OW168900	2022-07-06	21564812	11:41:00	BrfosEy	Bromofos-ethyl	<	2,5	ng/L
OW168900	2022-07-06	21564812	11:41:00	BrfosMy	Bromofos-methyl	<	1,5	ng/L
OW168900	2022-07-06	21564812	11:41:00	Bromacil	Bromacil	<	10	ng/L
OW168900	2022-07-06	21564812	11:41:00	Bromoxyn	Bromoxynil	<	25	ng/L
OW168900	2022-07-06	21564812	11:41:00	BZV5	Biochemisch zuurstofverbruik na 5d.	=	5	mgO2/L
OW168900	2022-07-06	21564812	11:41:00	Ca o	Calcium	=	110000	µg/L
OW168900	2022-07-06	21564812	11:41:00	Carbdzim	Carbendazim	<	10	ng/L
OW168900	2022-07-06	21564812	11:41:00	Cartamid	Carbetamide	<	10	ng/L
OW168900	2022-07-06	21564812	11:41:00	Cbromuron	Chloorbromuron	<	15	ng/L
OW168900	2022-07-06	21564812	11:41:00	cCdaan	cis-Chloordaan	<	0,5	ng/L
OW168900	2022-07-06	21564812	11:41:00	Cd o	Cadmium	<	0,05	µg/L
OW168900	2022-07-06	21564812	11:41:00	Cd t	Cadmium	=	0,544	µg/L
OW168900	2022-07-06	21564812	11:41:00	Cdaan	Chloordaan	<	1	ng/L
OW168900	2022-07-06	21564812	11:41:00	Cdazon	Chloridazon	=	38	ng/L
OW168900	2022-07-06	21564812	11:41:00	Cfvinfos	Chloorfenvinfos	<	1,5	ng/L
OW168900	2022-07-06	21564812	11:41:00	cHpCEpx	cis-Heptachloorepoxyde	<	0,5	ng/L
OW168900	2022-07-06	21564812	11:41:00	Chr	Chryseen	=	86	ng/L
OW168900	2022-07-06	21564812	11:41:00	Cl-	Chloride	=	73	mg/L
OW168900	2022-07-06	21564812	11:41:00	Clfyl a	Chlorofyl a	=	145	µg/L
OW168900	2022-07-06	21564812	11:41:00	Clopyralid	Clopyralid	<	125	ng/L
OW168900	2022-07-06	21564812	11:41:00	Clotidine	Clothianidine	<	2,5	ng/L
OW168900	2022-07-06	21564812	11:41:00	Co o	Kobalt	=	0,32	µg/L
OW168900	2022-07-06	21564812	11:41:00	Co t	Kobalt	=	3,65	µg/L
OW168900	2022-07-06	21564812	11:41:00	CpfosEy	Chloorpyrifos-ethyl	<	2	ng/L
OW168900	2022-07-06	21564812	11:41:00	CpfosMy	Chloorpyrifos-methyl	<	1,5	ng/L
OW168900	2022-07-06	21564812	11:41:00	Cprofam	Chloorprofam	<	4	ng/L
OW168900	2022-07-06	21564812	11:41:00	Cr o	Chroom	<	1,5	µg/L
OW168900	2022-07-06	21564812	11:41:00	Cr t	Chroom	=	20	µg/L
OW168900	2022-07-06	21564812	11:41:00	Ctoluron	Chloortoluron	=	44	ng/L
OW168900	2022-07-06	21564812	11:41:00	Cu o	Koper	<	2	µg/L
OW168900	2022-07-06	21564812	11:41:00	Cu t	Koper	=	15,3	µg/L
OW168900	2022-07-06	21564812	11:41:00	Cumafos	Cumafos	<	2,5	ng/L
OW168900	2022-07-06	21564812	11:41:00	Cyanaz	Cyanazine	<	5	ng/L
OW168900	2022-07-06	21564812	11:41:00	Cybutrine	Cybutrine	<	1	ng/L
OW168900	2022-07-06	21564812	11:41:00	Cypmethrin	Cypermethrin	<	3	ng/L
OW168900	2022-07-06	21564812	11:41:00	CZV	Chemisch zuurstofverbruik	=	40	mgO2/L
OW168900	2022-07-06	21564812	11:41:00	DBySn	Dibutyltin	=	0,82	ngSn/L
OW168900	2022-07-06	21564812	11:41:00	DBySn som	Dibutyltinverbindingen	=	0,82	ngSn/L
OW168900	2022-07-06	21564812	11:41:00	dBz(ah)An	Dibenzo(a,h)anthraceen	=	21	ng/L
OW168900	2022-07-06	21564812	11:41:00	DCvos	Dichloorvos	<	0,5	ng/L
OW168900	2022-07-06	21564812	11:41:00	DDT t	DDT, totaal	<	3	ng/L
OW168900	2022-07-06	21564812	11:41:00	Demeton	Demeton	<	4,5	ng/L
OW168900	2022-07-06	21564812	11:41:00	DEyatraz	Desethylatrazine	=	21	ng/L
OW168900	2022-07-06	21564812	11:41:00	DEytByaz	Desethylterbutylazine	=	50	ng/L
OW168900	2022-07-06	21564812	11:41:00	Dflucan	Diflufenican	=	16,9	ng/L
OW168900	2022-07-06	21564812	11:41:00	dHCH	delta-Hexachloorcyclohexaan	<	0,75	ng/L
OW168900	2022-07-06	21564812	11:41:00	Diazinon	Diazinon	<	2	ng/L
OW168900	2022-07-06	21564812	11:41:00	Dicamba	Dicamba	<	150	ng/L
OW168900	2022-07-06	21564812	11:41:00	Dieldrin	Dieldrin	<	1	ng/L
OW168900	2022-07-06	21564812	11:41:00	DiMetamid	Dimethenamid	=	89	ng/L
OW168900	2022-07-06	21564812	11:41:00	DiMetmorf	Dimethomorf	=	11	ng/L
OW168900	2022-07-06	21564812	11:41:00	DiPyatraz	Desisopropylatrazine	<	10	ng/L
OW168900	2022-07-06	21564812	11:41:00	Diuron	Diuron	=	43	ng/L
OW168900	2022-07-06	21564812	11:41:00	Dmetoat	Dimethoaat	<	3	ng/L
OW168900	2022-07-06	21564812	11:41:00	DNOC	4,6-Dinitro-o-cresol	<	25	ng/L
OW168900	2022-07-06	21564812	11:41:00	DOC	Koolstof	=	5	mgC/L
OW168900	2022-07-06	21564812	11:41:00	Dsulfoton	Disulfoton	<	4,5	ng/L
OW168900	2022-07-06	21564812	11:41:00	EC 20	Geleidbaarheid (20°C)	=	825	µS/cm
OW168900	2022-07-06	21564812	11:41:00	EC 25	Geleidbaarheid (25°C)	=	903,7875	µS/cm
OW168900	2022-07-06	21564812	11:41:00	EndoS	Endosulfansulfaat	<	0,75	ng/L
OW168900	2022-07-06	21564812	11:41:00	Endrin	Endrin	<	0,5	ng/L
OW168900	2022-07-06	21564812	11:41:00	Etfum	Ethofumesaat	=	85	ng/L
OW168900	2022-07-06	21564812	11:41:00	Ethopfos	Ethoprofos	<	2,5	ng/L
OW168900	2022-07-06	21564812	11:41:00	F- o	Fluoride	=	0,227	mg/L
OW168900	2022-07-06	21564812	11:41:00	Fe o	Ijzer	<	12,5	µg/L
OW168900	2022-07-06	21564812	11:41:00	Fe t	Ijzer	=	7200	µg/L
OW168900	2022-07-06	21564812	11:41:00	Fen	Fenantreen	=	135	ng/L
OW168900	2022-07-06	21564812	11:41:00	Fenithion	Fenitrothion	<	1,5	ng/L
OW168900	2022-07-06	21564812	11:41:00	Fenoprop	Fenoprop	<	25	ng/L
OW168900	2022-07-06	21564812	11:41:00	Fenthion	Fenthion	<	2,5	ng/L
OW168900	2022-07-06	21564812	11:41:00	Feofyt a	Feofytine a	=	65	µg/L
OW168900	2022-07-06	21564812	11:41:00	Floxpyr	Fluroxypyr	<	50	ng/L
OW168900	2022-07-06	21564812	11:41:00	Flu	Fluorantheen	=	172	ng/L
OW168900	2022-07-06	21564812	11:41:00	Flucet	Flufenacet	=	72	ng/L
OW168900	2022-07-06	21564812	11:41:00	Fluoreen	Fluoreen	=	35	ng/L
OW168900	2022-07-06	21564812	11:41:00	Fonofos	Fonofos	<	2	ng/L
OW168900	2022-07-06	21564812	11:41:00	gHCH	gamma-Hexachloorcyclohexaan	<	1	ng/L
OW168900	2022-07-06	21564812	11:41:00	Glyfosaat	Glyfosaat	=	270	ng/L
OW168900	2022-07-06	21564812	11:41:00	H t	Hardheid	=	32	°F
OW168900	2022-07-06	21564812	11:41:00	HCBdn	Hexachloorbutadieen	<	1,3	ng/L
OW168900	2022-07-06	21564812	11:41:00	HCBz	Hexachloorbenzeen	<	1	ng/L
OW168900	2022-07-06	21564812	11:41:00	HCH	Hexachloorcyclohexaan, alle isomeren	<	2,75	ng/L
OW168900	2022-07-06	21564812	11:41:00	Hexazinon	Hexazinon	<	10	ng/L
OW168900	2022-07-06	21564812	11:41:00	Hg o	Kwik	<	0,025	µg/L
OW168900	2022-07-06	21564812	11:41:00	Hg t	Kwik	=	0,099	µg/L
OW168900	2022-07-06	21564812	11:41:00	HpC	Heptachloor	<	0,75	ng/L
OW168900	2022-07-06	21564812	11:41:00	HpC+Epx	Heptachloor+epoxyde	<	2	ng/L
OW168900	2022-07-06	21564812	11:41:00	Imcloprid	Imidacloprid	=	7	ng/L
OW168900	2022-07-06	21564812	11:41:00	IP	Indeno(1,2,3-cd)pyreen	=	59	ng/L
OW168900	2022-07-06	21564812	11:41:00	Iproturon	Isoproturon	=	69	ng/L
OW168900	2022-07-06	21564812	11:41:00	Isodrin	Isodrin	<	0,35	ng/L
OW168900	2022-07-06	21564812	11:41:00	K o	Kalium	=	14700	µg/L
OW168900	2022-07-06	21564812	11:41:00	KjN	Kjeldahlstikstof	=	2,263	mgN/L
OW168900	2022-07-06	21564812	11:41:00	Lenacil	Lenacil	<	25	ng/L
OW168900	2022-07-06	21564812	11:41:00	Linuron	Linuron	<	5	ng/L
OW168900	2022-07-06	21564812	11:41:00	Malathion	Malathion	<	2,5	ng/L
OW168900	2022-07-06	21564812	11:41:00	Mbromuron	Metobromuron	=	41	ng/L
OW168900	2022-07-06	21564812	11:41:00	mBthiaz	Metabenzthiazuron	<	5	ng/L
OW168900	2022-07-06	21564812	11:41:00	MCPA	(4-Chloor-2-methylfenoxy)azijnzuur	=	65	ng/L
OW168900	2022-07-06	21564812	11:41:00	MCPB	4-(4-Chloor-2-methylfenoxy)boterzuur	<	25	ng/L
OW168900	2022-07-06	21564812	11:41:00	MCPP	Mecoprop	<	50	ng/L
OW168900	2022-07-06	21564812	11:41:00	Metaza	Metazachloor	<	5	ng/L
OW168900	2022-07-06	21564812	11:41:00	Metbuzin	Metribuzin	=	11,2	ng/L
OW168900	2022-07-06	21564812	11:41:00	Metcarb	Methiocarb	<	4,5	ng/L
OW168900	2022-07-06	21564812	11:41:00	Methidat	Methidation	<	3,5	ng/L
OW168900	2022-07-06	21564812	11:41:00	Metola	Metolachloor	=	198	ng/L
OW168900	2022-07-06	21564812	11:41:00	Metoxur	Metoxuron	<	5	ng/L
OW168900	2022-07-06	21564812	11:41:00	Mevinfos	Mevinfos	<	2	ng/L
OW168900	2022-07-06	21564812	11:41:00	Mg o	Magnesium	=	11300	µg/L
OW168900	2022-07-06	21564812	11:41:00	Mlinuron	Monolinuron	<	5	ng/L
OW168900	2022-07-06	21564812	11:41:00	Mmitron	Metamitron	<	10	ng/L
OW168900	2022-07-06	21564812	11:41:00	Mn o	Mangaan	=	13,5	µg/L
OW168900	2022-07-06	21564812	11:41:00	Mn t	Mangaan	=	440	µg/L
OW168900	2022-07-06	21564812	11:41:00	Mo o	Molybdeen	<	2,5	µg/L
OW168900	2022-07-06	21564812	11:41:00	Mo t	Molybdeen	<	2,5	µg/L
OW168900	2022-07-06	21564812	11:41:00	MxyC	Methoxychloor	<	0,75	ng/L
OW168900	2022-07-06	21564812	11:41:00	N t	Stikstof	=	6,7	mgN/L
OW168900	2022-07-06	21564812	11:41:00	N+N	Nitraat+nitriet	=	4,437	mgN/L
OW168900	2022-07-06	21564812	11:41:00	N+N+N	Nitraat+nitriet+ammonium	<	4,462	mgN/L
OW168900	2022-07-06	21564812	11:41:00	Na o	Natrium	=	55000	µg/L
OW168900	2022-07-06	21564812	11:41:00	Naft	Naftaleen	=	57	ng/L
OW168900	2022-07-06	21564812	11:41:00	NH4+	Ammonium	<	0,025	mgN/L
OW168900	2022-07-06	21564812	11:41:00	Ni o	Nikkel	<	3,2	µg/L
OW168900	2022-07-06	21564812	11:41:00	Ni t	Nikkel	=	8,7	µg/L
OW168900	2022-07-06	21564812	11:41:00	NO2-	Nitriet	=	0,117	mgN/L
OW168900	2022-07-06	21564812	11:41:00	NO3-	Nitraat	=	4,32	mgN/L
OW168900	2022-07-06	21564812	11:41:00	O2	Zuurstof	=	8,04	mg/L
OW168900	2022-07-06	21564812	11:41:00	O2 verz	Zuurstof	=	92,3	%
OW168900	2022-07-06	21564812	11:41:00	OCP t	Organochloorpesticiden, totaal	<	12,2	ng/L
OW168900	2022-07-06	21564812	11:41:00	oPO4 f	Orthofosfaat	=	0,238	mgP/L
OW168900	2022-07-06	21564812	11:41:00	Oxadiazon	Oxadiazon	<	6	ng/L
OW168900	2022-07-06	21564812	11:41:00	P t	Fosfor	=	0,94	mgP/L
OW168900	2022-07-06	21564812	11:41:00	PAK 10	Polyaromatische KWS (10 Vrom)	=	815	ng/L
OW168900	2022-07-06	21564812	11:41:00	PAK 6	Polyaromatische KWS (6 Borneff)	=	537	ng/L
OW168900	2022-07-06	21564812	11:41:00	PathionEy	Parathion-ethyl	<	1	ng/L
OW168900	2022-07-06	21564812	11:41:00	PathionMy	Parathion-methyl	<	1,5	ng/L
OW168900	2022-07-06	21564812	11:41:00	Pb o	Lood	<	1,25	µg/L
OW168900	2022-07-06	21564812	11:41:00	Pb t	Lood	=	19,8	µg/L
OW168900	2022-07-06	21564812	11:41:00	PCB 101	2,2',4,5,5'-Pentachloorbifenyl (PCB101)	<	1	ng/L
OW168900	2022-07-06	21564812	11:41:00	PCB 118	2,3',4,4',5-Pentachloorbifenyl (PCB118)	<	0,5	ng/L
OW168900	2022-07-06	21564812	11:41:00	PCB 138	2,2',3,4,4',5'-Hexachloorbifenyl (PCB138)	=	1,6	ng/L
OW168900	2022-07-06	21564812	11:41:00	PCB 153	2,2',4,4',5,5'-Hexachloorbifenyl (PCB153)	=	1,6	ng/L
OW168900	2022-07-06	21564812	11:41:00	PCB 180	2,2',3,4,4',5,5'-Heptachloorbifenyl (PCB180)	=	1,1	ng/L
OW168900	2022-07-06	21564812	11:41:00	PCB 28	2,4,4'-Trichloorbifenyl (PCB28)	<	0,5	ng/L
OW168900	2022-07-06	21564812	11:41:00	PCB 52	2,2',5,5'-Tetrachloorbifenyl (PCB52)	<	1	ng/L
OW168900	2022-07-06	21564812	11:41:00	PCB t	Polychloorbifenyl, totaal	<	7,3	ng/L
OW168900	2022-07-06	21564812	11:41:00	PCBz	Pentachloorbenzeen	<	1,5	ng/L
OW168900	2022-07-06	21564812	11:41:00	PCNiBz	Pentachloornitrobenzeen	<	0,5	ng/L
OW168900	2022-07-06	21564812	11:41:00	pH	pH	=	7,97	-
OW168900	2022-07-06	21564812	11:41:00	Picarb	Pirimicarb	<	5	ng/L
OW168900	2022-07-06	21564812	11:41:00	PirfosMy	Pirimifos-methyl	<	3,5	ng/L
OW168900	2022-07-06	21564812	11:41:00	Prochloor	Propachloor	<	10	ng/L
OW168900	2022-07-06	21564812	11:41:00	Prometryn	Prometryn	<	10	ng/L
OW168900	2022-07-06	21564812	11:41:00	Propanil	Propanil	<	25	ng/L
OW168900	2022-07-06	21564812	11:41:00	Propaz	Propazine	<	10	ng/L
OW168900	2022-07-06	21564812	11:41:00	Proscarb	Prosulfocarb	<	100	ng/L
OW168900	2022-07-06	21564812	11:41:00	Pyr	Pyreen	=	133	ng/L
OW168900	2022-07-06	21564812	11:41:00	Quinofen	Quinoxyfen	<	1	ng/L
OW168900	2022-07-06	21564812	11:41:00	Sb o	Antimoon	<	1,5	µg/L
OW168900	2022-07-06	21564812	11:41:00	Sb t	Antimoon	<	1,5	µg/L
OW168900	2022-07-06	21564812	11:41:00	Se o	Seleen	<	1,5	µg/L
OW168900	2022-07-06	21564812	11:41:00	Se t	Seleen	=	2,25	µg/L
OW168900	2022-07-06	21564812	11:41:00	Sebutylaz	Sebutylazine	<	10	ng/L
OW168900	2022-07-06	21564812	11:41:00	Secchi	Doorzichtigheid	=	15	cm
OW168900	2022-07-06	21564812	11:41:00	Simaz	Simazine	=	10	ng/L
OW168900	2022-07-06	21564812	11:41:00	SiO2 o	Silicaat	=	7,3	mgSiO2/L
OW168900	2022-07-06	21564812	11:41:00	Sn o	Tin	<	1,5	µg/L
OW168900	2022-07-06	21564812	11:41:00	Sn t	Tin	<	3	µg/L
OW168900	2022-07-06	21564812	11:41:00	SO4=	Sulfaat	=	82	mg/L
OW168900	2022-07-06	21564812	11:41:00	T	Temperatuur	=	22,8	°C
OW168900	2022-07-06	21564812	11:41:00	TAM	Alkaliniteit met methyloranje	=	5,2	meq/L
OW168900	2022-07-06	21564812	11:41:00	TBySn	Tributyltin	=	0,33	ngSn/L
OW168900	2022-07-06	21564812	11:41:00	tCdaan	trans-Chloordaan	<	0,5	ng/L
OW168900	2022-07-06	21564812	11:41:00	TclofosMy	Tolclofos-methyl	<	2,5	ng/L
OW168900	2022-07-06	21564812	11:41:00	Te o	Telluur	<	2,5	µg/L
OW168900	2022-07-06	21564812	11:41:00	Te t	Telluur	<	2,5	µg/L
OW168900	2022-07-06	21564812	11:41:00	Telodrin	Telodrin	<	0,5	ng/L
OW168900	2022-07-06	21564812	11:41:00	Terbufos	Terbufos	<	2,5	ng/L
OW168900	2022-07-06	21564812	11:41:00	Terbutryn	Terbutryn	<	10	ng/L
OW168900	2022-07-06	21564812	11:41:00	Tfluralin	Trifluralin	<	0,5	ng/L
OW168900	2022-07-06	21564812	11:41:00	TFySn	Trifenyltin	=	0,075	ngSn/L
OW168900	2022-07-06	21564812	11:41:00	TFySn som	Trifenyltinacetaat, chloride, hydroxide	=	0,075	ngSn/L
OW168900	2022-07-06	21564812	11:41:00	Thiacloprid	Thiacloprid	<	2,5	ng/L
OW168900	2022-07-06	21564812	11:41:00	tHpCEpx	trans-Heptachloorepoxyde	<	0,75	ng/L
OW168900	2022-07-06	21564812	11:41:00	Ti o	Titaan	<	2	µg/L
OW168900	2022-07-06	21564812	11:41:00	Ti t	Titaan	=	104	µg/L
OW168900	2022-07-06	21564812	11:41:00	Tl o	Thallium	<	0,1	µg/L
OW168900	2022-07-06	21564812	11:41:00	Tl t	Thallium	<	0,2	µg/L
OW168900	2022-07-06	21564812	11:41:00	Tmethoxam	Thiamethoxam	<	5	ng/L
OW168900	2022-07-06	21564812	11:41:00	TrByaz	Terbutylazine	=	290	ng/L
OW168900	2022-07-06	21564812	11:41:00	Triazofos	Triazofos	<	2	ng/L
OW168900	2022-07-06	21564812	11:41:00	Triclopyr	Triclopyr	<	25	ng/L
OW168900	2022-07-06	21564812	11:41:00	TtBySn	Tetrabutyltin	<	0,035	ngSn/L
OW168900	2022-07-06	21564812	11:41:00	U o	Uranium	=	0,94	µg/L
OW168900	2022-07-06	21564812	11:41:00	U t	Uranium	=	1,18	µg/L
OW168900	2022-07-06	21564812	11:41:00	V o	Vanadium	=	3,1	µg/L
OW168900	2022-07-06	21564812	11:41:00	V t	Vanadium	=	15,8	µg/L
OW168900	2022-07-06	21564812	11:41:00	Zn o	Zink	<	7,5	µg/L
OW168900	2022-07-06	21564812	11:41:00	Zn t	Zink	=	104	µg/L
OW168900	2022-07-06	21564812	11:41:00	ZS	Zwevende stoffen	=	186	mg/L
OW168900	2022-08-10	21568683	12:23:00	1234CBz	1,2,3,4-Tetrachloorbenzeen	<	1	ng/L
OW168900	2022-08-10	21568683	12:23:00	1235+1245CBz	1,2,3,5+1,2,4,5-Tetrachloorbenzeen	<	1,5	ng/L
OW168900	2022-08-10	21568683	12:23:00	2356CNiBz	2,3,5,6-Tetrachloornitrobenzeen	<	0,5	ng/L
OW168900	2022-08-10	21568683	12:23:00	24-D	2,4-Dichloorfenoxyazijnzuur	<	25	ng/L
OW168900	2022-08-10	21568683	12:23:00	24-DB	2,4-Dichloorfenoxybutaanzuur	<	25	ng/L
OW168900	2022-08-10	21568683	12:23:00	24-DP	Dichloorprop	<	25	ng/L
OW168900	2022-08-10	21568683	12:23:00	245-T	2,4,5-Trichloorfenoxyazijnzuur	<	25	ng/L
OW168900	2022-08-10	21568683	12:23:00	24DDD	op'Dichloordifenyldichloorethaan	<	0,75	ng/L
OW168900	2022-08-10	21568683	12:23:00	24DDE	op'Dichloordifenyldichlooretheen	<	0,5	ng/L
OW168900	2022-08-10	21568683	12:23:00	24DDT	op'Dichloordifenyltrichloorethaan	<	0,5	ng/L
OW168900	2022-08-10	21568683	12:23:00	24NiFol	2,4-Dinitrofenol	<	25	ng/L
OW168900	2022-08-10	21568683	12:23:00	2hAtraz	2-Hydroxy-atrazine	<	10	ng/L
OW168900	2022-08-10	21568683	12:23:00	44DDD	pp'Dichloordifenyldichloorethaan	<	1	ng/L
OW168900	2022-08-10	21568683	12:23:00	44DDE	pp'Dichloordifenyldichlooretheen	<	0,75	ng/L
OW168900	2022-08-10	21568683	12:23:00	44DDT	pp'Dichloordifenyltrichloorethaan	<	0,75	ng/L
OW168900	2022-08-10	21568683	12:23:00	a+b+d+gHCHS	alfa+beta+gamma+delta Hexachloorcyclohexaan	<	2,25	ng/L
OW168900	2022-08-10	21568683	12:23:00	a+bEndoS	alfa+beta Endosulfan	<	1,5	ng/L
OW168900	2022-08-10	21568683	12:23:00	Acenaft	Acenafteen	=	24	ng/L
OW168900	2022-08-10	21568683	12:23:00	Acenaftyl	Acenaftyleen	=	11	ng/L
OW168900	2022-08-10	21568683	12:23:00	Acetamiprid	Acetamiprid	<	2,5	ng/L
OW168900	2022-08-10	21568683	12:23:00	Aclonifen	Aclonifen	<	2,5	ng/L
OW168900	2022-08-10	21568683	12:23:00	ADEIdrin	Aldrin+Dieldrin+Endrin+Isodrin	<	2,2	ng/L
OW168900	2022-08-10	21568683	12:23:00	aEndo	alfa-Endosulfan	<	0,5	ng/L
OW168900	2022-08-10	21568683	12:23:00	Ag o	Zilver	<	0,05	µg/L
OW168900	2022-08-10	21568683	12:23:00	Ag t	Zilver	=	0,131	µg/L
OW168900	2022-08-10	21568683	12:23:00	aHCH	alfa-Hexachloorcyclohexaan	<	0,5	ng/L
OW168900	2022-08-10	21568683	12:23:00	Al o	Aluminium	<	150	µg/L
OW168900	2022-08-10	21568683	12:23:00	Alachloor	Alachloor	<	10	ng/L
OW168900	2022-08-10	21568683	12:23:00	Aldrin	Aldrin	<	0,35	ng/L
OW168900	2022-08-10	21568683	12:23:00	AMPA	Aminomethylfosfonzuur	=	5300	ng/L
OW168900	2022-08-10	21568683	12:23:00	Ant	Anthraceen	=	26	ng/L
OW168900	2022-08-10	21568683	12:23:00	As o	Arseen	=	2,55	µg/L
OW168900	2022-08-10	21568683	12:23:00	As t	Arseen	=	4,71	µg/L
OW168900	2022-08-10	21568683	12:23:00	Atraz	Atrazine	<	10	ng/L
OW168900	2022-08-10	21568683	12:23:00	AzinfosEy	Azinfos-ethyl	<	1,5	ng/L
OW168900	2022-08-10	21568683	12:23:00	AzinfosMy	Azinfos-methyl	<	1	ng/L
OW168900	2022-08-10	21568683	12:23:00	B o	Boor	=	86	µg/L
OW168900	2022-08-10	21568683	12:23:00	B t	Boor	=	93	µg/L
OW168900	2022-08-10	21568683	12:23:00	B(a)A	Benzo(a)anthraceen	=	34	ng/L
OW168900	2022-08-10	21568683	12:23:00	B(a)P	Benzo(a)pyreen	=	40	ng/L
OW168900	2022-08-10	21568683	12:23:00	B(b)Flu	Benzo(b)fluorantheen	=	48	ng/L
OW168900	2022-08-10	21568683	12:23:00	B(ghi)Pe	Benzo(g,h,i)peryleen	=	37	ng/L
OW168900	2022-08-10	21568683	12:23:00	B(k)Flu	Benzo(k)fluorantheen	=	24	ng/L
OW168900	2022-08-10	21568683	12:23:00	Ba o	Barium	=	38	µg/L
OW168900	2022-08-10	21568683	12:23:00	Ba t	Barium	=	60	µg/L
OW168900	2022-08-10	21568683	12:23:00	BAM	2,6-Dichloorbenzamide	<	20	ng/L
OW168900	2022-08-10	21568683	12:23:00	Be o	Beryllium	<	0,15	µg/L
OW168900	2022-08-10	21568683	12:23:00	Be t	Beryllium	<	0,3	µg/L
OW168900	2022-08-10	21568683	12:23:00	bEndo	beta-Endosulfan	<	1	ng/L
OW168900	2022-08-10	21568683	12:23:00	Bentazone	Bentazone	<	50	ng/L
OW168900	2022-08-10	21568683	12:23:00	BFlu som	PAK benzo(b+k)fluorantheen (b)	=	72	ng/L
OW168900	2022-08-10	21568683	12:23:00	bHCH	beta-Hexachloorcyclohexaan	<	0,5	ng/L
OW168900	2022-08-10	21568683	12:23:00	Bifenox	Bifenox	<	2	ng/L
OW168900	2022-08-10	21568683	12:23:00	BPe + IP som	PAK Benzo(g,h,i)peryleen + Indeno(1,2,3-cd)pyreen	=	74	ng/L
OW168900	2022-08-10	21568683	12:23:00	BrfosEy	Bromofos-ethyl	<	2,5	ng/L
OW168900	2022-08-10	21568683	12:23:00	BrfosMy	Bromofos-methyl	<	1,5	ng/L
OW168900	2022-08-10	21568683	12:23:00	Bromacil	Bromacil	<	10	ng/L
OW168900	2022-08-10	21568683	12:23:00	Bromoxyn	Bromoxynil	<	25	ng/L
OW168900	2022-08-10	21568683	12:23:00	BZV5	Biochemisch zuurstofverbruik na 5d.	=	3,3	mgO2/L
OW168900	2022-08-10	21568683	12:23:00	Ca o	Calcium	=	117000	µg/L
OW168900	2022-08-10	21568683	12:23:00	Carbdzim	Carbendazim	<	5	ng/L
OW168900	2022-08-10	21568683	12:23:00	Cartamid	Carbetamide	<	10	ng/L
OW168900	2022-08-10	21568683	12:23:00	Cbromuron	Chloorbromuron	<	15	ng/L
OW168900	2022-08-10	21568683	12:23:00	cCdaan	cis-Chloordaan	<	0,5	ng/L
OW168900	2022-08-10	21568683	12:23:00	Cd o	Cadmium	<	0,05	µg/L
OW168900	2022-08-10	21568683	12:23:00	Cd t	Cadmium	=	0,427	µg/L
OW168900	2022-08-10	21568683	12:23:00	Cdaan	Chloordaan	<	1	ng/L
OW168900	2022-08-10	21568683	12:23:00	Cdazon	Chloridazon	<	5	ng/L
OW168900	2022-08-10	21568683	12:23:00	Cfvinfos	Chloorfenvinfos	<	1,5	ng/L
OW168900	2022-08-10	21568683	12:23:00	cHpCEpx	cis-Heptachloorepoxyde	<	0,5	ng/L
OW168900	2022-08-10	21568683	12:23:00	Chr	Chryseen	=	51	ng/L
OW168900	2022-08-10	21568683	12:23:00	Cl-	Chloride	=	100	mg/L
OW168900	2022-08-10	21568683	12:23:00	Clfyl a	Chlorofyl a	=	81	µg/L
OW168900	2022-08-10	21568683	12:23:00	Clopyralid	Clopyralid	<	125	ng/L
OW168900	2022-08-10	21568683	12:23:00	Clotidine	Clothianidine	<	2,5	ng/L
OW168900	2022-08-10	21568683	12:23:00	Co o	Kobalt	=	0,55	µg/L
OW168900	2022-08-10	21568683	12:23:00	Co t	Kobalt	=	2,69	µg/L
OW168900	2022-08-10	21568683	12:23:00	CpfosEy	Chloorpyrifos-ethyl	<	2	ng/L
OW168900	2022-08-10	21568683	12:23:00	CpfosMy	Chloorpyrifos-methyl	<	1,5	ng/L
OW168900	2022-08-10	21568683	12:23:00	Cprofam	Chloorprofam	<	2	ng/L
OW168900	2022-08-10	21568683	12:23:00	Cr o	Chroom	<	1,5	µg/L
OW168900	2022-08-10	21568683	12:23:00	Cr t	Chroom	=	14,6	µg/L
OW168900	2022-08-10	21568683	12:23:00	Ctoluron	Chloortoluron	<	8	ng/L
OW168900	2022-08-10	21568683	12:23:00	Cu o	Koper	<	4	µg/L
OW168900	2022-08-10	21568683	12:23:00	Cu t	Koper	=	12,1	µg/L
OW168900	2022-08-10	21568683	12:23:00	Cumafos	Cumafos	<	2,5	ng/L
OW168900	2022-08-10	21568683	12:23:00	Cyanaz	Cyanazine	<	5	ng/L
OW168900	2022-08-10	21568683	12:23:00	Cybutrine	Cybutrine	<	1	ng/L
OW168900	2022-08-10	21568683	12:23:00	Cypmethrin	Cypermethrin	<	3	ng/L
OW168900	2022-08-10	21568683	12:23:00	CZV	Chemisch zuurstofverbruik	=	32	mgO2/L
OW168900	2022-08-10	21568683	12:23:00	DBySn	Dibutyltin	=	0,82	ngSn/L
OW168900	2022-08-10	21568683	12:23:00	DBySn som	Dibutyltinverbindingen	=	0,82	ngSn/L
OW168900	2022-08-10	21568683	12:23:00	dBz(ah)An	Dibenzo(a,h)anthraceen	<	10	ng/L
OW168900	2022-08-10	21568683	12:23:00	DCvos	Dichloorvos	<	0,5	ng/L
OW168900	2022-08-10	21568683	12:23:00	DDT t	DDT, totaal	<	3	ng/L
OW168900	2022-08-10	21568683	12:23:00	Demeton	Demeton	<	4,5	ng/L
OW168900	2022-08-10	21568683	12:23:00	DEyatraz	Desethylatrazine	=	20	ng/L
OW168900	2022-08-10	21568683	12:23:00	DEytByaz	Desethylterbutylazine	<	10	ng/L
OW168900	2022-08-10	21568683	12:23:00	Dflucan	Diflufenican	=	13,8	ng/L
OW168900	2022-08-10	21568683	12:23:00	dHCH	delta-Hexachloorcyclohexaan	<	0,75	ng/L
OW168900	2022-08-10	21568683	12:23:00	Diazinon	Diazinon	<	2	ng/L
OW168900	2022-08-10	21568683	12:23:00	Dicamba	Dicamba	<	150	ng/L
OW168900	2022-08-10	21568683	12:23:00	Dieldrin	Dieldrin	<	1	ng/L
OW168900	2022-08-10	21568683	12:23:00	DiMetamid	Dimethenamid	<	10	ng/L
OW168900	2022-08-10	21568683	12:23:00	DiMetmorf	Dimethomorf	<	5	ng/L
OW168900	2022-08-10	21568683	12:23:00	DiPyatraz	Desisopropylatrazine	<	10	ng/L
OW168900	2022-08-10	21568683	12:23:00	Diuron	Diuron	<	10	ng/L
OW168900	2022-08-10	21568683	12:23:00	Dmetoat	Dimethoaat	<	3	ng/L
OW168900	2022-08-10	21568683	12:23:00	DNOC	4,6-Dinitro-o-cresol	<	25	ng/L
OW168900	2022-08-10	21568683	12:23:00	DOC	Koolstof	=	5,6	mgC/L
OW168900	2022-08-10	21568683	12:23:00	Dsulfoton	Disulfoton	<	4,5	ng/L
OW168900	2022-08-10	21568683	12:23:00	EC 20	Geleidbaarheid (20°C)	=	905	µS/cm
OW168900	2022-08-10	21568683	12:23:00	EC 25	Geleidbaarheid (25°C)	=	991,4275	µS/cm
OW168900	2022-08-10	21568683	12:23:00	EndoS	Endosulfansulfaat	<	0,75	ng/L
OW168900	2022-08-10	21568683	12:23:00	Endrin	Endrin	<	0,5	ng/L
OW168900	2022-08-10	21568683	12:23:00	Etfum	Ethofumesaat	=	10,7	ng/L
OW168900	2022-08-10	21568683	12:23:00	Ethopfos	Ethoprofos	<	2,5	ng/L
OW168900	2022-08-10	21568683	12:23:00	F- o	Fluoride	=	0,237	mg/L
OW168900	2022-08-10	21568683	12:23:00	Fe o	Ijzer	<	12,5	µg/L
OW168900	2022-08-10	21568683	12:23:00	Fe t	Ijzer	=	5030	µg/L
OW168900	2022-08-10	21568683	12:23:00	Fen	Fenantreen	=	79	ng/L
OW168900	2022-08-10	21568683	12:23:00	Fenithion	Fenitrothion	<	1,5	ng/L
OW168900	2022-08-10	21568683	12:23:00	Fenoprop	Fenoprop	<	25	ng/L
OW168900	2022-08-10	21568683	12:23:00	Fenthion	Fenthion	<	2,5	ng/L
OW168900	2022-08-10	21568683	12:23:00	Feofyt a	Feofytine a	=	35	µg/L
OW168900	2022-08-10	21568683	12:23:00	Floxpyr	Fluroxypyr	<	25	ng/L
OW168900	2022-08-10	21568683	12:23:00	Flu	Fluorantheen	=	99	ng/L
OW168900	2022-08-10	21568683	12:23:00	Flucet	Flufenacet	<	10	ng/L
OW168900	2022-08-10	21568683	12:23:00	Fluoreen	Fluoreen	=	34	ng/L
OW168900	2022-08-10	21568683	12:23:00	Fonofos	Fonofos	<	2	ng/L
OW168900	2022-08-10	21568683	12:23:00	gHCH	gamma-Hexachloorcyclohexaan	<	0,5	ng/L
OW168900	2022-08-10	21568683	12:23:00	Glyfosaat	Glyfosaat	=	370	ng/L
OW168900	2022-08-10	21568683	12:23:00	H t	Hardheid	=	35	°F
OW168900	2022-08-10	21568683	12:23:00	HCBdn	Hexachloorbutadieen	<	1,3	ng/L
OW168900	2022-08-10	21568683	12:23:00	HCBz	Hexachloorbenzeen	<	1	ng/L
OW168900	2022-08-10	21568683	12:23:00	HCH	Hexachloorcyclohexaan, alle isomeren	<	2,25	ng/L
OW168900	2022-08-10	21568683	12:23:00	Hexazinon	Hexazinon	<	10	ng/L
OW168900	2022-08-10	21568683	12:23:00	Hg o	Kwik	<	0,025	µg/L
OW168900	2022-08-10	21568683	12:23:00	Hg t	Kwik	=	0,069	µg/L
OW168900	2022-08-10	21568683	12:23:00	HpC	Heptachloor	<	0,75	ng/L
OW168900	2022-08-10	21568683	12:23:00	HpC+Epx	Heptachloor+epoxyde	<	2	ng/L
OW168900	2022-08-10	21568683	12:23:00	Imcloprid	Imidacloprid	=	7	ng/L
OW168900	2022-08-10	21568683	12:23:00	IP	Indeno(1,2,3-cd)pyreen	=	37	ng/L
OW168900	2022-08-10	21568683	12:23:00	Iproturon	Isoproturon	<	5	ng/L
OW168900	2022-08-10	21568683	12:23:00	Isodrin	Isodrin	<	0,35	ng/L
OW168900	2022-08-10	21568683	12:23:00	K o	Kalium	=	18000	µg/L
OW168900	2022-08-10	21568683	12:23:00	KjN	Kjeldahlstikstof	=	1,8	mgN/L
OW168900	2022-08-10	21568683	12:23:00	Lenacil	Lenacil	<	25	ng/L
OW168900	2022-08-10	21568683	12:23:00	Linuron	Linuron	<	5	ng/L
OW168900	2022-08-10	21568683	12:23:00	Malathion	Malathion	<	2,5	ng/L
OW168900	2022-08-10	21568683	12:23:00	Mbromuron	Metobromuron	<	10	ng/L
OW168900	2022-08-10	21568683	12:23:00	mBthiaz	Metabenzthiazuron	<	5	ng/L
OW168900	2022-08-10	21568683	12:23:00	MCPA	(4-Chloor-2-methylfenoxy)azijnzuur	<	25	ng/L
OW168900	2022-08-10	21568683	12:23:00	MCPB	4-(4-Chloor-2-methylfenoxy)boterzuur	<	25	ng/L
OW168900	2022-08-10	21568683	12:23:00	MCPP	Mecoprop	<	25	ng/L
OW168900	2022-08-10	21568683	12:23:00	Metaza	Metazachloor	<	5	ng/L
OW168900	2022-08-10	21568683	12:23:00	Metbuzin	Metribuzin	<	3	ng/L
OW168900	2022-08-10	21568683	12:23:00	Metcarb	Methiocarb	<	4,5	ng/L
OW168900	2022-08-10	21568683	12:23:00	Methidat	Methidation	<	3,5	ng/L
OW168900	2022-08-10	21568683	12:23:00	Metola	Metolachloor	=	14	ng/L
OW168900	2022-08-10	21568683	12:23:00	Metoxur	Metoxuron	<	5	ng/L
OW168900	2022-08-10	21568683	12:23:00	Mevinfos	Mevinfos	<	2	ng/L
OW168900	2022-08-10	21568683	12:23:00	Mg o	Magnesium	=	13300	µg/L
OW168900	2022-08-10	21568683	12:23:00	Mlinuron	Monolinuron	<	5	ng/L
OW168900	2022-08-10	21568683	12:23:00	Mmitron	Metamitron	<	5	ng/L
OW168900	2022-08-10	21568683	12:23:00	Mn o	Mangaan	=	4,1	µg/L
OW168900	2022-08-10	21568683	12:23:00	Mn t	Mangaan	=	304	µg/L
OW168900	2022-08-10	21568683	12:23:00	Mo o	Molybdeen	<	2,5	µg/L
OW168900	2022-08-10	21568683	12:23:00	Mo t	Molybdeen	=	2,59	µg/L
OW168900	2022-08-10	21568683	12:23:00	MxyC	Methoxychloor	<	0,75	ng/L
OW168900	2022-08-10	21568683	12:23:00	N t	Stikstof	=	5	mgN/L
OW168900	2022-08-10	21568683	12:23:00	N+N	Nitraat+nitriet	=	3,2	mgN/L
OW168900	2022-08-10	21568683	12:23:00	N+N+N	Nitraat+nitriet+ammonium	=	3,313	mgN/L
OW168900	2022-08-10	21568683	12:23:00	Na o	Natrium	=	68000	µg/L
OW168900	2022-08-10	21568683	12:23:00	Naft	Naftaleen	=	47	ng/L
OW168900	2022-08-10	21568683	12:23:00	NH4+	Ammonium	=	0,113	mgN/L
OW168900	2022-08-10	21568683	12:23:00	Ni o	Nikkel	<	3,2	µg/L
OW168900	2022-08-10	21568683	12:23:00	Ni t	Nikkel	=	6,8	µg/L
OW168900	2022-08-10	21568683	12:23:00	NO2-	Nitriet	=	0,05	mgN/L
OW168900	2022-08-10	21568683	12:23:00	NO3-	Nitraat	=	3,15	mgN/L
OW168900	2022-08-10	21568683	12:23:00	O2	Zuurstof	=	9,13	mg/L
OW168900	2022-08-10	21568683	12:23:00	O2 verz	Zuurstof	=	109,4	%
OW168900	2022-08-10	21568683	12:23:00	OCP t	Organochloorpesticiden, totaal	<	11,7	ng/L
OW168900	2022-08-10	21568683	12:23:00	oPO4 f	Orthofosfaat	=	0,169	mgP/L
OW168900	2022-08-10	21568683	12:23:00	Oxadiazon	Oxadiazon	<	3	ng/L
OW168900	2022-08-10	21568683	12:23:00	P t	Fosfor	=	0,71	mgP/L
OW168900	2022-08-10	21568683	12:23:00	PAK 10	Polyaromatische KWS (10 Vrom)	=	474	ng/L
OW168900	2022-08-10	21568683	12:23:00	PAK 6	Polyaromatische KWS (6 Borneff)	=	285	ng/L
OW168900	2022-08-10	21568683	12:23:00	PathionEy	Parathion-ethyl	<	1	ng/L
OW168900	2022-08-10	21568683	12:23:00	PathionMy	Parathion-methyl	<	1,5	ng/L
OW168900	2022-08-10	21568683	12:23:00	Pb o	Lood	<	1,25	µg/L
OW168900	2022-08-10	21568683	12:23:00	Pb t	Lood	=	13,9	µg/L
OW168900	2022-08-10	21568683	12:23:00	PCB 101	2,2',4,5,5'-Pentachloorbifenyl (PCB101)	<	1	ng/L
OW168900	2022-08-10	21568683	12:23:00	PCB 118	2,3',4,4',5-Pentachloorbifenyl (PCB118)	<	0,5	ng/L
OW168900	2022-08-10	21568683	12:23:00	PCB 138	2,2',3,4,4',5'-Hexachloorbifenyl (PCB138)	=	1,1	ng/L
OW168900	2022-08-10	21568683	12:23:00	PCB 153	2,2',4,4',5,5'-Hexachloorbifenyl (PCB153)	=	1,2	ng/L
OW168900	2022-08-10	21568683	12:23:00	PCB 180	2,2',3,4,4',5,5'-Heptachloorbifenyl (PCB180)	<	1	ng/L
OW168900	2022-08-10	21568683	12:23:00	PCB 28	2,4,4'-Trichloorbifenyl (PCB28)	<	0,5	ng/L
OW168900	2022-08-10	21568683	12:23:00	PCB 52	2,2',5,5'-Tetrachloorbifenyl (PCB52)	<	0,5	ng/L
OW168900	2022-08-10	21568683	12:23:00	PCB t	Polychloorbifenyl, totaal	<	5,8	ng/L
OW168900	2022-08-10	21568683	12:23:00	PCBz	Pentachloorbenzeen	<	1,5	ng/L
OW168900	2022-08-10	21568683	12:23:00	PCNiBz	Pentachloornitrobenzeen	<	0,5	ng/L
OW168900	2022-08-10	21568683	12:23:00	pH	pH	=	8,48	-
OW168900	2022-08-10	21568683	12:23:00	Picarb	Pirimicarb	<	5	ng/L
OW168900	2022-08-10	21568683	12:23:00	PirfosMy	Pirimifos-methyl	<	3,5	ng/L
OW168900	2022-08-10	21568683	12:23:00	Prochloor	Propachloor	<	10	ng/L
OW168900	2022-08-10	21568683	12:23:00	Prometryn	Prometryn	<	10	ng/L
OW168900	2022-08-10	21568683	12:23:00	Propanil	Propanil	<	25	ng/L
OW168900	2022-08-10	21568683	12:23:00	Propaz	Propazine	<	10	ng/L
OW168900	2022-08-10	21568683	12:23:00	Proscarb	Prosulfocarb	<	100	ng/L
OW168900	2022-08-10	21568683	12:23:00	Pyr	Pyreen	=	77	ng/L
OW168900	2022-08-10	21568683	12:23:00	Quinofen	Quinoxyfen	<	1	ng/L
OW168900	2022-08-10	21568683	12:23:00	Sb o	Antimoon	<	1,5	µg/L
OW168900	2022-08-10	21568683	12:23:00	Sb t	Antimoon	<	1,5	µg/L
OW168900	2022-08-10	21568683	12:23:00	Se o	Seleen	<	1,5	µg/L
OW168900	2022-08-10	21568683	12:23:00	Se t	Seleen	<	1,5	µg/L
OW168900	2022-08-10	21568683	12:23:00	Sebutylaz	Sebutylazine	<	10	ng/L
OW168900	2022-08-10	21568683	12:23:00	Secchi	Doorzichtigheid	=	20	cm
OW168900	2022-08-10	21568683	12:23:00	Simaz	Simazine	<	5	ng/L
OW168900	2022-08-10	21568683	12:23:00	SiO2 o	Silicaat	=	0,58	mgSiO2/L
OW168900	2022-08-10	21568683	12:23:00	Sn o	Tin	<	1,5	µg/L
OW168900	2022-08-10	21568683	12:23:00	Sn t	Tin	<	1,5	µg/L
OW168900	2022-08-10	21568683	12:23:00	SO4=	Sulfaat	=	88	mg/L
OW168900	2022-08-10	21568683	12:23:00	T	Temperatuur	=	25	°C
OW168900	2022-08-10	21568683	12:23:00	TAM	Alkaliniteit met methyloranje	=	5,7	meq/L
OW168900	2022-08-10	21568683	12:23:00	TBySn	Tributyltin	=	0,33	ngSn/L
OW168900	2022-08-10	21568683	12:23:00	tCdaan	trans-Chloordaan	<	0,5	ng/L
OW168900	2022-08-10	21568683	12:23:00	TclofosMy	Tolclofos-methyl	<	2,5	ng/L
OW168900	2022-08-10	21568683	12:23:00	Te o	Telluur	<	2,5	µg/L
OW168900	2022-08-10	21568683	12:23:00	Te t	Telluur	<	2,5	µg/L
OW168900	2022-08-10	21568683	12:23:00	Telodrin	Telodrin	<	0,5	ng/L
OW168900	2022-08-10	21568683	12:23:00	Terbufos	Terbufos	<	2,5	ng/L
OW168900	2022-08-10	21568683	12:23:00	Terbutryn	Terbutryn	<	10	ng/L
OW168900	2022-08-10	21568683	12:23:00	Tfluralin	Trifluralin	<	0,5	ng/L
OW168900	2022-08-10	21568683	12:23:00	TFySn	Trifenyltin	<	0,035	ngSn/L
OW168900	2022-08-10	21568683	12:23:00	TFySn som	Trifenyltinacetaat, chloride, hydroxide	<	0,035	ngSn/L
OW168900	2022-08-10	21568683	12:23:00	Thiacloprid	Thiacloprid	<	2,5	ng/L
OW168900	2022-08-10	21568683	12:23:00	tHpCEpx	trans-Heptachloorepoxyde	<	0,75	ng/L
OW168900	2022-08-10	21568683	12:23:00	Ti o	Titaan	<	2	µg/L
OW168900	2022-08-10	21568683	12:23:00	Ti t	Titaan	=	72	µg/L
OW168900	2022-08-10	21568683	12:23:00	Tl o	Thallium	<	0,1	µg/L
OW168900	2022-08-10	21568683	12:23:00	Tl t	Thallium	<	0,1	µg/L
OW168900	2022-08-10	21568683	12:23:00	Tmethoxam	Thiamethoxam	<	5	ng/L
OW168900	2022-08-10	21568683	12:23:00	TrByaz	Terbutylazine	=	20	ng/L
OW168900	2022-08-10	21568683	12:23:00	Triazofos	Triazofos	<	2	ng/L
OW168900	2022-08-10	21568683	12:23:00	Triclopyr	Triclopyr	<	25	ng/L
OW168900	2022-08-10	21568683	12:23:00	TtBySn	Tetrabutyltin	<	0,035	ngSn/L
OW168900	2022-08-10	21568683	12:23:00	U o	Uranium	=	1,09	µg/L
OW168900	2022-08-10	21568683	12:23:00	U t	Uranium	=	1,26	µg/L
OW168900	2022-08-10	21568683	12:23:00	V o	Vanadium	=	3,6	µg/L
OW168900	2022-08-10	21568683	12:23:00	V t	Vanadium	=	12,9	µg/L
OW168900	2022-08-10	21568683	12:23:00	Zn o	Zink	<	7,5	µg/L
OW168900	2022-08-10	21568683	12:23:00	Zn t	Zink	=	75	µg/L
OW168900	2022-08-10	21568683	12:23:00	ZS	Zwevende stoffen	=	111	mg/L
OW168900	2022-09-07	21570747	12:14:00	1234CBz	1,2,3,4-Tetrachloorbenzeen	<	1,1	ng/L
OW168900	2022-09-07	21570747	12:14:00	1235+1245CBz	1,2,3,5+1,2,4,5-Tetrachloorbenzeen	<	1,7	ng/L
OW168900	2022-09-07	21570747	12:14:00	2356CNiBz	2,3,5,6-Tetrachloornitrobenzeen	<	0,5	ng/L
OW168900	2022-09-07	21570747	12:14:00	24-D	2,4-Dichloorfenoxyazijnzuur	<	25	ng/L
OW168900	2022-09-07	21570747	12:14:00	24-DB	2,4-Dichloorfenoxybutaanzuur	<	25	ng/L
OW168900	2022-09-07	21570747	12:14:00	24-DP	Dichloorprop	<	25	ng/L
OW168900	2022-09-07	21570747	12:14:00	245-T	2,4,5-Trichloorfenoxyazijnzuur	<	25	ng/L
OW168900	2022-09-07	21570747	12:14:00	24DDD	op'Dichloordifenyldichloorethaan	<	0,75	ng/L
OW168900	2022-09-07	21570747	12:14:00	24DDE	op'Dichloordifenyldichlooretheen	<	0,5	ng/L
OW168900	2022-09-07	21570747	12:14:00	24DDT	op'Dichloordifenyltrichloorethaan	<	0,5	ng/L
OW168900	2022-09-07	21570747	12:14:00	24NiFol	2,4-Dinitrofenol	<	25	ng/L
OW168900	2022-09-07	21570747	12:14:00	2hAtraz	2-Hydroxy-atrazine	=	12	ng/L
OW168900	2022-09-07	21570747	12:14:00	44DDD	pp'Dichloordifenyldichloorethaan	<	1	ng/L
OW168900	2022-09-07	21570747	12:14:00	44DDE	pp'Dichloordifenyldichlooretheen	<	0,75	ng/L
OW168900	2022-09-07	21570747	12:14:00	44DDT	pp'Dichloordifenyltrichloorethaan	<	0,75	ng/L
OW168900	2022-09-07	21570747	12:14:00	a+b+d+gHCHS	alfa+beta+gamma+delta Hexachloorcyclohexaan	<	2,25	ng/L
OW168900	2022-09-07	21570747	12:14:00	a+bEndoS	alfa+beta Endosulfan	<	1,5	ng/L
OW168900	2022-09-07	21570747	12:14:00	Acenaft	Acenafteen	=	16	ng/L
OW168900	2022-09-07	21570747	12:14:00	Acenaftyl	Acenaftyleen	<	10	ng/L
OW168900	2022-09-07	21570747	12:14:00	Acetamiprid	Acetamiprid	<	2,5	ng/L
OW168900	2022-09-07	21570747	12:14:00	Aclonifen	Aclonifen	<	2,5	ng/L
OW168900	2022-09-07	21570747	12:14:00	ADEIdrin	Aldrin+Dieldrin+Endrin+Isodrin	<	3,2	ng/L
OW168900	2022-09-07	21570747	12:14:00	aEndo	alfa-Endosulfan	<	0,5	ng/L
OW168900	2022-09-07	21570747	12:14:00	Ag o	Zilver	<	0,05	µg/L
OW168900	2022-09-07	21570747	12:14:00	Ag t	Zilver	<	0,1	µg/L
OW168900	2022-09-07	21570747	12:14:00	aHCH	alfa-Hexachloorcyclohexaan	<	0,5	ng/L
OW168900	2022-09-07	21570747	12:14:00	Al o	Aluminium	<	150	µg/L
OW168900	2022-09-07	21570747	12:14:00	Alachloor	Alachloor	<	10	ng/L
OW168900	2022-09-07	21570747	12:14:00	Aldrin	Aldrin	<	0,35	ng/L
OW168900	2022-09-07	21570747	12:14:00	AMPA	Aminomethylfosfonzuur	=	6100	ng/L
OW168900	2022-09-07	21570747	12:14:00	Ant	Anthraceen	=	21	ng/L
OW168900	2022-09-07	21570747	12:14:00	As o	Arseen	=	2,83	µg/L
OW168900	2022-09-07	21570747	12:14:00	As t	Arseen	=	3,76	µg/L
OW168900	2022-09-07	21570747	12:14:00	Atraz	Atrazine	=	11	ng/L
OW168900	2022-09-07	21570747	12:14:00	AzinfosEy	Azinfos-ethyl	<	1,5	ng/L
OW168900	2022-09-07	21570747	12:14:00	AzinfosMy	Azinfos-methyl	<	1	ng/L
OW168900	2022-09-07	21570747	12:14:00	B o	Boor	=	96	µg/L
OW168900	2022-09-07	21570747	12:14:00	B t	Boor	=	92	µg/L
OW168900	2022-09-07	21570747	12:14:00	B(a)A	Benzo(a)anthraceen	=	23	ng/L
OW168900	2022-09-07	21570747	12:14:00	B(a)P	Benzo(a)pyreen	=	32	ng/L
OW168900	2022-09-07	21570747	12:14:00	B(b)Flu	Benzo(b)fluorantheen	=	34	ng/L
OW168900	2022-09-07	21570747	12:14:00	B(ghi)Pe	Benzo(g,h,i)peryleen	=	22	ng/L
OW168900	2022-09-07	21570747	12:14:00	B(k)Flu	Benzo(k)fluorantheen	=	17	ng/L
OW168900	2022-09-07	21570747	12:14:00	Ba o	Barium	=	36	µg/L
OW168900	2022-09-07	21570747	12:14:00	Ba t	Barium	=	49	µg/L
OW168900	2022-09-07	21570747	12:14:00	BAM	2,6-Dichloorbenzamide	<	20	ng/L
OW168900	2022-09-07	21570747	12:14:00	Be o	Beryllium	<	0,15	µg/L
OW168900	2022-09-07	21570747	12:14:00	Be t	Beryllium	<	0,15	µg/L
OW168900	2022-09-07	21570747	12:14:00	bEndo	beta-Endosulfan	<	1	ng/L
OW168900	2022-09-07	21570747	12:14:00	Bentazone	Bentazone	=	67	ng/L
OW168900	2022-09-07	21570747	12:14:00	BFlu som	PAK benzo(b+k)fluorantheen (b)	=	51	ng/L
OW168900	2022-09-07	21570747	12:14:00	bHCH	beta-Hexachloorcyclohexaan	<	0,5	ng/L
OW168900	2022-09-07	21570747	12:14:00	Bifenox	Bifenox	<	4	ng/L
OW168900	2022-09-07	21570747	12:14:00	BPe + IP som	PAK Benzo(g,h,i)peryleen + Indeno(1,2,3-cd)pyreen	=	43	ng/L
OW168900	2022-09-07	21570747	12:14:00	BrfosEy	Bromofos-ethyl	<	2,5	ng/L
OW168900	2022-09-07	21570747	12:14:00	BrfosMy	Bromofos-methyl	<	1,5	ng/L
OW168900	2022-09-07	21570747	12:14:00	Bromacil	Bromacil	<	10	ng/L
OW168900	2022-09-07	21570747	12:14:00	Bromoxyn	Bromoxynil	<	25	ng/L
OW168900	2022-09-07	21570747	12:14:00	BZV5	Biochemisch zuurstofverbruik na 5d.	<	2	mgO2/L
OW168900	2022-09-07	21570747	12:14:00	Ca o	Calcium	=	108000	µg/L
OW168900	2022-09-07	21570747	12:14:00	Carbdzim	Carbendazim	<	10	ng/L
OW168900	2022-09-07	21570747	12:14:00	Cartamid	Carbetamide	<	10	ng/L
OW168900	2022-09-07	21570747	12:14:00	Cbromuron	Chloorbromuron	<	15	ng/L
OW168900	2022-09-07	21570747	12:14:00	cCdaan	cis-Chloordaan	<	0,5	ng/L
OW168900	2022-09-07	21570747	12:14:00	Cd o	Cadmium	<	0,05	µg/L
OW168900	2022-09-07	21570747	12:14:00	Cd t	Cadmium	=	0,242	µg/L
OW168900	2022-09-07	21570747	12:14:00	Cdaan	Chloordaan	<	1	ng/L
OW168900	2022-09-07	21570747	12:14:00	Cdazon	Chloridazon	<	5	ng/L
OW168900	2022-09-07	21570747	12:14:00	Cfvinfos	Chloorfenvinfos	<	1,5	ng/L
OW168900	2022-09-07	21570747	12:14:00	cHpCEpx	cis-Heptachloorepoxyde	<	1	ng/L
OW168900	2022-09-07	21570747	12:14:00	Chr	Chryseen	=	33	ng/L
OW168900	2022-09-07	21570747	12:14:00	Cl-	Chloride	=	123	mg/L
OW168900	2022-09-07	21570747	12:14:00	Clfyl a	Chlorofyl a	=	36	µg/L
OW168900	2022-09-07	21570747	12:14:00	Clopyralid	Clopyralid	<	125	ng/L
OW168900	2022-09-07	21570747	12:14:00	Clotidine	Clothianidine	<	2,5	ng/L
OW168900	2022-09-07	21570747	12:14:00	Co o	Kobalt	=	0,6	µg/L
OW168900	2022-09-07	21570747	12:14:00	Co t	Kobalt	=	1,37	µg/L
OW168900	2022-09-07	21570747	12:14:00	CpfosEy	Chloorpyrifos-ethyl	<	2	ng/L
OW168900	2022-09-07	21570747	12:14:00	CpfosMy	Chloorpyrifos-methyl	<	1,5	ng/L
OW168900	2022-09-07	21570747	12:14:00	Cprofam	Chloorprofam	<	2	ng/L
OW168900	2022-09-07	21570747	12:14:00	Cr o	Chroom	<	1,5	µg/L
OW168900	2022-09-07	21570747	12:14:00	Cr t	Chroom	=	9	µg/L
OW168900	2022-09-07	21570747	12:14:00	Ctoluron	Chloortoluron	<	8	ng/L
OW168900	2022-09-07	21570747	12:14:00	Cu o	Koper	<	4	µg/L
OW168900	2022-09-07	21570747	12:14:00	Cu t	Koper	=	7	µg/L
OW168900	2022-09-07	21570747	12:14:00	Cumafos	Cumafos	<	2,5	ng/L
OW168900	2022-09-07	21570747	12:14:00	Cyanaz	Cyanazine	<	5	ng/L
OW168900	2022-09-07	21570747	12:14:00	Cybutrine	Cybutrine	<	1	ng/L
OW168900	2022-09-07	21570747	12:14:00	Cypmethrin	Cypermethrin	<	3	ng/L
OW168900	2022-09-07	21570747	12:14:00	CZV	Chemisch zuurstofverbruik	=	7,4	mgO2/L
OW168900	2022-09-07	21570747	12:14:00	DBySn	Dibutyltin	=	1,2	ngSn/L
OW168900	2022-09-07	21570747	12:14:00	DBySn som	Dibutyltinverbindingen	=	1,2	ngSn/L
OW168900	2022-09-07	21570747	12:14:00	dBz(ah)An	Dibenzo(a,h)anthraceen	<	10	ng/L
OW168900	2022-09-07	21570747	12:14:00	DCvos	Dichloorvos	<	0,5	ng/L
OW168900	2022-09-07	21570747	12:14:00	DDT t	DDT, totaal	<	3	ng/L
OW168900	2022-09-07	21570747	12:14:00	Demeton	Demeton	<	4,5	ng/L
OW168900	2022-09-07	21570747	12:14:00	DEyatraz	Desethylatrazine	=	21	ng/L
OW168900	2022-09-07	21570747	12:14:00	DEytByaz	Desethylterbutylazine	<	10	ng/L
OW168900	2022-09-07	21570747	12:14:00	dHCH	delta-Hexachloorcyclohexaan	<	0,75	ng/L
OW168900	2022-09-07	21570747	12:14:00	Diazinon	Diazinon	<	2	ng/L
OW168900	2022-09-07	21570747	12:14:00	Dicamba	Dicamba	<	150	ng/L
OW168900	2022-09-07	21570747	12:14:00	Dieldrin	Dieldrin	<	2	ng/L
OW168900	2022-09-07	21570747	12:14:00	DiMetamid	Dimethenamid	=	13	ng/L
OW168900	2022-09-07	21570747	12:14:00	DiMetmorf	Dimethomorf	<	5	ng/L
OW168900	2022-09-07	21570747	12:14:00	DiPyatraz	Desisopropylatrazine	<	10	ng/L
OW168900	2022-09-07	21570747	12:14:00	Diuron	Diuron	<	10	ng/L
OW168900	2022-09-07	21570747	12:14:00	Dmetoat	Dimethoaat	<	3	ng/L
OW168900	2022-09-07	21570747	12:14:00	DNOC	4,6-Dinitro-o-cresol	<	25	ng/L
OW168900	2022-09-07	21570747	12:14:00	DOC	Koolstof	=	6,6	mgC/L
OW168900	2022-09-07	21570747	12:14:00	Dsulfoton	Disulfoton	<	4,5	ng/L
OW168900	2022-09-07	21570747	12:14:00	EC 20	Geleidbaarheid (20°C)	=	965	µS/cm
OW168900	2022-09-07	21570747	12:14:00	EC 25	Geleidbaarheid (25°C)	=	1057,1575	µS/cm
OW168900	2022-09-07	21570747	12:14:00	EndoS	Endosulfansulfaat	<	0,75	ng/L
OW168900	2022-09-07	21570747	12:14:00	Endrin	Endrin	<	0,5	ng/L
OW168900	2022-09-07	21570747	12:14:00	Etfum	Ethofumesaat	=	7,1	ng/L
OW168900	2022-09-07	21570747	12:14:00	Ethopfos	Ethoprofos	<	2,5	ng/L
OW168900	2022-09-07	21570747	12:14:00	F- o	Fluoride	=	0,203	mg/L
OW168900	2022-09-07	21570747	12:14:00	Fe o	Ijzer	<	12,5	µg/L
OW168900	2022-09-07	21570747	12:14:00	Fe t	Ijzer	=	1910	µg/L
OW168900	2022-09-07	21570747	12:14:00	Fen	Fenantreen	=	72	ng/L
OW168900	2022-09-07	21570747	12:14:00	Fenithion	Fenitrothion	<	1,5	ng/L
OW168900	2022-09-07	21570747	12:14:00	Fenoprop	Fenoprop	<	25	ng/L
OW168900	2022-09-07	21570747	12:14:00	Fenthion	Fenthion	<	2,5	ng/L
OW168900	2022-09-07	21570747	12:14:00	Feofyt a	Feofytine a	=	19,9	µg/L
OW168900	2022-09-07	21570747	12:14:00	Floxpyr	Fluroxypyr	<	25	ng/L
OW168900	2022-09-07	21570747	12:14:00	Flu	Fluorantheen	=	63	ng/L
OW168900	2022-09-07	21570747	12:14:00	Flucet	Flufenacet	<	10	ng/L
OW168900	2022-09-07	21570747	12:14:00	Fluoreen	Fluoreen	=	21	ng/L
OW168900	2022-09-07	21570747	12:14:00	Fonofos	Fonofos	<	2	ng/L
OW168900	2022-09-07	21570747	12:14:00	gHCH	gamma-Hexachloorcyclohexaan	<	0,5	ng/L
OW168900	2022-09-07	21570747	12:14:00	Glyfosaat	Glyfosaat	=	350	ng/L
OW168900	2022-09-07	21570747	12:14:00	H t	Hardheid	=	32	°F
OW168900	2022-09-07	21570747	12:14:00	HCBdn	Hexachloorbutadieen	<	1,4	ng/L
OW168900	2022-09-07	21570747	12:14:00	HCBz	Hexachloorbenzeen	<	1,1	ng/L
OW168900	2022-09-07	21570747	12:14:00	HCH	Hexachloorcyclohexaan, alle isomeren	<	2,25	ng/L
OW168900	2022-09-07	21570747	12:14:00	Hexazinon	Hexazinon	<	10	ng/L
OW168900	2022-09-07	21570747	12:14:00	Hg o	Kwik	<	0,025	µg/L
OW168900	2022-09-07	21570747	12:14:00	Hg t	Kwik	<	0,05	µg/L
OW168900	2022-09-07	21570747	12:14:00	HpC	Heptachloor	<	0,75	ng/L
OW168900	2022-09-07	21570747	12:14:00	HpC+Epx	Heptachloor+epoxyde	<	2,5	ng/L
OW168900	2022-09-07	21570747	12:14:00	Imcloprid	Imidacloprid	=	12	ng/L
OW168900	2022-09-07	21570747	12:14:00	IP	Indeno(1,2,3-cd)pyreen	=	21	ng/L
OW168900	2022-09-07	21570747	12:14:00	Iproturon	Isoproturon	=	11	ng/L
OW168900	2022-09-07	21570747	12:14:00	Isodrin	Isodrin	<	0,35	ng/L
OW168900	2022-09-07	21570747	12:14:00	K o	Kalium	=	21000	µg/L
OW168900	2022-09-07	21570747	12:14:00	KjN	Kjeldahlstikstof	=	0,832	mgN/L
OW168900	2022-09-07	21570747	12:14:00	Lenacil	Lenacil	<	25	ng/L
OW168900	2022-09-07	21570747	12:14:00	Linuron	Linuron	<	5	ng/L
OW168900	2022-09-07	21570747	12:14:00	Malathion	Malathion	<	2,5	ng/L
OW168900	2022-09-07	21570747	12:14:00	Mbromuron	Metobromuron	<	10	ng/L
OW168900	2022-09-07	21570747	12:14:00	mBthiaz	Metabenzthiazuron	<	5	ng/L
OW168900	2022-09-07	21570747	12:14:00	MCPA	(4-Chloor-2-methylfenoxy)azijnzuur	<	50	ng/L
OW168900	2022-09-07	21570747	12:14:00	MCPB	4-(4-Chloor-2-methylfenoxy)boterzuur	<	25	ng/L
OW168900	2022-09-07	21570747	12:14:00	MCPP	Mecoprop	=	51	ng/L
OW168900	2022-09-07	21570747	12:14:00	Metaza	Metazachloor	<	5	ng/L
OW168900	2022-09-07	21570747	12:14:00	Metbuzin	Metribuzin	<	3	ng/L
OW168900	2022-09-07	21570747	12:14:00	Metcarb	Methiocarb	<	4,5	ng/L
OW168900	2022-09-07	21570747	12:14:00	Methidat	Methidation	<	3,5	ng/L
OW168900	2022-09-07	21570747	12:14:00	Metola	Metolachloor	<	10	ng/L
OW168900	2022-09-07	21570747	12:14:00	Metoxur	Metoxuron	<	5	ng/L
OW168900	2022-09-07	21570747	12:14:00	Mevinfos	Mevinfos	<	2	ng/L
OW168900	2022-09-07	21570747	12:14:00	Mg o	Magnesium	=	12300	µg/L
OW168900	2022-09-07	21570747	12:14:00	Mlinuron	Monolinuron	<	5	ng/L
OW168900	2022-09-07	21570747	12:14:00	Mmitron	Metamitron	<	10	ng/L
OW168900	2022-09-07	21570747	12:14:00	Mn o	Mangaan	=	43	µg/L
OW168900	2022-09-07	21570747	12:14:00	Mn t	Mangaan	=	146	µg/L
OW168900	2022-09-07	21570747	12:14:00	Mo o	Molybdeen	=	4	µg/L
OW168900	2022-09-07	21570747	12:14:00	Mo t	Molybdeen	=	4,4	µg/L
OW168900	2022-09-07	21570747	12:14:00	MxyC	Methoxychloor	<	0,75	ng/L
OW168900	2022-09-07	21570747	12:14:00	N t	Stikstof	=	3,88	mgN/L
OW168900	2022-09-07	21570747	12:14:00	N+N	Nitraat+nitriet	=	3,048	mgN/L
OW168900	2022-09-07	21570747	12:14:00	N+N+N	Nitraat+nitriet+ammonium	=	3,468	mgN/L
OW168900	2022-09-07	21570747	12:14:00	Na o	Natrium	=	82000	µg/L
OW168900	2022-09-07	21570747	12:14:00	Naft	Naftaleen	<	40	ng/L
OW168900	2022-09-07	21570747	12:14:00	NH4+	Ammonium	=	0,42	mgN/L
OW168900	2022-09-07	21570747	12:14:00	Ni o	Nikkel	<	3,2	µg/L
OW168900	2022-09-07	21570747	12:14:00	Ni t	Nikkel	=	5,15	µg/L
OW168900	2022-09-07	21570747	12:14:00	NO2-	Nitriet	=	0,068	mgN/L
OW168900	2022-09-07	21570747	12:14:00	NO3-	Nitraat	=	2,98	mgN/L
OW168900	2022-09-07	21570747	12:14:00	O2	Zuurstof	=	7,83	mg/L
OW168900	2022-09-07	21570747	12:14:00	O2 verz	Zuurstof	=	91,7	%
OW168900	2022-09-07	21570747	12:14:00	OCP t	Organochloorpesticiden, totaal	<	13,3	ng/L
OW168900	2022-09-07	21570747	12:14:00	oPO4 f	Orthofosfaat	=	0,36	mgP/L
OW168900	2022-09-07	21570747	12:14:00	Oxadiazon	Oxadiazon	<	3	ng/L
OW168900	2022-09-07	21570747	12:14:00	P t	Fosfor	=	0,62	mgP/L
OW168900	2022-09-07	21570747	12:14:00	PAK 10	Polyaromatische KWS (10 Vrom)	<	344	ng/L
OW168900	2022-09-07	21570747	12:14:00	PAK 6	Polyaromatische KWS (6 Borneff)	=	189	ng/L
OW168900	2022-09-07	21570747	12:14:00	PathionEy	Parathion-ethyl	<	1	ng/L
OW168900	2022-09-07	21570747	12:14:00	PathionMy	Parathion-methyl	<	1,5	ng/L
OW168900	2022-09-07	21570747	12:14:00	Pb o	Lood	<	1,25	µg/L
OW168900	2022-09-07	21570747	12:14:00	Pb t	Lood	=	6,66	µg/L
OW168900	2022-09-07	21570747	12:14:00	PCB 101	2,2',4,5,5'-Pentachloorbifenyl (PCB101)	<	1	ng/L
OW168900	2022-09-07	21570747	12:14:00	PCB 118	2,3',4,4',5-Pentachloorbifenyl (PCB118)	<	0,5	ng/L
OW168900	2022-09-07	21570747	12:14:00	PCB 138	2,2',3,4,4',5'-Hexachloorbifenyl (PCB138)	<	1	ng/L
OW168900	2022-09-07	21570747	12:14:00	PCB 153	2,2',4,4',5,5'-Hexachloorbifenyl (PCB153)	=	1	ng/L
OW168900	2022-09-07	21570747	12:14:00	PCB 180	2,2',3,4,4',5,5'-Heptachloorbifenyl (PCB180)	<	1	ng/L
OW168900	2022-09-07	21570747	12:14:00	PCB 28	2,4,4'-Trichloorbifenyl (PCB28)	<	0,5	ng/L
OW168900	2022-09-07	21570747	12:14:00	PCB 52	2,2',5,5'-Tetrachloorbifenyl (PCB52)	<	0,5	ng/L
OW168900	2022-09-07	21570747	12:14:00	PCB t	Polychloorbifenyl, totaal	<	5,5	ng/L
OW168900	2022-09-07	21570747	12:14:00	PCBz	Pentachloorbenzeen	<	1,7	ng/L
OW168900	2022-09-07	21570747	12:14:00	PCNiBz	Pentachloornitrobenzeen	<	0,5	ng/L
OW168900	2022-09-07	21570747	12:14:00	pH	pH	=	8,16	-
OW168900	2022-09-07	21570747	12:14:00	Picarb	Pirimicarb	<	5	ng/L
OW168900	2022-09-07	21570747	12:14:00	PirfosMy	Pirimifos-methyl	<	3,5	ng/L
OW168900	2022-09-07	21570747	12:14:00	Prochloor	Propachloor	<	10	ng/L
OW168900	2022-09-07	21570747	12:14:00	Prometryn	Prometryn	<	10	ng/L
OW168900	2022-09-07	21570747	12:14:00	Propanil	Propanil	<	25	ng/L
OW168900	2022-09-07	21570747	12:14:00	Propaz	Propazine	<	10	ng/L
OW168900	2022-09-07	21570747	12:14:00	Proscarb	Prosulfocarb	<	100	ng/L
OW168900	2022-09-07	21570747	12:14:00	Pyr	Pyreen	=	50	ng/L
OW168900	2022-09-07	21570747	12:14:00	Quinofen	Quinoxyfen	<	1	ng/L
OW168900	2022-09-07	21570747	12:14:00	Sb o	Antimoon	<	1,5	µg/L
OW168900	2022-09-07	21570747	12:14:00	Sb t	Antimoon	<	1,5	µg/L
OW168900	2022-09-07	21570747	12:14:00	Se o	Seleen	<	1,5	µg/L
OW168900	2022-09-07	21570747	12:14:00	Se t	Seleen	<	1,5	µg/L
OW168900	2022-09-07	21570747	12:14:00	Sebutylaz	Sebutylazine	<	10	ng/L
OW168900	2022-09-07	21570747	12:14:00	Secchi	Doorzichtigheid	=	20	cm
OW168900	2022-09-07	21570747	12:14:00	Simaz	Simazine	<	10	ng/L
OW168900	2022-09-07	21570747	12:14:00	SiO2 o	Silicaat	=	2,2	mgSiO2/L
OW168900	2022-09-07	21570747	12:14:00	Sn o	Tin	<	1,5	µg/L
OW168900	2022-09-07	21570747	12:14:00	Sn t	Tin	<	1,5	µg/L
OW168900	2022-09-07	21570747	12:14:00	SO4=	Sulfaat	=	89	mg/L
OW168900	2022-09-07	21570747	12:14:00	T	Temperatuur	=	22,9	°C
OW168900	2022-09-07	21570747	12:14:00	TAM	Alkaliniteit met methyloranje	=	5,7	meq/L
OW168900	2022-09-07	21570747	12:14:00	TBySn	Tributyltin	=	0,2	ngSn/L
OW168900	2022-09-07	21570747	12:14:00	tCdaan	trans-Chloordaan	<	0,5	ng/L
OW168900	2022-09-07	21570747	12:14:00	TclofosMy	Tolclofos-methyl	<	2,5	ng/L
OW168900	2022-09-07	21570747	12:14:00	Te o	Telluur	<	2,5	µg/L
OW168900	2022-09-07	21570747	12:14:00	Te t	Telluur	<	2,5	µg/L
OW168900	2022-09-07	21570747	12:14:00	Telodrin	Telodrin	<	0,5	ng/L
OW168900	2022-09-07	21570747	12:14:00	Terbufos	Terbufos	<	2,5	ng/L
OW168900	2022-09-07	21570747	12:14:00	Terbutryn	Terbutryn	<	10	ng/L
OW168900	2022-09-07	21570747	12:14:00	Tfluralin	Trifluralin	<	0,5	ng/L
OW168900	2022-09-07	21570747	12:14:00	TFySn	Trifenyltin	<	0,035	ngSn/L
OW168900	2022-09-07	21570747	12:14:00	TFySn som	Trifenyltinacetaat, chloride, hydroxide	<	0,035	ngSn/L
OW168900	2022-09-07	21570747	12:14:00	Thiacloprid	Thiacloprid	<	2,5	ng/L
OW168900	2022-09-07	21570747	12:14:00	tHpCEpx	trans-Heptachloorepoxyde	<	0,75	ng/L
OW168900	2022-09-07	21570747	12:14:00	Ti o	Titaan	<	2	µg/L
OW168900	2022-09-07	21570747	12:14:00	Ti t	Titaan	=	31	µg/L
OW168900	2022-09-07	21570747	12:14:00	Tl o	Thallium	<	0,1	µg/L
OW168900	2022-09-07	21570747	12:14:00	Tl t	Thallium	<	0,1	µg/L
OW168900	2022-09-07	21570747	12:14:00	Tmethoxam	Thiamethoxam	=	16	ng/L
OW168900	2022-09-07	21570747	12:14:00	TrByaz	Terbutylazine	=	19	ng/L
OW168900	2022-09-07	21570747	12:14:00	Triazofos	Triazofos	<	2	ng/L
OW168900	2022-09-07	21570747	12:14:00	Triclopyr	Triclopyr	<	25	ng/L
OW168900	2022-09-07	21570747	12:14:00	TtBySn	Tetrabutyltin	<	0,035	ngSn/L
OW168900	2022-09-07	21570747	12:14:00	U o	Uranium	=	0,94	µg/L
OW168900	2022-09-07	21570747	12:14:00	U t	Uranium	=	1,06	µg/L
OW168900	2022-09-07	21570747	12:14:00	V o	Vanadium	=	3,2	µg/L
OW168900	2022-09-07	21570747	12:14:00	V t	Vanadium	=	7,8	µg/L
OW168900	2022-09-07	21570747	12:14:00	Zn o	Zink	<	7,5	µg/L
OW168900	2022-09-07	21570747	12:14:00	Zn t	Zink	=	36,8	µg/L
OW168900	2022-09-07	21570747	12:14:00	ZS	Zwevende stoffen	=	46	mg/L
OW168900	2022-10-12	21572597	12:13:00	1234CBz	1,2,3,4-Tetrachloorbenzeen	<	1,1	ng/L
OW168900	2022-10-12	21572597	12:13:00	1235+1245CBz	1,2,3,5+1,2,4,5-Tetrachloorbenzeen	<	1,7	ng/L
OW168900	2022-10-12	21572597	12:13:00	2356CNiBz	2,3,5,6-Tetrachloornitrobenzeen	<	0,5	ng/L
OW168900	2022-10-12	21572597	12:13:00	24-D	2,4-Dichloorfenoxyazijnzuur	<	25	ng/L
OW168900	2022-10-12	21572597	12:13:00	24-DB	2,4-Dichloorfenoxybutaanzuur	<	25	ng/L
OW168900	2022-10-12	21572597	12:13:00	24-DP	Dichloorprop	<	25	ng/L
OW168900	2022-10-12	21572597	12:13:00	245-T	2,4,5-Trichloorfenoxyazijnzuur	<	25	ng/L
OW168900	2022-10-12	21572597	12:13:00	24DDD	op'Dichloordifenyldichloorethaan	<	0,75	ng/L
OW168900	2022-10-12	21572597	12:13:00	24DDE	op'Dichloordifenyldichlooretheen	<	0,5	ng/L
OW168900	2022-10-12	21572597	12:13:00	24DDT	op'Dichloordifenyltrichloorethaan	<	0,5	ng/L
OW168900	2022-10-12	21572597	12:13:00	24NiFol	2,4-Dinitrofenol	<	50	ng/L
OW168900	2022-10-12	21572597	12:13:00	2hAtraz	2-Hydroxy-atrazine	<	10	ng/L
OW168900	2022-10-12	21572597	12:13:00	44DDD	pp'Dichloordifenyldichloorethaan	<	1	ng/L
OW168900	2022-10-12	21572597	12:13:00	44DDE	pp'Dichloordifenyldichlooretheen	<	0,75	ng/L
OW168900	2022-10-12	21572597	12:13:00	44DDT	pp'Dichloordifenyltrichloorethaan	<	0,75	ng/L
OW168900	2022-10-12	21572597	12:13:00	a+b+d+gHCHS	alfa+beta+gamma+delta Hexachloorcyclohexaan	<	2,75	ng/L
OW168900	2022-10-12	21572597	12:13:00	a+bEndoS	alfa+beta Endosulfan	<	1,5	ng/L
OW168900	2022-10-12	21572597	12:13:00	Acenaft	Acenafteen	=	11	ng/L
OW168900	2022-10-12	21572597	12:13:00	Acenaftyl	Acenaftyleen	<	10	ng/L
OW168900	2022-10-12	21572597	12:13:00	Acetamiprid	Acetamiprid	<	2,5	ng/L
OW168900	2022-10-12	21572597	12:13:00	Aclonifen	Aclonifen	<	2,5	ng/L
OW168900	2022-10-12	21572597	12:13:00	ADEIdrin	Aldrin+Dieldrin+Endrin+Isodrin	<	2,2	ng/L
OW168900	2022-10-12	21572597	12:13:00	aEndo	alfa-Endosulfan	<	0,5	ng/L
OW168900	2022-10-12	21572597	12:13:00	Ag o	Zilver	<	0,05	µg/L
OW168900	2022-10-12	21572597	12:13:00	Ag t	Zilver	=	0,116	µg/L
OW168900	2022-10-12	21572597	12:13:00	aHCH	alfa-Hexachloorcyclohexaan	<	0,5	ng/L
OW168900	2022-10-12	21572597	12:13:00	Al o	Aluminium	<	150	µg/L
OW168900	2022-10-12	21572597	12:13:00	Alachloor	Alachloor	<	10	ng/L
OW168900	2022-10-12	21572597	12:13:00	Aldrin	Aldrin	<	0,35	ng/L
OW168900	2022-10-12	21572597	12:13:00	AMPA	Aminomethylfosfonzuur	=	3800	ng/L
OW168900	2022-10-12	21572597	12:13:00	Ant	Anthraceen	=	14	ng/L
OW168900	2022-10-12	21572597	12:13:00	As o	Arseen	=	1,69	µg/L
OW168900	2022-10-12	21572597	12:13:00	As t	Arseen	=	3	µg/L
OW168900	2022-10-12	21572597	12:13:00	Atraz	Atrazine	<	10	ng/L
OW168900	2022-10-12	21572597	12:13:00	AzinfosEy	Azinfos-ethyl	<	1,5	ng/L
OW168900	2022-10-12	21572597	12:13:00	AzinfosMy	Azinfos-methyl	<	1	ng/L
OW168900	2022-10-12	21572597	12:13:00	B o	Boor	=	78	µg/L
OW168900	2022-10-12	21572597	12:13:00	B t	Boor	=	71	µg/L
OW168900	2022-10-12	21572597	12:13:00	B(a)A	Benzo(a)anthraceen	=	17	ng/L
OW168900	2022-10-12	21572597	12:13:00	B(a)P	Benzo(a)pyreen	=	20	ng/L
OW168900	2022-10-12	21572597	12:13:00	B(b)Flu	Benzo(b)fluorantheen	=	35	ng/L
OW168900	2022-10-12	21572597	12:13:00	B(ghi)Pe	Benzo(g,h,i)peryleen	=	23	ng/L
OW168900	2022-10-12	21572597	12:13:00	B(k)Flu	Benzo(k)fluorantheen	=	17	ng/L
OW168900	2022-10-12	21572597	12:13:00	Ba o	Barium	=	29	µg/L
OW168900	2022-10-12	21572597	12:13:00	Ba t	Barium	=	44	µg/L
OW168900	2022-10-12	21572597	12:13:00	BAM	2,6-Dichloorbenzamide	<	20	ng/L
OW168900	2022-10-12	21572597	12:13:00	Be o	Beryllium	<	0,15	µg/L
OW168900	2022-10-12	21572597	12:13:00	Be t	Beryllium	<	0,15	µg/L
OW168900	2022-10-12	21572597	12:13:00	bEndo	beta-Endosulfan	<	1	ng/L
OW168900	2022-10-12	21572597	12:13:00	Bentazone	Bentazone	<	25	ng/L
OW168900	2022-10-12	21572597	12:13:00	BFlu som	PAK benzo(b+k)fluorantheen (b)	=	52	ng/L
OW168900	2022-10-12	21572597	12:13:00	bHCH	beta-Hexachloorcyclohexaan	<	0,5	ng/L
OW168900	2022-10-12	21572597	12:13:00	Bifenox	Bifenox	<	2	ng/L
OW168900	2022-10-12	21572597	12:13:00	BPe + IP som	PAK Benzo(g,h,i)peryleen + Indeno(1,2,3-cd)pyreen	=	46	ng/L
OW168900	2022-10-12	21572597	12:13:00	BrfosEy	Bromofos-ethyl	<	2,5	ng/L
OW168900	2022-10-12	21572597	12:13:00	BrfosMy	Bromofos-methyl	<	1,5	ng/L
OW168900	2022-10-12	21572597	12:13:00	Bromacil	Bromacil	<	10	ng/L
OW168900	2022-10-12	21572597	12:13:00	Bromoxyn	Bromoxynil	<	25	ng/L
OW168900	2022-10-12	21572597	12:13:00	BZV5	Biochemisch zuurstofverbruik na 5d.	=	2,7	mgO2/L
OW168900	2022-10-12	21572597	12:13:00	Ca o	Calcium	=	100000	µg/L
OW168900	2022-10-12	21572597	12:13:00	Carbdzim	Carbendazim	<	10	ng/L
OW168900	2022-10-12	21572597	12:13:00	Cartamid	Carbetamide	<	10	ng/L
OW168900	2022-10-12	21572597	12:13:00	Cbromuron	Chloorbromuron	<	15	ng/L
OW168900	2022-10-12	21572597	12:13:00	cCdaan	cis-Chloordaan	<	0,5	ng/L
OW168900	2022-10-12	21572597	12:13:00	Cd o	Cadmium	<	0,05	µg/L
OW168900	2022-10-12	21572597	12:13:00	Cd t	Cadmium	=	0,235	µg/L
OW168900	2022-10-12	21572597	12:13:00	Cdaan	Chloordaan	<	1	ng/L
OW168900	2022-10-12	21572597	12:13:00	Cdazon	Chloridazon	<	5	ng/L
OW168900	2022-10-12	21572597	12:13:00	Cfvinfos	Chloorfenvinfos	<	1,5	ng/L
OW168900	2022-10-12	21572597	12:13:00	cHpCEpx	cis-Heptachloorepoxyde	<	0,5	ng/L
OW168900	2022-10-12	21572597	12:13:00	Chr	Chryseen	=	26	ng/L
OW168900	2022-10-12	21572597	12:13:00	Cl-	Chloride	=	75	mg/L
OW168900	2022-10-12	21572597	12:13:00	Clfyl a	Chlorofyl a	=	93	µg/L
OW168900	2022-10-12	21572597	12:13:00	Clopyralid	Clopyralid	<	125	ng/L
OW168900	2022-10-12	21572597	12:13:00	Clotidine	Clothianidine	<	2,5	ng/L
OW168900	2022-10-12	21572597	12:13:00	Co o	Kobalt	=	0,218	µg/L
OW168900	2022-10-12	21572597	12:13:00	Co t	Kobalt	=	1,44	µg/L
OW168900	2022-10-12	21572597	12:13:00	CpfosEy	Chloorpyrifos-ethyl	<	2	ng/L
OW168900	2022-10-12	21572597	12:13:00	CpfosMy	Chloorpyrifos-methyl	<	3	ng/L
OW168900	2022-10-12	21572597	12:13:00	Cprofam	Chloorprofam	<	4	ng/L
OW168900	2022-10-12	21572597	12:13:00	Cr o	Chroom	<	1,5	µg/L
OW168900	2022-10-12	21572597	12:13:00	Cr t	Chroom	=	7,5	µg/L
OW168900	2022-10-12	21572597	12:13:00	Ctoluron	Chloortoluron	<	16	ng/L
OW168900	2022-10-12	21572597	12:13:00	Cu o	Koper	<	4	µg/L
OW168900	2022-10-12	21572597	12:13:00	Cu t	Koper	=	6,6	µg/L
OW168900	2022-10-12	21572597	12:13:00	Cumafos	Cumafos	<	2,5	ng/L
OW168900	2022-10-12	21572597	12:13:00	Cyanaz	Cyanazine	<	5	ng/L
OW168900	2022-10-12	21572597	12:13:00	Cybutrine	Cybutrine	<	1	ng/L
OW168900	2022-10-12	21572597	12:13:00	Cypmethrin	Cypermethrin	<	3	ng/L
OW168900	2022-10-12	21572597	12:13:00	CZV	Chemisch zuurstofverbruik	=	23,7	mgO2/L
OW168900	2022-10-12	21572597	12:13:00	DBySn	Dibutyltin	=	0,87	ngSn/L
OW168900	2022-10-12	21572597	12:13:00	DBySn som	Dibutyltinverbindingen	=	0,87	ngSn/L
OW168900	2022-10-12	21572597	12:13:00	dBz(ah)An	Dibenzo(a,h)anthraceen	<	10	ng/L
OW168900	2022-10-12	21572597	12:13:00	DCvos	Dichloorvos	<	0,5	ng/L
OW168900	2022-10-12	21572597	12:13:00	DDT t	DDT, totaal	<	3	ng/L
OW168900	2022-10-12	21572597	12:13:00	Demeton	Demeton	<	4,5	ng/L
OW168900	2022-10-12	21572597	12:13:00	DEyatraz	Desethylatrazine	=	15	ng/L
OW168900	2022-10-12	21572597	12:13:00	DEytByaz	Desethylterbutylazine	<	10	ng/L
OW168900	2022-10-12	21572597	12:13:00	Dflucan	Diflufenican	=	12,7	ng/L
OW168900	2022-10-12	21572597	12:13:00	dHCH	delta-Hexachloorcyclohexaan	<	0,75	ng/L
OW168900	2022-10-12	21572597	12:13:00	Diazinon	Diazinon	<	2	ng/L
OW168900	2022-10-12	21572597	12:13:00	Dicamba	Dicamba	<	150	ng/L
OW168900	2022-10-12	21572597	12:13:00	Dieldrin	Dieldrin	<	1	ng/L
OW168900	2022-10-12	21572597	12:13:00	DiMetamid	Dimethenamid	=	16	ng/L
OW168900	2022-10-12	21572597	12:13:00	DiMetmorf	Dimethomorf	<	5	ng/L
OW168900	2022-10-12	21572597	12:13:00	DiPyatraz	Desisopropylatrazine	<	10	ng/L
OW168900	2022-10-12	21572597	12:13:00	Diuron	Diuron	<	5	ng/L
OW168900	2022-10-12	21572597	12:13:00	Dmetoat	Dimethoaat	<	3	ng/L
OW168900	2022-10-12	21572597	12:13:00	DNOC	4,6-Dinitro-o-cresol	<	25	ng/L
OW168900	2022-10-12	21572597	12:13:00	DOC	Koolstof	=	4,7	mgC/L
OW168900	2022-10-12	21572597	12:13:00	Dsulfoton	Disulfoton	<	4,5	ng/L
OW168900	2022-10-12	21572597	12:13:00	EC 20	Geleidbaarheid (20°C)	=	788	µS/cm
OW168900	2022-10-12	21572597	12:13:00	EC 25	Geleidbaarheid (25°C)	=	863,254	µS/cm
OW168900	2022-10-12	21572597	12:13:00	EndoS	Endosulfansulfaat	<	0,75	ng/L
OW168900	2022-10-12	21572597	12:13:00	Endrin	Endrin	<	0,5	ng/L
OW168900	2022-10-12	21572597	12:13:00	Etfum	Ethofumesaat	=	8,4	ng/L
OW168900	2022-10-12	21572597	12:13:00	Ethopfos	Ethoprofos	<	2,5	ng/L
OW168900	2022-10-12	21572597	12:13:00	F- o	Fluoride	=	0,23	mg/L
OW168900	2022-10-12	21572597	12:13:00	Fe o	Ijzer	<	12,5	µg/L
OW168900	2022-10-12	21572597	12:13:00	Fe t	Ijzer	=	2390	µg/L
OW168900	2022-10-12	21572597	12:13:00	Fen	Fenantreen	=	35	ng/L
OW168900	2022-10-12	21572597	12:13:00	Fenithion	Fenitrothion	<	1,5	ng/L
OW168900	2022-10-12	21572597	12:13:00	Fenoprop	Fenoprop	<	25	ng/L
OW168900	2022-10-12	21572597	12:13:00	Fenthion	Fenthion	<	2,5	ng/L
OW168900	2022-10-12	21572597	12:13:00	Feofyt a	Feofytine a	=	10,5	µg/L
OW168900	2022-10-12	21572597	12:13:00	Floxpyr	Fluroxypyr	<	25	ng/L
OW168900	2022-10-12	21572597	12:13:00	Flu	Fluorantheen	=	50	ng/L
OW168900	2022-10-12	21572597	12:13:00	Flucet	Flufenacet	<	10	ng/L
OW168900	2022-10-12	21572597	12:13:00	Fluoreen	Fluoreen	=	14	ng/L
OW168900	2022-10-12	21572597	12:13:00	Fonofos	Fonofos	<	2	ng/L
OW168900	2022-10-12	21572597	12:13:00	gHCH	gamma-Hexachloorcyclohexaan	<	1	ng/L
OW168900	2022-10-12	21572597	12:13:00	Glyfosaat	Glyfosaat	=	180	ng/L
OW168900	2022-10-12	21572597	12:13:00	H t	Hardheid	=	30	°F
OW168900	2022-10-12	21572597	12:13:00	HCBdn	Hexachloorbutadieen	<	1,4	ng/L
OW168900	2022-10-12	21572597	12:13:00	HCBz	Hexachloorbenzeen	<	1,1	ng/L
OW168900	2022-10-12	21572597	12:13:00	HCH	Hexachloorcyclohexaan, alle isomeren	<	2,75	ng/L
OW168900	2022-10-12	21572597	12:13:00	Hexazinon	Hexazinon	<	10	ng/L
OW168900	2022-10-12	21572597	12:13:00	Hg o	Kwik	<	0,025	µg/L
OW168900	2022-10-12	21572597	12:13:00	Hg t	Kwik	<	0,05	µg/L
OW168900	2022-10-12	21572597	12:13:00	HpC	Heptachloor	<	0,75	ng/L
OW168900	2022-10-12	21572597	12:13:00	HpC+Epx	Heptachloor+epoxyde	<	2	ng/L
OW168900	2022-10-12	21572597	12:13:00	Imcloprid	Imidacloprid	=	11	ng/L
OW168900	2022-10-12	21572597	12:13:00	IP	Indeno(1,2,3-cd)pyreen	=	23	ng/L
OW168900	2022-10-12	21572597	12:13:00	Iproturon	Isoproturon	<	5	ng/L
OW168900	2022-10-12	21572597	12:13:00	Isodrin	Isodrin	<	0,35	ng/L
OW168900	2022-10-12	21572597	12:13:00	K o	Kalium	=	16000	µg/L
OW168900	2022-10-12	21572597	12:13:00	KjN	Kjeldahlstikstof	=	1,332	mgN/L
OW168900	2022-10-12	21572597	12:13:00	Lenacil	Lenacil	<	25	ng/L
OW168900	2022-10-12	21572597	12:13:00	Linuron	Linuron	<	5	ng/L
OW168900	2022-10-12	21572597	12:13:00	Malathion	Malathion	<	2,5	ng/L
OW168900	2022-10-12	21572597	12:13:00	Mbromuron	Metobromuron	<	10	ng/L
OW168900	2022-10-12	21572597	12:13:00	mBthiaz	Metabenzthiazuron	<	5	ng/L
OW168900	2022-10-12	21572597	12:13:00	MCPA	(4-Chloor-2-methylfenoxy)azijnzuur	<	50	ng/L
OW168900	2022-10-12	21572597	12:13:00	MCPB	4-(4-Chloor-2-methylfenoxy)boterzuur	<	25	ng/L
OW168900	2022-10-12	21572597	12:13:00	MCPP	Mecoprop	<	25	ng/L
OW168900	2022-10-12	21572597	12:13:00	Metaza	Metazachloor	=	81	ng/L
OW168900	2022-10-12	21572597	12:13:00	Metbuzin	Metribuzin	<	6	ng/L
OW168900	2022-10-12	21572597	12:13:00	Metcarb	Methiocarb	<	4,5	ng/L
OW168900	2022-10-12	21572597	12:13:00	Methidat	Methidation	<	3,5	ng/L
OW168900	2022-10-12	21572597	12:13:00	Metola	Metolachloor	=	15	ng/L
OW168900	2022-10-12	21572597	12:13:00	Metoxur	Metoxuron	<	5	ng/L
OW168900	2022-10-12	21572597	12:13:00	Mevinfos	Mevinfos	<	2	ng/L
OW168900	2022-10-12	21572597	12:13:00	Mg o	Magnesium	=	11200	µg/L
OW168900	2022-10-12	21572597	12:13:00	Mlinuron	Monolinuron	<	5	ng/L
OW168900	2022-10-12	21572597	12:13:00	Mmitron	Metamitron	<	5	ng/L
OW168900	2022-10-12	21572597	12:13:00	Mn o	Mangaan	=	15	µg/L
OW168900	2022-10-12	21572597	12:13:00	Mn t	Mangaan	=	160	µg/L
OW168900	2022-10-12	21572597	12:13:00	Mo o	Molybdeen	<	2,5	µg/L
OW168900	2022-10-12	21572597	12:13:00	Mo t	Molybdeen	<	2,5	µg/L
OW168900	2022-10-12	21572597	12:13:00	MxyC	Methoxychloor	<	0,75	ng/L
OW168900	2022-10-12	21572597	12:13:00	N t	Stikstof	=	6,7	mgN/L
OW168900	2022-10-12	21572597	12:13:00	N+N	Nitraat+nitriet	=	5,368	mgN/L
OW168900	2022-10-12	21572597	12:13:00	N+N+N	Nitraat+nitriet+ammonium	=	5,464	mgN/L
OW168900	2022-10-12	21572597	12:13:00	Na o	Natrium	=	57000	µg/L
OW168900	2022-10-12	21572597	12:13:00	Naft	Naftaleen	<	40	ng/L
OW168900	2022-10-12	21572597	12:13:00	NH4+	Ammonium	=	0,096	mgN/L
OW168900	2022-10-12	21572597	12:13:00	Ni o	Nikkel	<	3,2	µg/L
OW168900	2022-10-12	21572597	12:13:00	Ni t	Nikkel	=	4,44	µg/L
OW168900	2022-10-12	21572597	12:13:00	NO2-	Nitriet	=	0,168	mgN/L
OW168900	2022-10-12	21572597	12:13:00	NO3-	Nitraat	=	5,2	mgN/L
OW168900	2022-10-12	21572597	12:13:00	O2	Zuurstof	=	9,54	mg/L
OW168900	2022-10-12	21572597	12:13:00	O2 verz	Zuurstof	=	92,8	%
OW168900	2022-10-12	21572597	12:13:00	OCP t	Organochloorpesticiden, totaal	<	12,3	ng/L
OW168900	2022-10-12	21572597	12:13:00	oPO4 f	Orthofosfaat	=	0,221	mgP/L
OW168900	2022-10-12	21572597	12:13:00	Oxadiazon	Oxadiazon	<	6	ng/L
OW168900	2022-10-12	21572597	12:13:00	P t	Fosfor	=	0,575	mgP/L
OW168900	2022-10-12	21572597	12:13:00	PAK 10	Polyaromatische KWS (10 Vrom)	<	265	ng/L
OW168900	2022-10-12	21572597	12:13:00	PAK 6	Polyaromatische KWS (6 Borneff)	=	168	ng/L
OW168900	2022-10-12	21572597	12:13:00	PathionEy	Parathion-ethyl	<	1	ng/L
OW168900	2022-10-12	21572597	12:13:00	PathionMy	Parathion-methyl	<	1,5	ng/L
OW168900	2022-10-12	21572597	12:13:00	Pb o	Lood	<	1,25	µg/L
OW168900	2022-10-12	21572597	12:13:00	Pb t	Lood	=	7,49	µg/L
OW168900	2022-10-12	21572597	12:13:00	PCB 101	2,2',4,5,5'-Pentachloorbifenyl (PCB101)	<	0,5	ng/L
OW168900	2022-10-12	21572597	12:13:00	PCB 118	2,3',4,4',5-Pentachloorbifenyl (PCB118)	<	0,5	ng/L
OW168900	2022-10-12	21572597	12:13:00	PCB 138	2,2',3,4,4',5'-Hexachloorbifenyl (PCB138)	<	1	ng/L
OW168900	2022-10-12	21572597	12:13:00	PCB 153	2,2',4,4',5,5'-Hexachloorbifenyl (PCB153)	=	1	ng/L
OW168900	2022-10-12	21572597	12:13:00	PCB 180	2,2',3,4,4',5,5'-Heptachloorbifenyl (PCB180)	<	1	ng/L
OW168900	2022-10-12	21572597	12:13:00	PCB 28	2,4,4'-Trichloorbifenyl (PCB28)	<	0,5	ng/L
OW168900	2022-10-12	21572597	12:13:00	PCB 52	2,2',5,5'-Tetrachloorbifenyl (PCB52)	<	0,5	ng/L
OW168900	2022-10-12	21572597	12:13:00	PCB t	Polychloorbifenyl, totaal	<	5	ng/L
OW168900	2022-10-12	21572597	12:13:00	PCBz	Pentachloorbenzeen	<	1,7	ng/L
OW168900	2022-10-12	21572597	12:13:00	PCNiBz	Pentachloornitrobenzeen	<	0,5	ng/L
OW168900	2022-10-12	21572597	12:13:00	pH	pH	=	7,93	-
OW168900	2022-10-12	21572597	12:13:00	Picarb	Pirimicarb	<	5	ng/L
OW168900	2022-10-12	21572597	12:13:00	PirfosMy	Pirimifos-methyl	<	3,5	ng/L
OW168900	2022-10-12	21572597	12:13:00	Prochloor	Propachloor	<	10	ng/L
OW168900	2022-10-12	21572597	12:13:00	Prometryn	Prometryn	<	10	ng/L
OW168900	2022-10-12	21572597	12:13:00	Propanil	Propanil	<	25	ng/L
OW168900	2022-10-12	21572597	12:13:00	Propaz	Propazine	<	10	ng/L
OW168900	2022-10-12	21572597	12:13:00	Proscarb	Prosulfocarb	<	100	ng/L
OW168900	2022-10-12	21572597	12:13:00	Pyr	Pyreen	=	39	ng/L
OW168900	2022-10-12	21572597	12:13:00	Quinofen	Quinoxyfen	<	1	ng/L
OW168900	2022-10-12	21572597	12:13:00	Sb o	Antimoon	<	1,5	µg/L
OW168900	2022-10-12	21572597	12:13:00	Sb t	Antimoon	<	1,5	µg/L
OW168900	2022-10-12	21572597	12:13:00	Se o	Seleen	<	0,75	µg/L
OW168900	2022-10-12	21572597	12:13:00	Se t	Seleen	<	1,5	µg/L
OW168900	2022-10-12	21572597	12:13:00	Sebutylaz	Sebutylazine	<	10	ng/L
OW168900	2022-10-12	21572597	12:13:00	Secchi	Doorzichtigheid	=	25	cm
OW168900	2022-10-12	21572597	12:13:00	Simaz	Simazine	<	5	ng/L
OW168900	2022-10-12	21572597	12:13:00	SiO2 o	Silicaat	=	8	mgSiO2/L
OW168900	2022-10-12	21572597	12:13:00	Sn o	Tin	<	1,5	µg/L
OW168900	2022-10-12	21572597	12:13:00	Sn t	Tin	<	1,5	µg/L
OW168900	2022-10-12	21572597	12:13:00	SO4=	Sulfaat	=	80	mg/L
OW168900	2022-10-12	21572597	12:13:00	T	Temperatuur	=	14,3	°C
OW168900	2022-10-12	21572597	12:13:00	TAM	Alkaliniteit met methyloranje	=	4,3	meq/L
OW168900	2022-10-12	21572597	12:13:00	TBySn	Tributyltin	=	0,23	ngSn/L
OW168900	2022-10-12	21572597	12:13:00	tCdaan	trans-Chloordaan	<	0,5	ng/L
OW168900	2022-10-12	21572597	12:13:00	TclofosMy	Tolclofos-methyl	<	2,5	ng/L
OW168900	2022-10-12	21572597	12:13:00	Te o	Telluur	<	2,5	µg/L
OW168900	2022-10-12	21572597	12:13:00	Te t	Telluur	<	2,5	µg/L
OW168900	2022-10-12	21572597	12:13:00	Telodrin	Telodrin	<	0,5	ng/L
OW168900	2022-10-12	21572597	12:13:00	Terbufos	Terbufos	<	2,5	ng/L
OW168900	2022-10-12	21572597	12:13:00	Terbutryn	Terbutryn	<	10	ng/L
OW168900	2022-10-12	21572597	12:13:00	Tfluralin	Trifluralin	<	0,5	ng/L
OW168900	2022-10-12	21572597	12:13:00	TFySn	Trifenyltin	<	0,035	ngSn/L
OW168900	2022-10-12	21572597	12:13:00	TFySn som	Trifenyltinacetaat, chloride, hydroxide	<	0,035	ngSn/L
OW168900	2022-10-12	21572597	12:13:00	Thiacloprid	Thiacloprid	<	2,5	ng/L
OW168900	2022-10-12	21572597	12:13:00	tHpCEpx	trans-Heptachloorepoxyde	<	0,75	ng/L
OW168900	2022-10-12	21572597	12:13:00	Ti o	Titaan	<	2	µg/L
OW168900	2022-10-12	21572597	12:13:00	Ti t	Titaan	=	32	µg/L
OW168900	2022-10-12	21572597	12:13:00	Tl o	Thallium	<	0,1	µg/L
OW168900	2022-10-12	21572597	12:13:00	Tl t	Thallium	<	0,1	µg/L
OW168900	2022-10-12	21572597	12:13:00	Tmethoxam	Thiamethoxam	<	5	ng/L
OW168900	2022-10-12	21572597	12:13:00	TrByaz	Terbutylazine	=	12	ng/L
OW168900	2022-10-12	21572597	12:13:00	Triazofos	Triazofos	<	2	ng/L
OW168900	2022-10-12	21572597	12:13:00	Triclopyr	Triclopyr	<	25	ng/L
OW168900	2022-10-12	21572597	12:13:00	TtBySn	Tetrabutyltin	<	0,035	ngSn/L
OW168900	2022-10-12	21572597	12:13:00	U o	Uranium	=	0,76	µg/L
OW168900	2022-10-12	21572597	12:13:00	U t	Uranium	=	0,89	µg/L
OW168900	2022-10-12	21572597	12:13:00	V o	Vanadium	<	3	µg/L
OW168900	2022-10-12	21572597	12:13:00	V t	Vanadium	=	7,5	µg/L
OW168900	2022-10-12	21572597	12:13:00	Zn o	Zink	<	7,5	µg/L
OW168900	2022-10-12	21572597	12:13:00	Zn t	Zink	=	39,7	µg/L
OW168900	2022-10-12	21572597	12:13:00	ZS	Zwevende stoffen	=	56	mg/L
OW168900	2022-11-09	21574280	12:19:00	1234CBz	1,2,3,4-Tetrachloorbenzeen	<	1,1	ng/L
OW168900	2022-11-09	21574280	12:19:00	1235+1245CBz	1,2,3,5+1,2,4,5-Tetrachloorbenzeen	<	1,7	ng/L
OW168900	2022-11-09	21574280	12:19:00	2356CNiBz	2,3,5,6-Tetrachloornitrobenzeen	<	0,5	ng/L
OW168900	2022-11-09	21574280	12:19:00	24-D	2,4-Dichloorfenoxyazijnzuur	<	50	ng/L
OW168900	2022-11-09	21574280	12:19:00	24-DB	2,4-Dichloorfenoxybutaanzuur	<	25	ng/L
OW168900	2022-11-09	21574280	12:19:00	24-DP	Dichloorprop	<	25	ng/L
OW168900	2022-11-09	21574280	12:19:00	245-T	2,4,5-Trichloorfenoxyazijnzuur	<	25	ng/L
OW168900	2022-11-09	21574280	12:19:00	24DDD	op'Dichloordifenyldichloorethaan	<	0,75	ng/L
OW168900	2022-11-09	21574280	12:19:00	24DDE	op'Dichloordifenyldichlooretheen	<	0,5	ng/L
OW168900	2022-11-09	21574280	12:19:00	24DDT	op'Dichloordifenyltrichloorethaan	<	0,5	ng/L
OW168900	2022-11-09	21574280	12:19:00	24NiFol	2,4-Dinitrofenol	<	25	ng/L
OW168900	2022-11-09	21574280	12:19:00	2hAtraz	2-Hydroxy-atrazine	=	10	ng/L
OW168900	2022-11-09	21574280	12:19:00	44DDD	pp'Dichloordifenyldichloorethaan	<	1	ng/L
OW168900	2022-11-09	21574280	12:19:00	44DDE	pp'Dichloordifenyldichlooretheen	<	0,75	ng/L
OW168900	2022-11-09	21574280	12:19:00	44DDT	pp'Dichloordifenyltrichloorethaan	<	0,75	ng/L
OW168900	2022-11-09	21574280	12:19:00	a+b+d+gHCHS	alfa+beta+gamma+delta Hexachloorcyclohexaan	<	2,25	ng/L
OW168900	2022-11-09	21574280	12:19:00	a+bEndoS	alfa+beta Endosulfan	<	1,5	ng/L
OW168900	2022-11-09	21574280	12:19:00	Acenaft	Acenafteen	=	16	ng/L
OW168900	2022-11-09	21574280	12:19:00	Acenaftyl	Acenaftyleen	<	10	ng/L
OW168900	2022-11-09	21574280	12:19:00	Acetamiprid	Acetamiprid	<	2,5	ng/L
OW168900	2022-11-09	21574280	12:19:00	Aclonifen	Aclonifen	<	2,5	ng/L
OW168900	2022-11-09	21574280	12:19:00	ADEIdrin	Aldrin+Dieldrin+Endrin+Isodrin	<	2,2	ng/L
OW168900	2022-11-09	21574280	12:19:00	aEndo	alfa-Endosulfan	<	0,5	ng/L
OW168900	2022-11-09	21574280	12:19:00	Ag o	Zilver	<	0,05	µg/L
OW168900	2022-11-09	21574280	12:19:00	Ag t	Zilver	=	0,165	µg/L
OW168900	2022-11-09	21574280	12:19:00	aHCH	alfa-Hexachloorcyclohexaan	<	0,5	ng/L
OW168900	2022-11-09	21574280	12:19:00	Al o	Aluminium	<	150	µg/L
OW168900	2022-11-09	21574280	12:19:00	Alachloor	Alachloor	<	10	ng/L
OW168900	2022-11-09	21574280	12:19:00	Aldrin	Aldrin	<	0,35	ng/L
OW168900	2022-11-09	21574280	12:19:00	AMPA	Aminomethylfosfonzuur	=	3700	ng/L
OW168900	2022-11-09	21574280	12:19:00	Ant	Anthraceen	=	16	ng/L
OW168900	2022-11-09	21574280	12:19:00	As o	Arseen	=	1,94	µg/L
OW168900	2022-11-09	21574280	12:19:00	As t	Arseen	=	3,56	µg/L
OW168900	2022-11-09	21574280	12:19:00	Atraz	Atrazine	<	10	ng/L
OW168900	2022-11-09	21574280	12:19:00	AzinfosEy	Azinfos-ethyl	<	1,5	ng/L
OW168900	2022-11-09	21574280	12:19:00	AzinfosMy	Azinfos-methyl	<	1	ng/L
OW168900	2022-11-09	21574280	12:19:00	B o	Boor	=	85	µg/L
OW168900	2022-11-09	21574280	12:19:00	B t	Boor	=	86	µg/L
OW168900	2022-11-09	21574280	12:19:00	B(a)A	Benzo(a)anthraceen	=	23	ng/L
OW168900	2022-11-09	21574280	12:19:00	B(a)P	Benzo(a)pyreen	=	26	ng/L
OW168900	2022-11-09	21574280	12:19:00	B(b)Flu	Benzo(b)fluorantheen	=	44	ng/L
OW168900	2022-11-09	21574280	12:19:00	B(ghi)Pe	Benzo(g,h,i)peryleen	=	24	ng/L
OW168900	2022-11-09	21574280	12:19:00	B(k)Flu	Benzo(k)fluorantheen	=	22	ng/L
OW168900	2022-11-09	21574280	12:19:00	Ba o	Barium	=	33	µg/L
OW168900	2022-11-09	21574280	12:19:00	Ba t	Barium	=	55	µg/L
OW168900	2022-11-09	21574280	12:19:00	BAM	2,6-Dichloorbenzamide	<	20	ng/L
OW168900	2022-11-09	21574280	12:19:00	Be o	Beryllium	<	0,15	µg/L
OW168900	2022-11-09	21574280	12:19:00	Be t	Beryllium	<	0,15	µg/L
OW168900	2022-11-09	21574280	12:19:00	bEndo	beta-Endosulfan	<	1	ng/L
OW168900	2022-11-09	21574280	12:19:00	Bentazone	Bentazone	<	25	ng/L
OW168900	2022-11-09	21574280	12:19:00	BFlu som	PAK benzo(b+k)fluorantheen (b)	=	66	ng/L
OW168900	2022-11-09	21574280	12:19:00	bHCH	beta-Hexachloorcyclohexaan	<	0,5	ng/L
OW168900	2022-11-09	21574280	12:19:00	Bifenox	Bifenox	<	2	ng/L
OW168900	2022-11-09	21574280	12:19:00	BPe + IP som	PAK Benzo(g,h,i)peryleen + Indeno(1,2,3-cd)pyreen	=	48	ng/L
OW168900	2022-11-09	21574280	12:19:00	BrfosEy	Bromofos-ethyl	<	2,5	ng/L
OW168900	2022-11-09	21574280	12:19:00	BrfosMy	Bromofos-methyl	<	1,5	ng/L
OW168900	2022-11-09	21574280	12:19:00	Bromacil	Bromacil	<	10	ng/L
OW168900	2022-11-09	21574280	12:19:00	Bromoxyn	Bromoxynil	<	25	ng/L
OW168900	2022-11-09	21574280	12:19:00	BZV5	Biochemisch zuurstofverbruik na 5d.	<	2	mgO2/L
OW168900	2022-11-09	21574280	12:19:00	Ca o	Calcium	=	118000	µg/L
OW168900	2022-11-09	21574280	12:19:00	Carbdzim	Carbendazim	<	10	ng/L
OW168900	2022-11-09	21574280	12:19:00	Cartamid	Carbetamide	<	10	ng/L
OW168900	2022-11-09	21574280	12:19:00	Cbromuron	Chloorbromuron	<	15	ng/L
OW168900	2022-11-09	21574280	12:19:00	cCdaan	cis-Chloordaan	<	0,5	ng/L
OW168900	2022-11-09	21574280	12:19:00	Cd o	Cadmium	<	0,05	µg/L
OW168900	2022-11-09	21574280	12:19:00	Cd t	Cadmium	=	0,282	µg/L
OW168900	2022-11-09	21574280	12:19:00	Cdaan	Chloordaan	<	1	ng/L
OW168900	2022-11-09	21574280	12:19:00	Cdazon	Chloridazon	<	5	ng/L
OW168900	2022-11-09	21574280	12:19:00	Cfvinfos	Chloorfenvinfos	<	1,5	ng/L
OW168900	2022-11-09	21574280	12:19:00	cHpCEpx	cis-Heptachloorepoxyde	<	0,5	ng/L
OW168900	2022-11-09	21574280	12:19:00	Chr	Chryseen	=	38	ng/L
OW168900	2022-11-09	21574280	12:19:00	Cl-	Chloride	=	99	mg/L
OW168900	2022-11-09	21574280	12:19:00	Clfyl a	Chlorofyl a	=	51	µg/L
OW168900	2022-11-09	21574280	12:19:00	Clopyralid	Clopyralid	<	125	ng/L
OW168900	2022-11-09	21574280	12:19:00	Clotidine	Clothianidine	<	2,5	ng/L
OW168900	2022-11-09	21574280	12:19:00	Co o	Kobalt	=	0,44	µg/L
OW168900	2022-11-09	21574280	12:19:00	Co t	Kobalt	=	2,13	µg/L
OW168900	2022-11-09	21574280	12:19:00	CpfosEy	Chloorpyrifos-ethyl	<	2	ng/L
OW168900	2022-11-09	21574280	12:19:00	CpfosMy	Chloorpyrifos-methyl	<	1,5	ng/L
OW168900	2022-11-09	21574280	12:19:00	Cprofam	Chloorprofam	<	4	ng/L
OW168900	2022-11-09	21574280	12:19:00	Cr o	Chroom	<	1,5	µg/L
OW168900	2022-11-09	21574280	12:19:00	Cr t	Chroom	=	10,9	µg/L
OW168900	2022-11-09	21574280	12:19:00	Ctoluron	Chloortoluron	=	460	ng/L
OW168900	2022-11-09	21574280	12:19:00	Cu o	Koper	<	2	µg/L
OW168900	2022-11-09	21574280	12:19:00	Cu t	Koper	=	10,1	µg/L
OW168900	2022-11-09	21574280	12:19:00	Cumafos	Cumafos	<	2,5	ng/L
OW168900	2022-11-09	21574280	12:19:00	Cyanaz	Cyanazine	<	5	ng/L
OW168900	2022-11-09	21574280	12:19:00	Cybutrine	Cybutrine	<	1	ng/L
OW168900	2022-11-09	21574280	12:19:00	Cypmethrin	Cypermethrin	<	3	ng/L
OW168900	2022-11-09	21574280	12:19:00	CZV	Chemisch zuurstofverbruik	=	23,5	mgO2/L
OW168900	2022-11-09	21574280	12:19:00	DBySn	Dibutyltin	=	0,48	ngSn/L
OW168900	2022-11-09	21574280	12:19:00	DBySn som	Dibutyltinverbindingen	=	0,48	ngSn/L
OW168900	2022-11-09	21574280	12:19:00	dBz(ah)An	Dibenzo(a,h)anthraceen	<	10	ng/L
OW168900	2022-11-09	21574280	12:19:00	DCvos	Dichloorvos	<	0,5	ng/L
OW168900	2022-11-09	21574280	12:19:00	DDT t	DDT, totaal	<	3	ng/L
OW168900	2022-11-09	21574280	12:19:00	Demeton	Demeton	<	4,5	ng/L
OW168900	2022-11-09	21574280	12:19:00	DEyatraz	Desethylatrazine	=	15	ng/L
OW168900	2022-11-09	21574280	12:19:00	DEytByaz	Desethylterbutylazine	<	10	ng/L
OW168900	2022-11-09	21574280	12:19:00	Dflucan	Diflufenican	=	44	ng/L
OW168900	2022-11-09	21574280	12:19:00	dHCH	delta-Hexachloorcyclohexaan	<	0,75	ng/L
OW168900	2022-11-09	21574280	12:19:00	Diazinon	Diazinon	<	2	ng/L
OW168900	2022-11-09	21574280	12:19:00	Dicamba	Dicamba	<	150	ng/L
OW168900	2022-11-09	21574280	12:19:00	Dieldrin	Dieldrin	<	1	ng/L
OW168900	2022-11-09	21574280	12:19:00	DiMetamid	Dimethenamid	<	10	ng/L
OW168900	2022-11-09	21574280	12:19:00	DiMetmorf	Dimethomorf	<	5	ng/L
OW168900	2022-11-09	21574280	12:19:00	DiPyatraz	Desisopropylatrazine	<	10	ng/L
OW168900	2022-11-09	21574280	12:19:00	Diuron	Diuron	=	45	ng/L
OW168900	2022-11-09	21574280	12:19:00	Dmetoat	Dimethoaat	<	3	ng/L
OW168900	2022-11-09	21574280	12:19:00	DNOC	4,6-Dinitro-o-cresol	<	25	ng/L
OW168900	2022-11-09	21574280	12:19:00	DOC	Koolstof	=	4,9	mgC/L
OW168900	2022-11-09	21574280	12:19:00	Dsulfoton	Disulfoton	<	4,5	ng/L
OW168900	2022-11-09	21574280	12:19:00	EC 20	Geleidbaarheid (20°C)	=	926	µS/cm
OW168900	2022-11-09	21574280	12:19:00	EC 25	Geleidbaarheid (25°C)	=	1014,433	µS/cm
OW168900	2022-11-09	21574280	12:19:00	EndoS	Endosulfansulfaat	<	0,75	ng/L
OW168900	2022-11-09	21574280	12:19:00	Endrin	Endrin	<	0,5	ng/L
OW168900	2022-11-09	21574280	12:19:00	Etfum	Ethofumesaat	=	5,4	ng/L
OW168900	2022-11-09	21574280	12:19:00	Ethopfos	Ethoprofos	<	2,5	ng/L
OW168900	2022-11-09	21574280	12:19:00	F- o	Fluoride	=	0,208	mg/L
OW168900	2022-11-09	21574280	12:19:00	Fe o	Ijzer	<	12,5	µg/L
OW168900	2022-11-09	21574280	12:19:00	Fe t	Ijzer	=	3210	µg/L
OW168900	2022-11-09	21574280	12:19:00	Fen	Fenantreen	=	49	ng/L
OW168900	2022-11-09	21574280	12:19:00	Fenithion	Fenitrothion	<	1,5	ng/L
OW168900	2022-11-09	21574280	12:19:00	Fenoprop	Fenoprop	<	25	ng/L
OW168900	2022-11-09	21574280	12:19:00	Fenthion	Fenthion	<	2,5	ng/L
OW168900	2022-11-09	21574280	12:19:00	Feofyt a	Feofytine a	=	12,2	µg/L
OW168900	2022-11-09	21574280	12:19:00	Floxpyr	Fluroxypyr	<	25	ng/L
OW168900	2022-11-09	21574280	12:19:00	Flu	Fluorantheen	=	69	ng/L
OW168900	2022-11-09	21574280	12:19:00	Flucet	Flufenacet	=	116	ng/L
OW168900	2022-11-09	21574280	12:19:00	Fluoreen	Fluoreen	=	20	ng/L
OW168900	2022-11-09	21574280	12:19:00	Fonofos	Fonofos	<	2	ng/L
OW168900	2022-11-09	21574280	12:19:00	gHCH	gamma-Hexachloorcyclohexaan	<	0,5	ng/L
OW168900	2022-11-09	21574280	12:19:00	Glyfosaat	Glyfosaat	=	210	ng/L
OW168900	2022-11-09	21574280	12:19:00	H t	Hardheid	=	34	°F
OW168900	2022-11-09	21574280	12:19:00	HCBdn	Hexachloorbutadieen	<	1,4	ng/L
OW168900	2022-11-09	21574280	12:19:00	HCBz	Hexachloorbenzeen	<	1,1	ng/L
OW168900	2022-11-09	21574280	12:19:00	HCH	Hexachloorcyclohexaan, alle isomeren	<	2,25	ng/L
OW168900	2022-11-09	21574280	12:19:00	Hexazinon	Hexazinon	<	10	ng/L
OW168900	2022-11-09	21574280	12:19:00	Hg o	Kwik	<	0,025	µg/L
OW168900	2022-11-09	21574280	12:19:00	Hg t	Kwik	<	0,05	µg/L
OW168900	2022-11-09	21574280	12:19:00	HpC	Heptachloor	<	0,75	ng/L
OW168900	2022-11-09	21574280	12:19:00	HpC+Epx	Heptachloor+epoxyde	<	2	ng/L
OW168900	2022-11-09	21574280	12:19:00	Imcloprid	Imidacloprid	=	30	ng/L
OW168900	2022-11-09	21574280	12:19:00	IP	Indeno(1,2,3-cd)pyreen	=	24	ng/L
OW168900	2022-11-09	21574280	12:19:00	Iproturon	Isoproturon	<	5	ng/L
OW168900	2022-11-09	21574280	12:19:00	Isodrin	Isodrin	<	0,35	ng/L
OW168900	2022-11-09	21574280	12:19:00	K o	Kalium	=	20000	µg/L
OW168900	2022-11-09	21574280	12:19:00	KjN	Kjeldahlstikstof	=	0,588	mgN/L
OW168900	2022-11-09	21574280	12:19:00	Lenacil	Lenacil	<	25	ng/L
OW168900	2022-11-09	21574280	12:19:00	Linuron	Linuron	<	5	ng/L
OW168900	2022-11-09	21574280	12:19:00	Malathion	Malathion	<	2,5	ng/L
OW168900	2022-11-09	21574280	12:19:00	Mbromuron	Metobromuron	<	10	ng/L
OW168900	2022-11-09	21574280	12:19:00	mBthiaz	Metabenzthiazuron	<	5	ng/L
OW168900	2022-11-09	21574280	12:19:00	MCPA	(4-Chloor-2-methylfenoxy)azijnzuur	<	50	ng/L
OW168900	2022-11-09	21574280	12:19:00	MCPB	4-(4-Chloor-2-methylfenoxy)boterzuur	<	25	ng/L
OW168900	2022-11-09	21574280	12:19:00	MCPP	Mecoprop	<	25	ng/L
OW168900	2022-11-09	21574280	12:19:00	Metaza	Metazachloor	=	16	ng/L
OW168900	2022-11-09	21574280	12:19:00	Metbuzin	Metribuzin	<	6	ng/L
OW168900	2022-11-09	21574280	12:19:00	Metcarb	Methiocarb	<	4,5	ng/L
OW168900	2022-11-09	21574280	12:19:00	Methidat	Methidation	<	3,5	ng/L
OW168900	2022-11-09	21574280	12:19:00	Metola	Metolachloor	<	10	ng/L
OW168900	2022-11-09	21574280	12:19:00	Metoxur	Metoxuron	<	5	ng/L
OW168900	2022-11-09	21574280	12:19:00	Mevinfos	Mevinfos	<	2	ng/L
OW168900	2022-11-09	21574280	12:19:00	Mg o	Magnesium	=	12500	µg/L
OW168900	2022-11-09	21574280	12:19:00	Mlinuron	Monolinuron	<	5	ng/L
OW168900	2022-11-09	21574280	12:19:00	Mmitron	Metamitron	<	5	ng/L
OW168900	2022-11-09	21574280	12:19:00	Mn o	Mangaan	=	63	µg/L
OW168900	2022-11-09	21574280	12:19:00	Mn t	Mangaan	=	213	µg/L
OW168900	2022-11-09	21574280	12:19:00	Mo o	Molybdeen	=	2,81	µg/L
OW168900	2022-11-09	21574280	12:19:00	Mo t	Molybdeen	=	2,9	µg/L
OW168900	2022-11-09	21574280	12:19:00	MxyC	Methoxychloor	<	0,75	ng/L
OW168900	2022-11-09	21574280	12:19:00	N t	Stikstof	=	6,5	mgN/L
OW168900	2022-11-09	21574280	12:19:00	N+N	Nitraat+nitriet	=	5,912	mgN/L
OW168900	2022-11-09	21574280	12:19:00	N+N+N	Nitraat+nitriet+ammonium	=	6,084	mgN/L
OW168900	2022-11-09	21574280	12:19:00	Na o	Natrium	=	73000	µg/L
OW168900	2022-11-09	21574280	12:19:00	Naft	Naftaleen	<	40	ng/L
OW168900	2022-11-09	21574280	12:19:00	NH4+	Ammonium	=	0,172	mgN/L
OW168900	2022-11-09	21574280	12:19:00	Ni o	Nikkel	<	3,2	µg/L
OW168900	2022-11-09	21574280	12:19:00	Ni t	Nikkel	=	6,1	µg/L
OW168900	2022-11-09	21574280	12:19:00	NO2-	Nitriet	=	0,112	mgN/L
OW168900	2022-11-09	21574280	12:19:00	NO3-	Nitraat	=	5,8	mgN/L
OW168900	2022-11-09	21574280	12:19:00	O2	Zuurstof	=	8,91	mg/L
OW168900	2022-11-09	21574280	12:19:00	O2 verz	Zuurstof	=	84,9	%
OW168900	2022-11-09	21574280	12:19:00	OCP t	Organochloorpesticiden, totaal	<	11,8	ng/L
OW168900	2022-11-09	21574280	12:19:00	oPO4 f	Orthofosfaat	=	0,261	mgP/L
OW168900	2022-11-09	21574280	12:19:00	Oxadiazon	Oxadiazon	<	6	ng/L
OW168900	2022-11-09	21574280	12:19:00	P t	Fosfor	=	0,6	mgP/L
OW168900	2022-11-09	21574280	12:19:00	PAK 10	Polyaromatische KWS (10 Vrom)	<	331	ng/L
OW168900	2022-11-09	21574280	12:19:00	PAK 6	Polyaromatische KWS (6 Borneff)	=	209	ng/L
OW168900	2022-11-09	21574280	12:19:00	PathionEy	Parathion-ethyl	<	1	ng/L
OW168900	2022-11-09	21574280	12:19:00	PathionMy	Parathion-methyl	<	1,5	ng/L
OW168900	2022-11-09	21574280	12:19:00	Pb o	Lood	<	1,25	µg/L
OW168900	2022-11-09	21574280	12:19:00	Pb t	Lood	=	12,3	µg/L
OW168900	2022-11-09	21574280	12:19:00	PCB 101	2,2',4,5,5'-Pentachloorbifenyl (PCB101)	<	1	ng/L
OW168900	2022-11-09	21574280	12:19:00	PCB 118	2,3',4,4',5-Pentachloorbifenyl (PCB118)	<	0,5	ng/L
OW168900	2022-11-09	21574280	12:19:00	PCB 138	2,2',3,4,4',5'-Hexachloorbifenyl (PCB138)	=	1,1	ng/L
OW168900	2022-11-09	21574280	12:19:00	PCB 153	2,2',4,4',5,5'-Hexachloorbifenyl (PCB153)	=	1,4	ng/L
OW168900	2022-11-09	21574280	12:19:00	PCB 180	2,2',3,4,4',5,5'-Heptachloorbifenyl (PCB180)	<	1	ng/L
OW168900	2022-11-09	21574280	12:19:00	PCB 28	2,4,4'-Trichloorbifenyl (PCB28)	<	0,5	ng/L
OW168900	2022-11-09	21574280	12:19:00	PCB 52	2,2',5,5'-Tetrachloorbifenyl (PCB52)	<	0,5	ng/L
OW168900	2022-11-09	21574280	12:19:00	PCB t	Polychloorbifenyl, totaal	<	6	ng/L
OW168900	2022-11-09	21574280	12:19:00	PCBz	Pentachloorbenzeen	<	1,7	ng/L
OW168900	2022-11-09	21574280	12:19:00	PCNiBz	Pentachloornitrobenzeen	<	0,5	ng/L
OW168900	2022-11-09	21574280	12:19:00	pH	pH	=	7,99	-
OW168900	2022-11-09	21574280	12:19:00	Picarb	Pirimicarb	<	5	ng/L
OW168900	2022-11-09	21574280	12:19:00	PirfosMy	Pirimifos-methyl	<	3,5	ng/L
OW168900	2022-11-09	21574280	12:19:00	Prochloor	Propachloor	<	10	ng/L
OW168900	2022-11-09	21574280	12:19:00	Prometryn	Prometryn	<	10	ng/L
OW168900	2022-11-09	21574280	12:19:00	Propanil	Propanil	<	25	ng/L
OW168900	2022-11-09	21574280	12:19:00	Propaz	Propazine	<	10	ng/L
OW168900	2022-11-09	21574280	12:19:00	Proscarb	Prosulfocarb	<	100	ng/L
OW168900	2022-11-09	21574280	12:19:00	Pyr	Pyreen	=	52	ng/L
OW168900	2022-11-09	21574280	12:19:00	Quinofen	Quinoxyfen	<	1	ng/L
OW168900	2022-11-09	21574280	12:19:00	Sb o	Antimoon	<	1,5	µg/L
OW168900	2022-11-09	21574280	12:19:00	Sb t	Antimoon	<	1,5	µg/L
OW168900	2022-11-09	21574280	12:19:00	Se o	Seleen	<	1,5	µg/L
OW168900	2022-11-09	21574280	12:19:00	Se t	Seleen	<	1,5	µg/L
OW168900	2022-11-09	21574280	12:19:00	Sebutylaz	Sebutylazine	<	10	ng/L
OW168900	2022-11-09	21574280	12:19:00	Secchi	Doorzichtigheid	=	20	cm
OW168900	2022-11-09	21574280	12:19:00	Simaz	Simazine	=	15	ng/L
OW168900	2022-11-09	21574280	12:19:00	SiO2 o	Silicaat	=	15	mgSiO2/L
OW168900	2022-11-09	21574280	12:19:00	Sn o	Tin	<	1,5	µg/L
OW168900	2022-11-09	21574280	12:19:00	Sn t	Tin	<	1,5	µg/L
OW168900	2022-11-09	21574280	12:19:00	SO4=	Sulfaat	=	96	mg/L
OW168900	2022-11-09	21574280	12:19:00	T	Temperatuur	=	13	°C
OW168900	2022-11-09	21574280	12:19:00	TAM	Alkaliniteit met methyloranje	=	5,6	meq/L
OW168900	2022-11-09	21574280	12:19:00	TBySn	Tributyltin	=	0,27	ngSn/L
OW168900	2022-11-09	21574280	12:19:00	tCdaan	trans-Chloordaan	<	0,5	ng/L
OW168900	2022-11-09	21574280	12:19:00	TclofosMy	Tolclofos-methyl	<	2,5	ng/L
OW168900	2022-11-09	21574280	12:19:00	Te o	Telluur	<	2,5	µg/L
OW168900	2022-11-09	21574280	12:19:00	Te t	Telluur	<	2,5	µg/L
OW168900	2022-11-09	21574280	12:19:00	Telodrin	Telodrin	<	0,5	ng/L
OW168900	2022-11-09	21574280	12:19:00	Terbufos	Terbufos	<	2,5	ng/L
OW168900	2022-11-09	21574280	12:19:00	Terbutryn	Terbutryn	<	10	ng/L
OW168900	2022-11-09	21574280	12:19:00	Tfluralin	Trifluralin	<	0,5	ng/L
OW168900	2022-11-09	21574280	12:19:00	TFySn	Trifenyltin	<	0,035	ngSn/L
OW168900	2022-11-09	21574280	12:19:00	TFySn som	Trifenyltinacetaat, chloride, hydroxide	<	0,035	ngSn/L
OW168900	2022-11-09	21574280	12:19:00	Thiacloprid	Thiacloprid	<	2,5	ng/L
OW168900	2022-11-09	21574280	12:19:00	tHpCEpx	trans-Heptachloorepoxyde	<	0,75	ng/L
OW168900	2022-11-09	21574280	12:19:00	Ti o	Titaan	<	2	µg/L
OW168900	2022-11-09	21574280	12:19:00	Ti t	Titaan	=	48	µg/L
OW168900	2022-11-09	21574280	12:19:00	Tl o	Thallium	<	0,1	µg/L
OW168900	2022-11-09	21574280	12:19:00	Tl t	Thallium	<	0,1	µg/L
OW168900	2022-11-09	21574280	12:19:00	Tmethoxam	Thiamethoxam	<	5	ng/L
OW168900	2022-11-09	21574280	12:19:00	TrByaz	Terbutylazine	<	10	ng/L
OW168900	2022-11-09	21574280	12:19:00	Triazofos	Triazofos	<	2	ng/L
OW168900	2022-11-09	21574280	12:19:00	Triclopyr	Triclopyr	<	25	ng/L
OW168900	2022-11-09	21574280	12:19:00	TtBySn	Tetrabutyltin	=	0,1	ngSn/L
OW168900	2022-11-09	21574280	12:19:00	U o	Uranium	=	0,93	µg/L
OW168900	2022-11-09	21574280	12:19:00	U t	Uranium	=	1,08	µg/L
OW168900	2022-11-09	21574280	12:19:00	V o	Vanadium	<	3	µg/L
OW168900	2022-11-09	21574280	12:19:00	V t	Vanadium	=	8	µg/L
OW168900	2022-11-09	21574280	12:19:00	Zn o	Zink	<	7,5	µg/L
OW168900	2022-11-09	21574280	12:19:00	Zn t	Zink	=	65	µg/L
OW168900	2022-11-09	21574280	12:19:00	ZS	Zwevende stoffen	=	56	mg/L
OW168900	2022-12-14	21575968	12:01:00	1234CBz	1,2,3,4-Tetrachloorbenzeen	<	1,1	ng/L
OW168900	2022-12-14	21575968	12:01:00	1235+1245CBz	1,2,3,5+1,2,4,5-Tetrachloorbenzeen	<	1,7	ng/L
OW168900	2022-12-14	21575968	12:01:00	2356CNiBz	2,3,5,6-Tetrachloornitrobenzeen	<	0,5	ng/L
OW168900	2022-12-14	21575968	12:01:00	24DDD	op'Dichloordifenyldichloorethaan	<	0,75	ng/L
OW168900	2022-12-14	21575968	12:01:00	24DDE	op'Dichloordifenyldichlooretheen	<	0,5	ng/L
OW168900	2022-12-14	21575968	12:01:00	24DDT	op'Dichloordifenyltrichloorethaan	<	0,5	ng/L
OW168900	2022-12-14	21575968	12:01:00	2hAtraz	2-Hydroxy-atrazine	=	10	ng/L
OW168900	2022-12-14	21575968	12:01:00	44DDD	pp'Dichloordifenyldichloorethaan	<	1	ng/L
OW168900	2022-12-14	21575968	12:01:00	44DDE	pp'Dichloordifenyldichlooretheen	<	0,75	ng/L
OW168900	2022-12-14	21575968	12:01:00	44DDT	pp'Dichloordifenyltrichloorethaan	<	0,75	ng/L
OW168900	2022-12-14	21575968	12:01:00	a+b+d+gHCHS	alfa+beta+gamma+delta Hexachloorcyclohexaan	<	2,75	ng/L
OW168900	2022-12-14	21575968	12:01:00	a+bEndoS	alfa+beta Endosulfan	<	1,5	ng/L
OW168900	2022-12-14	21575968	12:01:00	Acenaft	Acenafteen	=	22	ng/L
OW168900	2022-12-14	21575968	12:01:00	Acenaftyl	Acenaftyleen	<	10	ng/L
OW168900	2022-12-14	21575968	12:01:00	Acetamiprid	Acetamiprid	<	2,5	ng/L
OW168900	2022-12-14	21575968	12:01:00	Aclonifen	Aclonifen	<	2,5	ng/L
OW168900	2022-12-14	21575968	12:01:00	ADEIdrin	Aldrin+Dieldrin+Endrin+Isodrin	<	1,5	ng/L
OW168900	2022-12-14	21575968	12:01:00	aEndo	alfa-Endosulfan	<	0,5	ng/L
OW168900	2022-12-14	21575968	12:01:00	Ag o	Zilver	<	0,05	µg/L
OW168900	2022-12-14	21575968	12:01:00	Ag t	Zilver	=	0,216	µg/L
OW168900	2022-12-14	21575968	12:01:00	aHCH	alfa-Hexachloorcyclohexaan	<	0,5	ng/L
OW168900	2022-12-14	21575968	12:01:00	Al o	Aluminium	<	150	µg/L
OW168900	2022-12-14	21575968	12:01:00	Alachloor	Alachloor	<	10	ng/L
OW168900	2022-12-14	21575968	12:01:00	Ant	Anthraceen	=	20	ng/L
OW168900	2022-12-14	21575968	12:01:00	As o	Arseen	=	1,5	µg/L
OW168900	2022-12-14	21575968	12:01:00	As t	Arseen	=	2,42	µg/L
OW168900	2022-12-14	21575968	12:01:00	Atraz	Atrazine	<	10	ng/L
OW168900	2022-12-14	21575968	12:01:00	AzinfosEy	Azinfos-ethyl	<	1,5	ng/L
OW168900	2022-12-14	21575968	12:01:00	AzinfosMy	Azinfos-methyl	<	1	ng/L
OW168900	2022-12-14	21575968	12:01:00	B o	Boor	=	83	µg/L
OW168900	2022-12-14	21575968	12:01:00	B t	Boor	=	80	µg/L
OW168900	2022-12-14	21575968	12:01:00	B(a)A	Benzo(a)anthraceen	=	28	ng/L
OW168900	2022-12-14	21575968	12:01:00	B(a)P	Benzo(a)pyreen	=	29	ng/L
OW168900	2022-12-14	21575968	12:01:00	B(b)Flu	Benzo(b)fluorantheen	=	36	ng/L
OW168900	2022-12-14	21575968	12:01:00	B(ghi)Pe	Benzo(g,h,i)peryleen	=	24	ng/L
OW168900	2022-12-14	21575968	12:01:00	B(k)Flu	Benzo(k)fluorantheen	=	18	ng/L
OW168900	2022-12-14	21575968	12:01:00	Ba o	Barium	=	30	µg/L
OW168900	2022-12-14	21575968	12:01:00	Ba t	Barium	=	45	µg/L
OW168900	2022-12-14	21575968	12:01:00	BAM	2,6-Dichloorbenzamide	=	42	ng/L
OW168900	2022-12-14	21575968	12:01:00	Be o	Beryllium	<	0,15	µg/L
OW168900	2022-12-14	21575968	12:01:00	Be t	Beryllium	<	0,15	µg/L
OW168900	2022-12-14	21575968	12:01:00	bEndo	beta-Endosulfan	<	1	ng/L
OW168900	2022-12-14	21575968	12:01:00	BFlu som	PAK benzo(b+k)fluorantheen (b)	=	54	ng/L
OW168900	2022-12-14	21575968	12:01:00	bHCH	beta-Hexachloorcyclohexaan	<	0,5	ng/L
OW168900	2022-12-14	21575968	12:01:00	Bifenox	Bifenox	<	2	ng/L
OW168900	2022-12-14	21575968	12:01:00	BPe + IP som	PAK Benzo(g,h,i)peryleen + Indeno(1,2,3-cd)pyreen	=	42	ng/L
OW168900	2022-12-14	21575968	12:01:00	BrfosEy	Bromofos-ethyl	<	2,5	ng/L
OW168900	2022-12-14	21575968	12:01:00	BrfosMy	Bromofos-methyl	<	1,5	ng/L
OW168900	2022-12-14	21575968	12:01:00	Bromacil	Bromacil	<	10	ng/L
OW168900	2022-12-14	21575968	12:01:00	BZV5	Biochemisch zuurstofverbruik na 5d.	<	1	mgO2/L
OW168900	2022-12-14	21575968	12:01:00	Ca o	Calcium	=	113000	µg/L
OW168900	2022-12-14	21575968	12:01:00	Carbdzim	Carbendazim	<	5	ng/L
OW168900	2022-12-14	21575968	12:01:00	Cartamid	Carbetamide	<	10	ng/L
OW168900	2022-12-14	21575968	12:01:00	Cbromuron	Chloorbromuron	<	15	ng/L
OW168900	2022-12-14	21575968	12:01:00	cCdaan	cis-Chloordaan	<	0,5	ng/L
OW168900	2022-12-14	21575968	12:01:00	Cd o	Cadmium	<	0,05	µg/L
OW168900	2022-12-14	21575968	12:01:00	Cd t	Cadmium	=	0,228	µg/L
OW168900	2022-12-14	21575968	12:01:00	Cdaan	Chloordaan	<	1	ng/L
OW168900	2022-12-14	21575968	12:01:00	Cdazon	Chloridazon	<	5	ng/L
OW168900	2022-12-14	21575968	12:01:00	Cfvinfos	Chloorfenvinfos	<	1,5	ng/L
OW168900	2022-12-14	21575968	12:01:00	cHpCEpx	cis-Heptachloorepoxyde	<	0,5	ng/L
OW168900	2022-12-14	21575968	12:01:00	Chr	Chryseen	=	40	ng/L
OW168900	2022-12-14	21575968	12:01:00	Cl-	Chloride	=	100	mg/L
OW168900	2022-12-14	21575968	12:01:00	Clfyl a	Chlorofyl a	=	4,4	µg/L
OW168900	2022-12-14	21575968	12:01:00	Clotidine	Clothianidine	<	2,5	ng/L
OW168900	2022-12-14	21575968	12:01:00	Co o	Kobalt	=	0,49	µg/L
OW168900	2022-12-14	21575968	12:01:00	Co t	Kobalt	=	1,37	µg/L
OW168900	2022-12-14	21575968	12:01:00	CpfosEy	Chloorpyrifos-ethyl	<	2	ng/L
OW168900	2022-12-14	21575968	12:01:00	CpfosMy	Chloorpyrifos-methyl	<	1,5	ng/L
OW168900	2022-12-14	21575968	12:01:00	Cr o	Chroom	<	1,5	µg/L
OW168900	2022-12-14	21575968	12:01:00	Cr t	Chroom	=	7,7	µg/L
OW168900	2022-12-14	21575968	12:01:00	Ctoluron	Chloortoluron	=	112	ng/L
OW168900	2022-12-14	21575968	12:01:00	Cu o	Koper	<	2	µg/L
OW168900	2022-12-14	21575968	12:01:00	Cu t	Koper	=	10,9	µg/L
OW168900	2022-12-14	21575968	12:01:00	Cumafos	Cumafos	<	2,5	ng/L
OW168900	2022-12-14	21575968	12:01:00	Cyanaz	Cyanazine	<	5	ng/L
OW168900	2022-12-14	21575968	12:01:00	Cybutrine	Cybutrine	<	1	ng/L
OW168900	2022-12-14	21575968	12:01:00	Cypmethrin	Cypermethrin	<	3	ng/L
OW168900	2022-12-14	21575968	12:01:00	CZV	Chemisch zuurstofverbruik	=	19,9	mgO2/L
OW168900	2022-12-14	21575968	12:01:00	DBySn	Dibutyltin	<	0,013	ngSn/L
OW168900	2022-12-14	21575968	12:01:00	DBySn som	Dibutyltinverbindingen	<	0,013	ngSn/L
OW168900	2022-12-14	21575968	12:01:00	dBz(ah)An	Dibenzo(a,h)anthraceen	<	10	ng/L
OW168900	2022-12-14	21575968	12:01:00	DCvos	Dichloorvos	<	0,5	ng/L
OW168900	2022-12-14	21575968	12:01:00	DDT t	DDT, totaal	<	3	ng/L
OW168900	2022-12-14	21575968	12:01:00	Demeton	Demeton	<	4,5	ng/L
OW168900	2022-12-14	21575968	12:01:00	DEyatraz	Desethylatrazine	=	10	ng/L
OW168900	2022-12-14	21575968	12:01:00	DEytByaz	Desethylterbutylazine	<	10	ng/L
OW168900	2022-12-14	21575968	12:01:00	dHCH	delta-Hexachloorcyclohexaan	<	0,75	ng/L
OW168900	2022-12-14	21575968	12:01:00	Diazinon	Diazinon	<	2	ng/L
OW168900	2022-12-14	21575968	12:01:00	Dieldrin	Dieldrin	<	1	ng/L
OW168900	2022-12-14	21575968	12:01:00	DiMetamid	Dimethenamid	<	10	ng/L
OW168900	2022-12-14	21575968	12:01:00	DiMetmorf	Dimethomorf	<	5	ng/L
OW168900	2022-12-14	21575968	12:01:00	DiPyatraz	Desisopropylatrazine	<	10	ng/L
OW168900	2022-12-14	21575968	12:01:00	Diuron	Diuron	=	14	ng/L
OW168900	2022-12-14	21575968	12:01:00	Dmetoat	Dimethoaat	<	3	ng/L
OW168900	2022-12-14	21575968	12:01:00	DOC	Koolstof	=	5,3	mgC/L
OW168900	2022-12-14	21575968	12:01:00	Dsulfoton	Disulfoton	<	4,5	ng/L
OW168900	2022-12-14	21575968	12:01:00	EC 20	Geleidbaarheid (20°C)	=	898	µS/cm
OW168900	2022-12-14	21575968	12:01:00	EC 25	Geleidbaarheid (25°C)	=	983,759	µS/cm
OW168900	2022-12-14	21575968	12:01:00	EndoS	Endosulfansulfaat	<	0,75	ng/L
OW168900	2022-12-14	21575968	12:01:00	Endrin	Endrin	<	0,5	ng/L
OW168900	2022-12-14	21575968	12:01:00	Ethopfos	Ethoprofos	<	2,5	ng/L
OW168900	2022-12-14	21575968	12:01:00	F- o	Fluoride	=	0,212	mg/L
OW168900	2022-12-14	21575968	12:01:00	Fe o	Ijzer	<	25	µg/L
OW168900	2022-12-14	21575968	12:01:00	Fe t	Ijzer	=	2020	µg/L
OW168900	2022-12-14	21575968	12:01:00	Fen	Fenantreen	=	56	ng/L
OW168900	2022-12-14	21575968	12:01:00	Fenithion	Fenitrothion	<	1,5	ng/L
OW168900	2022-12-14	21575968	12:01:00	Fenthion	Fenthion	<	2,5	ng/L
OW168900	2022-12-14	21575968	12:01:00	Feofyt a	Feofytine a	=	8,7	µg/L
OW168900	2022-12-14	21575968	12:01:00	Flu	Fluorantheen	=	87	ng/L
OW168900	2022-12-14	21575968	12:01:00	Flucet	Flufenacet	=	121	ng/L
OW168900	2022-12-14	21575968	12:01:00	Fluoreen	Fluoreen	=	27	ng/L
OW168900	2022-12-14	21575968	12:01:00	Fonofos	Fonofos	<	2	ng/L
OW168900	2022-12-14	21575968	12:01:00	gHCH	gamma-Hexachloorcyclohexaan	<	1	ng/L
OW168900	2022-12-14	21575968	12:01:00	H t	Hardheid	=	33	°F
OW168900	2022-12-14	21575968	12:01:00	HCBdn	Hexachloorbutadieen	<	1,4	ng/L
OW168900	2022-12-14	21575968	12:01:00	HCBz	Hexachloorbenzeen	<	1,1	ng/L
OW168900	2022-12-14	21575968	12:01:00	HCH	Hexachloorcyclohexaan, alle isomeren	<	2,75	ng/L
OW168900	2022-12-14	21575968	12:01:00	Hexazinon	Hexazinon	<	10	ng/L
OW168900	2022-12-14	21575968	12:01:00	Hg o	Kwik	<	0,025	µg/L
OW168900	2022-12-14	21575968	12:01:00	Hg t	Kwik	<	0,025	µg/L
OW168900	2022-12-14	21575968	12:01:00	HpC	Heptachloor	<	0,75	ng/L
OW168900	2022-12-14	21575968	12:01:00	HpC+Epx	Heptachloor+epoxyde	<	2	ng/L
OW168900	2022-12-14	21575968	12:01:00	Imcloprid	Imidacloprid	=	11	ng/L
OW168900	2022-12-14	21575968	12:01:00	IP	Indeno(1,2,3-cd)pyreen	=	18	ng/L
OW168900	2022-12-14	21575968	12:01:00	Iproturon	Isoproturon	<	10	ng/L
OW168900	2022-12-14	21575968	12:01:00	K o	Kalium	=	19000	µg/L
OW168900	2022-12-14	21575968	12:01:00	KjN	Kjeldahlstikstof	=	0,935	mgN/L
OW168900	2022-12-14	21575968	12:01:00	Linuron	Linuron	<	5	ng/L
OW168900	2022-12-14	21575968	12:01:00	Malathion	Malathion	<	2,5	ng/L
OW168900	2022-12-14	21575968	12:01:00	Mbromuron	Metobromuron	<	10	ng/L
OW168900	2022-12-14	21575968	12:01:00	mBthiaz	Metabenzthiazuron	<	5	ng/L
OW168900	2022-12-14	21575968	12:01:00	Metaza	Metazachloor	<	10	ng/L
OW168900	2022-12-14	21575968	12:01:00	Metcarb	Methiocarb	<	4,5	ng/L
OW168900	2022-12-14	21575968	12:01:00	Methidat	Methidation	<	3,5	ng/L
OW168900	2022-12-14	21575968	12:01:00	Metola	Metolachloor	=	14	ng/L
OW168900	2022-12-14	21575968	12:01:00	Metoxur	Metoxuron	<	5	ng/L
OW168900	2022-12-14	21575968	12:01:00	Mevinfos	Mevinfos	<	2	ng/L
OW168900	2022-12-14	21575968	12:01:00	Mg o	Magnesium	=	11600	µg/L
OW168900	2022-12-14	21575968	12:01:00	Mlinuron	Monolinuron	<	5	ng/L
OW168900	2022-12-14	21575968	12:01:00	Mmitron	Metamitron	=	30	ng/L
OW168900	2022-12-14	21575968	12:01:00	Mn o	Mangaan	=	86	µg/L
OW168900	2022-12-14	21575968	12:01:00	Mn t	Mangaan	=	153	µg/L
OW168900	2022-12-14	21575968	12:01:00	Mo o	Molybdeen	=	3,1	µg/L
OW168900	2022-12-14	21575968	12:01:00	Mo t	Molybdeen	=	3,6	µg/L
OW168900	2022-12-14	21575968	12:01:00	MxyC	Methoxychloor	<	0,75	ng/L
OW168900	2022-12-14	21575968	12:01:00	N t	Stikstof	=	7,1	mgN/L
OW168900	2022-12-14	21575968	12:01:00	N+N	Nitraat+nitriet	=	6,165	mgN/L
OW168900	2022-12-14	21575968	12:01:00	N+N+N	Nitraat+nitriet+ammonium	=	6,565	mgN/L
OW168900	2022-12-14	21575968	12:01:00	Na o	Natrium	=	65000	µg/L
OW168900	2022-12-14	21575968	12:01:00	Naft	Naftaleen	<	40	ng/L
OW168900	2022-12-14	21575968	12:01:00	NH4+	Ammonium	=	0,4	mgN/L
OW168900	2022-12-14	21575968	12:01:00	Ni o	Nikkel	<	3,2	µg/L
OW168900	2022-12-14	21575968	12:01:00	Ni t	Nikkel	=	5,54	µg/L
OW168900	2022-12-14	21575968	12:01:00	NO2-	Nitriet	=	0,065	mgN/L
OW168900	2022-12-14	21575968	12:01:00	NO3-	Nitraat	=	6,1	mgN/L
OW168900	2022-12-14	21575968	12:01:00	O2	Zuurstof	=	10,96	mg/L
OW168900	2022-12-14	21575968	12:01:00	O2 verz	Zuurstof	=	84,5	%
OW168900	2022-12-14	21575968	12:01:00	OCP t	Organochloorpesticiden, totaal	<	11,6	ng/L
OW168900	2022-12-14	21575968	12:01:00	oPO4 f	Orthofosfaat	=	0,237	mgP/L
OW168900	2022-12-14	21575968	12:01:00	Oxadiazon	Oxadiazon	<	3	ng/L
OW168900	2022-12-14	21575968	12:01:00	P t	Fosfor	=	0,484	mgP/L
OW168900	2022-12-14	21575968	12:01:00	PAK 10	Polyaromatische KWS (10 Vrom)	<	360	ng/L
OW168900	2022-12-14	21575968	12:01:00	PAK 6	Polyaromatische KWS (6 Borneff)	=	212	ng/L
OW168900	2022-12-14	21575968	12:01:00	PathionEy	Parathion-ethyl	<	1	ng/L
OW168900	2022-12-14	21575968	12:01:00	PathionMy	Parathion-methyl	<	1,5	ng/L
OW168900	2022-12-14	21575968	12:01:00	Pb o	Lood	<	1,25	µg/L
OW168900	2022-12-14	21575968	12:01:00	Pb t	Lood	=	9,5	µg/L
OW168900	2022-12-14	21575968	12:01:00	PCB 101	2,2',4,5,5'-Pentachloorbifenyl (PCB101)	<	0,5	ng/L
OW168900	2022-12-14	21575968	12:01:00	PCB 118	2,3',4,4',5-Pentachloorbifenyl (PCB118)	<	0,5	ng/L
OW168900	2022-12-14	21575968	12:01:00	PCB 138	2,2',3,4,4',5'-Hexachloorbifenyl (PCB138)	<	1	ng/L
OW168900	2022-12-14	21575968	12:01:00	PCB 153	2,2',4,4',5,5'-Hexachloorbifenyl (PCB153)	<	1	ng/L
OW168900	2022-12-14	21575968	12:01:00	PCB 180	2,2',3,4,4',5,5'-Heptachloorbifenyl (PCB180)	<	1	ng/L
OW168900	2022-12-14	21575968	12:01:00	PCB 28	2,4,4'-Trichloorbifenyl (PCB28)	<	0,5	ng/L
OW168900	2022-12-14	21575968	12:01:00	PCB 52	2,2',5,5'-Tetrachloorbifenyl (PCB52)	<	0,5	ng/L
OW168900	2022-12-14	21575968	12:01:00	PCB t	Polychloorbifenyl, totaal	<	5	ng/L
OW168900	2022-12-14	21575968	12:01:00	PCBz	Pentachloorbenzeen	<	1,7	ng/L
OW168900	2022-12-14	21575968	12:01:00	PCNiBz	Pentachloornitrobenzeen	<	0,5	ng/L
OW168900	2022-12-14	21575968	12:01:00	pH	pH	=	7,84	-
OW168900	2022-12-14	21575968	12:01:00	Picarb	Pirimicarb	<	5	ng/L
OW168900	2022-12-14	21575968	12:01:00	PirfosMy	Pirimifos-methyl	<	3,5	ng/L
OW168900	2022-12-14	21575968	12:01:00	Prochloor	Propachloor	<	10	ng/L
OW168900	2022-12-14	21575968	12:01:00	Prometryn	Prometryn	<	10	ng/L
OW168900	2022-12-14	21575968	12:01:00	Propanil	Propanil	<	25	ng/L
OW168900	2022-12-14	21575968	12:01:00	Propaz	Propazine	<	10	ng/L
OW168900	2022-12-14	21575968	12:01:00	Proscarb	Prosulfocarb	<	100	ng/L
OW168900	2022-12-14	21575968	12:01:00	Pyr	Pyreen	=	70	ng/L
OW168900	2022-12-14	21575968	12:01:00	Quinofen	Quinoxyfen	<	1	ng/L
OW168900	2022-12-14	21575968	12:01:00	Sb o	Antimoon	<	1,5	µg/L
OW168900	2022-12-14	21575968	12:01:00	Sb t	Antimoon	<	1,5	µg/L
OW168900	2022-12-14	21575968	12:01:00	Se o	Seleen	<	1,5	µg/L
OW168900	2022-12-14	21575968	12:01:00	Se t	Seleen	<	1,5	µg/L
OW168900	2022-12-14	21575968	12:01:00	Sebutylaz	Sebutylazine	<	10	ng/L
OW168900	2022-12-14	21575968	12:01:00	Secchi	Doorzichtigheid	=	25	cm
OW168900	2022-12-14	21575968	12:01:00	Simaz	Simazine	<	5	ng/L
OW168900	2022-12-14	21575968	12:01:00	SiO2 o	Silicaat	=	15	mgSiO2/L
OW168900	2022-12-14	21575968	12:01:00	Sn o	Tin	<	1,5	µg/L
OW168900	2022-12-14	21575968	12:01:00	Sn t	Tin	<	1,5	µg/L
OW168900	2022-12-14	21575968	12:01:00	SO4=	Sulfaat	=	95	mg/L
OW168900	2022-12-14	21575968	12:01:00	T	Temperatuur	=	4,2	°C
OW168900	2022-12-14	21575968	12:01:00	TAM	Alkaliniteit met methyloranje	=	5,1	meq/L
OW168900	2022-12-14	21575968	12:01:00	TBySn	Tributyltin	=	0,26	ngSn/L
OW168900	2022-12-14	21575968	12:01:00	tCdaan	trans-Chloordaan	<	0,5	ng/L
OW168900	2022-12-14	21575968	12:01:00	TclofosMy	Tolclofos-methyl	<	2,5	ng/L
OW168900	2022-12-14	21575968	12:01:00	Te o	Telluur	<	2,5	µg/L
OW168900	2022-12-14	21575968	12:01:00	Te t	Telluur	<	2,5	µg/L
OW168900	2022-12-14	21575968	12:01:00	Telodrin	Telodrin	<	0,5	ng/L
OW168900	2022-12-14	21575968	12:01:00	Terbufos	Terbufos	<	2,5	ng/L
OW168900	2022-12-14	21575968	12:01:00	Terbutryn	Terbutryn	<	10	ng/L
OW168900	2022-12-14	21575968	12:01:00	Tfluralin	Trifluralin	<	0,5	ng/L
OW168900	2022-12-14	21575968	12:01:00	TFySn	Trifenyltin	<	0,035	ngSn/L
OW168900	2022-12-14	21575968	12:01:00	TFySn som	Trifenyltinacetaat, chloride, hydroxide	<	0,035	ngSn/L
OW168900	2022-12-14	21575968	12:01:00	Thiacloprid	Thiacloprid	<	2,5	ng/L
OW168900	2022-12-14	21575968	12:01:00	tHpCEpx	trans-Heptachloorepoxyde	<	0,75	ng/L
OW168900	2022-12-14	21575968	12:01:00	Ti o	Titaan	<	2	µg/L
OW168900	2022-12-14	21575968	12:01:00	Ti t	Titaan	=	30	µg/L
OW168900	2022-12-14	21575968	12:01:00	Tl o	Thallium	<	0,2	µg/L
OW168900	2022-12-14	21575968	12:01:00	Tl t	Thallium	<	0,2	µg/L
OW168900	2022-12-14	21575968	12:01:00	Tmethoxam	Thiamethoxam	<	5	ng/L
OW168900	2022-12-14	21575968	12:01:00	TrByaz	Terbutylazine	<	10	ng/L
OW168900	2022-12-14	21575968	12:01:00	Triazofos	Triazofos	<	2	ng/L
OW168900	2022-12-14	21575968	12:01:00	TtBySn	Tetrabutyltin	<	0,035	ngSn/L
OW168900	2022-12-14	21575968	12:01:00	U o	Uranium	=	0,94	µg/L
OW168900	2022-12-14	21575968	12:01:00	U t	Uranium	=	1,08	µg/L
OW168900	2022-12-14	21575968	12:01:00	V o	Vanadium	<	3	µg/L
OW168900	2022-12-14	21575968	12:01:00	V t	Vanadium	=	5,25	µg/L
OW168900	2022-12-14	21575968	12:01:00	Zn o	Zink	<	15	µg/L
OW168900	2022-12-14	21575968	12:01:00	Zn t	Zink	=	50	µg/L
OW168900	2022-12-14	21575968	12:01:00	ZS	Zwevende stoffen	=	33	mg/L
OW168900	2023-01-18	21577040	12:00:00	1234CBz	1,2,3,4-Tetrachloorbenzeen	<	1	ng/L
OW168900	2023-01-18	21577040	12:00:00	1235+1245CBz	1,2,3,5+1,2,4,5-Tetrachloorbenzeen	<	1,5	ng/L
OW168900	2023-01-18	21577040	12:00:00	2356CNiBz	2,3,5,6-Tetrachloornitrobenzeen	<	2	ng/L
OW168900	2023-01-18	21577040	12:00:00	24DDD	op'Dichloordifenyldichloorethaan	=	2,4	ng/L
OW168900	2023-01-18	21577040	12:00:00	24DDE	op'Dichloordifenyldichlooretheen	<	1	ng/L
OW168900	2023-01-18	21577040	12:00:00	24DDT	op'Dichloordifenyltrichloorethaan	=	23,7	ng/L
OW168900	2023-01-18	21577040	12:00:00	2hAtraz	2-Hydroxy-atrazine	=	14	ng/L
OW168900	2023-01-18	21577040	12:00:00	44DDD	pp'Dichloordifenyldichloorethaan	<	2	ng/L
OW168900	2023-01-18	21577040	12:00:00	44DDE	pp'Dichloordifenyldichlooretheen	<	2	ng/L
OW168900	2023-01-18	21577040	12:00:00	44DDT	pp'Dichloordifenyltrichloorethaan	=	3,54	ng/L
OW168900	2023-01-18	21577040	12:00:00	a+b+d+gHCHS	alfa+beta+gamma+delta Hexachloorcyclohexaan	<	3,75	ng/L
OW168900	2023-01-18	21577040	12:00:00	a+bEndoS	alfa+beta Endosulfan	<	2	ng/L
OW168900	2023-01-18	21577040	12:00:00	Acenaft	Acenafteen	=	35	ng/L
OW168900	2023-01-18	21577040	12:00:00	Acenaftyl	Acenaftyleen	=	11	ng/L
OW168900	2023-01-18	21577040	12:00:00	Acetamiprid	Acetamiprid	<	2,5	ng/L
OW168900	2023-01-18	21577040	12:00:00	Aclonifen	Aclonifen	<	2,5	ng/L
OW168900	2023-01-18	21577040	12:00:00	ADEIdrin	Aldrin+Dieldrin+Endrin+Isodrin	<	2,5	ng/L
OW168900	2023-01-18	21577040	12:00:00	aEndo	alfa-Endosulfan	<	1	ng/L
OW168900	2023-01-18	21577040	12:00:00	Ag o	Zilver	<	0,05	µg/L
OW168900	2023-01-18	21577040	12:00:00	Ag t	Zilver	=	0,197	µg/L
OW168900	2023-01-18	21577040	12:00:00	aHCH	alfa-Hexachloorcyclohexaan	<	0,75	ng/L
OW168900	2023-01-18	21577040	12:00:00	Al o	Aluminium	<	150	µg/L
OW168900	2023-01-18	21577040	12:00:00	Alachloor	Alachloor	<	10	ng/L
OW168900	2023-01-18	21577040	12:00:00	Aldrin	Aldrin	<	0,75	ng/L
OW168900	2023-01-18	21577040	12:00:00	Ant	Anthraceen	=	35	ng/L
OW168900	2023-01-18	21577040	12:00:00	As o	Arseen	=	1,75	µg/L
OW168900	2023-01-18	21577040	12:00:00	As t	Arseen	=	4,32	µg/L
OW168900	2023-01-18	21577040	12:00:00	Atraz	Atrazine	<	5	ng/L
OW168900	2023-01-18	21577040	12:00:00	AzinfosEy	Azinfos-ethyl	<	1,5	ng/L
OW168900	2023-01-18	21577040	12:00:00	AzinfosMy	Azinfos-methyl	<	1	ng/L
OW168900	2023-01-18	21577040	12:00:00	B o	Boor	=	61	µg/L
OW168900	2023-01-18	21577040	12:00:00	B t	Boor	=	57,8	µg/L
OW168900	2023-01-18	21577040	12:00:00	B(a)A	Benzo(a)anthraceen	=	52	ng/L
OW168900	2023-01-18	21577040	12:00:00	B(a)P	Benzo(a)pyreen	=	52	ng/L
OW168900	2023-01-18	21577040	12:00:00	B(b)Flu	Benzo(b)fluorantheen	=	68	ng/L
OW168900	2023-01-18	21577040	12:00:00	B(ghi)Pe	Benzo(g,h,i)peryleen	=	45	ng/L
OW168900	2023-01-18	21577040	12:00:00	B(k)Flu	Benzo(k)fluorantheen	=	34	ng/L
OW168900	2023-01-18	21577040	12:00:00	Ba o	Barium	=	29	µg/L
OW168900	2023-01-18	21577040	12:00:00	Ba t	Barium	=	64	µg/L
OW168900	2023-01-18	21577040	12:00:00	BAM	2,6-Dichloorbenzamide	=	146	ng/L
OW168900	2023-01-18	21577040	12:00:00	Be o	Beryllium	<	0,15	µg/L
OW168900	2023-01-18	21577040	12:00:00	Be t	Beryllium	<	0,3	µg/L
OW168900	2023-01-18	21577040	12:00:00	bEndo	beta-Endosulfan	<	1	ng/L
OW168900	2023-01-18	21577040	12:00:00	BFlu som	PAK benzo(b+k)fluorantheen (b)	=	102	ng/L
OW168900	2023-01-18	21577040	12:00:00	bHCH	beta-Hexachloorcyclohexaan	<	0,75	ng/L
OW168900	2023-01-18	21577040	12:00:00	Bifenox	Bifenox	<	2	ng/L
OW168900	2023-01-18	21577040	12:00:00	BPe + IP som	PAK Benzo(g,h,i)peryleen + Indeno(1,2,3-cd)pyreen	=	87	ng/L
OW168900	2023-01-18	21577040	12:00:00	BrfosEy	Bromofos-ethyl	<	2,5	ng/L
OW168900	2023-01-18	21577040	12:00:00	BrfosMy	Bromofos-methyl	<	1,5	ng/L
OW168900	2023-01-18	21577040	12:00:00	Bromacil	Bromacil	<	10	ng/L
OW168900	2023-01-18	21577040	12:00:00	BZV5	Biochemisch zuurstofverbruik na 5d.	<	2	mgO2/L
OW168900	2023-01-18	21577040	12:00:00	Ca o	Calcium	=	95000	µg/L
OW168900	2023-01-18	21577040	12:00:00	Carbdzim	Carbendazim	<	5	ng/L
OW168900	2023-01-18	21577040	12:00:00	Cartamid	Carbetamide	<	10	ng/L
OW168900	2023-01-18	21577040	12:00:00	Cbromuron	Chloorbromuron	<	15	ng/L
OW168900	2023-01-18	21577040	12:00:00	cCdaan	cis-Chloordaan	<	0,5	ng/L
OW168900	2023-01-18	21577040	12:00:00	Cd o	Cadmium	<	0,05	µg/L
OW168900	2023-01-18	21577040	12:00:00	Cd t	Cadmium	=	0,851	µg/L
OW168900	2023-01-18	21577040	12:00:00	Cdaan	Chloordaan	<	1	ng/L
OW168900	2023-01-18	21577040	12:00:00	Cdazon	Chloridazon	<	5	ng/L
OW168900	2023-01-18	21577040	12:00:00	Cfvinfos	Chloorfenvinfos	<	1,5	ng/L
OW168900	2023-01-18	21577040	12:00:00	cHpCEpx	cis-Heptachloorepoxyde	<	1	ng/L
OW168900	2023-01-18	21577040	12:00:00	Chr	Chryseen	=	73	ng/L
OW168900	2023-01-18	21577040	12:00:00	Cl-	Chloride	=	40,5	mg/L
OW168900	2023-01-18	21577040	12:00:00	Clfyl a	Chlorofyl a	=	6,4	µg/L
OW168900	2023-01-18	21577040	12:00:00	Clotidine	Clothianidine	<	2,5	ng/L
OW168900	2023-01-18	21577040	12:00:00	Co o	Kobalt	=	0,49	µg/L
OW168900	2023-01-18	21577040	12:00:00	Co t	Kobalt	=	2,9	µg/L
OW168900	2023-01-18	21577040	12:00:00	CpfosEy	Chloorpyrifos-ethyl	<	2	ng/L
OW168900	2023-01-18	21577040	12:00:00	CpfosMy	Chloorpyrifos-methyl	<	1,5	ng/L
OW168900	2023-01-18	21577040	12:00:00	Cprofam	Chloorprofam	<	4	ng/L
OW168900	2023-01-18	21577040	12:00:00	Cr o	Chroom	<	1,5	µg/L
OW168900	2023-01-18	21577040	12:00:00	Cr t	Chroom	=	30,8	µg/L
OW168900	2023-01-18	21577040	12:00:00	Ctoluron	Chloortoluron	=	59	ng/L
OW168900	2023-01-18	21577040	12:00:00	Cu o	Koper	<	4	µg/L
OW168900	2023-01-18	21577040	12:00:00	Cu t	Koper	=	17,7	µg/L
OW168900	2023-01-18	21577040	12:00:00	Cumafos	Cumafos	<	2,5	ng/L
OW168900	2023-01-18	21577040	12:00:00	Cyanaz	Cyanazine	<	5	ng/L
OW168900	2023-01-18	21577040	12:00:00	Cybutrine	Cybutrine	<	1	ng/L
OW168900	2023-01-18	21577040	12:00:00	Cypmethrin	Cypermethrin	<	3	ng/L
OW168900	2023-01-18	21577040	12:00:00	CZV	Chemisch zuurstofverbruik	=	36	mgO2/L
OW168900	2023-01-18	21577040	12:00:00	DBySn	Dibutyltin	=	1,5	ngSn/L
OW168900	2023-01-18	21577040	12:00:00	DBySn som	Dibutyltinverbindingen	=	1,5	ngSn/L
OW168900	2023-01-18	21577040	12:00:00	dBz(ah)An	Dibenzo(a,h)anthraceen	=	10	ng/L
OW168900	2023-01-18	21577040	12:00:00	DCvos	Dichloorvos	<	0,5	ng/L
OW168900	2023-01-18	21577040	12:00:00	DDT t	DDT, totaal	<	31,24	ng/L
OW168900	2023-01-18	21577040	12:00:00	Demeton	Demeton	<	4,5	ng/L
OW168900	2023-01-18	21577040	12:00:00	DEyatraz	Desethylatrazine	<	10	ng/L
OW168900	2023-01-18	21577040	12:00:00	DEytByaz	Desethylterbutylazine	<	10	ng/L
OW168900	2023-01-18	21577040	12:00:00	Dflucan	Diflufenican	=	38	ng/L
OW168900	2023-01-18	21577040	12:00:00	dHCH	delta-Hexachloorcyclohexaan	<	0,75	ng/L
OW168900	2023-01-18	21577040	12:00:00	Diazinon	Diazinon	<	2	ng/L
OW168900	2023-01-18	21577040	12:00:00	Dieldrin	Dieldrin	<	1	ng/L
OW168900	2023-01-18	21577040	12:00:00	DiMetamid	Dimethenamid	<	10	ng/L
OW168900	2023-01-18	21577040	12:00:00	DiMetmorf	Dimethomorf	=	14	ng/L
OW168900	2023-01-18	21577040	12:00:00	DiPyatraz	Desisopropylatrazine	<	10	ng/L
OW168900	2023-01-18	21577040	12:00:00	Diuron	Diuron	<	5	ng/L
OW168900	2023-01-18	21577040	12:00:00	Dmetoat	Dimethoaat	<	3	ng/L
OW168900	2023-01-18	21577040	12:00:00	DOC	Koolstof	=	6,7	mgC/L
OW168900	2023-01-18	21577040	12:00:00	Dsulfoton	Disulfoton	<	4,5	ng/L
OW168900	2023-01-18	21577040	12:00:00	EC 20	Geleidbaarheid (20°C)	=	623	µS/cm
OW168900	2023-01-18	21577040	12:00:00	EC 25	Geleidbaarheid (25°C)	=	682,4965	µS/cm
OW168900	2023-01-18	21577040	12:00:00	EndoS	Endosulfansulfaat	<	1	ng/L
OW168900	2023-01-18	21577040	12:00:00	Endrin	Endrin	<	0,375	ng/L
OW168900	2023-01-18	21577040	12:00:00	Etfum	Ethofumesaat	<	5	ng/L
OW168900	2023-01-18	21577040	12:00:00	Ethopfos	Ethoprofos	<	2,5	ng/L
OW168900	2023-01-18	21577040	12:00:00	F- o	Fluoride	=	0,225	mg/L
OW168900	2023-01-18	21577040	12:00:00	Fe o	Ijzer	=	42	µg/L
OW168900	2023-01-18	21577040	12:00:00	Fe t	Ijzer	=	6100	µg/L
OW168900	2023-01-18	21577040	12:00:00	Fen	Fenantreen	=	83	ng/L
OW168900	2023-01-18	21577040	12:00:00	Fenithion	Fenitrothion	<	1,5	ng/L
OW168900	2023-01-18	21577040	12:00:00	Fenthion	Fenthion	<	2,5	ng/L
OW168900	2023-01-18	21577040	12:00:00	Feofyt a	Feofytine a	=	10,7	µg/L
OW168900	2023-01-18	21577040	12:00:00	Flu	Fluorantheen	=	154	ng/L
OW168900	2023-01-18	21577040	12:00:00	Flucet	Flufenacet	=	56	ng/L
OW168900	2023-01-18	21577040	12:00:00	Fluoreen	Fluoreen	=	39	ng/L
OW168900	2023-01-18	21577040	12:00:00	Fonofos	Fonofos	<	2	ng/L
OW168900	2023-01-18	21577040	12:00:00	gHCH	gamma-Hexachloorcyclohexaan	<	1,5	ng/L
OW168900	2023-01-18	21577040	12:00:00	H t	Hardheid	=	27	°F
OW168900	2023-01-18	21577040	12:00:00	HCBdn	Hexachloorbutadieen	<	1	ng/L
OW168900	2023-01-18	21577040	12:00:00	HCBz	Hexachloorbenzeen	<	1,5	ng/L
OW168900	2023-01-18	21577040	12:00:00	HCH	Hexachloorcyclohexaan, alle isomeren	<	3,75	ng/L
OW168900	2023-01-18	21577040	12:00:00	Hexazinon	Hexazinon	<	10	ng/L
OW168900	2023-01-18	21577040	12:00:00	Hg o	Kwik	<	0,025	µg/L
OW168900	2023-01-18	21577040	12:00:00	Hg t	Kwik	=	0,102	µg/L
OW168900	2023-01-18	21577040	12:00:00	HpC	Heptachloor	<	1	ng/L
OW168900	2023-01-18	21577040	12:00:00	HpC+Epx	Heptachloor+epoxyde	<	4	ng/L
OW168900	2023-01-18	21577040	12:00:00	Imcloprid	Imidacloprid	<	5	ng/L
OW168900	2023-01-18	21577040	12:00:00	IP	Indeno(1,2,3-cd)pyreen	=	42	ng/L
OW168900	2023-01-18	21577040	12:00:00	Iproturon	Isoproturon	=	11	ng/L
OW168900	2023-01-18	21577040	12:00:00	Isodrin	Isodrin	<	0,375	ng/L
OW168900	2023-01-18	21577040	12:00:00	K o	Kalium	=	11400	µg/L
OW168900	2023-01-18	21577040	12:00:00	KjN	Kjeldahlstikstof	=	1,406	mgN/L
OW168900	2023-01-18	21577040	12:00:00	Linuron	Linuron	<	5	ng/L
OW168900	2023-01-18	21577040	12:00:00	Malathion	Malathion	<	2,5	ng/L
OW168900	2023-01-18	21577040	12:00:00	Mbromuron	Metobromuron	<	10	ng/L
OW168900	2023-01-18	21577040	12:00:00	mBthiaz	Metabenzthiazuron	<	5	ng/L
OW168900	2023-01-18	21577040	12:00:00	Metaza	Metazachloor	<	5	ng/L
OW168900	2023-01-18	21577040	12:00:00	Metbuzin	Metribuzin	=	9,4	ng/L
OW168900	2023-01-18	21577040	12:00:00	Metcarb	Methiocarb	<	4,5	ng/L
OW168900	2023-01-18	21577040	12:00:00	Methidat	Methidation	<	3,5	ng/L
OW168900	2023-01-18	21577040	12:00:00	Metola	Metolachloor	=	17	ng/L
OW168900	2023-01-18	21577040	12:00:00	Metoxur	Metoxuron	<	5	ng/L
OW168900	2023-01-18	21577040	12:00:00	Mevinfos	Mevinfos	<	2	ng/L
OW168900	2023-01-18	21577040	12:00:00	Mg o	Magnesium	=	9300	µg/L
OW168900	2023-01-18	21577040	12:00:00	Mlinuron	Monolinuron	<	5	ng/L
OW168900	2023-01-18	21577040	12:00:00	Mmitron	Metamitron	<	10	ng/L
OW168900	2023-01-18	21577040	12:00:00	Mn o	Mangaan	=	73	µg/L
OW168900	2023-01-18	21577040	12:00:00	Mn t	Mangaan	=	224	µg/L
OW168900	2023-01-18	21577040	12:00:00	Mo o	Molybdeen	<	2,5	µg/L
OW168900	2023-01-18	21577040	12:00:00	Mo t	Molybdeen	=	2,58	µg/L
OW168900	2023-01-18	21577040	12:00:00	MxyC	Methoxychloor	<	1	ng/L
OW168900	2023-01-18	21577040	12:00:00	N t	Stikstof	=	7,9	mgN/L
OW168900	2023-01-18	21577040	12:00:00	N+N	Nitraat+nitriet	=	6,494	mgN/L
OW168900	2023-01-18	21577040	12:00:00	N+N+N	Nitraat+nitriet+ammonium	=	6,994	mgN/L
OW168900	2023-01-18	21577040	12:00:00	Na o	Natrium	=	28500	µg/L
OW168900	2023-01-18	21577040	12:00:00	Naft	Naftaleen	<	40	ng/L
OW168900	2023-01-18	21577040	12:00:00	NH4+	Ammonium	=	0,5	mgN/L
OW168900	2023-01-18	21577040	12:00:00	Ni o	Nikkel	<	3,2	µg/L
OW168900	2023-01-18	21577040	12:00:00	Ni t	Nikkel	=	8,7	µg/L
OW168900	2023-01-18	21577040	12:00:00	NO2-	Nitriet	=	0,094	mgN/L
OW168900	2023-01-18	21577040	12:00:00	NO3-	Nitraat	=	6,4	mgN/L
OW168900	2023-01-18	21577040	12:00:00	O2	Zuurstof	=	9,68	mg/L
OW168900	2023-01-18	21577040	12:00:00	O2 verz	Zuurstof	=	79,8	%
OW168900	2023-01-18	21577040	12:00:00	OCP t	Organochloorpesticiden, totaal	<	45,64	ng/L
OW168900	2023-01-18	21577040	12:00:00	oPO4 f	Orthofosfaat	=	0,194	mgP/L
OW168900	2023-01-18	21577040	12:00:00	Oxadiazon	Oxadiazon	<	3	ng/L
OW168900	2023-01-18	21577040	12:00:00	P t	Fosfor	=	0,91	mgP/L
OW168900	2023-01-18	21577040	12:00:00	PAK 10	Polyaromatische KWS (10 Vrom)	<	610	ng/L
OW168900	2023-01-18	21577040	12:00:00	PAK 6	Polyaromatische KWS (6 Borneff)	=	395	ng/L
OW168900	2023-01-18	21577040	12:00:00	PathionEy	Parathion-ethyl	<	1	ng/L
OW168900	2023-01-18	21577040	12:00:00	PathionMy	Parathion-methyl	<	1,5	ng/L
OW168900	2023-01-18	21577040	12:00:00	Pb o	Lood	<	1,25	µg/L
OW168900	2023-01-18	21577040	12:00:00	Pb t	Lood	=	17,8	µg/L
OW168900	2023-01-18	21577040	12:00:00	PCB 101	2,2',4,5,5'-Pentachloorbifenyl (PCB101)	=	2,88	ng/L
OW168900	2023-01-18	21577040	12:00:00	PCB 118	2,3',4,4',5-Pentachloorbifenyl (PCB118)	=	2,05	ng/L
OW168900	2023-01-18	21577040	12:00:00	PCB 138	2,2',3,4,4',5'-Hexachloorbifenyl (PCB138)	=	4,6	ng/L
OW168900	2023-01-18	21577040	12:00:00	PCB 153	2,2',4,4',5,5'-Hexachloorbifenyl (PCB153)	=	5,3	ng/L
OW168900	2023-01-18	21577040	12:00:00	PCB 180	2,2',3,4,4',5,5'-Heptachloorbifenyl (PCB180)	=	3,35	ng/L
OW168900	2023-01-18	21577040	12:00:00	PCB 28	2,4,4'-Trichloorbifenyl (PCB28)	<	1	ng/L
OW168900	2023-01-18	21577040	12:00:00	PCB 52	2,2',5,5'-Tetrachloorbifenyl (PCB52)	=	2,26	ng/L
OW168900	2023-01-18	21577040	12:00:00	PCB t	Polychloorbifenyl, totaal	<	21,44	ng/L
OW168900	2023-01-18	21577040	12:00:00	PCBz	Pentachloorbenzeen	<	1,5	ng/L
OW168900	2023-01-18	21577040	12:00:00	PCNiBz	Pentachloornitrobenzeen	<	2	ng/L
OW168900	2023-01-18	21577040	12:00:00	pH	pH	=	7,76	-
OW168900	2023-01-18	21577040	12:00:00	Picarb	Pirimicarb	<	10	ng/L
OW168900	2023-01-18	21577040	12:00:00	PirfosMy	Pirimifos-methyl	<	3,5	ng/L
OW168900	2023-01-18	21577040	12:00:00	Prochloor	Propachloor	<	10	ng/L
OW168900	2023-01-18	21577040	12:00:00	Prometryn	Prometryn	<	10	ng/L
OW168900	2023-01-18	21577040	12:00:00	Propanil	Propanil	<	25	ng/L
OW168900	2023-01-18	21577040	12:00:00	Propaz	Propazine	<	10	ng/L
OW168900	2023-01-18	21577040	12:00:00	Proscarb	Prosulfocarb	<	100	ng/L
OW168900	2023-01-18	21577040	12:00:00	Pyr	Pyreen	=	120	ng/L
OW168900	2023-01-18	21577040	12:00:00	Quinofen	Quinoxyfen	<	1	ng/L
OW168900	2023-01-18	21577040	12:00:00	Sb o	Antimoon	<	1,5	µg/L
OW168900	2023-01-18	21577040	12:00:00	Sb t	Antimoon	<	1,5	µg/L
OW168900	2023-01-18	21577040	12:00:00	Se o	Seleen	<	1,5	µg/L
OW168900	2023-01-18	21577040	12:00:00	Se t	Seleen	=	1,99	µg/L
OW168900	2023-01-18	21577040	12:00:00	Sebutylaz	Sebutylazine	<	10	ng/L
OW168900	2023-01-18	21577040	12:00:00	Secchi	Doorzichtigheid	=	15	cm
OW168900	2023-01-18	21577040	12:00:00	Simaz	Simazine	<	5	ng/L
OW168900	2023-01-18	21577040	12:00:00	SiO2 o	Silicaat	=	12	mgSiO2/L
OW168900	2023-01-18	21577040	12:00:00	Sn o	Tin	<	1,5	µg/L
OW168900	2023-01-18	21577040	12:00:00	Sn t	Tin	<	1,5	µg/L
OW168900	2023-01-18	21577040	12:00:00	SO4=	Sulfaat	=	70	mg/L
OW168900	2023-01-18	21577040	12:00:00	T	Temperatuur	=	6,4	°C
OW168900	2023-01-18	21577040	12:00:00	TAM	Alkaliniteit met methyloranje	=	3,3	meq/L
OW168900	2023-01-18	21577040	12:00:00	TBySn	Tributyltin	=	0,57	ngSn/L
OW168900	2023-01-18	21577040	12:00:00	tCdaan	trans-Chloordaan	<	0,5	ng/L
OW168900	2023-01-18	21577040	12:00:00	TclofosMy	Tolclofos-methyl	<	2,5	ng/L
OW168900	2023-01-18	21577040	12:00:00	Te o	Telluur	<	2,5	µg/L
OW168900	2023-01-18	21577040	12:00:00	Te t	Telluur	<	2,5	µg/L
OW168900	2023-01-18	21577040	12:00:00	Telodrin	Telodrin	<	1	ng/L
OW168900	2023-01-18	21577040	12:00:00	Terbufos	Terbufos	<	2,5	ng/L
OW168900	2023-01-18	21577040	12:00:00	Terbutryn	Terbutryn	<	10	ng/L
OW168900	2023-01-18	21577040	12:00:00	Tfluralin	Trifluralin	<	2	ng/L
OW168900	2023-01-18	21577040	12:00:00	TFySn	Trifenyltin	<	0,035	ngSn/L
OW168900	2023-01-18	21577040	12:00:00	TFySn som	Trifenyltinacetaat, chloride, hydroxide	<	0,035	ngSn/L
OW168900	2023-01-18	21577040	12:00:00	Thiacloprid	Thiacloprid	<	2,5	ng/L
OW168900	2023-01-18	21577040	12:00:00	tHpCEpx	trans-Heptachloorepoxyde	<	2	ng/L
OW168900	2023-01-18	21577040	12:00:00	Ti o	Titaan	<	2	µg/L
OW168900	2023-01-18	21577040	12:00:00	Ti t	Titaan	=	98	µg/L
OW168900	2023-01-18	21577040	12:00:00	Tl o	Thallium	<	0,1	µg/L
OW168900	2023-01-18	21577040	12:00:00	Tl t	Thallium	=	0,331	µg/L
OW168900	2023-01-18	21577040	12:00:00	Tmethoxam	Thiamethoxam	<	5	ng/L
OW168900	2023-01-18	21577040	12:00:00	TrByaz	Terbutylazine	<	10	ng/L
OW168900	2023-01-18	21577040	12:00:00	Triazofos	Triazofos	<	2	ng/L
OW168900	2023-01-18	21577040	12:00:00	TtBySn	Tetrabutyltin	<	0,035	ngSn/L
OW168900	2023-01-18	21577040	12:00:00	U o	Uranium	=	1,08	µg/L
OW168900	2023-01-18	21577040	12:00:00	U t	Uranium	=	1,43	µg/L
OW168900	2023-01-18	21577040	12:00:00	V o	Vanadium	<	3	µg/L
OW168900	2023-01-18	21577040	12:00:00	V t	Vanadium	=	13	µg/L
OW168900	2023-01-18	21577040	12:00:00	Zn o	Zink	<	7,5	µg/L
OW168900	2023-01-18	21577040	12:00:00	Zn t	Zink	=	115	µg/L
OW168900	2023-01-18	21577040	12:00:00	ZS	Zwevende stoffen	=	117	mg/L
OW168900	2023-02-15	21578647	11:54:00	1234CBz	1,2,3,4-Tetrachloorbenzeen	<	1	ng/L
OW168900	2023-02-15	21578647	11:54:00	1235+1245CBz	1,2,3,5+1,2,4,5-Tetrachloorbenzeen	<	1,5	ng/L
OW168900	2023-02-15	21578647	11:54:00	2356CNiBz	2,3,5,6-Tetrachloornitrobenzeen	<	2	ng/L
OW168900	2023-02-15	21578647	11:54:00	24DDD	op'Dichloordifenyldichloorethaan	<	1	ng/L
OW168900	2023-02-15	21578647	11:54:00	24DDE	op'Dichloordifenyldichlooretheen	<	1	ng/L
OW168900	2023-02-15	21578647	11:54:00	24DDT	op'Dichloordifenyltrichloorethaan	<	1	ng/L
OW168900	2023-02-15	21578647	11:54:00	2hAtraz	2-Hydroxy-atrazine	<	10	ng/L
OW168900	2023-02-15	21578647	11:54:00	44DDD	pp'Dichloordifenyldichloorethaan	<	1	ng/L
OW168900	2023-02-15	21578647	11:54:00	44DDE	pp'Dichloordifenyldichlooretheen	<	1	ng/L
OW168900	2023-02-15	21578647	11:54:00	44DDT	pp'Dichloordifenyltrichloorethaan	<	1	ng/L
OW168900	2023-02-15	21578647	11:54:00	a+b+d+gHCHS	alfa+beta+gamma+delta Hexachloorcyclohexaan	<	3	ng/L
OW168900	2023-02-15	21578647	11:54:00	a+bEndoS	alfa+beta Endosulfan	<	2	ng/L
OW168900	2023-02-15	21578647	11:54:00	Acenaft	Acenafteen	=	29	ng/L
OW168900	2023-02-15	21578647	11:54:00	Acenaftyl	Acenaftyleen	<	10	ng/L
OW168900	2023-02-15	21578647	11:54:00	Acetamiprid	Acetamiprid	<	2,5	ng/L
OW168900	2023-02-15	21578647	11:54:00	Aclonifen	Aclonifen	<	2,5	ng/L
OW168900	2023-02-15	21578647	11:54:00	ADEIdrin	Aldrin+Dieldrin+Endrin+Isodrin	<	2,5	ng/L
OW168900	2023-02-15	21578647	11:54:00	aEndo	alfa-Endosulfan	<	1	ng/L
OW168900	2023-02-15	21578647	11:54:00	Ag o	Zilver	<	0,05	µg/L
OW168900	2023-02-15	21578647	11:54:00	Ag t	Zilver	<	0,1	µg/L
OW168900	2023-02-15	21578647	11:54:00	aHCH	alfa-Hexachloorcyclohexaan	<	0,75	ng/L
OW168900	2023-02-15	21578647	11:54:00	Al o	Aluminium	<	150	µg/L
OW168900	2023-02-15	21578647	11:54:00	Alachloor	Alachloor	<	10	ng/L
OW168900	2023-02-15	21578647	11:54:00	Aldrin	Aldrin	<	0,375	ng/L
OW168900	2023-02-15	21578647	11:54:00	Ant	Anthraceen	=	20	ng/L
OW168900	2023-02-15	21578647	11:54:00	As o	Arseen	=	1,14	µg/L
OW168900	2023-02-15	21578647	11:54:00	As t	Arseen	=	2,31	µg/L
OW168900	2023-02-15	21578647	11:54:00	Atraz	Atrazine	<	10	ng/L
OW168900	2023-02-15	21578647	11:54:00	AzinfosEy	Azinfos-ethyl	<	1,5	ng/L
OW168900	2023-02-15	21578647	11:54:00	AzinfosMy	Azinfos-methyl	<	1	ng/L
OW168900	2023-02-15	21578647	11:54:00	B o	Boor	=	83	µg/L
OW168900	2023-02-15	21578647	11:54:00	B t	Boor	=	84	µg/L
OW168900	2023-02-15	21578647	11:54:00	B(a)A	Benzo(a)anthraceen	=	28	ng/L
OW168900	2023-02-15	21578647	11:54:00	B(a)P	Benzo(a)pyreen	=	22	ng/L
OW168900	2023-02-15	21578647	11:54:00	B(b)Flu	Benzo(b)fluorantheen	=	35	ng/L
OW168900	2023-02-15	21578647	11:54:00	B(ghi)Pe	Benzo(g,h,i)peryleen	=	23	ng/L
OW168900	2023-02-15	21578647	11:54:00	B(k)Flu	Benzo(k)fluorantheen	=	17	ng/L
OW168900	2023-02-15	21578647	11:54:00	Ba o	Barium	=	36	µg/L
OW168900	2023-02-15	21578647	11:54:00	Ba t	Barium	=	55	µg/L
OW168900	2023-02-15	21578647	11:54:00	BAM	2,6-Dichloorbenzamide	=	27	ng/L
OW168900	2023-02-15	21578647	11:54:00	Be o	Beryllium	<	0,15	µg/L
OW168900	2023-02-15	21578647	11:54:00	Be t	Beryllium	<	0,15	µg/L
OW168900	2023-02-15	21578647	11:54:00	bEndo	beta-Endosulfan	<	1	ng/L
OW168900	2023-02-15	21578647	11:54:00	BFlu som	PAK benzo(b+k)fluorantheen (b)	=	52	ng/L
OW168900	2023-02-15	21578647	11:54:00	bHCH	beta-Hexachloorcyclohexaan	<	0,75	ng/L
OW168900	2023-02-15	21578647	11:54:00	Bifenox	Bifenox	<	2	ng/L
OW168900	2023-02-15	21578647	11:54:00	BPe + IP som	PAK Benzo(g,h,i)peryleen + Indeno(1,2,3-cd)pyreen	=	44	ng/L
OW168900	2023-02-15	21578647	11:54:00	BrfosEy	Bromofos-ethyl	<	2,5	ng/L
OW168900	2023-02-15	21578647	11:54:00	BrfosMy	Bromofos-methyl	<	1,5	ng/L
OW168900	2023-02-15	21578647	11:54:00	Bromacil	Bromacil	<	10	ng/L
OW168900	2023-02-15	21578647	11:54:00	BZV5	Biochemisch zuurstofverbruik na 5d.	<	2	mgO2/L
OW168900	2023-02-15	21578647	11:54:00	Ca o	Calcium	=	135000	µg/L
OW168900	2023-02-15	21578647	11:54:00	Carbdzim	Carbendazim	<	5	ng/L
OW168900	2023-02-15	21578647	11:54:00	Cartamid	Carbetamide	<	10	ng/L
OW168900	2023-02-15	21578647	11:54:00	Cbromuron	Chloorbromuron	<	15	ng/L
OW168900	2023-02-15	21578647	11:54:00	cCdaan	cis-Chloordaan	<	0,5	ng/L
OW168900	2023-02-15	21578647	11:54:00	Cd o	Cadmium	<	0,05	µg/L
OW168900	2023-02-15	21578647	11:54:00	Cd t	Cadmium	=	0,263	µg/L
OW168900	2023-02-15	21578647	11:54:00	Cdaan	Chloordaan	<	1	ng/L
OW168900	2023-02-15	21578647	11:54:00	Cdazon	Chloridazon	<	5	ng/L
OW168900	2023-02-15	21578647	11:54:00	Cfvinfos	Chloorfenvinfos	<	1,5	ng/L
OW168900	2023-02-15	21578647	11:54:00	cHpCEpx	cis-Heptachloorepoxyde	<	1	ng/L
OW168900	2023-02-15	21578647	11:54:00	Chr	Chryseen	=	39	ng/L
OW168900	2023-02-15	21578647	11:54:00	Cl-	Chloride	=	86	mg/L
OW168900	2023-02-15	21578647	11:54:00	Clfyl a	Chlorofyl a	=	4,2	µg/L
OW168900	2023-02-15	21578647	11:54:00	Clotidine	Clothianidine	<	2,5	ng/L
OW168900	2023-02-15	21578647	11:54:00	Co o	Kobalt	=	0,47	µg/L
OW168900	2023-02-15	21578647	11:54:00	Co t	Kobalt	=	1,49	µg/L
OW168900	2023-02-15	21578647	11:54:00	CpfosEy	Chloorpyrifos-ethyl	<	2	ng/L
OW168900	2023-02-15	21578647	11:54:00	CpfosMy	Chloorpyrifos-methyl	<	1,5	ng/L
OW168900	2023-02-15	21578647	11:54:00	Cprofam	Chloorprofam	<	2	ng/L
OW168900	2023-02-15	21578647	11:54:00	Cr o	Chroom	<	1,5	µg/L
OW168900	2023-02-15	21578647	11:54:00	Cr t	Chroom	=	8,2	µg/L
OW168900	2023-02-15	21578647	11:54:00	Ctoluron	Chloortoluron	=	17	ng/L
OW168900	2023-02-15	21578647	11:54:00	Cu o	Koper	<	2	µg/L
OW168900	2023-02-15	21578647	11:54:00	Cu t	Koper	=	8,5	µg/L
OW168900	2023-02-15	21578647	11:54:00	Cumafos	Cumafos	<	2,5	ng/L
OW168900	2023-02-15	21578647	11:54:00	Cyanaz	Cyanazine	<	5	ng/L
OW168900	2023-02-15	21578647	11:54:00	Cybutrine	Cybutrine	<	1	ng/L
OW168900	2023-02-15	21578647	11:54:00	Cypmethrin	Cypermethrin	<	3	ng/L
OW168900	2023-02-15	21578647	11:54:00	CZV	Chemisch zuurstofverbruik	=	21,1	mgO2/L
OW168900	2023-02-15	21578647	11:54:00	DBySn	Dibutyltin	=	0,56	ngSn/L
OW168900	2023-02-15	21578647	11:54:00	DBySn som	Dibutyltinverbindingen	=	0,56	ngSn/L
OW168900	2023-02-15	21578647	11:54:00	dBz(ah)An	Dibenzo(a,h)anthraceen	<	10	ng/L
OW168900	2023-02-15	21578647	11:54:00	DCvos	Dichloorvos	<	0,5	ng/L
OW168900	2023-02-15	21578647	11:54:00	DDT t	DDT, totaal	<	4	ng/L
OW168900	2023-02-15	21578647	11:54:00	Demeton	Demeton	<	4,5	ng/L
OW168900	2023-02-15	21578647	11:54:00	DEyatraz	Desethylatrazine	=	11	ng/L
OW168900	2023-02-15	21578647	11:54:00	DEytByaz	Desethylterbutylazine	<	10	ng/L
OW168900	2023-02-15	21578647	11:54:00	Dflucan	Diflufenican	=	18	ng/L
OW168900	2023-02-15	21578647	11:54:00	dHCH	delta-Hexachloorcyclohexaan	<	0,75	ng/L
OW168900	2023-02-15	21578647	11:54:00	Diazinon	Diazinon	<	2	ng/L
OW168900	2023-02-15	21578647	11:54:00	Dieldrin	Dieldrin	<	1	ng/L
OW168900	2023-02-15	21578647	11:54:00	DiMetamid	Dimethenamid	<	5	ng/L
OW168900	2023-02-15	21578647	11:54:00	DiMetmorf	Dimethomorf	<	5	ng/L
OW168900	2023-02-15	21578647	11:54:00	DiPyatraz	Desisopropylatrazine	<	10	ng/L
OW168900	2023-02-15	21578647	11:54:00	Diuron	Diuron	=	18	ng/L
OW168900	2023-02-15	21578647	11:54:00	Dmetoat	Dimethoaat	<	3	ng/L
OW168900	2023-02-15	21578647	11:54:00	DOC	Koolstof	=	4,9	mgC/L
OW168900	2023-02-15	21578647	11:54:00	Dsulfoton	Disulfoton	<	4,5	ng/L
OW168900	2023-02-15	21578647	11:54:00	EC 20	Geleidbaarheid (20°C)	=	945	µS/cm
OW168900	2023-02-15	21578647	11:54:00	EC 25	Geleidbaarheid (25°C)	=	1035,2475	µS/cm
OW168900	2023-02-15	21578647	11:54:00	Endrin	Endrin	<	0,75	ng/L
OW168900	2023-02-15	21578647	11:54:00	Etfum	Ethofumesaat	<	5	ng/L
OW168900	2023-02-15	21578647	11:54:00	Ethopfos	Ethoprofos	<	2,5	ng/L
OW168900	2023-02-15	21578647	11:54:00	F- o	Fluoride	=	0,215	mg/L
OW168900	2023-02-15	21578647	11:54:00	Fe o	Ijzer	<	25	µg/L
OW168900	2023-02-15	21578647	11:54:00	Fe t	Ijzer	=	2470	µg/L
OW168900	2023-02-15	21578647	11:54:00	Fen	Fenantreen	=	73	ng/L
OW168900	2023-02-15	21578647	11:54:00	Fenithion	Fenitrothion	<	1,5	ng/L
OW168900	2023-02-15	21578647	11:54:00	Fenthion	Fenthion	<	2,5	ng/L
OW168900	2023-02-15	21578647	11:54:00	Feofyt a	Feofytine a	=	6,8	µg/L
OW168900	2023-02-15	21578647	11:54:00	Flu	Fluorantheen	=	88	ng/L
OW168900	2023-02-15	21578647	11:54:00	Flucet	Flufenacet	<	20	ng/L
OW168900	2023-02-15	21578647	11:54:00	Fluoreen	Fluoreen	=	31	ng/L
OW168900	2023-02-15	21578647	11:54:00	Fonofos	Fonofos	<	2	ng/L
OW168900	2023-02-15	21578647	11:54:00	gHCH	gamma-Hexachloorcyclohexaan	<	0,75	ng/L
OW168900	2023-02-15	21578647	11:54:00	H t	Hardheid	=	40	°F
OW168900	2023-02-15	21578647	11:54:00	HCBdn	Hexachloorbutadieen	<	1	ng/L
OW168900	2023-02-15	21578647	11:54:00	HCBz	Hexachloorbenzeen	<	1,5	ng/L
OW168900	2023-02-15	21578647	11:54:00	HCH	Hexachloorcyclohexaan, alle isomeren	<	3	ng/L
OW168900	2023-02-15	21578647	11:54:00	Hexazinon	Hexazinon	<	10	ng/L
OW168900	2023-02-15	21578647	11:54:00	Hg o	Kwik	<	0,025	µg/L
OW168900	2023-02-15	21578647	11:54:00	Hg t	Kwik	<	0,05	µg/L
OW168900	2023-02-15	21578647	11:54:00	HpC+Epx	Heptachloor+epoxyde	<	3	ng/L
OW168900	2023-02-15	21578647	11:54:00	Imcloprid	Imidacloprid	=	7	ng/L
OW168900	2023-02-15	21578647	11:54:00	IP	Indeno(1,2,3-cd)pyreen	=	21	ng/L
OW168900	2023-02-15	21578647	11:54:00	Iproturon	Isoproturon	<	5	ng/L
OW168900	2023-02-15	21578647	11:54:00	Isodrin	Isodrin	<	0,375	ng/L
OW168900	2023-02-15	21578647	11:54:00	K o	Kalium	=	14500	µg/L
OW168900	2023-02-15	21578647	11:54:00	KjN	Kjeldahlstikstof	=	1,123	mgN/L
OW168900	2023-02-15	21578647	11:54:00	Linuron	Linuron	<	5	ng/L
OW168900	2023-02-15	21578647	11:54:00	Malathion	Malathion	<	2,5	ng/L
OW168900	2023-02-15	21578647	11:54:00	Mbromuron	Metobromuron	<	10	ng/L
OW168900	2023-02-15	21578647	11:54:00	mBthiaz	Metabenzthiazuron	<	5	ng/L
OW168900	2023-02-15	21578647	11:54:00	Metaza	Metazachloor	<	5	ng/L
OW168900	2023-02-15	21578647	11:54:00	Metbuzin	Metribuzin	<	6	ng/L
OW168900	2023-02-15	21578647	11:54:00	Metcarb	Methiocarb	<	4,5	ng/L
OW168900	2023-02-15	21578647	11:54:00	Methidat	Methidation	<	3,5	ng/L
OW168900	2023-02-15	21578647	11:54:00	Metola	Metolachloor	<	5	ng/L
OW168900	2023-02-15	21578647	11:54:00	Metoxur	Metoxuron	<	5	ng/L
OW168900	2023-02-15	21578647	11:54:00	Mevinfos	Mevinfos	<	2	ng/L
OW168900	2023-02-15	21578647	11:54:00	Mg o	Magnesium	=	13900	µg/L
OW168900	2023-02-15	21578647	11:54:00	Mlinuron	Monolinuron	<	5	ng/L
OW168900	2023-02-15	21578647	11:54:00	Mmitron	Metamitron	<	5	ng/L
OW168900	2023-02-15	21578647	11:54:00	Mn o	Mangaan	=	100	µg/L
OW168900	2023-02-15	21578647	11:54:00	Mn t	Mangaan	=	201	µg/L
OW168900	2023-02-15	21578647	11:54:00	Mo o	Molybdeen	<	2,5	µg/L
OW168900	2023-02-15	21578647	11:54:00	Mo t	Molybdeen	<	2,5	µg/L
OW168900	2023-02-15	21578647	11:54:00	MxyC	Methoxychloor	<	1	ng/L
OW168900	2023-02-15	21578647	11:54:00	N t	Stikstof	=	7,6	mgN/L
OW168900	2023-02-15	21578647	11:54:00	N+N	Nitraat+nitriet	=	6,477	mgN/L
OW168900	2023-02-15	21578647	11:54:00	N+N+N	Nitraat+nitriet+ammonium	=	7,057	mgN/L
OW168900	2023-02-15	21578647	11:54:00	Na o	Natrium	=	55000	µg/L
OW168900	2023-02-15	21578647	11:54:00	Naft	Naftaleen	=	50	ng/L
OW168900	2023-02-15	21578647	11:54:00	NH4+	Ammonium	=	0,58	mgN/L
OW168900	2023-02-15	21578647	11:54:00	Ni o	Nikkel	<	3,2	µg/L
OW168900	2023-02-15	21578647	11:54:00	Ni t	Nikkel	=	5,32	µg/L
OW168900	2023-02-15	21578647	11:54:00	NO2-	Nitriet	=	0,077	mgN/L
OW168900	2023-02-15	21578647	11:54:00	NO3-	Nitraat	=	6,4	mgN/L
OW168900	2023-02-15	21578647	11:54:00	O2	Zuurstof	=	10,87	mg/L
OW168900	2023-02-15	21578647	11:54:00	O2 verz	Zuurstof	=	88,6	%
OW168900	2023-02-15	21578647	11:54:00	OCP t	Organochloorpesticiden, totaal	<	15,25	ng/L
OW168900	2023-02-15	21578647	11:54:00	oPO4 f	Orthofosfaat	=	0,163	mgP/L
OW168900	2023-02-15	21578647	11:54:00	Oxadiazon	Oxadiazon	<	3	ng/L
OW168900	2023-02-15	21578647	11:54:00	P t	Fosfor	=	0,454	mgP/L
OW168900	2023-02-15	21578647	11:54:00	PAK 10	Polyaromatische KWS (10 Vrom)	=	381	ng/L
OW168900	2023-02-15	21578647	11:54:00	PAK 6	Polyaromatische KWS (6 Borneff)	=	206	ng/L
OW168900	2023-02-15	21578647	11:54:00	PathionEy	Parathion-ethyl	<	1	ng/L
OW168900	2023-02-15	21578647	11:54:00	PathionMy	Parathion-methyl	<	1,5	ng/L
OW168900	2023-02-15	21578647	11:54:00	Pb o	Lood	<	1,25	µg/L
OW168900	2023-02-15	21578647	11:54:00	Pb t	Lood	=	7,8	µg/L
OW168900	2023-02-15	21578647	11:54:00	PCB 101	2,2',4,5,5'-Pentachloorbifenyl (PCB101)	=	1,04	ng/L
OW168900	2023-02-15	21578647	11:54:00	PCB 118	2,3',4,4',5-Pentachloorbifenyl (PCB118)	<	1	ng/L
OW168900	2023-02-15	21578647	11:54:00	PCB 138	2,2',3,4,4',5'-Hexachloorbifenyl (PCB138)	=	1,83	ng/L
OW168900	2023-02-15	21578647	11:54:00	PCB 153	2,2',4,4',5,5'-Hexachloorbifenyl (PCB153)	=	1,98	ng/L
OW168900	2023-02-15	21578647	11:54:00	PCB 180	2,2',3,4,4',5,5'-Heptachloorbifenyl (PCB180)	=	1,35	ng/L
OW168900	2023-02-15	21578647	11:54:00	PCB 28	2,4,4'-Trichloorbifenyl (PCB28)	<	0,5	ng/L
OW168900	2023-02-15	21578647	11:54:00	PCB 52	2,2',5,5'-Tetrachloorbifenyl (PCB52)	<	1	ng/L
OW168900	2023-02-15	21578647	11:54:00	PCB t	Polychloorbifenyl, totaal	<	8,7	ng/L
OW168900	2023-02-15	21578647	11:54:00	PCBz	Pentachloorbenzeen	<	2	ng/L
OW168900	2023-02-15	21578647	11:54:00	PCNiBz	Pentachloornitrobenzeen	<	2	ng/L
OW168900	2023-02-15	21578647	11:54:00	pH	pH	=	7,83	-
OW168900	2023-02-15	21578647	11:54:00	Picarb	Pirimicarb	<	5	ng/L
OW168900	2023-02-15	21578647	11:54:00	PirfosMy	Pirimifos-methyl	<	3,5	ng/L
OW168900	2023-02-15	21578647	11:54:00	Prochloor	Propachloor	<	10	ng/L
OW168900	2023-02-15	21578647	11:54:00	Prometryn	Prometryn	<	10	ng/L
OW168900	2023-02-15	21578647	11:54:00	Propanil	Propanil	<	25	ng/L
OW168900	2023-02-15	21578647	11:54:00	Propaz	Propazine	<	10	ng/L
OW168900	2023-02-15	21578647	11:54:00	Proscarb	Prosulfocarb	<	100	ng/L
OW168900	2023-02-15	21578647	11:54:00	Pyr	Pyreen	=	72	ng/L
OW168900	2023-02-15	21578647	11:54:00	Quinofen	Quinoxyfen	<	1	ng/L
OW168900	2023-02-15	21578647	11:54:00	Sb o	Antimoon	<	1,5	µg/L
OW168900	2023-02-15	21578647	11:54:00	Sb t	Antimoon	<	1,5	µg/L
OW168900	2023-02-15	21578647	11:54:00	Se o	Seleen	<	1,5	µg/L
OW168900	2023-02-15	21578647	11:54:00	Se t	Seleen	=	1,53	µg/L
OW168900	2023-02-15	21578647	11:54:00	Sebutylaz	Sebutylazine	<	10	ng/L
OW168900	2023-02-15	21578647	11:54:00	Secchi	Doorzichtigheid	=	30	cm
OW168900	2023-02-15	21578647	11:54:00	Simaz	Simazine	<	5	ng/L
OW168900	2023-02-15	21578647	11:54:00	SiO2 o	Silicaat	=	17	mgSiO2/L
OW168900	2023-02-15	21578647	11:54:00	Sn o	Tin	<	1,5	µg/L
OW168900	2023-02-15	21578647	11:54:00	Sn t	Tin	<	1,5	µg/L
OW168900	2023-02-15	21578647	11:54:00	SO4=	Sulfaat	=	114	mg/L
OW168900	2023-02-15	21578647	11:54:00	T	Temperatuur	=	6,9	°C
OW168900	2023-02-15	21578647	11:54:00	TAM	Alkaliniteit met methyloranje	=	6,2	meq/L
OW168900	2023-02-15	21578647	11:54:00	TBySn	Tributyltin	=	0,19	ngSn/L
OW168900	2023-02-15	21578647	11:54:00	tCdaan	trans-Chloordaan	<	0,5	ng/L
OW168900	2023-02-15	21578647	11:54:00	TclofosMy	Tolclofos-methyl	<	2,5	ng/L
OW168900	2023-02-15	21578647	11:54:00	Te o	Telluur	<	2,5	µg/L
OW168900	2023-02-15	21578647	11:54:00	Te t	Telluur	<	2,5	µg/L
OW168900	2023-02-15	21578647	11:54:00	Telodrin	Telodrin	<	1	ng/L
OW168900	2023-02-15	21578647	11:54:00	Terbufos	Terbufos	<	2,5	ng/L
OW168900	2023-02-15	21578647	11:54:00	Terbutryn	Terbutryn	<	10	ng/L
OW168900	2023-02-15	21578647	11:54:00	Tfluralin	Trifluralin	<	2	ng/L
OW168900	2023-02-15	21578647	11:54:00	TFySn	Trifenyltin	<	0,035	ngSn/L
OW168900	2023-02-15	21578647	11:54:00	TFySn som	Trifenyltinacetaat, chloride, hydroxide	<	0,035	ngSn/L
OW168900	2023-02-15	21578647	11:54:00	Thiacloprid	Thiacloprid	<	2,5	ng/L
OW168900	2023-02-15	21578647	11:54:00	tHpCEpx	trans-Heptachloorepoxyde	<	2	ng/L
OW168900	2023-02-15	21578647	11:54:00	Ti o	Titaan	<	2	µg/L
OW168900	2023-02-15	21578647	11:54:00	Ti t	Titaan	=	36	µg/L
OW168900	2023-02-15	21578647	11:54:00	Tl o	Thallium	<	0,1	µg/L
OW168900	2023-02-15	21578647	11:54:00	Tl t	Thallium	<	0,1	µg/L
OW168900	2023-02-15	21578647	11:54:00	Tmethoxam	Thiamethoxam	<	5	ng/L
OW168900	2023-02-15	21578647	11:54:00	TrByaz	Terbutylazine	<	5	ng/L
OW168900	2023-02-15	21578647	11:54:00	Triazofos	Triazofos	<	2	ng/L
OW168900	2023-02-15	21578647	11:54:00	TtBySn	Tetrabutyltin	<	0,035	ngSn/L
OW168900	2023-02-15	21578647	11:54:00	U o	Uranium	=	1,49	µg/L
OW168900	2023-02-15	21578647	11:54:00	U t	Uranium	=	1,65	µg/L
OW168900	2023-02-15	21578647	11:54:00	V o	Vanadium	<	3	µg/L
OW168900	2023-02-15	21578647	11:54:00	V t	Vanadium	=	6,3	µg/L
OW168900	2023-02-15	21578647	11:54:00	Zn o	Zink	<	7,5	µg/L
OW168900	2023-02-15	21578647	11:54:00	Zn t	Zink	=	51	µg/L
OW168900	2023-02-15	21578647	11:54:00	ZS	Zwevende stoffen	=	46	mg/L
OW168900	2023-03-15	21580119	13:47:00	1234CBz	1,2,3,4-Tetrachloorbenzeen	<	1	ng/L
OW168900	2023-03-15	21580119	13:47:00	1235+1245CBz	1,2,3,5+1,2,4,5-Tetrachloorbenzeen	<	1,5	ng/L
OW168900	2023-03-15	21580119	13:47:00	2356CNiBz	2,3,5,6-Tetrachloornitrobenzeen	<	2	ng/L
OW168900	2023-03-15	21580119	13:47:00	24DDD	op'Dichloordifenyldichloorethaan	<	1	ng/L
OW168900	2023-03-15	21580119	13:47:00	24DDE	op'Dichloordifenyldichlooretheen	<	1	ng/L
OW168900	2023-03-15	21580119	13:47:00	24DDT	op'Dichloordifenyltrichloorethaan	<	1	ng/L
OW168900	2023-03-15	21580119	13:47:00	2hAtraz	2-Hydroxy-atrazine	=	11	ng/L
OW168900	2023-03-15	21580119	13:47:00	44DDD	pp'Dichloordifenyldichloorethaan	<	1	ng/L
OW168900	2023-03-15	21580119	13:47:00	44DDE	pp'Dichloordifenyldichlooretheen	<	1	ng/L
OW168900	2023-03-15	21580119	13:47:00	44DDT	pp'Dichloordifenyltrichloorethaan	<	1	ng/L
OW168900	2023-03-15	21580119	13:47:00	a+b+d+gHCHS	alfa+beta+gamma+delta Hexachloorcyclohexaan	<	3,75	ng/L
OW168900	2023-03-15	21580119	13:47:00	a+bEndoS	alfa+beta Endosulfan	<	2	ng/L
OW168900	2023-03-15	21580119	13:47:00	Acenaft	Acenafteen	=	31	ng/L
OW168900	2023-03-15	21580119	13:47:00	Acenaftyl	Acenaftyleen	=	16	ng/L
OW168900	2023-03-15	21580119	13:47:00	Acetamiprid	Acetamiprid	<	2,5	ng/L
OW168900	2023-03-15	21580119	13:47:00	Aclonifen	Aclonifen	<	2,5	ng/L
OW168900	2023-03-15	21580119	13:47:00	ADEIdrin	Aldrin+Dieldrin+Endrin+Isodrin	<	2,5	ng/L
OW168900	2023-03-15	21580119	13:47:00	aEndo	alfa-Endosulfan	<	1	ng/L
OW168900	2023-03-15	21580119	13:47:00	Ag o	Zilver	<	0,05	µg/L
OW168900	2023-03-15	21580119	13:47:00	Ag t	Zilver	<	0,1	µg/L
OW168900	2023-03-15	21580119	13:47:00	aHCH	alfa-Hexachloorcyclohexaan	<	0,75	ng/L
OW168900	2023-03-15	21580119	13:47:00	Al o	Aluminium	<	150	µg/L
OW168900	2023-03-15	21580119	13:47:00	Alachloor	Alachloor	<	10	ng/L
OW168900	2023-03-15	21580119	13:47:00	Aldrin	Aldrin	<	0,375	ng/L
OW168900	2023-03-15	21580119	13:47:00	Ant	Anthraceen	=	22	ng/L
OW168900	2023-03-15	21580119	13:47:00	As o	Arseen	=	1,31	µg/L
OW168900	2023-03-15	21580119	13:47:00	As t	Arseen	=	2,34	µg/L
OW168900	2023-03-15	21580119	13:47:00	Atraz	Atrazine	<	5	ng/L
OW168900	2023-03-15	21580119	13:47:00	AzinfosEy	Azinfos-ethyl	<	1,5	ng/L
OW168900	2023-03-15	21580119	13:47:00	AzinfosMy	Azinfos-methyl	<	1	ng/L
OW168900	2023-03-15	21580119	13:47:00	B o	Boor	=	60	µg/L
OW168900	2023-03-15	21580119	13:47:00	B t	Boor	=	59	µg/L
OW168900	2023-03-15	21580119	13:47:00	B(a)A	Benzo(a)anthraceen	=	29	ng/L
OW168900	2023-03-15	21580119	13:47:00	B(a)P	Benzo(a)pyreen	=	29	ng/L
OW168900	2023-03-15	21580119	13:47:00	B(b)Flu	Benzo(b)fluorantheen	=	40	ng/L
OW168900	2023-03-15	21580119	13:47:00	B(ghi)Pe	Benzo(g,h,i)peryleen	=	28	ng/L
OW168900	2023-03-15	21580119	13:47:00	B(k)Flu	Benzo(k)fluorantheen	=	20	ng/L
OW168900	2023-03-15	21580119	13:47:00	Ba o	Barium	=	28	µg/L
OW168900	2023-03-15	21580119	13:47:00	Ba t	Barium	=	44	µg/L
OW168900	2023-03-15	21580119	13:47:00	BAM	2,6-Dichloorbenzamide	<	10	ng/L
OW168900	2023-03-15	21580119	13:47:00	Be o	Beryllium	<	0,15	µg/L
OW168900	2023-03-15	21580119	13:47:00	Be t	Beryllium	<	0,15	µg/L
OW168900	2023-03-15	21580119	13:47:00	bEndo	beta-Endosulfan	<	1	ng/L
OW168900	2023-03-15	21580119	13:47:00	BFlu som	PAK benzo(b+k)fluorantheen (b)	=	60	ng/L
OW168900	2023-03-15	21580119	13:47:00	bHCH	beta-Hexachloorcyclohexaan	<	0,75	ng/L
OW168900	2023-03-15	21580119	13:47:00	Bifenox	Bifenox	<	2	ng/L
OW168900	2023-03-15	21580119	13:47:00	BPe + IP som	PAK Benzo(g,h,i)peryleen + Indeno(1,2,3-cd)pyreen	=	54	ng/L
OW168900	2023-03-15	21580119	13:47:00	BrfosEy	Bromofos-ethyl	<	2,5	ng/L
OW168900	2023-03-15	21580119	13:47:00	BrfosMy	Bromofos-methyl	<	1,5	ng/L
OW168900	2023-03-15	21580119	13:47:00	Bromacil	Bromacil	<	10	ng/L
OW168900	2023-03-15	21580119	13:47:00	BZV5	Biochemisch zuurstofverbruik na 5d.	<	2	mgO2/L
OW168900	2023-03-15	21580119	13:47:00	Ca o	Calcium	=	97000	µg/L
OW168900	2023-03-15	21580119	13:47:00	Carbdzim	Carbendazim	<	10	ng/L
OW168900	2023-03-15	21580119	13:47:00	Cartamid	Carbetamide	<	10	ng/L
OW168900	2023-03-15	21580119	13:47:00	Cbromuron	Chloorbromuron	<	15	ng/L
OW168900	2023-03-15	21580119	13:47:00	cCdaan	cis-Chloordaan	<	0,5	ng/L
OW168900	2023-03-15	21580119	13:47:00	Cd o	Cadmium	<	0,05	µg/L
OW168900	2023-03-15	21580119	13:47:00	Cd t	Cadmium	=	0,236	µg/L
OW168900	2023-03-15	21580119	13:47:00	Cdaan	Chloordaan	<	1	ng/L
OW168900	2023-03-15	21580119	13:47:00	Cdazon	Chloridazon	<	5	ng/L
OW168900	2023-03-15	21580119	13:47:00	Cfvinfos	Chloorfenvinfos	<	1,5	ng/L
OW168900	2023-03-15	21580119	13:47:00	cHpCEpx	cis-Heptachloorepoxyde	<	1	ng/L
OW168900	2023-03-15	21580119	13:47:00	Chr	Chryseen	=	50	ng/L
OW168900	2023-03-15	21580119	13:47:00	Cl-	Chloride	=	57,9	mg/L
OW168900	2023-03-15	21580119	13:47:00	Clfyl a	Chlorofyl a	=	13,1	µg/L
OW168900	2023-03-15	21580119	13:47:00	Clotidine	Clothianidine	<	5	ng/L
OW168900	2023-03-15	21580119	13:47:00	Co o	Kobalt	=	0,4	µg/L
OW168900	2023-03-15	21580119	13:47:00	Co t	Kobalt	=	1,37	µg/L
OW168900	2023-03-15	21580119	13:47:00	CpfosEy	Chloorpyrifos-ethyl	<	2	ng/L
OW168900	2023-03-15	21580119	13:47:00	CpfosMy	Chloorpyrifos-methyl	<	1,5	ng/L
OW168900	2023-03-15	21580119	13:47:00	Cprofam	Chloorprofam	<	2	ng/L
OW168900	2023-03-15	21580119	13:47:00	Cr o	Chroom	<	1,5	µg/L
OW168900	2023-03-15	21580119	13:47:00	Cr t	Chroom	=	8,5	µg/L
OW168900	2023-03-15	21580119	13:47:00	Ctoluron	Chloortoluron	=	26	ng/L
OW168900	2023-03-15	21580119	13:47:00	Cu o	Koper	<	4	µg/L
OW168900	2023-03-15	21580119	13:47:00	Cu t	Koper	=	10,4	µg/L
OW168900	2023-03-15	21580119	13:47:00	Cumafos	Cumafos	<	2,5	ng/L
OW168900	2023-03-15	21580119	13:47:00	Cyanaz	Cyanazine	<	5	ng/L
OW168900	2023-03-15	21580119	13:47:00	Cybutrine	Cybutrine	<	1	ng/L
OW168900	2023-03-15	21580119	13:47:00	Cypmethrin	Cypermethrin	<	3	ng/L
OW168900	2023-03-15	21580119	13:47:00	CZV	Chemisch zuurstofverbruik	=	25	mgO2/L
OW168900	2023-03-15	21580119	13:47:00	DBySn	Dibutyltin	=	0,37	ngSn/L
OW168900	2023-03-15	21580119	13:47:00	DBySn som	Dibutyltinverbindingen	=	0,37	ngSn/L
OW168900	2023-03-15	21580119	13:47:00	dBz(ah)An	Dibenzo(a,h)anthraceen	<	10	ng/L
OW168900	2023-03-15	21580119	13:47:00	DCvos	Dichloorvos	<	0,5	ng/L
OW168900	2023-03-15	21580119	13:47:00	DDT t	DDT, totaal	<	4	ng/L
OW168900	2023-03-15	21580119	13:47:00	Demeton	Demeton	<	4,5	ng/L
OW168900	2023-03-15	21580119	13:47:00	DEyatraz	Desethylatrazine	<	10	ng/L
OW168900	2023-03-15	21580119	13:47:00	DEytByaz	Desethylterbutylazine	<	10	ng/L
OW168900	2023-03-15	21580119	13:47:00	Dflucan	Diflufenican	=	40	ng/L
OW168900	2023-03-15	21580119	13:47:00	dHCH	delta-Hexachloorcyclohexaan	<	0,75	ng/L
OW168900	2023-03-15	21580119	13:47:00	Diazinon	Diazinon	<	2	ng/L
OW168900	2023-03-15	21580119	13:47:00	Dieldrin	Dieldrin	<	1	ng/L
OW168900	2023-03-15	21580119	13:47:00	DiMetamid	Dimethenamid	<	10	ng/L
OW168900	2023-03-15	21580119	13:47:00	DiMetmorf	Dimethomorf	<	10	ng/L
OW168900	2023-03-15	21580119	13:47:00	DiPyatraz	Desisopropylatrazine	<	10	ng/L
OW168900	2023-03-15	21580119	13:47:00	Diuron	Diuron	<	5	ng/L
OW168900	2023-03-15	21580119	13:47:00	Dmetoat	Dimethoaat	<	3	ng/L
OW168900	2023-03-15	21580119	13:47:00	DOC	Koolstof	=	6,6	mgC/L
OW168900	2023-03-15	21580119	13:47:00	Dsulfoton	Disulfoton	<	4,5	ng/L
OW168900	2023-03-15	21580119	13:47:00	EC 20	Geleidbaarheid (20°C)	=	699	µS/cm
OW168900	2023-03-15	21580119	13:47:00	EC 25	Geleidbaarheid (25°C)	=	765,7545	µS/cm
OW168900	2023-03-15	21580119	13:47:00	EndoS	Endosulfansulfaat	<	1	ng/L
OW168900	2023-03-15	21580119	13:47:00	Endrin	Endrin	<	0,75	ng/L
OW168900	2023-03-15	21580119	13:47:00	Etfum	Ethofumesaat	=	8,9	ng/L
OW168900	2023-03-15	21580119	13:47:00	Ethopfos	Ethoprofos	<	2,5	ng/L
OW168900	2023-03-15	21580119	13:47:00	F- o	Fluoride	=	0,24	mg/L
OW168900	2023-03-15	21580119	13:47:00	Fe o	Ijzer	=	25	µg/L
OW168900	2023-03-15	21580119	13:47:00	Fe t	Ijzer	=	2630	µg/L
OW168900	2023-03-15	21580119	13:47:00	Fen	Fenantreen	=	74	ng/L
OW168900	2023-03-15	21580119	13:47:00	Fenithion	Fenitrothion	<	1,5	ng/L
OW168900	2023-03-15	21580119	13:47:00	Fenthion	Fenthion	<	2,5	ng/L
OW168900	2023-03-15	21580119	13:47:00	Feofyt a	Feofytine a	=	10,6	µg/L
OW168900	2023-03-15	21580119	13:47:00	Flu	Fluorantheen	=	95	ng/L
OW168900	2023-03-15	21580119	13:47:00	Flucet	Flufenacet	=	60	ng/L
OW168900	2023-03-15	21580119	13:47:00	Fluoreen	Fluoreen	=	34	ng/L
OW168900	2023-03-15	21580119	13:47:00	Fonofos	Fonofos	<	2	ng/L
OW168900	2023-03-15	21580119	13:47:00	gHCH	gamma-Hexachloorcyclohexaan	<	1,5	ng/L
OW168900	2023-03-15	21580119	13:47:00	H t	Hardheid	=	29	°F
OW168900	2023-03-15	21580119	13:47:00	HCBdn	Hexachloorbutadieen	<	1	ng/L
OW168900	2023-03-15	21580119	13:47:00	HCBz	Hexachloorbenzeen	<	1,5	ng/L
OW168900	2023-03-15	21580119	13:47:00	HCH	Hexachloorcyclohexaan, alle isomeren	<	3,75	ng/L
OW168900	2023-03-15	21580119	13:47:00	Hexazinon	Hexazinon	<	10	ng/L
OW168900	2023-03-15	21580119	13:47:00	Hg o	Kwik	<	0,025	µg/L
OW168900	2023-03-15	21580119	13:47:00	Hg t	Kwik	<	0,05	µg/L
OW168900	2023-03-15	21580119	13:47:00	HpC	Heptachloor	<	1	ng/L
OW168900	2023-03-15	21580119	13:47:00	HpC+Epx	Heptachloor+epoxyde	<	4	ng/L
OW168900	2023-03-15	21580119	13:47:00	Imcloprid	Imidacloprid	=	5	ng/L
OW168900	2023-03-15	21580119	13:47:00	IP	Indeno(1,2,3-cd)pyreen	=	26	ng/L
OW168900	2023-03-15	21580119	13:47:00	Iproturon	Isoproturon	<	5	ng/L
OW168900	2023-03-15	21580119	13:47:00	Isodrin	Isodrin	<	0,375	ng/L
OW168900	2023-03-15	21580119	13:47:00	K o	Kalium	=	10600	µg/L
OW168900	2023-03-15	21580119	13:47:00	KjN	Kjeldahlstikstof	=	1,296	mgN/L
OW168900	2023-03-15	21580119	13:47:00	Linuron	Linuron	<	5	ng/L
OW168900	2023-03-15	21580119	13:47:00	Malathion	Malathion	<	2,5	ng/L
OW168900	2023-03-15	21580119	13:47:00	Mbromuron	Metobromuron	<	10	ng/L
OW168900	2023-03-15	21580119	13:47:00	mBthiaz	Metabenzthiazuron	<	5	ng/L
OW168900	2023-03-15	21580119	13:47:00	Metaza	Metazachloor	<	10	ng/L
OW168900	2023-03-15	21580119	13:47:00	Metbuzin	Metribuzin	=	7,3	ng/L
OW168900	2023-03-15	21580119	13:47:00	Metcarb	Methiocarb	<	4,5	ng/L
OW168900	2023-03-15	21580119	13:47:00	Methidat	Methidation	<	3,5	ng/L
OW168900	2023-03-15	21580119	13:47:00	Metola	Metolachloor	=	12	ng/L
OW168900	2023-03-15	21580119	13:47:00	Metoxur	Metoxuron	<	5	ng/L
OW168900	2023-03-15	21580119	13:47:00	Mevinfos	Mevinfos	<	2	ng/L
OW168900	2023-03-15	21580119	13:47:00	Mg o	Magnesium	=	10600	µg/L
OW168900	2023-03-15	21580119	13:47:00	Mlinuron	Monolinuron	<	5	ng/L
OW168900	2023-03-15	21580119	13:47:00	Mmitron	Metamitron	<	5	ng/L
OW168900	2023-03-15	21580119	13:47:00	Mn o	Mangaan	=	52	µg/L
OW168900	2023-03-15	21580119	13:47:00	Mn t	Mangaan	=	145	µg/L
OW168900	2023-03-15	21580119	13:47:00	Mo o	Molybdeen	<	2,5	µg/L
OW168900	2023-03-15	21580119	13:47:00	Mo t	Molybdeen	<	2,5	µg/L
OW168900	2023-03-15	21580119	13:47:00	MxyC	Methoxychloor	<	1	ng/L
OW168900	2023-03-15	21580119	13:47:00	N t	Stikstof	=	8,5	mgN/L
OW168900	2023-03-15	21580119	13:47:00	N+N	Nitraat+nitriet	=	7,204	mgN/L
OW168900	2023-03-15	21580119	13:47:00	N+N+N	Nitraat+nitriet+ammonium	=	7,794	mgN/L
OW168900	2023-03-15	21580119	13:47:00	Na o	Natrium	=	35400	µg/L
OW168900	2023-03-15	21580119	13:47:00	Naft	Naftaleen	=	45	ng/L
OW168900	2023-03-15	21580119	13:47:00	NH4+	Ammonium	=	0,59	mgN/L
OW168900	2023-03-15	21580119	13:47:00	Ni o	Nikkel	<	3,2	µg/L
OW168900	2023-03-15	21580119	13:47:00	Ni t	Nikkel	=	5,8	µg/L
OW168900	2023-03-15	21580119	13:47:00	NO2-	Nitriet	=	0,104	mgN/L
OW168900	2023-03-15	21580119	13:47:00	NO3-	Nitraat	=	7,1	mgN/L
OW168900	2023-03-15	21580119	13:47:00	O2	Zuurstof	=	9,34	mg/L
OW168900	2023-03-15	21580119	13:47:00	O2 verz	Zuurstof	=	81,5	%
OW168900	2023-03-15	21580119	13:47:00	OCP t	Organochloorpesticiden, totaal	<	17	ng/L
OW168900	2023-03-15	21580119	13:47:00	oPO4 f	Orthofosfaat	=	0,247	mgP/L
OW168900	2023-03-15	21580119	13:47:00	Oxadiazon	Oxadiazon	<	3	ng/L
OW168900	2023-03-15	21580119	13:47:00	P t	Fosfor	=	0,478	mgP/L
OW168900	2023-03-15	21580119	13:47:00	PAK 10	Polyaromatische KWS (10 Vrom)	=	418	ng/L
OW168900	2023-03-15	21580119	13:47:00	PAK 6	Polyaromatische KWS (6 Borneff)	=	238	ng/L
OW168900	2023-03-15	21580119	13:47:00	PathionEy	Parathion-ethyl	<	1	ng/L
OW168900	2023-03-15	21580119	13:47:00	PathionMy	Parathion-methyl	<	1,5	ng/L
OW168900	2023-03-15	21580119	13:47:00	Pb o	Lood	<	1,25	µg/L
OW168900	2023-03-15	21580119	13:47:00	Pb t	Lood	=	7,13	µg/L
OW168900	2023-03-15	21580119	13:47:00	PCB 101	2,2',4,5,5'-Pentachloorbifenyl (PCB101)	=	1,14	ng/L
OW168900	2023-03-15	21580119	13:47:00	PCB 118	2,3',4,4',5-Pentachloorbifenyl (PCB118)	<	1	ng/L
OW168900	2023-03-15	21580119	13:47:00	PCB 138	2,2',3,4,4',5'-Hexachloorbifenyl (PCB138)	=	2,06	ng/L
OW168900	2023-03-15	21580119	13:47:00	PCB 153	2,2',4,4',5,5'-Hexachloorbifenyl (PCB153)	=	2,16	ng/L
OW168900	2023-03-15	21580119	13:47:00	PCB 180	2,2',3,4,4',5,5'-Heptachloorbifenyl (PCB180)	=	1,42	ng/L
OW168900	2023-03-15	21580119	13:47:00	PCB 28	2,4,4'-Trichloorbifenyl (PCB28)	<	0,5	ng/L
OW168900	2023-03-15	21580119	13:47:00	PCB 52	2,2',5,5'-Tetrachloorbifenyl (PCB52)	<	1	ng/L
OW168900	2023-03-15	21580119	13:47:00	PCB t	Polychloorbifenyl, totaal	<	9,28	ng/L
OW168900	2023-03-15	21580119	13:47:00	PCBz	Pentachloorbenzeen	<	1,5	ng/L
OW168900	2023-03-15	21580119	13:47:00	PCNiBz	Pentachloornitrobenzeen	<	2	ng/L
OW168900	2023-03-15	21580119	13:47:00	pH	pH	=	7,78	-
OW168900	2023-03-15	21580119	13:47:00	Picarb	Pirimicarb	<	5	ng/L
OW168900	2023-03-15	21580119	13:47:00	PirfosMy	Pirimifos-methyl	<	3,5	ng/L
OW168900	2023-03-15	21580119	13:47:00	Prochloor	Propachloor	<	10	ng/L
OW168900	2023-03-15	21580119	13:47:00	Prometryn	Prometryn	<	10	ng/L
OW168900	2023-03-15	21580119	13:47:00	Propanil	Propanil	<	25	ng/L
OW168900	2023-03-15	21580119	13:47:00	Propaz	Propazine	<	10	ng/L
OW168900	2023-03-15	21580119	13:47:00	Proscarb	Prosulfocarb	<	100	ng/L
OW168900	2023-03-15	21580119	13:47:00	Pyr	Pyreen	=	75	ng/L
OW168900	2023-03-15	21580119	13:47:00	Quinofen	Quinoxyfen	<	1	ng/L
OW168900	2023-03-15	21580119	13:47:00	Sb o	Antimoon	<	1,5	µg/L
OW168900	2023-03-15	21580119	13:47:00	Sb t	Antimoon	<	1,5	µg/L
OW168900	2023-03-15	21580119	13:47:00	Se o	Seleen	<	1,5	µg/L
OW168900	2023-03-15	21580119	13:47:00	Se t	Seleen	<	1,5	µg/L
OW168900	2023-03-15	21580119	13:47:00	Sebutylaz	Sebutylazine	<	10	ng/L
OW168900	2023-03-15	21580119	13:47:00	Secchi	Doorzichtigheid	=	25	cm
OW168900	2023-03-15	21580119	13:47:00	Simaz	Simazine	<	5	ng/L
OW168900	2023-03-15	21580119	13:47:00	SiO2 o	Silicaat	=	11	mgSiO2/L
OW168900	2023-03-15	21580119	13:47:00	Sn o	Tin	<	1,5	µg/L
OW168900	2023-03-15	21580119	13:47:00	Sn t	Tin	<	1,5	µg/L
OW168900	2023-03-15	21580119	13:47:00	SO4=	Sulfaat	=	78	mg/L
OW168900	2023-03-15	21580119	13:47:00	T	Temperatuur	=	9,3	°C
OW168900	2023-03-15	21580119	13:47:00	TAM	Alkaliniteit met methyloranje	=	4,3	meq/L
OW168900	2023-03-15	21580119	13:47:00	TBySn	Tributyltin	=	0,078	ngSn/L
OW168900	2023-03-15	21580119	13:47:00	tCdaan	trans-Chloordaan	<	0,5	ng/L
OW168900	2023-03-15	21580119	13:47:00	TclofosMy	Tolclofos-methyl	<	2,5	ng/L
OW168900	2023-03-15	21580119	13:47:00	Te o	Telluur	<	2,5	µg/L
OW168900	2023-03-15	21580119	13:47:00	Te t	Telluur	<	2,5	µg/L
OW168900	2023-03-15	21580119	13:47:00	Telodrin	Telodrin	<	1	ng/L
OW168900	2023-03-15	21580119	13:47:00	Terbufos	Terbufos	<	2,5	ng/L
OW168900	2023-03-15	21580119	13:47:00	Terbutryn	Terbutryn	<	10	ng/L
OW168900	2023-03-15	21580119	13:47:00	Tfluralin	Trifluralin	<	2	ng/L
OW168900	2023-03-15	21580119	13:47:00	TFySn	Trifenyltin	<	0,035	ngSn/L
OW168900	2023-03-15	21580119	13:47:00	TFySn som	Trifenyltinacetaat, chloride, hydroxide	<	0,035	ngSn/L
OW168900	2023-03-15	21580119	13:47:00	Thiacloprid	Thiacloprid	<	2,5	ng/L
OW168900	2023-03-15	21580119	13:47:00	tHpCEpx	trans-Heptachloorepoxyde	<	2	ng/L
OW168900	2023-03-15	21580119	13:47:00	Ti o	Titaan	<	2	µg/L
OW168900	2023-03-15	21580119	13:47:00	Ti t	Titaan	=	45	µg/L
OW168900	2023-03-15	21580119	13:47:00	Tl o	Thallium	<	0,2	µg/L
OW168900	2023-03-15	21580119	13:47:00	Tl t	Thallium	<	0,2	µg/L
OW168900	2023-03-15	21580119	13:47:00	Tmethoxam	Thiamethoxam	<	5	ng/L
OW168900	2023-03-15	21580119	13:47:00	TrByaz	Terbutylazine	<	10	ng/L
OW168900	2023-03-15	21580119	13:47:00	Triazofos	Triazofos	<	2	ng/L
OW168900	2023-03-15	21580119	13:47:00	TtBySn	Tetrabutyltin	<	0,035	ngSn/L
OW168900	2023-03-15	21580119	13:47:00	U o	Uranium	=	1,28	µg/L
OW168900	2023-03-15	21580119	13:47:00	U t	Uranium	=	1,44	µg/L
OW168900	2023-03-15	21580119	13:47:00	V o	Vanadium	<	3	µg/L
OW168900	2023-03-15	21580119	13:47:00	V t	Vanadium	=	6,6	µg/L
OW168900	2023-03-15	21580119	13:47:00	Zn o	Zink	<	7,5	µg/L
OW168900	2023-03-15	21580119	13:47:00	Zn t	Zink	=	46	µg/L
OW168900	2023-03-15	21580119	13:47:00	ZS	Zwevende stoffen	=	48	mg/L
OW168900	2023-04-05	21581309	12:23:00	1234CBz	1,2,3,4-Tetrachloorbenzeen	<	1	ng/L
OW168900	2023-04-05	21581309	12:23:00	1235+1245CBz	1,2,3,5+1,2,4,5-Tetrachloorbenzeen	<	1,5	ng/L
OW168900	2023-04-05	21581309	12:23:00	2356CNiBz	2,3,5,6-Tetrachloornitrobenzeen	<	2	ng/L
OW168900	2023-04-05	21581309	12:23:00	24DDD	op'Dichloordifenyldichloorethaan	<	1	ng/L
OW168900	2023-04-05	21581309	12:23:00	24DDE	op'Dichloordifenyldichlooretheen	<	1	ng/L
OW168900	2023-04-05	21581309	12:23:00	24DDT	op'Dichloordifenyltrichloorethaan	<	1	ng/L
OW168900	2023-04-05	21581309	12:23:00	2hAtraz	2-Hydroxy-atrazine	<	5	ng/L
OW168900	2023-04-05	21581309	12:23:00	44DDD	pp'Dichloordifenyldichloorethaan	<	1	ng/L
OW168900	2023-04-05	21581309	12:23:00	44DDE	pp'Dichloordifenyldichlooretheen	<	1	ng/L
OW168900	2023-04-05	21581309	12:23:00	44DDT	pp'Dichloordifenyltrichloorethaan	<	1	ng/L
OW168900	2023-04-05	21581309	12:23:00	a+b+d+gHCHS	alfa+beta+gamma+delta Hexachloorcyclohexaan	<	3,75	ng/L
OW168900	2023-04-05	21581309	12:23:00	a+bEndoS	alfa+beta Endosulfan	<	2	ng/L
OW168900	2023-04-05	21581309	12:23:00	Acenaft	Acenafteen	=	10	ng/L
OW168900	2023-04-05	21581309	12:23:00	Acenaftyl	Acenaftyleen	<	5	ng/L
OW168900	2023-04-05	21581309	12:23:00	Acetamiprid	Acetamiprid	<	2,5	ng/L
OW168900	2023-04-05	21581309	12:23:00	Aclonifen	Aclonifen	<	5	ng/L
OW168900	2023-04-05	21581309	12:23:00	ADEIdrin	Aldrin+Dieldrin+Endrin+Isodrin	<	2,125	ng/L
OW168900	2023-04-05	21581309	12:23:00	aEndo	alfa-Endosulfan	<	1	ng/L
OW168900	2023-04-05	21581309	12:23:00	Ag o	Zilver	<	0,05	µg/L
OW168900	2023-04-05	21581309	12:23:00	Ag t	Zilver	<	0,05	µg/L
OW168900	2023-04-05	21581309	12:23:00	aHCH	alfa-Hexachloorcyclohexaan	<	0,75	ng/L
OW168900	2023-04-05	21581309	12:23:00	Al o	Aluminium	<	150	µg/L
OW168900	2023-04-05	21581309	12:23:00	Alachloor	Alachloor	<	10	ng/L
OW168900	2023-04-05	21581309	12:23:00	Aldrin	Aldrin	<	0,375	ng/L
OW168900	2023-04-05	21581309	12:23:00	Ant	Anthraceen	<	10	ng/L
OW168900	2023-04-05	21581309	12:23:00	As o	Arseen	=	1,38	µg/L
OW168900	2023-04-05	21581309	12:23:00	As t	Arseen	=	2,05	µg/L
OW168900	2023-04-05	21581309	12:23:00	Atraz	Atrazine	<	10	ng/L
OW168900	2023-04-05	21581309	12:23:00	AzinfosEy	Azinfos-ethyl	<	1,5	ng/L
OW168900	2023-04-05	21581309	12:23:00	AzinfosMy	Azinfos-methyl	<	1	ng/L
OW168900	2023-04-05	21581309	12:23:00	B o	Boor	=	64	µg/L
OW168900	2023-04-05	21581309	12:23:00	B t	Boor	=	67	µg/L
OW168900	2023-04-05	21581309	12:23:00	B(a)A	Benzo(a)anthraceen	=	10	ng/L
OW168900	2023-04-05	21581309	12:23:00	B(a)P	Benzo(a)pyreen	=	11	ng/L
OW168900	2023-04-05	21581309	12:23:00	B(b)Flu	Benzo(b)fluorantheen	=	16	ng/L
OW168900	2023-04-05	21581309	12:23:00	B(ghi)Pe	Benzo(g,h,i)peryleen	=	11	ng/L
OW168900	2023-04-05	21581309	12:23:00	B(k)Flu	Benzo(k)fluorantheen	<	10	ng/L
OW168900	2023-04-05	21581309	12:23:00	Ba o	Barium	=	28	µg/L
OW168900	2023-04-05	21581309	12:23:00	Ba t	Barium	=	39	µg/L
OW168900	2023-04-05	21581309	12:23:00	BAM	2,6-Dichloorbenzamide	=	149	ng/L
OW168900	2023-04-05	21581309	12:23:00	Be o	Beryllium	<	0,15	µg/L
OW168900	2023-04-05	21581309	12:23:00	Be t	Beryllium	<	0,15	µg/L
OW168900	2023-04-05	21581309	12:23:00	bEndo	beta-Endosulfan	<	1	ng/L
OW168900	2023-04-05	21581309	12:23:00	BFlu som	PAK benzo(b+k)fluorantheen (b)	<	26	ng/L
OW168900	2023-04-05	21581309	12:23:00	bHCH	beta-Hexachloorcyclohexaan	<	0,75	ng/L
OW168900	2023-04-05	21581309	12:23:00	Bifenox	Bifenox	<	2	ng/L
OW168900	2023-04-05	21581309	12:23:00	BPe + IP som	PAK Benzo(g,h,i)peryleen + Indeno(1,2,3-cd)pyreen	<	21	ng/L
OW168900	2023-04-05	21581309	12:23:00	BrfosEy	Bromofos-ethyl	<	2,5	ng/L
OW168900	2023-04-05	21581309	12:23:00	BrfosMy	Bromofos-methyl	<	1,5	ng/L
OW168900	2023-04-05	21581309	12:23:00	Bromacil	Bromacil	<	10	ng/L
OW168900	2023-04-05	21581309	12:23:00	BZV5	Biochemisch zuurstofverbruik na 5d.	<	2	mgO2/L
OW168900	2023-04-05	21581309	12:23:00	Ca o	Calcium	=	105000	µg/L
OW168900	2023-04-05	21581309	12:23:00	Carbdzim	Carbendazim	<	10	ng/L
OW168900	2023-04-05	21581309	12:23:00	Cartamid	Carbetamide	<	10	ng/L
OW168900	2023-04-05	21581309	12:23:00	Cbromuron	Chloorbromuron	<	15	ng/L
OW168900	2023-04-05	21581309	12:23:00	cCdaan	cis-Chloordaan	<	0,5	ng/L
OW168900	2023-04-05	21581309	12:23:00	Cd o	Cadmium	<	0,05	µg/L
OW168900	2023-04-05	21581309	12:23:00	Cd t	Cadmium	<	0,2	µg/L
OW168900	2023-04-05	21581309	12:23:00	Cdaan	Chloordaan	<	1	ng/L
OW168900	2023-04-05	21581309	12:23:00	Cdazon	Chloridazon	<	5	ng/L
OW168900	2023-04-05	21581309	12:23:00	Cfvinfos	Chloorfenvinfos	<	1,5	ng/L
OW168900	2023-04-05	21581309	12:23:00	cHpCEpx	cis-Heptachloorepoxyde	<	1	ng/L
OW168900	2023-04-05	21581309	12:23:00	Chr	Chryseen	=	26	ng/L
OW168900	2023-04-05	21581309	12:23:00	Cl-	Chloride	=	51,4	mg/L
OW168900	2023-04-05	21581309	12:23:00	Clfyl a	Chlorofyl a	=	5,6	µg/L
OW168900	2023-04-05	21581309	12:23:00	Clotidine	Clothianidine	<	5	ng/L
OW168900	2023-04-05	21581309	12:23:00	Co o	Kobalt	=	0,45	µg/L
OW168900	2023-04-05	21581309	12:23:00	Co t	Kobalt	=	0,95	µg/L
OW168900	2023-04-05	21581309	12:23:00	CpfosEy	Chloorpyrifos-ethyl	<	2	ng/L
OW168900	2023-04-05	21581309	12:23:00	CpfosMy	Chloorpyrifos-methyl	<	1,5	ng/L
OW168900	2023-04-05	21581309	12:23:00	Cprofam	Chloorprofam	<	4	ng/L
OW168900	2023-04-05	21581309	12:23:00	Cr o	Chroom	<	1,5	µg/L
OW168900	2023-04-05	21581309	12:23:00	Cr t	Chroom	=	4,61	µg/L
OW168900	2023-04-05	21581309	12:23:00	Ctoluron	Chloortoluron	=	26	ng/L
OW168900	2023-04-05	21581309	12:23:00	Cu o	Koper	<	4	µg/L
OW168900	2023-04-05	21581309	12:23:00	Cu t	Koper	=	6,9	µg/L
OW168900	2023-04-05	21581309	12:23:00	Cumafos	Cumafos	<	2,5	ng/L
OW168900	2023-04-05	21581309	12:23:00	Cyanaz	Cyanazine	<	5	ng/L
OW168900	2023-04-05	21581309	12:23:00	Cybutrine	Cybutrine	<	1	ng/L
OW168900	2023-04-05	21581309	12:23:00	Cypmethrin	Cypermethrin	<	3	ng/L
OW168900	2023-04-05	21581309	12:23:00	CZV	Chemisch zuurstofverbruik	=	18,6	mgO2/L
OW168900	2023-04-05	21581309	12:23:00	DBySn	Dibutyltin	=	0,42	ngSn/L
OW168900	2023-04-05	21581309	12:23:00	DBySn som	Dibutyltinverbindingen	=	0,42	ngSn/L
OW168900	2023-04-05	21581309	12:23:00	dBz(ah)An	Dibenzo(a,h)anthraceen	<	5	ng/L
OW168900	2023-04-05	21581309	12:23:00	DCvos	Dichloorvos	<	0,5	ng/L
OW168900	2023-04-05	21581309	12:23:00	DDT t	DDT, totaal	<	4	ng/L
OW168900	2023-04-05	21581309	12:23:00	Demeton	Demeton	<	4,5	ng/L
OW168900	2023-04-05	21581309	12:23:00	DEyatraz	Desethylatrazine	<	10	ng/L
OW168900	2023-04-05	21581309	12:23:00	DEytByaz	Desethylterbutylazine	<	10	ng/L
OW168900	2023-04-05	21581309	12:23:00	Dflucan	Diflufenican	=	32	ng/L
OW168900	2023-04-05	21581309	12:23:00	dHCH	delta-Hexachloorcyclohexaan	<	0,75	ng/L
OW168900	2023-04-05	21581309	12:23:00	Diazinon	Diazinon	<	2	ng/L
OW168900	2023-04-05	21581309	12:23:00	Dieldrin	Dieldrin	<	1	ng/L
OW168900	2023-04-05	21581309	12:23:00	DiMetamid	Dimethenamid	<	10	ng/L
OW168900	2023-04-05	21581309	12:23:00	DiMetmorf	Dimethomorf	=	10	ng/L
OW168900	2023-04-05	21581309	12:23:00	DiPyatraz	Desisopropylatrazine	<	10	ng/L
OW168900	2023-04-05	21581309	12:23:00	Diuron	Diuron	<	5	ng/L
OW168900	2023-04-05	21581309	12:23:00	Dmetoat	Dimethoaat	<	6	ng/L
OW168900	2023-04-05	21581309	12:23:00	DOC	Koolstof	=	6,6	mgC/L
OW168900	2023-04-05	21581309	12:23:00	Dsulfoton	Disulfoton	<	4,5	ng/L
OW168900	2023-04-05	21581309	12:23:00	EC 20	Geleidbaarheid (20°C)	=	691	µS/cm
OW168900	2023-04-05	21581309	12:23:00	EC 25	Geleidbaarheid (25°C)	=	756,9905	µS/cm
OW168900	2023-04-05	21581309	12:23:00	EndoS	Endosulfansulfaat	<	1	ng/L
OW168900	2023-04-05	21581309	12:23:00	Endrin	Endrin	<	0,375	ng/L
OW168900	2023-04-05	21581309	12:23:00	Etfum	Ethofumesaat	=	20	ng/L
OW168900	2023-04-05	21581309	12:23:00	Ethopfos	Ethoprofos	<	2,5	ng/L
OW168900	2023-04-05	21581309	12:23:00	F- o	Fluoride	=	0,245	mg/L
OW168900	2023-04-05	21581309	12:23:00	Fe o	Ijzer	<	25	µg/L
OW168900	2023-04-05	21581309	12:23:00	Fe t	Ijzer	=	1360	µg/L
OW168900	2023-04-05	21581309	12:23:00	Fen	Fenantreen	=	32	ng/L
OW168900	2023-04-05	21581309	12:23:00	Fenithion	Fenitrothion	<	1,5	ng/L
OW168900	2023-04-05	21581309	12:23:00	Fenthion	Fenthion	<	2,5	ng/L
OW168900	2023-04-05	21581309	12:23:00	Feofyt a	Feofytine a	=	6,5	µg/L
OW168900	2023-04-05	21581309	12:23:00	Flu	Fluorantheen	=	37	ng/L
OW168900	2023-04-05	21581309	12:23:00	Flucet	Flufenacet	=	31	ng/L
OW168900	2023-04-05	21581309	12:23:00	Fluoreen	Fluoreen	=	10	ng/L
OW168900	2023-04-05	21581309	12:23:00	Fonofos	Fonofos	<	2	ng/L
OW168900	2023-04-05	21581309	12:23:00	gHCH	gamma-Hexachloorcyclohexaan	<	1,5	ng/L
OW168900	2023-04-05	21581309	12:23:00	H t	Hardheid	=	30	°F
OW168900	2023-04-05	21581309	12:23:00	HCBdn	Hexachloorbutadieen	<	1	ng/L
OW168900	2023-04-05	21581309	12:23:00	HCBz	Hexachloorbenzeen	<	1,5	ng/L
OW168900	2023-04-05	21581309	12:23:00	HCH	Hexachloorcyclohexaan, alle isomeren	<	3,75	ng/L
OW168900	2023-04-05	21581309	12:23:00	Hexazinon	Hexazinon	<	10	ng/L
OW168900	2023-04-05	21581309	12:23:00	Hg o	Kwik	<	0,025	µg/L
OW168900	2023-04-05	21581309	12:23:00	Hg t	Kwik	<	0,025	µg/L
OW168900	2023-04-05	21581309	12:23:00	HpC	Heptachloor	<	1	ng/L
OW168900	2023-04-05	21581309	12:23:00	HpC+Epx	Heptachloor+epoxyde	<	4	ng/L
OW168900	2023-04-05	21581309	12:23:00	Imcloprid	Imidacloprid	=	6	ng/L
OW168900	2023-04-05	21581309	12:23:00	IP	Indeno(1,2,3-cd)pyreen	<	10	ng/L
OW168900	2023-04-05	21581309	12:23:00	Iproturon	Isoproturon	<	5	ng/L
OW168900	2023-04-05	21581309	12:23:00	Isodrin	Isodrin	<	0,375	ng/L
OW168900	2023-04-05	21581309	12:23:00	K o	Kalium	=	10100	µg/L
OW168900	2023-04-05	21581309	12:23:00	KjN	Kjeldahlstikstof	=	0,879	mgN/L
OW168900	2023-04-05	21581309	12:23:00	Linuron	Linuron	<	5	ng/L
OW168900	2023-04-05	21581309	12:23:00	Malathion	Malathion	<	2,5	ng/L
OW168900	2023-04-05	21581309	12:23:00	Mbromuron	Metobromuron	<	10	ng/L
OW168900	2023-04-05	21581309	12:23:00	mBthiaz	Metabenzthiazuron	<	5	ng/L
OW168900	2023-04-05	21581309	12:23:00	Metaza	Metazachloor	<	5	ng/L
OW168900	2023-04-05	21581309	12:23:00	Metbuzin	Metribuzin	<	6	ng/L
OW168900	2023-04-05	21581309	12:23:00	Metcarb	Methiocarb	<	4,5	ng/L
OW168900	2023-04-05	21581309	12:23:00	Methidat	Methidation	<	3,5	ng/L
OW168900	2023-04-05	21581309	12:23:00	Metola	Metolachloor	=	14	ng/L
OW168900	2023-04-05	21581309	12:23:00	Metoxur	Metoxuron	<	5	ng/L
OW168900	2023-04-05	21581309	12:23:00	Mevinfos	Mevinfos	<	2	ng/L
OW168900	2023-04-05	21581309	12:23:00	Mg o	Magnesium	=	10200	µg/L
OW168900	2023-04-05	21581309	12:23:00	Mlinuron	Monolinuron	<	5	ng/L
OW168900	2023-04-05	21581309	12:23:00	Mmitron	Metamitron	<	5	ng/L
OW168900	2023-04-05	21581309	12:23:00	Mn o	Mangaan	=	73	µg/L
OW168900	2023-04-05	21581309	12:23:00	Mn t	Mangaan	=	137	µg/L
OW168900	2023-04-05	21581309	12:23:00	Mo o	Molybdeen	<	2,5	µg/L
OW168900	2023-04-05	21581309	12:23:00	Mo t	Molybdeen	<	2,5	µg/L
OW168900	2023-04-05	21581309	12:23:00	MxyC	Methoxychloor	<	1	ng/L
OW168900	2023-04-05	21581309	12:23:00	N t	Stikstof	=	6,8	mgN/L
OW168900	2023-04-05	21581309	12:23:00	N+N	Nitraat+nitriet	=	5,921	mgN/L
OW168900	2023-04-05	21581309	12:23:00	N+N+N	Nitraat+nitriet+ammonium	=	6,381	mgN/L
OW168900	2023-04-05	21581309	12:23:00	Na o	Natrium	=	32600	µg/L
OW168900	2023-04-05	21581309	12:23:00	Naft	Naftaleen	<	20	ng/L
OW168900	2023-04-05	21581309	12:23:00	NH4+	Ammonium	=	0,46	mgN/L
OW168900	2023-04-05	21581309	12:23:00	Ni o	Nikkel	<	3,2	µg/L
OW168900	2023-04-05	21581309	12:23:00	Ni t	Nikkel	=	4,34	µg/L
OW168900	2023-04-05	21581309	12:23:00	NO2-	Nitriet	=	0,121	mgN/L
OW168900	2023-04-05	21581309	12:23:00	NO3-	Nitraat	=	5,8	mgN/L
OW168900	2023-04-05	21581309	12:23:00	O2	Zuurstof	=	8,97	mg/L
OW168900	2023-04-05	21581309	12:23:00	O2 verz	Zuurstof	=	82,6	%
OW168900	2023-04-05	21581309	12:23:00	OCP t	Organochloorpesticiden, totaal	<	16,625	ng/L
OW168900	2023-04-05	21581309	12:23:00	oPO4 f	Orthofosfaat	=	0,208	mgP/L
OW168900	2023-04-05	21581309	12:23:00	Oxadiazon	Oxadiazon	<	3	ng/L
OW168900	2023-04-05	21581309	12:23:00	P t	Fosfor	=	0,368	mgP/L
OW168900	2023-04-05	21581309	12:23:00	PAK 10	Polyaromatische KWS (10 Vrom)	<	177	ng/L
OW168900	2023-04-05	21581309	12:23:00	PAK 6	Polyaromatische KWS (6 Borneff)	<	95	ng/L
OW168900	2023-04-05	21581309	12:23:00	PathionEy	Parathion-ethyl	<	1	ng/L
OW168900	2023-04-05	21581309	12:23:00	PathionMy	Parathion-methyl	<	1,5	ng/L
OW168900	2023-04-05	21581309	12:23:00	Pb o	Lood	<	1,25	µg/L
OW168900	2023-04-05	21581309	12:23:00	Pb t	Lood	=	4,41	µg/L
OW168900	2023-04-05	21581309	12:23:00	PCB 101	2,2',4,5,5'-Pentachloorbifenyl (PCB101)	<	1	ng/L
OW168900	2023-04-05	21581309	12:23:00	PCB 118	2,3',4,4',5-Pentachloorbifenyl (PCB118)	<	1	ng/L
OW168900	2023-04-05	21581309	12:23:00	PCB 138	2,2',3,4,4',5'-Hexachloorbifenyl (PCB138)	=	1,81	ng/L
OW168900	2023-04-05	21581309	12:23:00	PCB 153	2,2',4,4',5,5'-Hexachloorbifenyl (PCB153)	=	1,52	ng/L
OW168900	2023-04-05	21581309	12:23:00	PCB 180	2,2',3,4,4',5,5'-Heptachloorbifenyl (PCB180)	<	1	ng/L
OW168900	2023-04-05	21581309	12:23:00	PCB 28	2,4,4'-Trichloorbifenyl (PCB28)	<	0,5	ng/L
OW168900	2023-04-05	21581309	12:23:00	PCB 52	2,2',5,5'-Tetrachloorbifenyl (PCB52)	<	1	ng/L
OW168900	2023-04-05	21581309	12:23:00	PCB t	Polychloorbifenyl, totaal	<	7,83	ng/L
OW168900	2023-04-05	21581309	12:23:00	PCBz	Pentachloorbenzeen	<	1,5	ng/L
OW168900	2023-04-05	21581309	12:23:00	PCNiBz	Pentachloornitrobenzeen	<	2	ng/L
OW168900	2023-04-05	21581309	12:23:00	pH	pH	=	7,82	-
OW168900	2023-04-05	21581309	12:23:00	Picarb	Pirimicarb	<	5	ng/L
OW168900	2023-04-05	21581309	12:23:00	PirfosMy	Pirimifos-methyl	<	3,5	ng/L
OW168900	2023-04-05	21581309	12:23:00	Prochloor	Propachloor	<	10	ng/L
OW168900	2023-04-05	21581309	12:23:00	Prometryn	Prometryn	<	10	ng/L
OW168900	2023-04-05	21581309	12:23:00	Propanil	Propanil	<	25	ng/L
OW168900	2023-04-05	21581309	12:23:00	Propaz	Propazine	<	10	ng/L
OW168900	2023-04-05	21581309	12:23:00	Proscarb	Prosulfocarb	<	100	ng/L
OW168900	2023-04-05	21581309	12:23:00	Pyr	Pyreen	=	30	ng/L
OW168900	2023-04-05	21581309	12:23:00	Quinofen	Quinoxyfen	<	1	ng/L
OW168900	2023-04-05	21581309	12:23:00	Sb o	Antimoon	<	1,5	µg/L
OW168900	2023-04-05	21581309	12:23:00	Sb t	Antimoon	<	1,5	µg/L
OW168900	2023-04-05	21581309	12:23:00	Se o	Seleen	<	1,5	µg/L
OW168900	2023-04-05	21581309	12:23:00	Se t	Seleen	<	1,5	µg/L
OW168900	2023-04-05	21581309	12:23:00	Sebutylaz	Sebutylazine	<	10	ng/L
OW168900	2023-04-05	21581309	12:23:00	Secchi	Doorzichtigheid	=	50	cm
OW168900	2023-04-05	21581309	12:23:00	Simaz	Simazine	<	5	ng/L
OW168900	2023-04-05	21581309	12:23:00	SiO2 o	Silicaat	=	10	mgSiO2/L
OW168900	2023-04-05	21581309	12:23:00	Sn o	Tin	<	1,5	µg/L
OW168900	2023-04-05	21581309	12:23:00	Sn t	Tin	<	1,5	µg/L
OW168900	2023-04-05	21581309	12:23:00	SO4=	Sulfaat	=	78	mg/L
OW168900	2023-04-05	21581309	12:23:00	T	Temperatuur	=	11,6	°C
OW168900	2023-04-05	21581309	12:23:00	TAM	Alkaliniteit met methyloranje	=	5	meq/L
OW168900	2023-04-05	21581309	12:23:00	TBySn	Tributyltin	=	0,15	ngSn/L
OW168900	2023-04-05	21581309	12:23:00	tCdaan	trans-Chloordaan	<	0,5	ng/L
OW168900	2023-04-05	21581309	12:23:00	TclofosMy	Tolclofos-methyl	<	2,5	ng/L
OW168900	2023-04-05	21581309	12:23:00	Te o	Telluur	<	2,5	µg/L
OW168900	2023-04-05	21581309	12:23:00	Te t	Telluur	<	2,5	µg/L
OW168900	2023-04-05	21581309	12:23:00	Telodrin	Telodrin	<	1	ng/L
OW168900	2023-04-05	21581309	12:23:00	Terbufos	Terbufos	<	2,5	ng/L
OW168900	2023-04-05	21581309	12:23:00	Terbutryn	Terbutryn	<	10	ng/L
OW168900	2023-04-05	21581309	12:23:00	Tfluralin	Trifluralin	<	2	ng/L
OW168900	2023-04-05	21581309	12:23:00	TFySn	Trifenyltin	<	0,035	ngSn/L
OW168900	2023-04-05	21581309	12:23:00	TFySn som	Trifenyltinacetaat, chloride, hydroxide	<	0,035	ngSn/L
OW168900	2023-04-05	21581309	12:23:00	Thiacloprid	Thiacloprid	<	2,5	ng/L
OW168900	2023-04-05	21581309	12:23:00	tHpCEpx	trans-Heptachloorepoxyde	<	2	ng/L
OW168900	2023-04-05	21581309	12:23:00	Ti o	Titaan	<	2	µg/L
OW168900	2023-04-05	21581309	12:23:00	Ti t	Titaan	=	21,6	µg/L
OW168900	2023-04-05	21581309	12:23:00	Tl o	Thallium	<	0,2	µg/L
OW168900	2023-04-05	21581309	12:23:00	Tl t	Thallium	=	0,217	µg/L
OW168900	2023-04-05	21581309	12:23:00	Tmethoxam	Thiamethoxam	<	5	ng/L
OW168900	2023-04-05	21581309	12:23:00	TrByaz	Terbutylazine	<	5	ng/L
OW168900	2023-04-05	21581309	12:23:00	Triazofos	Triazofos	<	2	ng/L
OW168900	2023-04-05	21581309	12:23:00	TtBySn	Tetrabutyltin	<	0,035	ngSn/L
OW168900	2023-04-05	21581309	12:23:00	U o	Uranium	=	1,23	µg/L
OW168900	2023-04-05	21581309	12:23:00	U t	Uranium	=	1,41	µg/L
OW168900	2023-04-05	21581309	12:23:00	V o	Vanadium	<	3	µg/L
OW168900	2023-04-05	21581309	12:23:00	V t	Vanadium	=	4,39	µg/L
OW168900	2023-04-05	21581309	12:23:00	Zn o	Zink	<	7,5	µg/L
OW168900	2023-04-05	21581309	12:23:00	Zn t	Zink	=	30,7	µg/L
OW168900	2023-04-05	21581309	12:23:00	ZS	Zwevende stoffen	=	7,7	mg/L
OW168900	2023-05-10	21583187	12:11:00	1234CBz	1,2,3,4-Tetrachloorbenzeen	<	1	ng/L
OW168900	2023-05-10	21583187	12:11:00	1235+1245CBz	1,2,3,5+1,2,4,5-Tetrachloorbenzeen	<	1,5	ng/L
OW168900	2023-05-10	21583187	12:11:00	2356CNiBz	2,3,5,6-Tetrachloornitrobenzeen	<	2	ng/L
OW168900	2023-05-10	21583187	12:11:00	24DDD	op'Dichloordifenyldichloorethaan	<	1	ng/L
OW168900	2023-05-10	21583187	12:11:00	24DDE	op'Dichloordifenyldichlooretheen	<	1	ng/L
OW168900	2023-05-10	21583187	12:11:00	24DDT	op'Dichloordifenyltrichloorethaan	<	1	ng/L
OW168900	2023-05-10	21583187	12:11:00	2hAtraz	2-Hydroxy-atrazine	<	5	ng/L
OW168900	2023-05-10	21583187	12:11:00	44DDD	pp'Dichloordifenyldichloorethaan	<	1	ng/L
OW168900	2023-05-10	21583187	12:11:00	44DDE	pp'Dichloordifenyldichlooretheen	<	1	ng/L
OW168900	2023-05-10	21583187	12:11:00	44DDT	pp'Dichloordifenyltrichloorethaan	<	1	ng/L
OW168900	2023-05-10	21583187	12:11:00	a+b+d+gHCHS	alfa+beta+gamma+delta Hexachloorcyclohexaan	<	3,75	ng/L
OW168900	2023-05-10	21583187	12:11:00	a+bEndoS	alfa+beta Endosulfan	<	2	ng/L
OW168900	2023-05-10	21583187	12:11:00	Acenaft	Acenafteen	=	11	ng/L
OW168900	2023-05-10	21583187	12:11:00	Acenaftyl	Acenaftyleen	<	5	ng/L
OW168900	2023-05-10	21583187	12:11:00	Acetamiprid	Acetamiprid	<	2,5	ng/L
OW168900	2023-05-10	21583187	12:11:00	Aclonifen	Aclonifen	=	23,3	ng/L
OW168900	2023-05-10	21583187	12:11:00	ADEIdrin	Aldrin+Dieldrin+Endrin+Isodrin	<	2,125	ng/L
OW168900	2023-05-10	21583187	12:11:00	aEndo	alfa-Endosulfan	<	1	ng/L
OW168900	2023-05-10	21583187	12:11:00	Ag o	Zilver	<	0,05	µg/L
OW168900	2023-05-10	21583187	12:11:00	Ag t	Zilver	<	0,05	µg/L
OW168900	2023-05-10	21583187	12:11:00	aHCH	alfa-Hexachloorcyclohexaan	<	0,75	ng/L
OW168900	2023-05-10	21583187	12:11:00	Al o	Aluminium	<	150	µg/L
OW168900	2023-05-10	21583187	12:11:00	Alachloor	Alachloor	<	10	ng/L
OW168900	2023-05-10	21583187	12:11:00	Aldrin	Aldrin	<	0,375	ng/L
OW168900	2023-05-10	21583187	12:11:00	Ant	Anthraceen	<	10	ng/L
OW168900	2023-05-10	21583187	12:11:00	As o	Arseen	=	1,47	µg/L
OW168900	2023-05-10	21583187	12:11:00	As t	Arseen	=	1,91	µg/L
OW168900	2023-05-10	21583187	12:11:00	Atraz	Atrazine	<	10	ng/L
OW168900	2023-05-10	21583187	12:11:00	AzinfosEy	Azinfos-ethyl	<	1,5	ng/L
OW168900	2023-05-10	21583187	12:11:00	AzinfosMy	Azinfos-methyl	<	1	ng/L
OW168900	2023-05-10	21583187	12:11:00	B o	Boor	=	78	µg/L
OW168900	2023-05-10	21583187	12:11:00	B t	Boor	=	69	µg/L
OW168900	2023-05-10	21583187	12:11:00	B(a)A	Benzo(a)anthraceen	=	12	ng/L
OW168900	2023-05-10	21583187	12:11:00	B(a)P	Benzo(a)pyreen	=	13	ng/L
OW168900	2023-05-10	21583187	12:11:00	B(b)Flu	Benzo(b)fluorantheen	=	18	ng/L
OW168900	2023-05-10	21583187	12:11:00	B(ghi)Pe	Benzo(g,h,i)peryleen	=	12	ng/L
OW168900	2023-05-10	21583187	12:11:00	B(k)Flu	Benzo(k)fluorantheen	<	10	ng/L
OW168900	2023-05-10	21583187	12:11:00	Ba o	Barium	=	29	µg/L
OW168900	2023-05-10	21583187	12:11:00	Ba t	Barium	=	38	µg/L
OW168900	2023-05-10	21583187	12:11:00	BAM	2,6-Dichloorbenzamide	=	33	ng/L
OW168900	2023-05-10	21583187	12:11:00	Be o	Beryllium	<	0,15	µg/L
OW168900	2023-05-10	21583187	12:11:00	Be t	Beryllium	<	0,15	µg/L
OW168900	2023-05-10	21583187	12:11:00	bEndo	beta-Endosulfan	<	1	ng/L
OW168900	2023-05-10	21583187	12:11:00	BFlu som	PAK benzo(b+k)fluorantheen (b)	<	28	ng/L
OW168900	2023-05-10	21583187	12:11:00	bHCH	beta-Hexachloorcyclohexaan	<	0,75	ng/L
OW168900	2023-05-10	21583187	12:11:00	Bifenox	Bifenox	<	2	ng/L
OW168900	2023-05-10	21583187	12:11:00	BPe + IP som	PAK Benzo(g,h,i)peryleen + Indeno(1,2,3-cd)pyreen	<	22	ng/L
OW168900	2023-05-10	21583187	12:11:00	BrfosEy	Bromofos-ethyl	<	2,5	ng/L
OW168900	2023-05-10	21583187	12:11:00	BrfosMy	Bromofos-methyl	<	1,5	ng/L
OW168900	2023-05-10	21583187	12:11:00	Bromacil	Bromacil	<	10	ng/L
OW168900	2023-05-10	21583187	12:11:00	BZV5	Biochemisch zuurstofverbruik na 5d.	<	2	mgO2/L
OW168900	2023-05-10	21583187	12:11:00	Ca o	Calcium	=	115000	µg/L
OW168900	2023-05-10	21583187	12:11:00	Carbdzim	Carbendazim	<	10	ng/L
OW168900	2023-05-10	21583187	12:11:00	Cartamid	Carbetamide	=	86	ng/L
OW168900	2023-05-10	21583187	12:11:00	Cbromuron	Chloorbromuron	<	15	ng/L
OW168900	2023-05-10	21583187	12:11:00	cCdaan	cis-Chloordaan	<	0,5	ng/L
OW168900	2023-05-10	21583187	12:11:00	Cd o	Cadmium	<	0,05	µg/L
OW168900	2023-05-10	21583187	12:11:00	Cd t	Cadmium	<	0,2	µg/L
OW168900	2023-05-10	21583187	12:11:00	Cdaan	Chloordaan	<	1	ng/L
OW168900	2023-05-10	21583187	12:11:00	Cdazon	Chloridazon	=	59	ng/L
OW168900	2023-05-10	21583187	12:11:00	Cfvinfos	Chloorfenvinfos	<	1,5	ng/L
OW168900	2023-05-10	21583187	12:11:00	cHpCEpx	cis-Heptachloorepoxyde	<	1	ng/L
OW168900	2023-05-10	21583187	12:11:00	Chr	Chryseen	=	25	ng/L
OW168900	2023-05-10	21583187	12:11:00	Cl-	Chloride	=	69	mg/L
OW168900	2023-05-10	21583187	12:11:00	Clfyl a	Chlorofyl a	=	24,5	µg/L
OW168900	2023-05-10	21583187	12:11:00	Clotidine	Clothianidine	<	2,5	ng/L
OW168900	2023-05-10	21583187	12:11:00	Co o	Kobalt	=	0,39	µg/L
OW168900	2023-05-10	21583187	12:11:00	Co t	Kobalt	=	0,85	µg/L
OW168900	2023-05-10	21583187	12:11:00	CpfosEy	Chloorpyrifos-ethyl	<	2	ng/L
OW168900	2023-05-10	21583187	12:11:00	CpfosMy	Chloorpyrifos-methyl	<	1,5	ng/L
OW168900	2023-05-10	21583187	12:11:00	Cprofam	Chloorprofam	<	4	ng/L
OW168900	2023-05-10	21583187	12:11:00	Cr o	Chroom	<	1,5	µg/L
OW168900	2023-05-10	21583187	12:11:00	Cr t	Chroom	=	5,5	µg/L
OW168900	2023-05-10	21583187	12:11:00	Ctoluron	Chloortoluron	=	24	ng/L
OW168900	2023-05-10	21583187	12:11:00	Cu o	Koper	<	4	µg/L
OW168900	2023-05-10	21583187	12:11:00	Cu t	Koper	=	5,78	µg/L
OW168900	2023-05-10	21583187	12:11:00	Cumafos	Cumafos	<	2,5	ng/L
OW168900	2023-05-10	21583187	12:11:00	Cyanaz	Cyanazine	<	5	ng/L
OW168900	2023-05-10	21583187	12:11:00	Cybutrine	Cybutrine	<	2	ng/L
OW168900	2023-05-10	21583187	12:11:00	Cypmethrin	Cypermethrin	<	3	ng/L
OW168900	2023-05-10	21583187	12:11:00	CZV	Chemisch zuurstofverbruik	=	17	mgO2/L
OW168900	2023-05-10	21583187	12:11:00	DBySn	Dibutyltin	=	0,32	ngSn/L
OW168900	2023-05-10	21583187	12:11:00	DBySn som	Dibutyltinverbindingen	=	0,32	ngSn/L
OW168900	2023-05-10	21583187	12:11:00	dBz(ah)An	Dibenzo(a,h)anthraceen	<	5	ng/L
OW168900	2023-05-10	21583187	12:11:00	DCvos	Dichloorvos	<	0,5	ng/L
OW168900	2023-05-10	21583187	12:11:00	DDT t	DDT, totaal	<	4	ng/L
OW168900	2023-05-10	21583187	12:11:00	DEyatraz	Desethylatrazine	=	12	ng/L
OW168900	2023-05-10	21583187	12:11:00	DEytByaz	Desethylterbutylazine	<	10	ng/L
OW168900	2023-05-10	21583187	12:11:00	Dflucan	Diflufenican	=	28	ng/L
OW168900	2023-05-10	21583187	12:11:00	dHCH	delta-Hexachloorcyclohexaan	<	0,75	ng/L
OW168900	2023-05-10	21583187	12:11:00	Diazinon	Diazinon	<	2	ng/L
OW168900	2023-05-10	21583187	12:11:00	Dieldrin	Dieldrin	<	1	ng/L
OW168900	2023-05-10	21583187	12:11:00	DiMetamid	Dimethenamid	=	70	ng/L
OW168900	2023-05-10	21583187	12:11:00	DiMetmorf	Dimethomorf	<	5	ng/L
OW168900	2023-05-10	21583187	12:11:00	DiPyatraz	Desisopropylatrazine	<	10	ng/L
OW168900	2023-05-10	21583187	12:11:00	Diuron	Diuron	=	12	ng/L
OW168900	2023-05-10	21583187	12:11:00	Dmetoat	Dimethoaat	<	3	ng/L
OW168900	2023-05-10	21583187	12:11:00	DOC	Koolstof	=	6,1	mgC/L
OW168900	2023-05-10	21583187	12:11:00	Dsulfoton	Disulfoton	<	4,5	ng/L
OW168900	2023-05-10	21583187	12:11:00	EC 20	Geleidbaarheid (20°C)	=	789	µS/cm
OW168900	2023-05-10	21583187	12:11:00	EC 25	Geleidbaarheid (25°C)	=	864,3495	µS/cm
OW168900	2023-05-10	21583187	12:11:00	EndoS	Endosulfansulfaat	<	1	ng/L
OW168900	2023-05-10	21583187	12:11:00	Endrin	Endrin	<	0,375	ng/L
OW168900	2023-05-10	21583187	12:11:00	Etfum	Ethofumesaat	=	26	ng/L
OW168900	2023-05-10	21583187	12:11:00	Ethopfos	Ethoprofos	<	2,5	ng/L
OW168900	2023-05-10	21583187	12:11:00	F- o	Fluoride	=	0,235	mg/L
OW168900	2023-05-10	21583187	12:11:00	Fe o	Ijzer	<	25	µg/L
OW168900	2023-05-10	21583187	12:11:00	Fe t	Ijzer	=	990	µg/L
OW168900	2023-05-10	21583187	12:11:00	Fen	Fenantreen	=	34	ng/L
OW168900	2023-05-10	21583187	12:11:00	Fenithion	Fenitrothion	<	1,5	ng/L
OW168900	2023-05-10	21583187	12:11:00	Fenthion	Fenthion	<	2,5	ng/L
OW168900	2023-05-10	21583187	12:11:00	Feofyt a	Feofytine a	=	16	µg/L
OW168900	2023-05-10	21583187	12:11:00	Flu	Fluorantheen	=	39	ng/L
OW168900	2023-05-10	21583187	12:11:00	Flucet	Flufenacet	<	20	ng/L
OW168900	2023-05-10	21583187	12:11:00	Fluoreen	Fluoreen	<	10	ng/L
OW168900	2023-05-10	21583187	12:11:00	Fonofos	Fonofos	<	2	ng/L
OW168900	2023-05-10	21583187	12:11:00	gHCH	gamma-Hexachloorcyclohexaan	<	1,5	ng/L
OW168900	2023-05-10	21583187	12:11:00	H t	Hardheid	=	34	°F
OW168900	2023-05-10	21583187	12:11:00	HCBdn	Hexachloorbutadieen	<	1	ng/L
OW168900	2023-05-10	21583187	12:11:00	HCBz	Hexachloorbenzeen	<	1,5	ng/L
OW168900	2023-05-10	21583187	12:11:00	HCH	Hexachloorcyclohexaan, alle isomeren	<	3,75	ng/L
OW168900	2023-05-10	21583187	12:11:00	Hexazinon	Hexazinon	<	10	ng/L
OW168900	2023-05-10	21583187	12:11:00	Hg o	Kwik	<	0,025	µg/L
OW168900	2023-05-10	21583187	12:11:00	Hg t	Kwik	<	0,025	µg/L
OW168900	2023-05-10	21583187	12:11:00	HpC	Heptachloor	<	1	ng/L
OW168900	2023-05-10	21583187	12:11:00	HpC+Epx	Heptachloor+epoxyde	<	4	ng/L
OW168900	2023-05-10	21583187	12:11:00	Imcloprid	Imidacloprid	=	11	ng/L
OW168900	2023-05-10	21583187	12:11:00	IP	Indeno(1,2,3-cd)pyreen	<	10	ng/L
OW168900	2023-05-10	21583187	12:11:00	Iproturon	Isoproturon	<	10	ng/L
OW168900	2023-05-10	21583187	12:11:00	Isodrin	Isodrin	<	0,375	ng/L
OW168900	2023-05-10	21583187	12:11:00	K o	Kalium	=	13500	µg/L
OW168900	2023-05-10	21583187	12:11:00	KjN	Kjeldahlstikstof	=	1,286	mgN/L
OW168900	2023-05-10	21583187	12:11:00	Linuron	Linuron	<	5	ng/L
OW168900	2023-05-10	21583187	12:11:00	Mbromuron	Metobromuron	=	55	ng/L
OW168900	2023-05-10	21583187	12:11:00	mBthiaz	Metabenzthiazuron	<	5	ng/L
OW168900	2023-05-10	21583187	12:11:00	Metaza	Metazachloor	=	11	ng/L
OW168900	2023-05-10	21583187	12:11:00	Metbuzin	Metribuzin	=	7,1	ng/L
OW168900	2023-05-10	21583187	12:11:00	Metcarb	Methiocarb	<	4,5	ng/L
OW168900	2023-05-10	21583187	12:11:00	Methidat	Methidation	<	3,5	ng/L
OW168900	2023-05-10	21583187	12:11:00	Metola	Metolachloor	=	23	ng/L
OW168900	2023-05-10	21583187	12:11:00	Metoxur	Metoxuron	<	5	ng/L
OW168900	2023-05-10	21583187	12:11:00	Mevinfos	Mevinfos	<	2	ng/L
OW168900	2023-05-10	21583187	12:11:00	Mg o	Magnesium	=	12400	µg/L
OW168900	2023-05-10	21583187	12:11:00	Mlinuron	Monolinuron	<	5	ng/L
OW168900	2023-05-10	21583187	12:11:00	Mmitron	Metamitron	=	280	ng/L
OW168900	2023-05-10	21583187	12:11:00	Mn o	Mangaan	=	34	µg/L
OW168900	2023-05-10	21583187	12:11:00	Mn t	Mangaan	=	108	µg/L
OW168900	2023-05-10	21583187	12:11:00	Mo o	Molybdeen	<	2,5	µg/L
OW168900	2023-05-10	21583187	12:11:00	Mo t	Molybdeen	=	2,72	µg/L
OW168900	2023-05-10	21583187	12:11:00	MxyC	Methoxychloor	<	1	ng/L
OW168900	2023-05-10	21583187	12:11:00	N t	Stikstof	=	5,3	mgN/L
OW168900	2023-05-10	21583187	12:11:00	N+N	Nitraat+nitriet	=	4,014	mgN/L
OW168900	2023-05-10	21583187	12:11:00	N+N+N	Nitraat+nitriet+ammonium	=	4,364	mgN/L
OW168900	2023-05-10	21583187	12:11:00	Na o	Natrium	=	45000	µg/L
OW168900	2023-05-10	21583187	12:11:00	Naft	Naftaleen	<	40	ng/L
OW168900	2023-05-10	21583187	12:11:00	NH4+	Ammonium	=	0,35	mgN/L
OW168900	2023-05-10	21583187	12:11:00	Ni o	Nikkel	<	3,2	µg/L
OW168900	2023-05-10	21583187	12:11:00	Ni t	Nikkel	=	5,62	µg/L
OW168900	2023-05-10	21583187	12:11:00	NO2-	Nitriet	=	0,144	mgN/L
OW168900	2023-05-10	21583187	12:11:00	NO3-	Nitraat	=	3,87	mgN/L
OW168900	2023-05-10	21583187	12:11:00	O2	Zuurstof	=	8,11	mg/L
OW168900	2023-05-10	21583187	12:11:00	O2 verz	Zuurstof	=	83,7	%
OW168900	2023-05-10	21583187	12:11:00	OCP t	Organochloorpesticiden, totaal	<	16,625	ng/L
OW168900	2023-05-10	21583187	12:11:00	oPO4 f	Orthofosfaat	=	0,211	mgP/L
OW168900	2023-05-10	21583187	12:11:00	Oxadiazon	Oxadiazon	<	6	ng/L
OW168900	2023-05-10	21583187	12:11:00	P t	Fosfor	=	0,378	mgP/L
OW168900	2023-05-10	21583187	12:11:00	PAK 10	Polyaromatische KWS (10 Vrom)	<	205	ng/L
OW168900	2023-05-10	21583187	12:11:00	PAK 6	Polyaromatische KWS (6 Borneff)	<	102	ng/L
OW168900	2023-05-10	21583187	12:11:00	PathionEy	Parathion-ethyl	<	1	ng/L
OW168900	2023-05-10	21583187	12:11:00	PathionMy	Parathion-methyl	<	1,5	ng/L
OW168900	2023-05-10	21583187	12:11:00	Pb o	Lood	<	1,25	µg/L
OW168900	2023-05-10	21583187	12:11:00	Pb t	Lood	=	3,81	µg/L
OW168900	2023-05-10	21583187	12:11:00	PCB 101	2,2',4,5,5'-Pentachloorbifenyl (PCB101)	<	1	ng/L
OW168900	2023-05-10	21583187	12:11:00	PCB 118	2,3',4,4',5-Pentachloorbifenyl (PCB118)	<	0,5	ng/L
OW168900	2023-05-10	21583187	12:11:00	PCB 138	2,2',3,4,4',5'-Hexachloorbifenyl (PCB138)	<	1	ng/L
OW168900	2023-05-10	21583187	12:11:00	PCB 153	2,2',4,4',5,5'-Hexachloorbifenyl (PCB153)	<	1	ng/L
OW168900	2023-05-10	21583187	12:11:00	PCB 180	2,2',3,4,4',5,5'-Heptachloorbifenyl (PCB180)	<	1	ng/L
OW168900	2023-05-10	21583187	12:11:00	PCB 28	2,4,4'-Trichloorbifenyl (PCB28)	<	0,5	ng/L
OW168900	2023-05-10	21583187	12:11:00	PCB 52	2,2',5,5'-Tetrachloorbifenyl (PCB52)	<	1	ng/L
OW168900	2023-05-10	21583187	12:11:00	PCB t	Polychloorbifenyl, totaal	<	6	ng/L
OW168900	2023-05-10	21583187	12:11:00	PCBz	Pentachloorbenzeen	<	1,5	ng/L
OW168900	2023-05-10	21583187	12:11:00	PCNiBz	Pentachloornitrobenzeen	<	2	ng/L
OW168900	2023-05-10	21583187	12:11:00	pH	pH	=	7,83	-
OW168900	2023-05-10	21583187	12:11:00	Picarb	Pirimicarb	<	10	ng/L
OW168900	2023-05-10	21583187	12:11:00	PirfosMy	Pirimifos-methyl	<	3,5	ng/L
OW168900	2023-05-10	21583187	12:11:00	Prochloor	Propachloor	<	10	ng/L
OW168900	2023-05-10	21583187	12:11:00	Prometryn	Prometryn	<	10	ng/L
OW168900	2023-05-10	21583187	12:11:00	Propanil	Propanil	<	25	ng/L
OW168900	2023-05-10	21583187	12:11:00	Propaz	Propazine	<	10	ng/L
OW168900	2023-05-10	21583187	12:11:00	Proscarb	Prosulfocarb	<	100	ng/L
OW168900	2023-05-10	21583187	12:11:00	Pyr	Pyreen	=	32	ng/L
OW168900	2023-05-10	21583187	12:11:00	Quinofen	Quinoxyfen	<	1	ng/L
OW168900	2023-05-10	21583187	12:11:00	Sb o	Antimoon	<	1,5	µg/L
OW168900	2023-05-10	21583187	12:11:00	Sb t	Antimoon	<	1,5	µg/L
OW168900	2023-05-10	21583187	12:11:00	Se o	Seleen	<	0,75	µg/L
OW168900	2023-05-10	21583187	12:11:00	Se t	Seleen	<	1,5	µg/L
OW168900	2023-05-10	21583187	12:11:00	Sebutylaz	Sebutylazine	<	10	ng/L
OW168900	2023-05-10	21583187	12:11:00	Secchi	Doorzichtigheid	=	40	cm
OW168900	2023-05-10	21583187	12:11:00	Simaz	Simazine	<	10	ng/L
OW168900	2023-05-10	21583187	12:11:00	SiO2 o	Silicaat	=	6,5	mgSiO2/L
OW168900	2023-05-10	21583187	12:11:00	Sn o	Tin	<	1,5	µg/L
OW168900	2023-05-10	21583187	12:11:00	Sn t	Tin	<	1,5	µg/L
OW168900	2023-05-10	21583187	12:11:00	SO4=	Sulfaat	=	86	mg/L
OW168900	2023-05-10	21583187	12:11:00	T	Temperatuur	=	16,4	°C
OW168900	2023-05-10	21583187	12:11:00	TAM	Alkaliniteit met methyloranje	=	5,5	meq/L
OW168900	2023-05-10	21583187	12:11:00	TBySn	Tributyltin	=	0,098	ngSn/L
OW168900	2023-05-10	21583187	12:11:00	tCdaan	trans-Chloordaan	<	0,5	ng/L
OW168900	2023-05-10	21583187	12:11:00	TclofosMy	Tolclofos-methyl	<	2,5	ng/L
OW168900	2023-05-10	21583187	12:11:00	Te o	Telluur	<	2,5	µg/L
OW168900	2023-05-10	21583187	12:11:00	Te t	Telluur	<	2,5	µg/L
OW168900	2023-05-10	21583187	12:11:00	Telodrin	Telodrin	<	1	ng/L
OW168900	2023-05-10	21583187	12:11:00	Terbufos	Terbufos	<	2,5	ng/L
OW168900	2023-05-10	21583187	12:11:00	Terbutryn	Terbutryn	<	10	ng/L
OW168900	2023-05-10	21583187	12:11:00	Tfluralin	Trifluralin	<	2	ng/L
OW168900	2023-05-10	21583187	12:11:00	TFySn	Trifenyltin	<	0,035	ngSn/L
OW168900	2023-05-10	21583187	12:11:00	TFySn som	Trifenyltinacetaat, chloride, hydroxide	<	0,035	ngSn/L
OW168900	2023-05-10	21583187	12:11:00	Thiacloprid	Thiacloprid	<	2,5	ng/L
OW168900	2023-05-10	21583187	12:11:00	tHpCEpx	trans-Heptachloorepoxyde	<	2	ng/L
OW168900	2023-05-10	21583187	12:11:00	Ti o	Titaan	<	2	µg/L
OW168900	2023-05-10	21583187	12:11:00	Ti t	Titaan	=	15,8	µg/L
OW168900	2023-05-10	21583187	12:11:00	Tl o	Thallium	<	0,2	µg/L
OW168900	2023-05-10	21583187	12:11:00	Tl t	Thallium	=	0,23	µg/L
OW168900	2023-05-10	21583187	12:11:00	Tmethoxam	Thiamethoxam	<	5	ng/L
OW168900	2023-05-10	21583187	12:11:00	TrByaz	Terbutylazine	=	10	ng/L
OW168900	2023-05-10	21583187	12:11:00	Triazofos	Triazofos	<	2	ng/L
OW168900	2023-05-10	21583187	12:11:00	TtBySn	Tetrabutyltin	<	0,035	ngSn/L
OW168900	2023-05-10	21583187	12:11:00	U o	Uranium	=	1,1	µg/L
OW168900	2023-05-10	21583187	12:11:00	U t	Uranium	=	1,29	µg/L
OW168900	2023-05-10	21583187	12:11:00	V o	Vanadium	<	3	µg/L
OW168900	2023-05-10	21583187	12:11:00	V t	Vanadium	=	3,72	µg/L
OW168900	2023-05-10	21583187	12:11:00	Zn o	Zink	<	7,5	µg/L
OW168900	2023-05-10	21583187	12:11:00	Zn t	Zink	=	27	µg/L
OW168900	2023-05-10	21583187	12:11:00	ZS	Zwevende stoffen	=	25	mg/L
OW168900	2023-06-07	21584345	12:02:00	1234CBz	1,2,3,4-Tetrachloorbenzeen	<	1	ng/L
OW168900	2023-06-07	21584345	12:02:00	1235+1245CBz	1,2,3,5+1,2,4,5-Tetrachloorbenzeen	<	1,5	ng/L
OW168900	2023-06-07	21584345	12:02:00	2356CNiBz	2,3,5,6-Tetrachloornitrobenzeen	<	2	ng/L
OW168900	2023-06-07	21584345	12:02:00	24DDD	op'Dichloordifenyldichloorethaan	<	1	ng/L
OW168900	2023-06-07	21584345	12:02:00	24DDE	op'Dichloordifenyldichlooretheen	<	1	ng/L
OW168900	2023-06-07	21584345	12:02:00	24DDT	op'Dichloordifenyltrichloorethaan	<	1	ng/L
OW168900	2023-06-07	21584345	12:02:00	2hAtraz	2-Hydroxy-atrazine	<	5	ng/L
OW168900	2023-06-07	21584345	12:02:00	44DDD	pp'Dichloordifenyldichloorethaan	<	1	ng/L
OW168900	2023-06-07	21584345	12:02:00	44DDE	pp'Dichloordifenyldichlooretheen	<	1	ng/L
OW168900	2023-06-07	21584345	12:02:00	44DDT	pp'Dichloordifenyltrichloorethaan	<	1	ng/L
OW168900	2023-06-07	21584345	12:02:00	a+b+d+gHCHS	alfa+beta+gamma+delta Hexachloorcyclohexaan	<	3	ng/L
OW168900	2023-06-07	21584345	12:02:00	a+bEndoS	alfa+beta Endosulfan	<	1	ng/L
OW168900	2023-06-07	21584345	12:02:00	Acenaft	Acenafteen	=	11	ng/L
OW168900	2023-06-07	21584345	12:02:00	Acenaftyl	Acenaftyleen	<	5	ng/L
OW168900	2023-06-07	21584345	12:02:00	Acetamiprid	Acetamiprid	<	2,5	ng/L
OW168900	2023-06-07	21584345	12:02:00	Aclonifen	Aclonifen	<	5	ng/L
OW168900	2023-06-07	21584345	12:02:00	ADEIdrin	Aldrin+Dieldrin+Endrin+Isodrin	<	2,125	ng/L
OW168900	2023-06-07	21584345	12:02:00	Ag o	Zilver	<	0,05	µg/L
OW168900	2023-06-07	21584345	12:02:00	Ag t	Zilver	<	0,05	µg/L
OW168900	2023-06-07	21584345	12:02:00	aHCH	alfa-Hexachloorcyclohexaan	<	0,75	ng/L
OW168900	2023-06-07	21584345	12:02:00	Al o	Aluminium	<	150	µg/L
OW168900	2023-06-07	21584345	12:02:00	Alachloor	Alachloor	<	10	ng/L
OW168900	2023-06-07	21584345	12:02:00	Aldrin	Aldrin	<	0,375	ng/L
OW168900	2023-06-07	21584345	12:02:00	Ant	Anthraceen	<	10	ng/L
OW168900	2023-06-07	21584345	12:02:00	As o	Arseen	=	1,79	µg/L
OW168900	2023-06-07	21584345	12:02:00	As t	Arseen	=	2,34	µg/L
OW168900	2023-06-07	21584345	12:02:00	Atraz	Atrazine	<	5	ng/L
OW168900	2023-06-07	21584345	12:02:00	AzinfosEy	Azinfos-ethyl	<	1,5	ng/L
OW168900	2023-06-07	21584345	12:02:00	AzinfosMy	Azinfos-methyl	<	1	ng/L
OW168900	2023-06-07	21584345	12:02:00	B o	Boor	=	90	µg/L
OW168900	2023-06-07	21584345	12:02:00	B t	Boor	=	90	µg/L
OW168900	2023-06-07	21584345	12:02:00	B(a)A	Benzo(a)anthraceen	=	10	ng/L
OW168900	2023-06-07	21584345	12:02:00	B(a)P	Benzo(a)pyreen	=	11	ng/L
OW168900	2023-06-07	21584345	12:02:00	B(b)Flu	Benzo(b)fluorantheen	=	17	ng/L
OW168900	2023-06-07	21584345	12:02:00	B(ghi)Pe	Benzo(g,h,i)peryleen	=	10	ng/L
OW168900	2023-06-07	21584345	12:02:00	B(k)Flu	Benzo(k)fluorantheen	<	10	ng/L
OW168900	2023-06-07	21584345	12:02:00	Ba o	Barium	=	35	µg/L
OW168900	2023-06-07	21584345	12:02:00	Ba t	Barium	=	44	µg/L
OW168900	2023-06-07	21584345	12:02:00	BAM	2,6-Dichloorbenzamide	<	20	ng/L
OW168900	2023-06-07	21584345	12:02:00	Be o	Beryllium	<	0,15	µg/L
OW168900	2023-06-07	21584345	12:02:00	Be t	Beryllium	<	0,15	µg/L
OW168900	2023-06-07	21584345	12:02:00	bEndo	beta-Endosulfan	<	1	ng/L
OW168900	2023-06-07	21584345	12:02:00	BFlu som	PAK benzo(b+k)fluorantheen (b)	<	27	ng/L
OW168900	2023-06-07	21584345	12:02:00	bHCH	beta-Hexachloorcyclohexaan	<	0,75	ng/L
OW168900	2023-06-07	21584345	12:02:00	Bifenox	Bifenox	<	2	ng/L
OW168900	2023-06-07	21584345	12:02:00	BPe + IP som	PAK Benzo(g,h,i)peryleen + Indeno(1,2,3-cd)pyreen	=	20	ng/L
OW168900	2023-06-07	21584345	12:02:00	BrfosEy	Bromofos-ethyl	<	2,5	ng/L
OW168900	2023-06-07	21584345	12:02:00	BrfosMy	Bromofos-methyl	<	1,5	ng/L
OW168900	2023-06-07	21584345	12:02:00	Bromacil	Bromacil	<	10	ng/L
OW168900	2023-06-07	21584345	12:02:00	BZV5	Biochemisch zuurstofverbruik na 5d.	=	6,8	mgO2/L
OW168900	2023-06-07	21584345	12:02:00	Ca o	Calcium	=	123000	µg/L
OW168900	2023-06-07	21584345	12:02:00	Carbdzim	Carbendazim	<	5	ng/L
OW168900	2023-06-07	21584345	12:02:00	Cartamid	Carbetamide	<	10	ng/L
OW168900	2023-06-07	21584345	12:02:00	Cbromuron	Chloorbromuron	<	15	ng/L
OW168900	2023-06-07	21584345	12:02:00	cCdaan	cis-Chloordaan	<	0,5	ng/L
OW168900	2023-06-07	21584345	12:02:00	Cd o	Cadmium	<	0,05	µg/L
OW168900	2023-06-07	21584345	12:02:00	Cd t	Cadmium	<	0,2	µg/L
OW168900	2023-06-07	21584345	12:02:00	Cdaan	Chloordaan	<	1	ng/L
OW168900	2023-06-07	21584345	12:02:00	Cdazon	Chloridazon	<	5	ng/L
OW168900	2023-06-07	21584345	12:02:00	Cfvinfos	Chloorfenvinfos	<	1,5	ng/L
OW168900	2023-06-07	21584345	12:02:00	cHpCEpx	cis-Heptachloorepoxyde	<	1	ng/L
OW168900	2023-06-07	21584345	12:02:00	Chr	Chryseen	=	21	ng/L
OW168900	2023-06-07	21584345	12:02:00	Cl-	Chloride	=	78	mg/L
OW168900	2023-06-07	21584345	12:02:00	Clfyl a	Chlorofyl a	=	238	µg/L
OW168900	2023-06-07	21584345	12:02:00	Clotidine	Clothianidine	<	2,5	ng/L
OW168900	2023-06-07	21584345	12:02:00	Co o	Kobalt	=	0,48	µg/L
OW168900	2023-06-07	21584345	12:02:00	Co t	Kobalt	=	0,97	µg/L
OW168900	2023-06-07	21584345	12:02:00	CpfosEy	Chloorpyrifos-ethyl	<	2	ng/L
OW168900	2023-06-07	21584345	12:02:00	CpfosMy	Chloorpyrifos-methyl	<	1,5	ng/L
OW168900	2023-06-07	21584345	12:02:00	Cprofam	Chloorprofam	<	2	ng/L
OW168900	2023-06-07	21584345	12:02:00	Cr o	Chroom	<	1,5	µg/L
OW168900	2023-06-07	21584345	12:02:00	Cr t	Chroom	=	4,03	µg/L
OW168900	2023-06-07	21584345	12:02:00	Ctoluron	Chloortoluron	<	8	ng/L
OW168900	2023-06-07	21584345	12:02:00	Cu o	Koper	<	4	µg/L
OW168900	2023-06-07	21584345	12:02:00	Cu t	Koper	=	5,38	µg/L
OW168900	2023-06-07	21584345	12:02:00	Cumafos	Cumafos	<	2,5	ng/L
OW168900	2023-06-07	21584345	12:02:00	Cyanaz	Cyanazine	<	5	ng/L
OW168900	2023-06-07	21584345	12:02:00	Cybutrine	Cybutrine	<	1	ng/L
OW168900	2023-06-07	21584345	12:02:00	Cypmethrin	Cypermethrin	<	3	ng/L
OW168900	2023-06-07	21584345	12:02:00	CZV	Chemisch zuurstofverbruik	=	34	mgO2/L
OW168900	2023-06-07	21584345	12:02:00	DBySn	Dibutyltin	=	0,61	ngSn/L
OW168900	2023-06-07	21584345	12:02:00	DBySn som	Dibutyltinverbindingen	=	0,61	ngSn/L
OW168900	2023-06-07	21584345	12:02:00	dBz(ah)An	Dibenzo(a,h)anthraceen	<	5	ng/L
OW168900	2023-06-07	21584345	12:02:00	DCvos	Dichloorvos	<	0,5	ng/L
OW168900	2023-06-07	21584345	12:02:00	DDT t	DDT, totaal	<	4	ng/L
OW168900	2023-06-07	21584345	12:02:00	Demeton	Demeton	<	4,5	ng/L
OW168900	2023-06-07	21584345	12:02:00	DEyatraz	Desethylatrazine	<	10	ng/L
OW168900	2023-06-07	21584345	12:02:00	DEytByaz	Desethylterbutylazine	<	10	ng/L
OW168900	2023-06-07	21584345	12:02:00	Dflucan	Diflufenican	=	21	ng/L
OW168900	2023-06-07	21584345	12:02:00	dHCH	delta-Hexachloorcyclohexaan	<	0,75	ng/L
OW168900	2023-06-07	21584345	12:02:00	Diazinon	Diazinon	<	2	ng/L
OW168900	2023-06-07	21584345	12:02:00	Dieldrin	Dieldrin	<	1	ng/L
OW168900	2023-06-07	21584345	12:02:00	DiMetamid	Dimethenamid	=	17	ng/L
OW168900	2023-06-07	21584345	12:02:00	DiMetmorf	Dimethomorf	<	5	ng/L
OW168900	2023-06-07	21584345	12:02:00	DiPyatraz	Desisopropylatrazine	<	10	ng/L
OW168900	2023-06-07	21584345	12:02:00	Diuron	Diuron	=	18	ng/L
OW168900	2023-06-07	21584345	12:02:00	Dmetoat	Dimethoaat	<	3	ng/L
OW168900	2023-06-07	21584345	12:02:00	DOC	Koolstof	=	5,6	mgC/L
OW168900	2023-06-07	21584345	12:02:00	Dsulfoton	Disulfoton	<	4,5	ng/L
OW168900	2023-06-07	21584345	12:02:00	EC 20	Geleidbaarheid (20°C)	=	835	µS/cm
OW168900	2023-06-07	21584345	12:02:00	EC 25	Geleidbaarheid (25°C)	=	914,7425	µS/cm
OW168900	2023-06-07	21584345	12:02:00	EndoS	Endosulfansulfaat	<	1	ng/L
OW168900	2023-06-07	21584345	12:02:00	Endrin	Endrin	<	0,375	ng/L
OW168900	2023-06-07	21584345	12:02:00	Etfum	Ethofumesaat	=	280	ng/L
OW168900	2023-06-07	21584345	12:02:00	F- o	Fluoride	=	0,259	mg/L
OW168900	2023-06-07	21584345	12:02:00	Fe o	Ijzer	<	12,5	µg/L
OW168900	2023-06-07	21584345	12:02:00	Fe t	Ijzer	=	1090	µg/L
OW168900	2023-06-07	21584345	12:02:00	Fen	Fenantreen	=	29	ng/L
OW168900	2023-06-07	21584345	12:02:00	Fenithion	Fenitrothion	<	1,5	ng/L
OW168900	2023-06-07	21584345	12:02:00	Fenthion	Fenthion	<	2,5	ng/L
OW168900	2023-06-07	21584345	12:02:00	Feofyt a	Feofytine a	=	9,7	µg/L
OW168900	2023-06-07	21584345	12:02:00	Flu	Fluorantheen	=	35	ng/L
OW168900	2023-06-07	21584345	12:02:00	Flucet	Flufenacet	<	10	ng/L
OW168900	2023-06-07	21584345	12:02:00	Fluoreen	Fluoreen	<	10	ng/L
OW168900	2023-06-07	21584345	12:02:00	Fonofos	Fonofos	<	2	ng/L
OW168900	2023-06-07	21584345	12:02:00	gHCH	gamma-Hexachloorcyclohexaan	<	0,75	ng/L
OW168900	2023-06-07	21584345	12:02:00	H t	Hardheid	=	37	°F
OW168900	2023-06-07	21584345	12:02:00	HCBz	Hexachloorbenzeen	<	1,5	ng/L
OW168900	2023-06-07	21584345	12:02:00	HCH	Hexachloorcyclohexaan, alle isomeren	<	3	ng/L
OW168900	2023-06-07	21584345	12:02:00	Hexazinon	Hexazinon	<	10	ng/L
OW168900	2023-06-07	21584345	12:02:00	Hg o	Kwik	<	0,025	µg/L
OW168900	2023-06-07	21584345	12:02:00	Hg t	Kwik	<	0,025	µg/L
OW168900	2023-06-07	21584345	12:02:00	HpC	Heptachloor	<	1	ng/L
OW168900	2023-06-07	21584345	12:02:00	HpC+Epx	Heptachloor+epoxyde	<	4	ng/L
OW168900	2023-06-07	21584345	12:02:00	Imcloprid	Imidacloprid	<	2,5	ng/L
OW168900	2023-06-07	21584345	12:02:00	IP	Indeno(1,2,3-cd)pyreen	=	10	ng/L
OW168900	2023-06-07	21584345	12:02:00	Iproturon	Isoproturon	<	5	ng/L
OW168900	2023-06-07	21584345	12:02:00	Isodrin	Isodrin	<	0,375	ng/L
OW168900	2023-06-07	21584345	12:02:00	K o	Kalium	=	16600	µg/L
OW168900	2023-06-07	21584345	12:02:00	KjN	Kjeldahlstikstof	=	1,259	mgN/L
OW168900	2023-06-07	21584345	12:02:00	Linuron	Linuron	<	5	ng/L
OW168900	2023-06-07	21584345	12:02:00	Mbromuron	Metobromuron	=	115	ng/L
OW168900	2023-06-07	21584345	12:02:00	mBthiaz	Metabenzthiazuron	<	5	ng/L
OW168900	2023-06-07	21584345	12:02:00	Metaza	Metazachloor	<	5	ng/L
OW168900	2023-06-07	21584345	12:02:00	Metbuzin	Metribuzin	=	7,5	ng/L
OW168900	2023-06-07	21584345	12:02:00	Metcarb	Methiocarb	<	4,5	ng/L
OW168900	2023-06-07	21584345	12:02:00	Methidat	Methidation	<	3,5	ng/L
OW168900	2023-06-07	21584345	12:02:00	Metola	Metolachloor	<	10	ng/L
OW168900	2023-06-07	21584345	12:02:00	Metoxur	Metoxuron	<	5	ng/L
OW168900	2023-06-07	21584345	12:02:00	Mevinfos	Mevinfos	<	2	ng/L
OW168900	2023-06-07	21584345	12:02:00	Mg o	Magnesium	=	14100	µg/L
OW168900	2023-06-07	21584345	12:02:00	Mlinuron	Monolinuron	<	5	ng/L
OW168900	2023-06-07	21584345	12:02:00	Mmitron	Metamitron	<	5	ng/L
OW168900	2023-06-07	21584345	12:02:00	Mn o	Mangaan	=	32	µg/L
OW168900	2023-06-07	21584345	12:02:00	Mn t	Mangaan	=	128	µg/L
OW168900	2023-06-07	21584345	12:02:00	Mo o	Molybdeen	<	2,5	µg/L
OW168900	2023-06-07	21584345	12:02:00	Mo t	Molybdeen	<	2,5	µg/L
OW168900	2023-06-07	21584345	12:02:00	MxyC	Methoxychloor	<	1	ng/L
OW168900	2023-06-07	21584345	12:02:00	N t	Stikstof	=	4,9	mgN/L
OW168900	2023-06-07	21584345	12:02:00	N+N	Nitraat+nitriet	=	3,641	mgN/L
OW168900	2023-06-07	21584345	12:02:00	N+N+N	Nitraat+nitriet+ammonium	<	3,666	mgN/L
OW168900	2023-06-07	21584345	12:02:00	Na o	Natrium	=	55000	µg/L
OW168900	2023-06-07	21584345	12:02:00	Naft	Naftaleen	<	20	ng/L
OW168900	2023-06-07	21584345	12:02:00	NH4+	Ammonium	<	0,025	mgN/L
OW168900	2023-06-07	21584345	12:02:00	Ni o	Nikkel	<	3,2	µg/L
OW168900	2023-06-07	21584345	12:02:00	Ni t	Nikkel	=	3,98	µg/L
OW168900	2023-06-07	21584345	12:02:00	NO2-	Nitriet	=	0,071	mgN/L
OW168900	2023-06-07	21584345	12:02:00	NO3-	Nitraat	=	3,57	mgN/L
OW168900	2023-06-07	21584345	12:02:00	O2	Zuurstof	=	12,48	mg/L
OW168900	2023-06-07	21584345	12:02:00	O2 verz	Zuurstof	=	145,2	%
OW168900	2023-06-07	21584345	12:02:00	OCP t	Organochloorpesticiden, totaal	<	14,875	ng/L
OW168900	2023-06-07	21584345	12:02:00	oPO4 f	Orthofosfaat	=	0,082	mgP/L
OW168900	2023-06-07	21584345	12:02:00	Oxadiazon	Oxadiazon	<	3	ng/L
OW168900	2023-06-07	21584345	12:02:00	P t	Fosfor	=	0,454	mgP/L
OW168900	2023-06-07	21584345	12:02:00	PAK 10	Polyaromatische KWS (10 Vrom)	<	166	ng/L
OW168900	2023-06-07	21584345	12:02:00	PAK 6	Polyaromatische KWS (6 Borneff)	<	93	ng/L
OW168900	2023-06-07	21584345	12:02:00	PathionEy	Parathion-ethyl	<	1	ng/L
OW168900	2023-06-07	21584345	12:02:00	PathionMy	Parathion-methyl	<	1,5	ng/L
OW168900	2023-06-07	21584345	12:02:00	Pb o	Lood	<	1,25	µg/L
OW168900	2023-06-07	21584345	12:02:00	Pb t	Lood	=	3,77	µg/L
OW168900	2023-06-07	21584345	12:02:00	PCB 101	2,2',4,5,5'-Pentachloorbifenyl (PCB101)	<	1	ng/L
OW168900	2023-06-07	21584345	12:02:00	PCB 118	2,3',4,4',5-Pentachloorbifenyl (PCB118)	<	0,5	ng/L
OW168900	2023-06-07	21584345	12:02:00	PCB 138	2,2',3,4,4',5'-Hexachloorbifenyl (PCB138)	<	1	ng/L
OW168900	2023-06-07	21584345	12:02:00	PCB 153	2,2',4,4',5,5'-Hexachloorbifenyl (PCB153)	=	1,07	ng/L
OW168900	2023-06-07	21584345	12:02:00	PCB 180	2,2',3,4,4',5,5'-Heptachloorbifenyl (PCB180)	<	1	ng/L
OW168900	2023-06-07	21584345	12:02:00	PCB 28	2,4,4'-Trichloorbifenyl (PCB28)	<	0,5	ng/L
OW168900	2023-06-07	21584345	12:02:00	PCB 52	2,2',5,5'-Tetrachloorbifenyl (PCB52)	<	1	ng/L
OW168900	2023-06-07	21584345	12:02:00	PCB t	Polychloorbifenyl, totaal	<	6,07	ng/L
OW168900	2023-06-07	21584345	12:02:00	PCNiBz	Pentachloornitrobenzeen	<	2	ng/L
OW168900	2023-06-07	21584345	12:02:00	pH	pH	=	8,37	-
OW168900	2023-06-07	21584345	12:02:00	Picarb	Pirimicarb	<	5	ng/L
OW168900	2023-06-07	21584345	12:02:00	PirfosMy	Pirimifos-methyl	<	3,5	ng/L
OW168900	2023-06-07	21584345	12:02:00	Prochloor	Propachloor	<	10	ng/L
OW168900	2023-06-07	21584345	12:02:00	Prometryn	Prometryn	<	10	ng/L
OW168900	2023-06-07	21584345	12:02:00	Propanil	Propanil	<	25	ng/L
OW168900	2023-06-07	21584345	12:02:00	Propaz	Propazine	<	10	ng/L
OW168900	2023-06-07	21584345	12:02:00	Proscarb	Prosulfocarb	<	100	ng/L
OW168900	2023-06-07	21584345	12:02:00	Pyr	Pyreen	=	29	ng/L
OW168900	2023-06-07	21584345	12:02:00	Quinofen	Quinoxyfen	<	1	ng/L
OW168900	2023-06-07	21584345	12:02:00	Sb o	Antimoon	<	1,5	µg/L
OW168900	2023-06-07	21584345	12:02:00	Sb t	Antimoon	<	1,5	µg/L
OW168900	2023-06-07	21584345	12:02:00	Se o	Seleen	<	1,5	µg/L
OW168900	2023-06-07	21584345	12:02:00	Se t	Seleen	<	1,5	µg/L
OW168900	2023-06-07	21584345	12:02:00	Sebutylaz	Sebutylazine	<	10	ng/L
OW168900	2023-06-07	21584345	12:02:00	Secchi	Doorzichtigheid	=	40	cm
OW168900	2023-06-07	21584345	12:02:00	Simaz	Simazine	<	5	ng/L
OW168900	2023-06-07	21584345	12:02:00	SiO2 o	Silicaat	=	0,79	mgSiO2/L
OW168900	2023-06-07	21584345	12:02:00	Sn o	Tin	<	1,5	µg/L
OW168900	2023-06-07	21584345	12:02:00	Sn t	Tin	<	1,5	µg/L
OW168900	2023-06-07	21584345	12:02:00	SO4=	Sulfaat	=	93	mg/L
OW168900	2023-06-07	21584345	12:02:00	T	Temperatuur	=	22,5	°C
OW168900	2023-06-07	21584345	12:02:00	TAM	Alkaliniteit met methyloranje	=	3,8	meq/L
OW168900	2023-06-07	21584345	12:02:00	TBySn	Tributyltin	=	0,024	ngSn/L
OW168900	2023-06-07	21584345	12:02:00	tCdaan	trans-Chloordaan	<	0,5	ng/L
OW168900	2023-06-07	21584345	12:02:00	TclofosMy	Tolclofos-methyl	<	2,5	ng/L
OW168900	2023-06-07	21584345	12:02:00	Te o	Telluur	<	2,5	µg/L
OW168900	2023-06-07	21584345	12:02:00	Te t	Telluur	<	2,5	µg/L
OW168900	2023-06-07	21584345	12:02:00	Telodrin	Telodrin	<	1	ng/L
OW168900	2023-06-07	21584345	12:02:00	Terbufos	Terbufos	<	2,5	ng/L
OW168900	2023-06-07	21584345	12:02:00	Terbutryn	Terbutryn	<	10	ng/L
OW168900	2023-06-07	21584345	12:02:00	TFySn	Trifenyltin	<	0,035	ngSn/L
OW168900	2023-06-07	21584345	12:02:00	TFySn som	Trifenyltinacetaat, chloride, hydroxide	<	0,035	ngSn/L
OW168900	2023-06-07	21584345	12:02:00	Thiacloprid	Thiacloprid	<	2,5	ng/L
OW168900	2023-06-07	21584345	12:02:00	tHpCEpx	trans-Heptachloorepoxyde	<	2	ng/L
OW168900	2023-06-07	21584345	12:02:00	Ti o	Titaan	<	2	µg/L
OW168900	2023-06-07	21584345	12:02:00	Ti t	Titaan	=	15,5	µg/L
OW168900	2023-06-07	21584345	12:02:00	Tl o	Thallium	<	0,1	µg/L
OW168900	2023-06-07	21584345	12:02:00	Tl t	Thallium	<	0,1	µg/L
OW168900	2023-06-07	21584345	12:02:00	Tmethoxam	Thiamethoxam	<	5	ng/L
OW168900	2023-06-07	21584345	12:02:00	TrByaz	Terbutylazine	<	5	ng/L
OW168900	2023-06-07	21584345	12:02:00	Triazofos	Triazofos	<	2	ng/L
OW168900	2023-06-07	21584345	12:02:00	TtBySn	Tetrabutyltin	<	0,035	ngSn/L
OW168900	2023-06-07	21584345	12:02:00	U o	Uranium	=	1,27	µg/L
OW168900	2023-06-07	21584345	12:02:00	U t	Uranium	=	1,42	µg/L
OW168900	2023-06-07	21584345	12:02:00	V o	Vanadium	<	3	µg/L
OW168900	2023-06-07	21584345	12:02:00	V t	Vanadium	=	5,25	µg/L
OW168900	2023-06-07	21584345	12:02:00	Zn o	Zink	<	7,5	µg/L
OW168900	2023-06-07	21584345	12:02:00	Zn t	Zink	=	26,3	µg/L
OW168900	2023-06-07	21584345	12:02:00	ZS	Zwevende stoffen	=	63	mg/L
OW168900	2023-07-05	21586399	12:16:00	1234CBz	1,2,3,4-Tetrachloorbenzeen	<	1	ng/L
OW168900	2023-07-05	21586399	12:16:00	1235+1245CBz	1,2,3,5+1,2,4,5-Tetrachloorbenzeen	<	1,5	ng/L
OW168900	2023-07-05	21586399	12:16:00	2356CNiBz	2,3,5,6-Tetrachloornitrobenzeen	<	2	ng/L
OW168900	2023-07-05	21586399	12:16:00	24DDD	op'Dichloordifenyldichloorethaan	<	1	ng/L
OW168900	2023-07-05	21586399	12:16:00	24DDE	op'Dichloordifenyldichlooretheen	<	1	ng/L
OW168900	2023-07-05	21586399	12:16:00	24DDT	op'Dichloordifenyltrichloorethaan	<	1	ng/L
OW168900	2023-07-05	21586399	12:16:00	2hAtraz	2-Hydroxy-atrazine	=	69	ng/L
OW168900	2023-07-05	21586399	12:16:00	44DDD	pp'Dichloordifenyldichloorethaan	<	1	ng/L
OW168900	2023-07-05	21586399	12:16:00	44DDE	pp'Dichloordifenyldichlooretheen	<	1	ng/L
OW168900	2023-07-05	21586399	12:16:00	44DDT	pp'Dichloordifenyltrichloorethaan	<	1	ng/L
OW168900	2023-07-05	21586399	12:16:00	a+b+d+gHCHS	alfa+beta+gamma+delta Hexachloorcyclohexaan	<	3	ng/L
OW168900	2023-07-05	21586399	12:16:00	a+bEndoS	alfa+beta Endosulfan	<	2	ng/L
OW168900	2023-07-05	21586399	12:16:00	Acenaft	Acenafteen	<	5	ng/L
OW168900	2023-07-05	21586399	12:16:00	Acenaftyl	Acenaftyleen	<	5	ng/L
OW168900	2023-07-05	21586399	12:16:00	Acetamiprid	Acetamiprid	=	14	ng/L
OW168900	2023-07-05	21586399	12:16:00	Aclonifen	Aclonifen	=	9,8	ng/L
OW168900	2023-07-05	21586399	12:16:00	ADEIdrin	Aldrin+Dieldrin+Endrin+Isodrin	<	2,125	ng/L
OW168900	2023-07-05	21586399	12:16:00	aEndo	alfa-Endosulfan	<	1	ng/L
OW168900	2023-07-05	21586399	12:16:00	Ag o	Zilver	<	0,05	µg/L
OW168900	2023-07-05	21586399	12:16:00	Ag t	Zilver	=	0,1	µg/L
OW168900	2023-07-05	21586399	12:16:00	aHCH	alfa-Hexachloorcyclohexaan	<	0,75	ng/L
OW168900	2023-07-05	21586399	12:16:00	Al o	Aluminium	<	150	µg/L
OW168900	2023-07-05	21586399	12:16:00	Alachloor	Alachloor	<	10	ng/L
OW168900	2023-07-05	21586399	12:16:00	Aldrin	Aldrin	<	0,375	ng/L
OW168900	2023-07-05	21586399	12:16:00	Ant	Anthraceen	<	5	ng/L
OW168900	2023-07-05	21586399	12:16:00	As o	Arseen	=	2,27	µg/L
OW168900	2023-07-05	21586399	12:16:00	As t	Arseen	=	2,9	µg/L
OW168900	2023-07-05	21586399	12:16:00	Atraz	Atrazine	<	10	ng/L
OW168900	2023-07-05	21586399	12:16:00	AzinfosEy	Azinfos-ethyl	<	1,5	ng/L
OW168900	2023-07-05	21586399	12:16:00	AzinfosMy	Azinfos-methyl	<	1	ng/L
OW168900	2023-07-05	21586399	12:16:00	B o	Boor	=	85	µg/L
OW168900	2023-07-05	21586399	12:16:00	B t	Boor	=	81	µg/L
OW168900	2023-07-05	21586399	12:16:00	B(a)A	Benzo(a)anthraceen	<	5	ng/L
OW168900	2023-07-05	21586399	12:16:00	B(a)P	Benzo(a)pyreen	<	5	ng/L
OW168900	2023-07-05	21586399	12:16:00	B(b)Flu	Benzo(b)fluorantheen	<	5	ng/L
OW168900	2023-07-05	21586399	12:16:00	B(ghi)Pe	Benzo(g,h,i)peryleen	<	5	ng/L
OW168900	2023-07-05	21586399	12:16:00	B(k)Flu	Benzo(k)fluorantheen	<	5	ng/L
OW168900	2023-07-05	21586399	12:16:00	Ba o	Barium	=	34	µg/L
OW168900	2023-07-05	21586399	12:16:00	Ba t	Barium	=	45	µg/L
OW168900	2023-07-05	21586399	12:16:00	BAM	2,6-Dichloorbenzamide	<	20	ng/L
OW168900	2023-07-05	21586399	12:16:00	Be o	Beryllium	<	0,15	µg/L
OW168900	2023-07-05	21586399	12:16:00	Be t	Beryllium	<	0,15	µg/L
OW168900	2023-07-05	21586399	12:16:00	bEndo	beta-Endosulfan	<	1	ng/L
OW168900	2023-07-05	21586399	12:16:00	BFlu som	PAK benzo(b+k)fluorantheen (b)	<	10	ng/L
OW168900	2023-07-05	21586399	12:16:00	bHCH	beta-Hexachloorcyclohexaan	<	0,75	ng/L
OW168900	2023-07-05	21586399	12:16:00	Bifenox	Bifenox	<	2	ng/L
OW168900	2023-07-05	21586399	12:16:00	BPe + IP som	PAK Benzo(g,h,i)peryleen + Indeno(1,2,3-cd)pyreen	<	10	ng/L
OW168900	2023-07-05	21586399	12:16:00	BrfosEy	Bromofos-ethyl	<	2,5	ng/L
OW168900	2023-07-05	21586399	12:16:00	BrfosMy	Bromofos-methyl	<	1,5	ng/L
OW168900	2023-07-05	21586399	12:16:00	Bromacil	Bromacil	<	10	ng/L
OW168900	2023-07-05	21586399	12:16:00	BZV5	Biochemisch zuurstofverbruik na 5d.	=	2	mgO2/L
OW168900	2023-07-05	21586399	12:16:00	Ca o	Calcium	=	112000	µg/L
OW168900	2023-07-05	21586399	12:16:00	Carbdzim	Carbendazim	<	5	ng/L
OW168900	2023-07-05	21586399	12:16:00	Cartamid	Carbetamide	<	10	ng/L
OW168900	2023-07-05	21586399	12:16:00	Cbromuron	Chloorbromuron	<	15	ng/L
OW168900	2023-07-05	21586399	12:16:00	cCdaan	cis-Chloordaan	<	0,5	ng/L
OW168900	2023-07-05	21586399	12:16:00	Cd o	Cadmium	<	0,05	µg/L
OW168900	2023-07-05	21586399	12:16:00	Cd t	Cadmium	<	0,2	µg/L
OW168900	2023-07-05	21586399	12:16:00	Cdaan	Chloordaan	<	1	ng/L
OW168900	2023-07-05	21586399	12:16:00	Cdazon	Chloridazon	<	10	ng/L
OW168900	2023-07-05	21586399	12:16:00	Cfvinfos	Chloorfenvinfos	<	1,5	ng/L
OW168900	2023-07-05	21586399	12:16:00	cHpCEpx	cis-Heptachloorepoxyde	<	1	ng/L
OW168900	2023-07-05	21586399	12:16:00	Chr	Chryseen	<	10	ng/L
OW168900	2023-07-05	21586399	12:16:00	Cl-	Chloride	=	83	mg/L
OW168900	2023-07-05	21586399	12:16:00	Clfyl a	Chlorofyl a	=	25	µg/L
OW168900	2023-07-05	21586399	12:16:00	Clotidine	Clothianidine	<	5	ng/L
OW168900	2023-07-05	21586399	12:16:00	Co o	Kobalt	=	0,41	µg/L
OW168900	2023-07-05	21586399	12:16:00	Co t	Kobalt	=	1,19	µg/L
OW168900	2023-07-05	21586399	12:16:00	CpfosEy	Chloorpyrifos-ethyl	<	2	ng/L
OW168900	2023-07-05	21586399	12:16:00	CpfosMy	Chloorpyrifos-methyl	<	1,5	ng/L
OW168900	2023-07-05	21586399	12:16:00	Cprofam	Chloorprofam	<	2	ng/L
OW168900	2023-07-05	21586399	12:16:00	Cr o	Chroom	<	1,5	µg/L
OW168900	2023-07-05	21586399	12:16:00	Cr t	Chroom	=	6,7	µg/L
OW168900	2023-07-05	21586399	12:16:00	Ctoluron	Chloortoluron	<	8	ng/L
OW168900	2023-07-05	21586399	12:16:00	Cu o	Koper	<	4	µg/L
OW168900	2023-07-05	21586399	12:16:00	Cu t	Koper	=	7,1	µg/L
OW168900	2023-07-05	21586399	12:16:00	Cumafos	Cumafos	<	2,5	ng/L
OW168900	2023-07-05	21586399	12:16:00	Cyanaz	Cyanazine	<	5	ng/L
OW168900	2023-07-05	21586399	12:16:00	Cybutrine	Cybutrine	<	1	ng/L
OW168900	2023-07-05	21586399	12:16:00	Cypmethrin	Cypermethrin	<	5	ng/L
OW168900	2023-07-05	21586399	12:16:00	CZV	Chemisch zuurstofverbruik	=	25	mgO2/L
OW168900	2023-07-05	21586399	12:16:00	DBySn	Dibutyltin	=	0,32	ngSn/L
OW168900	2023-07-05	21586399	12:16:00	DBySn som	Dibutyltinverbindingen	=	0,32	ngSn/L
OW168900	2023-07-05	21586399	12:16:00	dBz(ah)An	Dibenzo(a,h)anthraceen	<	5	ng/L
OW168900	2023-07-05	21586399	12:16:00	DCvos	Dichloorvos	<	0,5	ng/L
OW168900	2023-07-05	21586399	12:16:00	DDT t	DDT, totaal	<	4	ng/L
OW168900	2023-07-05	21586399	12:16:00	Demeton	Demeton	<	4,5	ng/L
OW168900	2023-07-05	21586399	12:16:00	DEyatraz	Desethylatrazine	=	18	ng/L
OW168900	2023-07-05	21586399	12:16:00	DEytByaz	Desethylterbutylazine	<	10	ng/L
OW168900	2023-07-05	21586399	12:16:00	Dflucan	Diflufenican	=	30	ng/L
OW168900	2023-07-05	21586399	12:16:00	dHCH	delta-Hexachloorcyclohexaan	<	0,75	ng/L
OW168900	2023-07-05	21586399	12:16:00	Diazinon	Diazinon	<	2	ng/L
OW168900	2023-07-05	21586399	12:16:00	Dieldrin	Dieldrin	<	1	ng/L
OW168900	2023-07-05	21586399	12:16:00	DiMetamid	Dimethenamid	=	290	ng/L
OW168900	2023-07-05	21586399	12:16:00	DiMetmorf	Dimethomorf	<	5	ng/L
OW168900	2023-07-05	21586399	12:16:00	DiPyatraz	Desisopropylatrazine	<	10	ng/L
OW168900	2023-07-05	21586399	12:16:00	Diuron	Diuron	=	15	ng/L
OW168900	2023-07-05	21586399	12:16:00	Dmetoat	Dimethoaat	<	3	ng/L
OW168900	2023-07-05	21586399	12:16:00	DOC	Koolstof	=	5,5	mgC/L
OW168900	2023-07-05	21586399	12:16:00	Dsulfoton	Disulfoton	<	4,5	ng/L
OW168900	2023-07-05	21586399	12:16:00	EC 20	Geleidbaarheid (20°C)	=	846	µS/cm
OW168900	2023-07-05	21586399	12:16:00	EC 25	Geleidbaarheid (25°C)	=	926,793	µS/cm
OW168900	2023-07-05	21586399	12:16:00	EndoS	Endosulfansulfaat	<	1	ng/L
OW168900	2023-07-05	21586399	12:16:00	Endrin	Endrin	<	0,375	ng/L
OW168900	2023-07-05	21586399	12:16:00	Etfum	Ethofumesaat	=	180	ng/L
OW168900	2023-07-05	21586399	12:16:00	Ethopfos	Ethoprofos	<	2,5	ng/L
OW168900	2023-07-05	21586399	12:16:00	F- o	Fluoride	=	0,253	mg/L
OW168900	2023-07-05	21586399	12:16:00	Fe o	Ijzer	<	12,5	µg/L
OW168900	2023-07-05	21586399	12:16:00	Fe t	Ijzer	=	1720	µg/L
OW168900	2023-07-05	21586399	12:16:00	Fen	Fenantreen	=	22	ng/L
OW168900	2023-07-05	21586399	12:16:00	Fenithion	Fenitrothion	<	1,5	ng/L
OW168900	2023-07-05	21586399	12:16:00	Fenthion	Fenthion	<	2,5	ng/L
OW168900	2023-07-05	21586399	12:16:00	Feofyt a	Feofytine a	=	24,1	µg/L
OW168900	2023-07-05	21586399	12:16:00	Fipronil	Fipronil	=	2,4	ng/L
OW168900	2023-07-05	21586399	12:16:00	Flu	Fluorantheen	<	10	ng/L
OW168900	2023-07-05	21586399	12:16:00	Flucet	Flufenacet	=	70	ng/L
OW168900	2023-07-05	21586399	12:16:00	Fluoreen	Fluoreen	<	5	ng/L
OW168900	2023-07-05	21586399	12:16:00	Fonofos	Fonofos	<	2	ng/L
OW168900	2023-07-05	21586399	12:16:00	gHCH	gamma-Hexachloorcyclohexaan	<	0,75	ng/L
OW168900	2023-07-05	21586399	12:16:00	H t	Hardheid	=	33	°F
OW168900	2023-07-05	21586399	12:16:00	HCBdn	Hexachloorbutadieen	<	1	ng/L
OW168900	2023-07-05	21586399	12:16:00	HCBz	Hexachloorbenzeen	<	1,5	ng/L
OW168900	2023-07-05	21586399	12:16:00	HCH	Hexachloorcyclohexaan, alle isomeren	<	3	ng/L
OW168900	2023-07-05	21586399	12:16:00	Hexazinon	Hexazinon	<	10	ng/L
OW168900	2023-07-05	21586399	12:16:00	Hg o	Kwik	<	0,025	µg/L
OW168900	2023-07-05	21586399	12:16:00	Hg t	Kwik	<	0,05	µg/L
OW168900	2023-07-05	21586399	12:16:00	HpC	Heptachloor	<	1	ng/L
OW168900	2023-07-05	21586399	12:16:00	HpC+Epx	Heptachloor+epoxyde	<	4	ng/L
OW168900	2023-07-05	21586399	12:16:00	Imcloprid	Imidacloprid	=	9	ng/L
OW168900	2023-07-05	21586399	12:16:00	IP	Indeno(1,2,3-cd)pyreen	<	5	ng/L
OW168900	2023-07-05	21586399	12:16:00	Iproturon	Isoproturon	<	5	ng/L
OW168900	2023-07-05	21586399	12:16:00	Isodrin	Isodrin	<	0,375	ng/L
OW168900	2023-07-05	21586399	12:16:00	K o	Kalium	=	15800	µg/L
OW168900	2023-07-05	21586399	12:16:00	KjN	Kjeldahlstikstof	=	0,534	mgN/L
OW168900	2023-07-05	21586399	12:16:00	Linuron	Linuron	<	5	ng/L
OW168900	2023-07-05	21586399	12:16:00	Mbromuron	Metobromuron	=	135	ng/L
OW168900	2023-07-05	21586399	12:16:00	mBthiaz	Metabenzthiazuron	<	5	ng/L
OW168900	2023-07-05	21586399	12:16:00	Metaza	Metazachloor	<	10	ng/L
OW168900	2023-07-05	21586399	12:16:00	Metbuzin	Metribuzin	=	50	ng/L
OW168900	2023-07-05	21586399	12:16:00	Metcarb	Methiocarb	<	4,5	ng/L
OW168900	2023-07-05	21586399	12:16:00	Methidat	Methidation	<	3,5	ng/L
OW168900	2023-07-05	21586399	12:16:00	Metola	Metolachloor	=	160	ng/L
OW168900	2023-07-05	21586399	12:16:00	Metoxur	Metoxuron	<	5	ng/L
OW168900	2023-07-05	21586399	12:16:00	Mevinfos	Mevinfos	<	2	ng/L
OW168900	2023-07-05	21586399	12:16:00	Mg o	Magnesium	=	12400	µg/L
OW168900	2023-07-05	21586399	12:16:00	Mlinuron	Monolinuron	<	5	ng/L
OW168900	2023-07-05	21586399	12:16:00	Mmitron	Metamitron	=	28	ng/L
OW168900	2023-07-05	21586399	12:16:00	Mn o	Mangaan	=	22	µg/L
OW168900	2023-07-05	21586399	12:16:00	Mn t	Mangaan	=	148	µg/L
OW168900	2023-07-05	21586399	12:16:00	Mo o	Molybdeen	<	2,5	µg/L
OW168900	2023-07-05	21586399	12:16:00	Mo t	Molybdeen	=	2,56	µg/L
OW168900	2023-07-05	21586399	12:16:00	MxyC	Methoxychloor	<	1	ng/L
OW168900	2023-07-05	21586399	12:16:00	N t	Stikstof	=	4,3	mgN/L
OW168900	2023-07-05	21586399	12:16:00	N+N	Nitraat+nitriet	=	3,766	mgN/L
OW168900	2023-07-05	21586399	12:16:00	N+N+N	Nitraat+nitriet+ammonium	=	3,888	mgN/L
OW168900	2023-07-05	21586399	12:16:00	Na o	Natrium	=	55000	µg/L
OW168900	2023-07-05	21586399	12:16:00	Naft	Naftaleen	<	40	ng/L
OW168900	2023-07-05	21586399	12:16:00	NH4+	Ammonium	=	0,122	mgN/L
OW168900	2023-07-05	21586399	12:16:00	Ni o	Nikkel	<	3,2	µg/L
OW168900	2023-07-05	21586399	12:16:00	Ni t	Nikkel	=	4,86	µg/L
OW168900	2023-07-05	21586399	12:16:00	NO2-	Nitriet	=	0,146	mgN/L
OW168900	2023-07-05	21586399	12:16:00	NO3-	Nitraat	=	3,62	mgN/L
OW168900	2023-07-05	21586399	12:16:00	O2	Zuurstof	=	7,1	mg/L
OW168900	2023-07-05	21586399	12:16:00	O2 verz	Zuurstof	=	81,9	%
OW168900	2023-07-05	21586399	12:16:00	OCP t	Organochloorpesticiden, totaal	<	15,875	ng/L
OW168900	2023-07-05	21586399	12:16:00	oPO4 f	Orthofosfaat	=	0,309	mgP/L
OW168900	2023-07-05	21586399	12:16:00	Oxadiazon	Oxadiazon	<	3	ng/L
OW168900	2023-07-05	21586399	12:16:00	P t	Fosfor	=	0,488	mgP/L
OW168900	2023-07-05	21586399	12:16:00	PAK 10	Polyaromatische KWS (10 Vrom)	<	112	ng/L
OW168900	2023-07-05	21586399	12:16:00	PAK 6	Polyaromatische KWS (6 Borneff)	<	35	ng/L
OW168900	2023-07-05	21586399	12:16:00	PathionEy	Parathion-ethyl	<	1	ng/L
OW168900	2023-07-05	21586399	12:16:00	PathionMy	Parathion-methyl	<	1,5	ng/L
OW168900	2023-07-05	21586399	12:16:00	Pb o	Lood	<	1,25	µg/L
OW168900	2023-07-05	21586399	12:16:00	Pb t	Lood	=	5,36	µg/L
OW168900	2023-07-05	21586399	12:16:00	PCB 101	2,2',4,5,5'-Pentachloorbifenyl (PCB101)	<	1	ng/L
OW168900	2023-07-05	21586399	12:16:00	PCB 118	2,3',4,4',5-Pentachloorbifenyl (PCB118)	<	0,5	ng/L
OW168900	2023-07-05	21586399	12:16:00	PCB 138	2,2',3,4,4',5'-Hexachloorbifenyl (PCB138)	=	1,05	ng/L
OW168900	2023-07-05	21586399	12:16:00	PCB 153	2,2',4,4',5,5'-Hexachloorbifenyl (PCB153)	=	1,22	ng/L
OW168900	2023-07-05	21586399	12:16:00	PCB 180	2,2',3,4,4',5,5'-Heptachloorbifenyl (PCB180)	<	1	ng/L
OW168900	2023-07-05	21586399	12:16:00	PCB 28	2,4,4'-Trichloorbifenyl (PCB28)	<	0,5	ng/L
OW168900	2023-07-05	21586399	12:16:00	PCB 52	2,2',5,5'-Tetrachloorbifenyl (PCB52)	<	0,5	ng/L
OW168900	2023-07-05	21586399	12:16:00	PCB t	Polychloorbifenyl, totaal	<	5,77	ng/L
OW168900	2023-07-05	21586399	12:16:00	PCBz	Pentachloorbenzeen	<	1,5	ng/L
OW168900	2023-07-05	21586399	12:16:00	PCNiBz	Pentachloornitrobenzeen	<	2	ng/L
OW168900	2023-07-05	21586399	12:16:00	pH	pH	=	7,88	-
OW168900	2023-07-05	21586399	12:16:00	Picarb	Pirimicarb	=	45	ng/L
OW168900	2023-07-05	21586399	12:16:00	PirfosMy	Pirimifos-methyl	<	3,5	ng/L
OW168900	2023-07-05	21586399	12:16:00	Prochloor	Propachloor	<	10	ng/L
OW168900	2023-07-05	21586399	12:16:00	Prometryn	Prometryn	<	10	ng/L
OW168900	2023-07-05	21586399	12:16:00	Propanil	Propanil	<	25	ng/L
OW168900	2023-07-05	21586399	12:16:00	Propaz	Propazine	<	10	ng/L
OW168900	2023-07-05	21586399	12:16:00	Pyr	Pyreen	<	10	ng/L
OW168900	2023-07-05	21586399	12:16:00	Quinofen	Quinoxyfen	<	1	ng/L
OW168900	2023-07-05	21586399	12:16:00	Sb o	Antimoon	<	1,5	µg/L
OW168900	2023-07-05	21586399	12:16:00	Sb t	Antimoon	<	1,5	µg/L
OW168900	2023-07-05	21586399	12:16:00	Se o	Seleen	<	0,75	µg/L
OW168900	2023-07-05	21586399	12:16:00	Se t	Seleen	<	1,5	µg/L
OW168900	2023-07-05	21586399	12:16:00	Sebutylaz	Sebutylazine	<	10	ng/L
OW168900	2023-07-05	21586399	12:16:00	Secchi	Doorzichtigheid	=	30	cm
OW168900	2023-07-05	21586399	12:16:00	Simaz	Simazine	<	10	ng/L
OW168900	2023-07-05	21586399	12:16:00	SiO2 o	Silicaat	<	0,25	mgSiO2/L
OW168900	2023-07-05	21586399	12:16:00	Sn o	Tin	<	1,5	µg/L
OW168900	2023-07-05	21586399	12:16:00	Sn t	Tin	<	1,5	µg/L
OW168900	2023-07-05	21586399	12:16:00	SO4=	Sulfaat	=	85	mg/L
OW168900	2023-07-05	21586399	12:16:00	T	Temperatuur	=	21,9	°C
OW168900	2023-07-05	21586399	12:16:00	TAM	Alkaliniteit met methyloranje	=	5,3	meq/L
OW168900	2023-07-05	21586399	12:16:00	TBySn	Tributyltin	=	0,056	ngSn/L
OW168900	2023-07-05	21586399	12:16:00	tCdaan	trans-Chloordaan	<	0,5	ng/L
OW168900	2023-07-05	21586399	12:16:00	TclofosMy	Tolclofos-methyl	<	2,5	ng/L
OW168900	2023-07-05	21586399	12:16:00	Te o	Telluur	<	2,5	µg/L
OW168900	2023-07-05	21586399	12:16:00	Te t	Telluur	<	2,5	µg/L
OW168900	2023-07-05	21586399	12:16:00	Telodrin	Telodrin	<	1	ng/L
OW168900	2023-07-05	21586399	12:16:00	Terbufos	Terbufos	<	2,5	ng/L
OW168900	2023-07-05	21586399	12:16:00	Terbutryn	Terbutryn	<	10	ng/L
OW168900	2023-07-05	21586399	12:16:00	Tfluralin	Trifluralin	<	2	ng/L
OW168900	2023-07-05	21586399	12:16:00	TFySn	Trifenyltin	<	0,035	ngSn/L
OW168900	2023-07-05	21586399	12:16:00	TFySn som	Trifenyltinacetaat, chloride, hydroxide	<	0,035	ngSn/L
OW168900	2023-07-05	21586399	12:16:00	Thiacloprid	Thiacloprid	<	2,5	ng/L
OW168900	2023-07-05	21586399	12:16:00	tHpCEpx	trans-Heptachloorepoxyde	<	2	ng/L
OW168900	2023-07-05	21586399	12:16:00	Ti o	Titaan	<	2	µg/L
OW168900	2023-07-05	21586399	12:16:00	Ti t	Titaan	=	25	µg/L
OW168900	2023-07-05	21586399	12:16:00	Tl o	Thallium	<	0,1	µg/L
OW168900	2023-07-05	21586399	12:16:00	Tl t	Thallium	<	0,1	µg/L
OW168900	2023-07-05	21586399	12:16:00	Tmethoxam	Thiamethoxam	<	5	ng/L
OW168900	2023-07-05	21586399	12:16:00	TrByaz	Terbutylazine	=	280	ng/L
OW168900	2023-07-05	21586399	12:16:00	Triazofos	Triazofos	<	2	ng/L
OW168900	2023-07-05	21586399	12:16:00	TtBySn	Tetrabutyltin	<	0,035	ngSn/L
OW168900	2023-07-05	21586399	12:16:00	U o	Uranium	=	0,99	µg/L
OW168900	2023-07-05	21586399	12:16:00	U t	Uranium	=	1,11	µg/L
OW168900	2023-07-05	21586399	12:16:00	V o	Vanadium	<	3	µg/L
OW168900	2023-07-05	21586399	12:16:00	V t	Vanadium	=	5,7	µg/L
OW168900	2023-07-05	21586399	12:16:00	Zn o	Zink	<	7,5	µg/L
OW168900	2023-07-05	21586399	12:16:00	Zn t	Zink	=	34,9	µg/L
OW168900	2023-07-05	21586399	12:16:00	ZS	Zwevende stoffen	=	45	mg/L
OW168900	2023-07-13	21587916	11:19:00	EC 20	Geleidbaarheid (20°C)	=	811	µS/cm
OW168900	2023-07-13	21587916	11:19:00	EC 25	Geleidbaarheid (25°C)	=	888,4505	µS/cm
OW168900	2023-07-13	21587916	11:19:00	O2	Zuurstof	=	6,3	mg/L
OW168900	2023-07-13	21587916	11:19:00	O2 verz	Zuurstof	=	72,7	%
OW168900	2023-07-13	21587916	11:19:00	pH	pH	=	7,77	-
OW168900	2023-07-13	21587916	11:19:00	T	Temperatuur	=	22,8	°C
OW168900	2023-08-09	21588627	11:55:00	1234CBz	1,2,3,4-Tetrachloorbenzeen	<	1	ng/L
OW168900	2023-08-09	21588627	11:55:00	1235+1245CBz	1,2,3,5+1,2,4,5-Tetrachloorbenzeen	<	1,5	ng/L
OW168900	2023-08-09	21588627	11:55:00	2356CNiBz	2,3,5,6-Tetrachloornitrobenzeen	<	2	ng/L
OW168900	2023-08-09	21588627	11:55:00	24DDD	op'Dichloordifenyldichloorethaan	<	1	ng/L
OW168900	2023-08-09	21588627	11:55:00	24DDE	op'Dichloordifenyldichlooretheen	<	1	ng/L
OW168900	2023-08-09	21588627	11:55:00	24DDT	op'Dichloordifenyltrichloorethaan	<	1	ng/L
OW168900	2023-08-09	21588627	11:55:00	2hAtraz	2-Hydroxy-atrazine	=	51	ng/L
OW168900	2023-08-09	21588627	11:55:00	44DDD	pp'Dichloordifenyldichloorethaan	<	1	ng/L
OW168900	2023-08-09	21588627	11:55:00	44DDE	pp'Dichloordifenyldichlooretheen	<	1	ng/L
OW168900	2023-08-09	21588627	11:55:00	44DDT	pp'Dichloordifenyltrichloorethaan	<	1	ng/L
OW168900	2023-08-09	21588627	11:55:00	a+b+d+gHCHS	alfa+beta+gamma+delta Hexachloorcyclohexaan	<	3	ng/L
OW168900	2023-08-09	21588627	11:55:00	a+bEndoS	alfa+beta Endosulfan	<	2	ng/L
OW168900	2023-08-09	21588627	11:55:00	Acenaft	Acenafteen	=	14	ng/L
OW168900	2023-08-09	21588627	11:55:00	Acenaftyl	Acenaftyleen	<	10	ng/L
OW168900	2023-08-09	21588627	11:55:00	Acetamiprid	Acetamiprid	<	5	ng/L
OW168900	2023-08-09	21588627	11:55:00	Aclonifen	Aclonifen	<	5	ng/L
OW168900	2023-08-09	21588627	11:55:00	ADEIdrin	Aldrin+Dieldrin+Endrin+Isodrin	<	2,125	ng/L
OW168900	2023-08-09	21588627	11:55:00	aEndo	alfa-Endosulfan	<	1	ng/L
OW168900	2023-08-09	21588627	11:55:00	Ag o	Zilver	<	0,05	µg/L
OW168900	2023-08-09	21588627	11:55:00	Ag t	Zilver	<	0,1	µg/L
OW168900	2023-08-09	21588627	11:55:00	aHCH	alfa-Hexachloorcyclohexaan	<	0,75	ng/L
OW168900	2023-08-09	21588627	11:55:00	Al o	Aluminium	<	150	µg/L
OW168900	2023-08-09	21588627	11:55:00	Alachloor	Alachloor	<	10	ng/L
OW168900	2023-08-09	21588627	11:55:00	Aldrin	Aldrin	<	0,375	ng/L
OW168900	2023-08-09	21588627	11:55:00	Ant	Anthraceen	<	10	ng/L
OW168900	2023-08-09	21588627	11:55:00	As o	Arseen	=	1,78	µg/L
OW168900	2023-08-09	21588627	11:55:00	As t	Arseen	=	3,12	µg/L
OW168900	2023-08-09	21588627	11:55:00	Atraz	Atrazine	<	10	ng/L
OW168900	2023-08-09	21588627	11:55:00	AzinfosEy	Azinfos-ethyl	<	1,5	ng/L
OW168900	2023-08-09	21588627	11:55:00	AzinfosMy	Azinfos-methyl	<	1	ng/L
OW168900	2023-08-09	21588627	11:55:00	B o	Boor	=	66	µg/L
OW168900	2023-08-09	21588627	11:55:00	B t	Boor	=	63	µg/L
OW168900	2023-08-09	21588627	11:55:00	B(a)A	Benzo(a)anthraceen	=	13	ng/L
OW168900	2023-08-09	21588627	11:55:00	B(a)P	Benzo(a)pyreen	=	17	ng/L
OW168900	2023-08-09	21588627	11:55:00	B(b)Flu	Benzo(b)fluorantheen	=	28	ng/L
OW168900	2023-08-09	21588627	11:55:00	B(ghi)Pe	Benzo(g,h,i)peryleen	=	18	ng/L
OW168900	2023-08-09	21588627	11:55:00	B(k)Flu	Benzo(k)fluorantheen	=	14	ng/L
OW168900	2023-08-09	21588627	11:55:00	Ba o	Barium	=	23	µg/L
OW168900	2023-08-09	21588627	11:55:00	Ba t	Barium	=	38	µg/L
OW168900	2023-08-09	21588627	11:55:00	BAM	2,6-Dichloorbenzamide	=	21	ng/L
OW168900	2023-08-09	21588627	11:55:00	Be o	Beryllium	<	0,15	µg/L
OW168900	2023-08-09	21588627	11:55:00	Be t	Beryllium	<	0,15	µg/L
OW168900	2023-08-09	21588627	11:55:00	bEndo	beta-Endosulfan	<	1	ng/L
OW168900	2023-08-09	21588627	11:55:00	BFlu som	PAK benzo(b+k)fluorantheen (b)	=	42	ng/L
OW168900	2023-08-09	21588627	11:55:00	bHCH	beta-Hexachloorcyclohexaan	<	0,75	ng/L
OW168900	2023-08-09	21588627	11:55:00	Bifenox	Bifenox	<	2	ng/L
OW168900	2023-08-09	21588627	11:55:00	BPe + IP som	PAK Benzo(g,h,i)peryleen + Indeno(1,2,3-cd)pyreen	=	33	ng/L
OW168900	2023-08-09	21588627	11:55:00	BrfosEy	Bromofos-ethyl	<	2,5	ng/L
OW168900	2023-08-09	21588627	11:55:00	BrfosMy	Bromofos-methyl	<	1,5	ng/L
OW168900	2023-08-09	21588627	11:55:00	Bromacil	Bromacil	<	10	ng/L
OW168900	2023-08-09	21588627	11:55:00	BZV5	Biochemisch zuurstofverbruik na 5d.	<	2	mgO2/L
OW168900	2023-08-09	21588627	11:55:00	Ca o	Calcium	=	81000	µg/L
OW168900	2023-08-09	21588627	11:55:00	Carbdzim	Carbendazim	<	10	ng/L
OW168900	2023-08-09	21588627	11:55:00	Cartamid	Carbetamide	<	10	ng/L
OW168900	2023-08-09	21588627	11:55:00	Cbromuron	Chloorbromuron	<	15	ng/L
OW168900	2023-08-09	21588627	11:55:00	cCdaan	cis-Chloordaan	<	0,5	ng/L
OW168900	2023-08-09	21588627	11:55:00	Cd o	Cadmium	<	0,05	µg/L
OW168900	2023-08-09	21588627	11:55:00	Cd t	Cadmium	=	0,306	µg/L
OW168900	2023-08-09	21588627	11:55:00	Cdaan	Chloordaan	<	1	ng/L
OW168900	2023-08-09	21588627	11:55:00	Cdazon	Chloridazon	<	5	ng/L
OW168900	2023-08-09	21588627	11:55:00	Cfvinfos	Chloorfenvinfos	<	1,5	ng/L
OW168900	2023-08-09	21588627	11:55:00	cHpCEpx	cis-Heptachloorepoxyde	<	1	ng/L
OW168900	2023-08-09	21588627	11:55:00	Chr	Chryseen	=	18	ng/L
OW168900	2023-08-09	21588627	11:55:00	Cl-	Chloride	=	48,2	mg/L
OW168900	2023-08-09	21588627	11:55:00	Clfyl a	Chlorofyl a	=	27	µg/L
OW168900	2023-08-09	21588627	11:55:00	Clotidine	Clothianidine	<	2,5	ng/L
OW168900	2023-08-09	21588627	11:55:00	Co o	Kobalt	=	0,26	µg/L
OW168900	2023-08-09	21588627	11:55:00	Co t	Kobalt	=	1,44	µg/L
OW168900	2023-08-09	21588627	11:55:00	CpfosEy	Chloorpyrifos-ethyl	<	2	ng/L
OW168900	2023-08-09	21588627	11:55:00	CpfosMy	Chloorpyrifos-methyl	<	1,5	ng/L
OW168900	2023-08-09	21588627	11:55:00	Cprofam	Chloorprofam	<	4	ng/L
OW168900	2023-08-09	21588627	11:55:00	Cr o	Chroom	<	1,5	µg/L
OW168900	2023-08-09	21588627	11:55:00	Cr t	Chroom	=	10,5	µg/L
OW168900	2023-08-09	21588627	11:55:00	Ctoluron	Chloortoluron	=	58	ng/L
OW168900	2023-08-09	21588627	11:55:00	Cu o	Koper	<	2	µg/L
OW168900	2023-08-09	21588627	11:55:00	Cu t	Koper	=	8,2	µg/L
OW168900	2023-08-09	21588627	11:55:00	Cumafos	Cumafos	<	2,5	ng/L
OW168900	2023-08-09	21588627	11:55:00	Cyanaz	Cyanazine	<	5	ng/L
OW168900	2023-08-09	21588627	11:55:00	Cybutrine	Cybutrine	<	1	ng/L
OW168900	2023-08-09	21588627	11:55:00	Cypmethrin	Cypermethrin	<	3	ng/L
OW168900	2023-08-09	21588627	11:55:00	CZV	Chemisch zuurstofverbruik	=	19,2	mgO2/L
OW168900	2023-08-09	21588627	11:55:00	DBySn	Dibutyltin	=	0,43	ngSn/L
OW168900	2023-08-09	21588627	11:55:00	DBySn som	Dibutyltinverbindingen	=	0,43	ngSn/L
OW168900	2023-08-09	21588627	11:55:00	dBz(ah)An	Dibenzo(a,h)anthraceen	<	5	ng/L
OW168900	2023-08-09	21588627	11:55:00	DCvos	Dichloorvos	<	0,5	ng/L
OW168900	2023-08-09	21588627	11:55:00	DDT t	DDT, totaal	<	4	ng/L
OW168900	2023-08-09	21588627	11:55:00	Demeton	Demeton	<	4,5	ng/L
OW168900	2023-08-09	21588627	11:55:00	DEyatraz	Desethylatrazine	=	11	ng/L
OW168900	2023-08-09	21588627	11:55:00	DEytByaz	Desethylterbutylazine	<	20	ng/L
OW168900	2023-08-09	21588627	11:55:00	Dflucan	Diflufenican	=	24	ng/L
OW168900	2023-08-09	21588627	11:55:00	dHCH	delta-Hexachloorcyclohexaan	<	0,75	ng/L
OW168900	2023-08-09	21588627	11:55:00	Diazinon	Diazinon	<	2	ng/L
OW168900	2023-08-09	21588627	11:55:00	Dieldrin	Dieldrin	<	1	ng/L
OW168900	2023-08-09	21588627	11:55:00	DiMetamid	Dimethenamid	=	113	ng/L
OW168900	2023-08-09	21588627	11:55:00	DiMetmorf	Dimethomorf	=	18	ng/L
OW168900	2023-08-09	21588627	11:55:00	DiPyatraz	Desisopropylatrazine	<	10	ng/L
OW168900	2023-08-09	21588627	11:55:00	Diuron	Diuron	=	14	ng/L
OW168900	2023-08-09	21588627	11:55:00	Dmetoat	Dimethoaat	<	3	ng/L
OW168900	2023-08-09	21588627	11:55:00	DOC	Koolstof	=	4,7	mgC/L
OW168900	2023-08-09	21588627	11:55:00	Dsulfoton	Disulfoton	<	4,5	ng/L
OW168900	2023-08-09	21588627	11:55:00	EC 20	Geleidbaarheid (20°C)	=	571	µS/cm
OW168900	2023-08-09	21588627	11:55:00	EC 25	Geleidbaarheid (25°C)	=	625,5305	µS/cm
OW168900	2023-08-09	21588627	11:55:00	EndoS	Endosulfansulfaat	<	1	ng/L
OW168900	2023-08-09	21588627	11:55:00	Endrin	Endrin	<	0,375	ng/L
OW168900	2023-08-09	21588627	11:55:00	Etfum	Ethofumesaat	=	49	ng/L
OW168900	2023-08-09	21588627	11:55:00	Ethopfos	Ethoprofos	<	2,5	ng/L
OW168900	2023-08-09	21588627	11:55:00	F- o	Fluoride	=	0,179	mg/L
OW168900	2023-08-09	21588627	11:55:00	Fe o	Ijzer	<	25	µg/L
OW168900	2023-08-09	21588627	11:55:00	Fe t	Ijzer	=	2540	µg/L
OW168900	2023-08-09	21588627	11:55:00	Fen	Fenantreen	=	43	ng/L
OW168900	2023-08-09	21588627	11:55:00	Fenithion	Fenitrothion	<	1,5	ng/L
OW168900	2023-08-09	21588627	11:55:00	Fenthion	Fenthion	<	2,5	ng/L
OW168900	2023-08-09	21588627	11:55:00	Feofyt a	Feofytine a	=	17,4	µg/L
OW168900	2023-08-09	21588627	11:55:00	Fipronil	Fipronil	=	3	ng/L
OW168900	2023-08-09	21588627	11:55:00	Flu	Fluorantheen	=	53	ng/L
OW168900	2023-08-09	21588627	11:55:00	Flucet	Flufenacet	=	26	ng/L
OW168900	2023-08-09	21588627	11:55:00	Fluoreen	Fluoreen	=	14	ng/L
OW168900	2023-08-09	21588627	11:55:00	Fonofos	Fonofos	<	2	ng/L
OW168900	2023-08-09	21588627	11:55:00	gHCH	gamma-Hexachloorcyclohexaan	<	0,75	ng/L
OW168900	2023-08-09	21588627	11:55:00	H t	Hardheid	=	24	°F
OW168900	2023-08-09	21588627	11:55:00	HCBdn	Hexachloorbutadieen	<	1	ng/L
OW168900	2023-08-09	21588627	11:55:00	HCBz	Hexachloorbenzeen	<	1,5	ng/L
OW168900	2023-08-09	21588627	11:55:00	HCH	Hexachloorcyclohexaan, alle isomeren	<	3	ng/L
OW168900	2023-08-09	21588627	11:55:00	Hexazinon	Hexazinon	<	10	ng/L
OW168900	2023-08-09	21588627	11:55:00	Hg o	Kwik	<	0,025	µg/L
OW168900	2023-08-09	21588627	11:55:00	Hg t	Kwik	<	0,05	µg/L
OW168900	2023-08-09	21588627	11:55:00	HpC	Heptachloor	<	1	ng/L
OW168900	2023-08-09	21588627	11:55:00	HpC+Epx	Heptachloor+epoxyde	<	4	ng/L
OW168900	2023-08-09	21588627	11:55:00	Imcloprid	Imidacloprid	=	8	ng/L
OW168900	2023-08-09	21588627	11:55:00	IP	Indeno(1,2,3-cd)pyreen	=	15	ng/L
OW168900	2023-08-09	21588627	11:55:00	Iproturon	Isoproturon	<	10	ng/L
OW168900	2023-08-09	21588627	11:55:00	Isodrin	Isodrin	<	0,375	ng/L
OW168900	2023-08-09	21588627	11:55:00	K o	Kalium	=	11800	µg/L
OW168900	2023-08-09	21588627	11:55:00	KjN	Kjeldahlstikstof	=	1,294	mgN/L
OW168900	2023-08-09	21588627	11:55:00	Linuron	Linuron	<	5	ng/L
OW168900	2023-08-09	21588627	11:55:00	Malathion	Malathion	<	2,5	ng/L
OW168900	2023-08-09	21588627	11:55:00	Mbromuron	Metobromuron	=	31	ng/L
OW168900	2023-08-09	21588627	11:55:00	mBthiaz	Metabenzthiazuron	<	5	ng/L
OW168900	2023-08-09	21588627	11:55:00	Metaza	Metazachloor	=	48	ng/L
OW168900	2023-08-09	21588627	11:55:00	Metbuzin	Metribuzin	=	19	ng/L
OW168900	2023-08-09	21588627	11:55:00	Metcarb	Methiocarb	<	4,5	ng/L
OW168900	2023-08-09	21588627	11:55:00	Methidat	Methidation	<	3,5	ng/L
OW168900	2023-08-09	21588627	11:55:00	Metola	Metolachloor	=	45	ng/L
OW168900	2023-08-09	21588627	11:55:00	Metoxur	Metoxuron	<	5	ng/L
OW168900	2023-08-09	21588627	11:55:00	Mevinfos	Mevinfos	<	2	ng/L
OW168900	2023-08-09	21588627	11:55:00	Mg o	Magnesium	=	8000	µg/L
OW168900	2023-08-09	21588627	11:55:00	Mlinuron	Monolinuron	<	5	ng/L
OW168900	2023-08-09	21588627	11:55:00	Mmitron	Metamitron	=	15	ng/L
OW168900	2023-08-09	21588627	11:55:00	Mn o	Mangaan	=	28	µg/L
OW168900	2023-08-09	21588627	11:55:00	Mn t	Mangaan	=	187	µg/L
OW168900	2023-08-09	21588627	11:55:00	Mo o	Molybdeen	<	2,5	µg/L
OW168900	2023-08-09	21588627	11:55:00	Mo t	Molybdeen	<	2,5	µg/L
OW168900	2023-08-09	21588627	11:55:00	MxyC	Methoxychloor	<	1	ng/L
OW168900	2023-08-09	21588627	11:55:00	N t	Stikstof	=	4,8	mgN/L
OW168900	2023-08-09	21588627	11:55:00	N+N	Nitraat+nitriet	=	3,506	mgN/L
OW168900	2023-08-09	21588627	11:55:00	N+N+N	Nitraat+nitriet+ammonium	=	3,716	mgN/L
OW168900	2023-08-09	21588627	11:55:00	Na o	Natrium	=	36300	µg/L
OW168900	2023-08-09	21588627	11:55:00	Naft	Naftaleen	<	40	ng/L
OW168900	2023-08-09	21588627	11:55:00	NH4+	Ammonium	=	0,21	mgN/L
OW168900	2023-08-09	21588627	11:55:00	Ni o	Nikkel	<	3,2	µg/L
OW168900	2023-08-09	21588627	11:55:00	Ni t	Nikkel	=	4,76	µg/L
OW168900	2023-08-09	21588627	11:55:00	NO2-	Nitriet	=	0,186	mgN/L
OW168900	2023-08-09	21588627	11:55:00	NO3-	Nitraat	=	3,32	mgN/L
OW168900	2023-08-09	21588627	11:55:00	O2	Zuurstof	=	7,74	mg/L
OW168900	2023-08-09	21588627	11:55:00	O2 verz	Zuurstof	=	85,2	%
OW168900	2023-08-09	21588627	11:55:00	OCP t	Organochloorpesticiden, totaal	<	15,875	ng/L
OW168900	2023-08-09	21588627	11:55:00	oPO4 f	Orthofosfaat	=	0,35	mgP/L
OW168900	2023-08-09	21588627	11:55:00	Oxadiazon	Oxadiazon	<	6	ng/L
OW168900	2023-08-09	21588627	11:55:00	P t	Fosfor	=	0,7	mgP/L
OW168900	2023-08-09	21588627	11:55:00	PAK 10	Polyaromatische KWS (10 Vrom)	<	241	ng/L
OW168900	2023-08-09	21588627	11:55:00	PAK 6	Polyaromatische KWS (6 Borneff)	=	145	ng/L
OW168900	2023-08-09	21588627	11:55:00	PathionEy	Parathion-ethyl	<	1	ng/L
OW168900	2023-08-09	21588627	11:55:00	PathionMy	Parathion-methyl	<	1,5	ng/L
OW168900	2023-08-09	21588627	11:55:00	Pb o	Lood	<	1,25	µg/L
OW168900	2023-08-09	21588627	11:55:00	Pb t	Lood	=	8,4	µg/L
OW168900	2023-08-09	21588627	11:55:00	PCB 101	2,2',4,5,5'-Pentachloorbifenyl (PCB101)	<	1	ng/L
OW168900	2023-08-09	21588627	11:55:00	PCB 118	2,3',4,4',5-Pentachloorbifenyl (PCB118)	<	0,5	ng/L
OW168900	2023-08-09	21588627	11:55:00	PCB 138	2,2',3,4,4',5'-Hexachloorbifenyl (PCB138)	=	1,41	ng/L
OW168900	2023-08-09	21588627	11:55:00	PCB 153	2,2',4,4',5,5'-Hexachloorbifenyl (PCB153)	=	1,51	ng/L
OW168900	2023-08-09	21588627	11:55:00	PCB 180	2,2',3,4,4',5,5'-Heptachloorbifenyl (PCB180)	<	0,5	ng/L
OW168900	2023-08-09	21588627	11:55:00	PCB 28	2,4,4'-Trichloorbifenyl (PCB28)	<	0,5	ng/L
OW168900	2023-08-09	21588627	11:55:00	PCB 52	2,2',5,5'-Tetrachloorbifenyl (PCB52)	<	0,5	ng/L
OW168900	2023-08-09	21588627	11:55:00	PCB t	Polychloorbifenyl, totaal	<	5,92	ng/L
OW168900	2023-08-09	21588627	11:55:00	PCBz	Pentachloorbenzeen	<	1,5	ng/L
OW168900	2023-08-09	21588627	11:55:00	PCNiBz	Pentachloornitrobenzeen	<	2	ng/L
OW168900	2023-08-09	21588627	11:55:00	pH	pH	=	7,8	-
OW168900	2023-08-09	21588627	11:55:00	Picarb	Pirimicarb	<	5	ng/L
OW168900	2023-08-09	21588627	11:55:00	PirfosMy	Pirimifos-methyl	<	3,5	ng/L
OW168900	2023-08-09	21588627	11:55:00	Prochloor	Propachloor	<	10	ng/L
OW168900	2023-08-09	21588627	11:55:00	Prometryn	Prometryn	<	10	ng/L
OW168900	2023-08-09	21588627	11:55:00	Propanil	Propanil	<	25	ng/L
OW168900	2023-08-09	21588627	11:55:00	Propaz	Propazine	<	10	ng/L
OW168900	2023-08-09	21588627	11:55:00	Pyr	Pyreen	=	45	ng/L
OW168900	2023-08-09	21588627	11:55:00	Quinofen	Quinoxyfen	<	1	ng/L
OW168900	2023-08-09	21588627	11:55:00	Sb o	Antimoon	<	1,5	µg/L
OW168900	2023-08-09	21588627	11:55:00	Sb t	Antimoon	<	1,5	µg/L
OW168900	2023-08-09	21588627	11:55:00	Se o	Seleen	<	0,75	µg/L
OW168900	2023-08-09	21588627	11:55:00	Se t	Seleen	<	1,5	µg/L
OW168900	2023-08-09	21588627	11:55:00	Sebutylaz	Sebutylazine	<	10	ng/L
OW168900	2023-08-09	21588627	11:55:00	Secchi	Doorzichtigheid	=	35	cm
OW168900	2023-08-09	21588627	11:55:00	Simaz	Simazine	<	5	ng/L
OW168900	2023-08-09	21588627	11:55:00	SiO2 o	Silicaat	=	5,6	mgSiO2/L
OW168900	2023-08-09	21588627	11:55:00	Sn o	Tin	<	1,5	µg/L
OW168900	2023-08-09	21588627	11:55:00	Sn t	Tin	<	1,5	µg/L
OW168900	2023-08-09	21588627	11:55:00	SO4=	Sulfaat	=	57	mg/L
OW168900	2023-08-09	21588627	11:55:00	T	Temperatuur	=	19,8	°C
OW168900	2023-08-09	21588627	11:55:00	TAM	Alkaliniteit met methyloranje	=	3,5	meq/L
OW168900	2023-08-09	21588627	11:55:00	TBySn	Tributyltin	=	0,11	ngSn/L
OW168900	2023-08-09	21588627	11:55:00	tCdaan	trans-Chloordaan	<	0,5	ng/L
OW168900	2023-08-09	21588627	11:55:00	TclofosMy	Tolclofos-methyl	<	2,5	ng/L
OW168900	2023-08-09	21588627	11:55:00	Te o	Telluur	<	2,5	µg/L
OW168900	2023-08-09	21588627	11:55:00	Te t	Telluur	<	2,5	µg/L
OW168900	2023-08-09	21588627	11:55:00	Telodrin	Telodrin	<	1	ng/L
OW168900	2023-08-09	21588627	11:55:00	Terbufos	Terbufos	<	2,5	ng/L
OW168900	2023-08-09	21588627	11:55:00	Terbutryn	Terbutryn	<	10	ng/L
OW168900	2023-08-09	21588627	11:55:00	Tfluralin	Trifluralin	<	2	ng/L
OW168900	2023-08-09	21588627	11:55:00	TFySn	Trifenyltin	<	0,035	ngSn/L
OW168900	2023-08-09	21588627	11:55:00	TFySn som	Trifenyltinacetaat, chloride, hydroxide	<	0,035	ngSn/L
OW168900	2023-08-09	21588627	11:55:00	Thiacloprid	Thiacloprid	<	2,5	ng/L
OW168900	2023-08-09	21588627	11:55:00	tHpCEpx	trans-Heptachloorepoxyde	<	2	ng/L
OW168900	2023-08-09	21588627	11:55:00	Ti o	Titaan	<	2	µg/L
OW168900	2023-08-09	21588627	11:55:00	Ti t	Titaan	=	41	µg/L
OW168900	2023-08-09	21588627	11:55:00	Tl o	Thallium	<	0,1	µg/L
OW168900	2023-08-09	21588627	11:55:00	Tl t	Thallium	<	0,2	µg/L
OW168900	2023-08-09	21588627	11:55:00	Tmethoxam	Thiamethoxam	<	5	ng/L
OW168900	2023-08-09	21588627	11:55:00	TrByaz	Terbutylazine	=	55	ng/L
OW168900	2023-08-09	21588627	11:55:00	Triazofos	Triazofos	<	2	ng/L
OW168900	2023-08-09	21588627	11:55:00	TtBySn	Tetrabutyltin	<	0,035	ngSn/L
OW168900	2023-08-09	21588627	11:55:00	U o	Uranium	=	0,57	µg/L
OW168900	2023-08-09	21588627	11:55:00	U t	Uranium	=	0,66	µg/L
OW168900	2023-08-09	21588627	11:55:00	V o	Vanadium	<	3	µg/L
OW168900	2023-08-09	21588627	11:55:00	V t	Vanadium	=	8,1	µg/L
OW168900	2023-08-09	21588627	11:55:00	Zn o	Zink	<	7,5	µg/L
OW168900	2023-08-09	21588627	11:55:00	Zn t	Zink	=	52	µg/L
OW168900	2023-08-09	21588627	11:55:00	ZS	Zwevende stoffen	=	48	mg/L
OW168900	2023-09-13	21590302	12:05:00	1234CBz	1,2,3,4-Tetrachloorbenzeen	<	1	ng/L
OW168900	2023-09-13	21590302	12:05:00	1235+1245CBz	1,2,3,5+1,2,4,5-Tetrachloorbenzeen	<	1,5	ng/L
OW168900	2023-09-13	21590302	12:05:00	2356CNiBz	2,3,5,6-Tetrachloornitrobenzeen	<	2	ng/L
OW168900	2023-09-13	21590302	12:05:00	24DDD	op'Dichloordifenyldichloorethaan	<	1	ng/L
OW168900	2023-09-13	21590302	12:05:00	24DDE	op'Dichloordifenyldichlooretheen	<	1	ng/L
OW168900	2023-09-13	21590302	12:05:00	24DDT	op'Dichloordifenyltrichloorethaan	<	1	ng/L
OW168900	2023-09-13	21590302	12:05:00	2hAtraz	2-Hydroxy-atrazine	=	58	ng/L
OW168900	2023-09-13	21590302	12:05:00	44DDD	pp'Dichloordifenyldichloorethaan	<	1	ng/L
OW168900	2023-09-13	21590302	12:05:00	44DDE	pp'Dichloordifenyldichlooretheen	<	1	ng/L
OW168900	2023-09-13	21590302	12:05:00	44DDT	pp'Dichloordifenyltrichloorethaan	<	1	ng/L
OW168900	2023-09-13	21590302	12:05:00	a+b+d+gHCHS	alfa+beta+gamma+delta Hexachloorcyclohexaan	<	23,25	ng/L
OW168900	2023-09-13	21590302	12:05:00	a+bEndoS	alfa+beta Endosulfan	<	2	ng/L
OW168900	2023-09-13	21590302	12:05:00	Acenaft	Acenafteen	=	13	ng/L
OW168900	2023-09-13	21590302	12:05:00	Acenaftyl	Acenaftyleen	<	10	ng/L
OW168900	2023-09-13	21590302	12:05:00	Acetamiprid	Acetamiprid	=	5	ng/L
OW168900	2023-09-13	21590302	12:05:00	ADEIdrin	Aldrin+Dieldrin+Endrin+Isodrin	<	2,5	ng/L
OW168900	2023-09-13	21590302	12:05:00	aEndo	alfa-Endosulfan	<	1	ng/L
OW168900	2023-09-13	21590302	12:05:00	Ag o	Zilver	<	0,05	µg/L
OW168900	2023-09-13	21590302	12:05:00	Ag t	Zilver	<	0,1	µg/L
OW168900	2023-09-13	21590302	12:05:00	aHCH	alfa-Hexachloorcyclohexaan	<	0,75	ng/L
OW168900	2023-09-13	21590302	12:05:00	Al o	Aluminium	<	150	µg/L
OW168900	2023-09-13	21590302	12:05:00	Alachloor	Alachloor	<	10	ng/L
OW168900	2023-09-13	21590302	12:05:00	Aldrin	Aldrin	<	0,375	ng/L
OW168900	2023-09-13	21590302	12:05:00	Ant	Anthraceen	=	11	ng/L
OW168900	2023-09-13	21590302	12:05:00	As o	Arseen	=	1,98	µg/L
OW168900	2023-09-13	21590302	12:05:00	As t	Arseen	=	2,74	µg/L
OW168900	2023-09-13	21590302	12:05:00	Atraz	Atrazine	<	10	ng/L
OW168900	2023-09-13	21590302	12:05:00	AzinfosEy	Azinfos-ethyl	<	1,5	ng/L
OW168900	2023-09-13	21590302	12:05:00	AzinfosMy	Azinfos-methyl	<	1	ng/L
OW168900	2023-09-13	21590302	12:05:00	B o	Boor	=	71	µg/L
OW168900	2023-09-13	21590302	12:05:00	B t	Boor	=	71	µg/L
OW168900	2023-09-13	21590302	12:05:00	B(a)A	Benzo(a)anthraceen	=	11	ng/L
OW168900	2023-09-13	21590302	12:05:00	B(a)P	Benzo(a)pyreen	=	19	ng/L
OW168900	2023-09-13	21590302	12:05:00	B(b)Flu	Benzo(b)fluorantheen	=	20	ng/L
OW168900	2023-09-13	21590302	12:05:00	B(ghi)Pe	Benzo(g,h,i)peryleen	=	18	ng/L
OW168900	2023-09-13	21590302	12:05:00	B(k)Flu	Benzo(k)fluorantheen	=	10	ng/L
OW168900	2023-09-13	21590302	12:05:00	Ba o	Barium	=	29	µg/L
OW168900	2023-09-13	21590302	12:05:00	Ba t	Barium	=	38	µg/L
OW168900	2023-09-13	21590302	12:05:00	BAM	2,6-Dichloorbenzamide	=	25	ng/L
OW168900	2023-09-13	21590302	12:05:00	Be o	Beryllium	<	0,15	µg/L
OW168900	2023-09-13	21590302	12:05:00	Be t	Beryllium	<	0,15	µg/L
OW168900	2023-09-13	21590302	12:05:00	bEndo	beta-Endosulfan	<	1	ng/L
OW168900	2023-09-13	21590302	12:05:00	BFlu som	PAK benzo(b+k)fluorantheen (b)	=	30	ng/L
OW168900	2023-09-13	21590302	12:05:00	bHCH	beta-Hexachloorcyclohexaan	<	0,75	ng/L
OW168900	2023-09-13	21590302	12:05:00	Bifenox	Bifenox	<	2	ng/L
OW168900	2023-09-13	21590302	12:05:00	BPe + IP som	PAK Benzo(g,h,i)peryleen + Indeno(1,2,3-cd)pyreen	=	30	ng/L
OW168900	2023-09-13	21590302	12:05:00	BrfosEy	Bromofos-ethyl	<	2,5	ng/L
OW168900	2023-09-13	21590302	12:05:00	BrfosMy	Bromofos-methyl	<	1,5	ng/L
OW168900	2023-09-13	21590302	12:05:00	Bromacil	Bromacil	<	10	ng/L
OW168900	2023-09-13	21590302	12:05:00	BZV5	Biochemisch zuurstofverbruik na 5d.	<	2	mgO2/L
OW168900	2023-09-13	21590302	12:05:00	Ca o	Calcium	=	86000	µg/L
OW168900	2023-09-13	21590302	12:05:00	Carbdzim	Carbendazim	<	5	ng/L
OW168900	2023-09-13	21590302	12:05:00	Cartamid	Carbetamide	<	10	ng/L
OW168900	2023-09-13	21590302	12:05:00	Cbromuron	Chloorbromuron	<	15	ng/L
OW168900	2023-09-13	21590302	12:05:00	cCdaan	cis-Chloordaan	<	0,5	ng/L
OW168900	2023-09-13	21590302	12:05:00	Cd o	Cadmium	<	0,05	µg/L
OW168900	2023-09-13	21590302	12:05:00	Cd t	Cadmium	=	0,219	µg/L
OW168900	2023-09-13	21590302	12:05:00	Cdaan	Chloordaan	<	1	ng/L
OW168900	2023-09-13	21590302	12:05:00	Cdazon	Chloridazon	<	5	ng/L
OW168900	2023-09-13	21590302	12:05:00	Cfvinfos	Chloorfenvinfos	<	1,5	ng/L
OW168900	2023-09-13	21590302	12:05:00	cHpCEpx	cis-Heptachloorepoxyde	<	1	ng/L
OW168900	2023-09-13	21590302	12:05:00	Chr	Chryseen	=	23	ng/L
OW168900	2023-09-13	21590302	12:05:00	Cl-	Chloride	=	53,9	mg/L
OW168900	2023-09-13	21590302	12:05:00	Clfyl a	Chlorofyl a	=	26,2	µg/L
OW168900	2023-09-13	21590302	12:05:00	Clotidine	Clothianidine	<	2,5	ng/L
OW168900	2023-09-13	21590302	12:05:00	Co o	Kobalt	=	0,25	µg/L
OW168900	2023-09-13	21590302	12:05:00	Co t	Kobalt	=	1,16	µg/L
OW168900	2023-09-13	21590302	12:05:00	CpfosEy	Chloorpyrifos-ethyl	<	2	ng/L
OW168900	2023-09-13	21590302	12:05:00	CpfosMy	Chloorpyrifos-methyl	<	1,5	ng/L
OW168900	2023-09-13	21590302	12:05:00	Cprofam	Chloorprofam	<	2	ng/L
OW168900	2023-09-13	21590302	12:05:00	Cr o	Chroom	<	1,5	µg/L
OW168900	2023-09-13	21590302	12:05:00	Cr t	Chroom	=	8,4	µg/L
OW168900	2023-09-13	21590302	12:05:00	Ctoluron	Chloortoluron	<	16	ng/L
OW168900	2023-09-13	21590302	12:05:00	Cu o	Koper	<	2	µg/L
OW168900	2023-09-13	21590302	12:05:00	Cu t	Koper	=	6,9	µg/L
OW168900	2023-09-13	21590302	12:05:00	Cumafos	Cumafos	<	2,5	ng/L
OW168900	2023-09-13	21590302	12:05:00	Cyanaz	Cyanazine	<	5	ng/L
OW168900	2023-09-13	21590302	12:05:00	Cybutrine	Cybutrine	<	1	ng/L
OW168900	2023-09-13	21590302	12:05:00	Cypmethrin	Cypermethrin	<	3	ng/L
OW168900	2023-09-13	21590302	12:05:00	CZV	Chemisch zuurstofverbruik	=	17	mgO2/L
OW168900	2023-09-13	21590302	12:05:00	DBySn	Dibutyltin	=	0,33	ngSn/L
OW168900	2023-09-13	21590302	12:05:00	DBySn som	Dibutyltinverbindingen	=	0,33	ngSn/L
OW168900	2023-09-13	21590302	12:05:00	dBz(ah)An	Dibenzo(a,h)anthraceen	<	5	ng/L
OW168900	2023-09-13	21590302	12:05:00	DCvos	Dichloorvos	<	1	ng/L
OW168900	2023-09-13	21590302	12:05:00	DDT t	DDT, totaal	<	4	ng/L
OW168900	2023-09-13	21590302	12:05:00	Demeton	Demeton	<	4,5	ng/L
OW168900	2023-09-13	21590302	12:05:00	DEyatraz	Desethylatrazine	<	10	ng/L
OW168900	2023-09-13	21590302	12:05:00	DEytByaz	Desethylterbutylazine	<	10	ng/L
OW168900	2023-09-13	21590302	12:05:00	dHCH	delta-Hexachloorcyclohexaan	<	0,75	ng/L
OW168900	2023-09-13	21590302	12:05:00	Diazinon	Diazinon	<	2	ng/L
OW168900	2023-09-13	21590302	12:05:00	Dieldrin	Dieldrin	<	1	ng/L
OW168900	2023-09-13	21590302	12:05:00	DiMetamid	Dimethenamid	=	23	ng/L
OW168900	2023-09-13	21590302	12:05:00	DiMetmorf	Dimethomorf	=	42	ng/L
OW168900	2023-09-13	21590302	12:05:00	DiPyatraz	Desisopropylatrazine	<	10	ng/L
OW168900	2023-09-13	21590302	12:05:00	Diuron	Diuron	=	15	ng/L
OW168900	2023-09-13	21590302	12:05:00	Dmetoat	Dimethoaat	<	3	ng/L
OW168900	2023-09-13	21590302	12:05:00	DOC	Koolstof	=	4,8	mgC/L
OW168900	2023-09-13	21590302	12:05:00	Dsulfoton	Disulfoton	<	4,5	ng/L
OW168900	2023-09-13	21590302	12:05:00	EC 20	Geleidbaarheid (20°C)	=	622	µS/cm
OW168900	2023-09-13	21590302	12:05:00	EC 25	Geleidbaarheid (25°C)	=	681,401	µS/cm
OW168900	2023-09-13	21590302	12:05:00	EndoS	Endosulfansulfaat	<	1	ng/L
OW168900	2023-09-13	21590302	12:05:00	Endrin	Endrin	<	0,75	ng/L
OW168900	2023-09-13	21590302	12:05:00	Etfum	Ethofumesaat	=	28	ng/L
OW168900	2023-09-13	21590302	12:05:00	Ethopfos	Ethoprofos	<	2,5	ng/L
OW168900	2023-09-13	21590302	12:05:00	F- o	Fluoride	=	0,187	mg/L
OW168900	2023-09-13	21590302	12:05:00	Fe o	Ijzer	<	12,5	µg/L
OW168900	2023-09-13	21590302	12:05:00	Fe t	Ijzer	=	2050	µg/L
OW168900	2023-09-13	21590302	12:05:00	Fen	Fenantreen	=	36	ng/L
OW168900	2023-09-13	21590302	12:05:00	Fenithion	Fenitrothion	<	1,5	ng/L
OW168900	2023-09-13	21590302	12:05:00	Fenthion	Fenthion	<	2,5	ng/L
OW168900	2023-09-13	21590302	12:05:00	Feofyt a	Feofytine a	=	11,3	µg/L
OW168900	2023-09-13	21590302	12:05:00	Fipronil	Fipronil	=	2,7	ng/L
OW168900	2023-09-13	21590302	12:05:00	Flu	Fluorantheen	=	48	ng/L
OW168900	2023-09-13	21590302	12:05:00	Flucet	Flufenacet	=	21	ng/L
OW168900	2023-09-13	21590302	12:05:00	Fluoreen	Fluoreen	=	17	ng/L
OW168900	2023-09-13	21590302	12:05:00	Fonofos	Fonofos	<	2	ng/L
OW168900	2023-09-13	21590302	12:05:00	gHCH	gamma-Hexachloorcyclohexaan	=	21	ng/L
OW168900	2023-09-13	21590302	12:05:00	H t	Hardheid	=	25	°F
OW168900	2023-09-13	21590302	12:05:00	HCBdn	Hexachloorbutadieen	<	1	ng/L
OW168900	2023-09-13	21590302	12:05:00	HCBz	Hexachloorbenzeen	<	1,5	ng/L
OW168900	2023-09-13	21590302	12:05:00	HCH	Hexachloorcyclohexaan, alle isomeren	<	23,25	ng/L
OW168900	2023-09-13	21590302	12:05:00	Hexazinon	Hexazinon	<	10	ng/L
OW168900	2023-09-13	21590302	12:05:00	Hg o	Kwik	<	0,025	µg/L
OW168900	2023-09-13	21590302	12:05:00	Hg t	Kwik	<	0,05	µg/L
OW168900	2023-09-13	21590302	12:05:00	HpC	Heptachloor	<	1	ng/L
OW168900	2023-09-13	21590302	12:05:00	HpC+Epx	Heptachloor+epoxyde	<	4	ng/L
OW168900	2023-09-13	21590302	12:05:00	Imcloprid	Imidacloprid	=	7	ng/L
OW168900	2023-09-13	21590302	12:05:00	IP	Indeno(1,2,3-cd)pyreen	=	12	ng/L
OW168900	2023-09-13	21590302	12:05:00	Iproturon	Isoproturon	<	5	ng/L
OW168900	2023-09-13	21590302	12:05:00	Isodrin	Isodrin	<	0,375	ng/L
OW168900	2023-09-13	21590302	12:05:00	K o	Kalium	=	12900	µg/L
OW168900	2023-09-13	21590302	12:05:00	KjN	Kjeldahlstikstof	<	0,4	mgN/L
OW168900	2023-09-13	21590302	12:05:00	Linuron	Linuron	<	5	ng/L
OW168900	2023-09-13	21590302	12:05:00	Malathion	Malathion	<	2,5	ng/L
OW168900	2023-09-13	21590302	12:05:00	Mbromuron	Metobromuron	<	10	ng/L
OW168900	2023-09-13	21590302	12:05:00	mBthiaz	Metabenzthiazuron	<	5	ng/L
OW168900	2023-09-13	21590302	12:05:00	Metaza	Metazachloor	=	15	ng/L
OW168900	2023-09-13	21590302	12:05:00	Metbuzin	Metribuzin	=	7,1	ng/L
OW168900	2023-09-13	21590302	12:05:00	Metcarb	Methiocarb	<	4,5	ng/L
OW168900	2023-09-13	21590302	12:05:00	Methidat	Methidation	<	3,5	ng/L
OW168900	2023-09-13	21590302	12:05:00	Metola	Metolachloor	=	22	ng/L
OW168900	2023-09-13	21590302	12:05:00	Metoxur	Metoxuron	<	5	ng/L
OW168900	2023-09-13	21590302	12:05:00	Mevinfos	Mevinfos	<	2	ng/L
OW168900	2023-09-13	21590302	12:05:00	Mg o	Magnesium	=	9600	µg/L
OW168900	2023-09-13	21590302	12:05:00	Mlinuron	Monolinuron	<	5	ng/L
OW168900	2023-09-13	21590302	12:05:00	Mmitron	Metamitron	<	5	ng/L
OW168900	2023-09-13	21590302	12:05:00	Mn o	Mangaan	=	31	µg/L
OW168900	2023-09-13	21590302	12:05:00	Mn t	Mangaan	=	167	µg/L
OW168900	2023-09-13	21590302	12:05:00	Mo o	Molybdeen	<	2,5	µg/L
OW168900	2023-09-13	21590302	12:05:00	Mo t	Molybdeen	<	2,5	µg/L
OW168900	2023-09-13	21590302	12:05:00	MxyC	Methoxychloor	<	1	ng/L
OW168900	2023-09-13	21590302	12:05:00	N t	Stikstof	=	4,3	mgN/L
OW168900	2023-09-13	21590302	12:05:00	N+N	Nitraat+nitriet	=	3,905	mgN/L
OW168900	2023-09-13	21590302	12:05:00	N+N+N	Nitraat+nitriet+ammonium	=	4,077	mgN/L
OW168900	2023-09-13	21590302	12:05:00	Na o	Natrium	=	41000	µg/L
OW168900	2023-09-13	21590302	12:05:00	Naft	Naftaleen	<	40	ng/L
OW168900	2023-09-13	21590302	12:05:00	NH4+	Ammonium	=	0,172	mgN/L
OW168900	2023-09-13	21590302	12:05:00	Ni o	Nikkel	<	3,2	µg/L
OW168900	2023-09-13	21590302	12:05:00	Ni t	Nikkel	=	4,34	µg/L
OW168900	2023-09-13	21590302	12:05:00	NO2-	Nitriet	=	0,125	mgN/L
OW168900	2023-09-13	21590302	12:05:00	NO3-	Nitraat	=	3,78	mgN/L
OW168900	2023-09-13	21590302	12:05:00	O2	Zuurstof	=	6,61	mg/L
OW168900	2023-09-13	21590302	12:05:00	O2 verz	Zuurstof	=	76,9	%
OW168900	2023-09-13	21590302	12:05:00	OCP t	Organochloorpesticiden, totaal	<	36,5	ng/L
OW168900	2023-09-13	21590302	12:05:00	oPO4 f	Orthofosfaat	=	0,247	mgP/L
OW168900	2023-09-13	21590302	12:05:00	P t	Fosfor	=	0,479	mgP/L
OW168900	2023-09-13	21590302	12:05:00	PAK 10	Polyaromatische KWS (10 Vrom)	<	228	ng/L
OW168900	2023-09-13	21590302	12:05:00	PAK 6	Polyaromatische KWS (6 Borneff)	=	127	ng/L
OW168900	2023-09-13	21590302	12:05:00	PathionEy	Parathion-ethyl	<	1	ng/L
OW168900	2023-09-13	21590302	12:05:00	PathionMy	Parathion-methyl	<	1,5	ng/L
OW168900	2023-09-13	21590302	12:05:00	Pb o	Lood	<	1,25	µg/L
OW168900	2023-09-13	21590302	12:05:00	Pb t	Lood	=	5,96	µg/L
OW168900	2023-09-13	21590302	12:05:00	PCB 101	2,2',4,5,5'-Pentachloorbifenyl (PCB101)	<	1	ng/L
OW168900	2023-09-13	21590302	12:05:00	PCB 118	2,3',4,4',5-Pentachloorbifenyl (PCB118)	<	0,5	ng/L
OW168900	2023-09-13	21590302	12:05:00	PCB 138	2,2',3,4,4',5'-Hexachloorbifenyl (PCB138)	=	1,16	ng/L
OW168900	2023-09-13	21590302	12:05:00	PCB 153	2,2',4,4',5,5'-Hexachloorbifenyl (PCB153)	=	1,48	ng/L
OW168900	2023-09-13	21590302	12:05:00	PCB 180	2,2',3,4,4',5,5'-Heptachloorbifenyl (PCB180)	<	1	ng/L
OW168900	2023-09-13	21590302	12:05:00	PCB 28	2,4,4'-Trichloorbifenyl (PCB28)	<	0,5	ng/L
OW168900	2023-09-13	21590302	12:05:00	PCB 52	2,2',5,5'-Tetrachloorbifenyl (PCB52)	<	0,5	ng/L
OW168900	2023-09-13	21590302	12:05:00	PCB t	Polychloorbifenyl, totaal	<	6,14	ng/L
OW168900	2023-09-13	21590302	12:05:00	PCBz	Pentachloorbenzeen	<	1,5	ng/L
OW168900	2023-09-13	21590302	12:05:00	PCNiBz	Pentachloornitrobenzeen	<	2	ng/L
OW168900	2023-09-13	21590302	12:05:00	pH	pH	=	7,68	-
OW168900	2023-09-13	21590302	12:05:00	Picarb	Pirimicarb	<	5	ng/L
OW168900	2023-09-13	21590302	12:05:00	PirfosMy	Pirimifos-methyl	<	3,5	ng/L
OW168900	2023-09-13	21590302	12:05:00	Prochloor	Propachloor	<	10	ng/L
OW168900	2023-09-13	21590302	12:05:00	Prometryn	Prometryn	<	10	ng/L
OW168900	2023-09-13	21590302	12:05:00	Propanil	Propanil	<	25	ng/L
OW168900	2023-09-13	21590302	12:05:00	Propaz	Propazine	<	10	ng/L
OW168900	2023-09-13	21590302	12:05:00	Pyr	Pyreen	=	42	ng/L
OW168900	2023-09-13	21590302	12:05:00	Quinofen	Quinoxyfen	<	1	ng/L
OW168900	2023-09-13	21590302	12:05:00	Sb o	Antimoon	<	1,5	µg/L
OW168900	2023-09-13	21590302	12:05:00	Sb t	Antimoon	<	1,5	µg/L
OW168900	2023-09-13	21590302	12:05:00	Se o	Seleen	<	0,75	µg/L
OW168900	2023-09-13	21590302	12:05:00	Se t	Seleen	<	1,5	µg/L
OW168900	2023-09-13	21590302	12:05:00	Sebutylaz	Sebutylazine	<	10	ng/L
OW168900	2023-09-13	21590302	12:05:00	Secchi	Doorzichtigheid	=	20	cm
OW168900	2023-09-13	21590302	12:05:00	Simaz	Simazine	<	10	ng/L
OW168900	2023-09-13	21590302	12:05:00	SiO2 o	Silicaat	=	9	mgSiO2/L
OW168900	2023-09-13	21590302	12:05:00	Sn o	Tin	<	1,5	µg/L
OW168900	2023-09-13	21590302	12:05:00	Sn t	Tin	<	1,5	µg/L
OW168900	2023-09-13	21590302	12:05:00	SO4=	Sulfaat	=	64	mg/L
OW168900	2023-09-13	21590302	12:05:00	T	Temperatuur	=	23	°C
OW168900	2023-09-13	21590302	12:05:00	TAM	Alkaliniteit met methyloranje	=	4	meq/L
OW168900	2023-09-13	21590302	12:05:00	TBySn	Tributyltin	=	0,1	ngSn/L
OW168900	2023-09-13	21590302	12:05:00	tCdaan	trans-Chloordaan	<	0,5	ng/L
OW168900	2023-09-13	21590302	12:05:00	TclofosMy	Tolclofos-methyl	<	2,5	ng/L
OW168900	2023-09-13	21590302	12:05:00	Te o	Telluur	<	2,5	µg/L
OW168900	2023-09-13	21590302	12:05:00	Te t	Telluur	<	2,5	µg/L
OW168900	2023-09-13	21590302	12:05:00	Telodrin	Telodrin	<	1	ng/L
OW168900	2023-09-13	21590302	12:05:00	Terbufos	Terbufos	<	2,5	ng/L
OW168900	2023-09-13	21590302	12:05:00	Terbutryn	Terbutryn	<	10	ng/L
OW168900	2023-09-13	21590302	12:05:00	Tfluralin	Trifluralin	<	2	ng/L
OW168900	2023-09-13	21590302	12:05:00	TFySn	Trifenyltin	<	0,035	ngSn/L
OW168900	2023-09-13	21590302	12:05:00	TFySn som	Trifenyltinacetaat, chloride, hydroxide	<	0,035	ngSn/L
OW168900	2023-09-13	21590302	12:05:00	Thiacloprid	Thiacloprid	<	2,5	ng/L
OW168900	2023-09-13	21590302	12:05:00	tHpCEpx	trans-Heptachloorepoxyde	<	2	ng/L
OW168900	2023-09-13	21590302	12:05:00	Ti o	Titaan	<	2	µg/L
OW168900	2023-09-13	21590302	12:05:00	Ti t	Titaan	=	32	µg/L
OW168900	2023-09-13	21590302	12:05:00	Tl o	Thallium	<	0,1	µg/L
OW168900	2023-09-13	21590302	12:05:00	Tl t	Thallium	<	0,1	µg/L
OW168900	2023-09-13	21590302	12:05:00	Tmethoxam	Thiamethoxam	<	5	ng/L
OW168900	2023-09-13	21590302	12:05:00	TrByaz	Terbutylazine	=	25	ng/L
OW168900	2023-09-13	21590302	12:05:00	Triazofos	Triazofos	<	2	ng/L
OW168900	2023-09-13	21590302	12:05:00	TtBySn	Tetrabutyltin	<	0,035	ngSn/L
OW168900	2023-09-13	21590302	12:05:00	U o	Uranium	=	0,73	µg/L
OW168900	2023-09-13	21590302	12:05:00	U t	Uranium	=	0,76	µg/L
OW168900	2023-09-13	21590302	12:05:00	V o	Vanadium	=	3,3	µg/L
OW168900	2023-09-13	21590302	12:05:00	V t	Vanadium	=	7,2	µg/L
OW168900	2023-09-13	21590302	12:05:00	Zn o	Zink	<	7,5	µg/L
OW168900	2023-09-13	21590302	12:05:00	Zn t	Zink	=	39,5	µg/L
OW168900	2023-09-13	21590302	12:05:00	ZS	Zwevende stoffen	=	48	mg/L
OW168900	2023-10-11	21591777	11:53:00	1234CBz	1,2,3,4-Tetrachloorbenzeen	<	1	ng/L
OW168900	2023-10-11	21591777	11:53:00	1235+1245CBz	1,2,3,5+1,2,4,5-Tetrachloorbenzeen	<	1,5	ng/L
OW168900	2023-10-11	21591777	11:53:00	2356CNiBz	2,3,5,6-Tetrachloornitrobenzeen	<	2	ng/L
OW168900	2023-10-11	21591777	11:53:00	24DDD	op'Dichloordifenyldichloorethaan	<	1	ng/L
OW168900	2023-10-11	21591777	11:53:00	24DDE	op'Dichloordifenyldichlooretheen	<	1	ng/L
OW168900	2023-10-11	21591777	11:53:00	24DDT	op'Dichloordifenyltrichloorethaan	<	1	ng/L
OW168900	2023-10-11	21591777	11:53:00	2hAtraz	2-Hydroxy-atrazine	=	47	ng/L
OW168900	2023-10-11	21591777	11:53:00	44DDD	pp'Dichloordifenyldichloorethaan	<	1	ng/L
OW168900	2023-10-11	21591777	11:53:00	44DDE	pp'Dichloordifenyldichlooretheen	<	1	ng/L
OW168900	2023-10-11	21591777	11:53:00	44DDT	pp'Dichloordifenyltrichloorethaan	<	1	ng/L
OW168900	2023-10-11	21591777	11:53:00	a+b+d+gHCHS	alfa+beta+gamma+delta Hexachloorcyclohexaan	<	3	ng/L
OW168900	2023-10-11	21591777	11:53:00	a+bEndoS	alfa+beta Endosulfan	<	2	ng/L
OW168900	2023-10-11	21591777	11:53:00	Acenaft	Acenafteen	=	18	ng/L
OW168900	2023-10-11	21591777	11:53:00	Acenaftyl	Acenaftyleen	<	10	ng/L
OW168900	2023-10-11	21591777	11:53:00	Acetamiprid	Acetamiprid	<	2,5	ng/L
OW168900	2023-10-11	21591777	11:53:00	Aclonifen	Aclonifen	<	2,5	ng/L
OW168900	2023-10-11	21591777	11:53:00	ADEIdrin	Aldrin+Dieldrin+Endrin+Isodrin	<	2,5	ng/L
OW168900	2023-10-11	21591777	11:53:00	aEndo	alfa-Endosulfan	<	1	ng/L
OW168900	2023-10-11	21591777	11:53:00	Ag o	Zilver	<	0,05	µg/L
OW168900	2023-10-11	21591777	11:53:00	Ag t	Zilver	=	0,151	µg/L
OW168900	2023-10-11	21591777	11:53:00	aHCH	alfa-Hexachloorcyclohexaan	<	0,75	ng/L
OW168900	2023-10-11	21591777	11:53:00	Al o	Aluminium	<	150	µg/L
OW168900	2023-10-11	21591777	11:53:00	Alachloor	Alachloor	<	10	ng/L
OW168900	2023-10-11	21591777	11:53:00	Aldrin	Aldrin	<	0,375	ng/L
OW168900	2023-10-11	21591777	11:53:00	Ant	Anthraceen	=	19	ng/L
OW168900	2023-10-11	21591777	11:53:00	As o	Arseen	=	1,75	µg/L
OW168900	2023-10-11	21591777	11:53:00	As t	Arseen	=	3,37	µg/L
OW168900	2023-10-11	21591777	11:53:00	Atraz	Atrazine	<	10	ng/L
OW168900	2023-10-11	21591777	11:53:00	AzinfosEy	Azinfos-ethyl	<	1,5	ng/L
OW168900	2023-10-11	21591777	11:53:00	AzinfosMy	Azinfos-methyl	<	1	ng/L
OW168900	2023-10-11	21591777	11:53:00	B o	Boor	=	89	µg/L
OW168900	2023-10-11	21591777	11:53:00	B t	Boor	=	87	µg/L
OW168900	2023-10-11	21591777	11:53:00	B(a)A	Benzo(a)anthraceen	=	26	ng/L
OW168900	2023-10-11	21591777	11:53:00	B(a)P	Benzo(a)pyreen	=	26	ng/L
OW168900	2023-10-11	21591777	11:53:00	B(b)Flu	Benzo(b)fluorantheen	=	39	ng/L
OW168900	2023-10-11	21591777	11:53:00	B(ghi)Pe	Benzo(g,h,i)peryleen	=	30	ng/L
OW168900	2023-10-11	21591777	11:53:00	B(k)Flu	Benzo(k)fluorantheen	=	19	ng/L
OW168900	2023-10-11	21591777	11:53:00	Ba o	Barium	=	34	µg/L
OW168900	2023-10-11	21591777	11:53:00	Ba t	Barium	=	55	µg/L
OW168900	2023-10-11	21591777	11:53:00	BAM	2,6-Dichloorbenzamide	<	20	ng/L
OW168900	2023-10-11	21591777	11:53:00	Be o	Beryllium	<	0,15	µg/L
OW168900	2023-10-11	21591777	11:53:00	Be t	Beryllium	<	0,15	µg/L
OW168900	2023-10-11	21591777	11:53:00	bEndo	beta-Endosulfan	<	1	ng/L
OW168900	2023-10-11	21591777	11:53:00	BFlu som	PAK benzo(b+k)fluorantheen (b)	=	58	ng/L
OW168900	2023-10-11	21591777	11:53:00	bHCH	beta-Hexachloorcyclohexaan	<	0,75	ng/L
OW168900	2023-10-11	21591777	11:53:00	Bifenox	Bifenox	<	2	ng/L
OW168900	2023-10-11	21591777	11:53:00	BPe + IP som	PAK Benzo(g,h,i)peryleen + Indeno(1,2,3-cd)pyreen	=	54	ng/L
OW168900	2023-10-11	21591777	11:53:00	BrfosEy	Bromofos-ethyl	<	2,5	ng/L
OW168900	2023-10-11	21591777	11:53:00	BrfosMy	Bromofos-methyl	<	1,5	ng/L
OW168900	2023-10-11	21591777	11:53:00	Bromacil	Bromacil	<	10	ng/L
OW168900	2023-10-11	21591777	11:53:00	BZV5	Biochemisch zuurstofverbruik na 5d.	<	2	mgO2/L
OW168900	2023-10-11	21591777	11:53:00	Ca o	Calcium	=	113000	µg/L
OW168900	2023-10-11	21591777	11:53:00	Carbdzim	Carbendazim	<	5	ng/L
OW168900	2023-10-11	21591777	11:53:00	Cartamid	Carbetamide	<	10	ng/L
OW168900	2023-10-11	21591777	11:53:00	Cbromuron	Chloorbromuron	<	15	ng/L
OW168900	2023-10-11	21591777	11:53:00	cCdaan	cis-Chloordaan	<	0,5	ng/L
OW168900	2023-10-11	21591777	11:53:00	Cd o	Cadmium	<	0,05	µg/L
OW168900	2023-10-11	21591777	11:53:00	Cd t	Cadmium	=	0,363	µg/L
OW168900	2023-10-11	21591777	11:53:00	Cdaan	Chloordaan	<	1	ng/L
OW168900	2023-10-11	21591777	11:53:00	Cdazon	Chloridazon	<	5	ng/L
OW168900	2023-10-11	21591777	11:53:00	Cfvinfos	Chloorfenvinfos	<	1,5	ng/L
OW168900	2023-10-11	21591777	11:53:00	cHpCEpx	cis-Heptachloorepoxyde	<	1	ng/L
OW168900	2023-10-11	21591777	11:53:00	Chr	Chryseen	=	46	ng/L
OW168900	2023-10-11	21591777	11:53:00	Cl-	Chloride	=	82	mg/L
OW168900	2023-10-11	21591777	11:53:00	Clfyl a	Chlorofyl a	=	15,2	µg/L
OW168900	2023-10-11	21591777	11:53:00	Clotidine	Clothianidine	<	2,5	ng/L
OW168900	2023-10-11	21591777	11:53:00	Co o	Kobalt	=	0,3	µg/L
OW168900	2023-10-11	21591777	11:53:00	Co t	Kobalt	=	1,86	µg/L
OW168900	2023-10-11	21591777	11:53:00	CpfosEy	Chloorpyrifos-ethyl	<	2	ng/L
OW168900	2023-10-11	21591777	11:53:00	CpfosMy	Chloorpyrifos-methyl	<	1,5	ng/L
OW168900	2023-10-11	21591777	11:53:00	Cprofam	Chloorprofam	<	2	ng/L
OW168900	2023-10-11	21591777	11:53:00	Cr o	Chroom	<	1,5	µg/L
OW168900	2023-10-11	21591777	11:53:00	Cr t	Chroom	=	13,4	µg/L
OW168900	2023-10-11	21591777	11:53:00	Ctoluron	Chloortoluron	<	8	ng/L
OW168900	2023-10-11	21591777	11:53:00	Cu o	Koper	<	2	µg/L
OW168900	2023-10-11	21591777	11:53:00	Cu t	Koper	=	9,8	µg/L
OW168900	2023-10-11	21591777	11:53:00	Cumafos	Cumafos	<	2,5	ng/L
OW168900	2023-10-11	21591777	11:53:00	Cyanaz	Cyanazine	<	5	ng/L
OW168900	2023-10-11	21591777	11:53:00	Cybutrine	Cybutrine	<	1	ng/L
OW168900	2023-10-11	21591777	11:53:00	Cypmethrin	Cypermethrin	<	3	ng/L
OW168900	2023-10-11	21591777	11:53:00	CZV	Chemisch zuurstofverbruik	=	21	mgO2/L
OW168900	2023-10-11	21591777	11:53:00	DBySn	Dibutyltin	=	0,44	ngSn/L
OW168900	2023-10-11	21591777	11:53:00	DBySn som	Dibutyltinverbindingen	=	0,44	ngSn/L
OW168900	2023-10-11	21591777	11:53:00	dBz(ah)An	Dibenzo(a,h)anthraceen	<	10	ng/L
OW168900	2023-10-11	21591777	11:53:00	DCvos	Dichloorvos	<	0,5	ng/L
OW168900	2023-10-11	21591777	11:53:00	DDT t	DDT, totaal	<	4	ng/L
OW168900	2023-10-11	21591777	11:53:00	Demeton	Demeton	<	4,5	ng/L
OW168900	2023-10-11	21591777	11:53:00	DEyatraz	Desethylatrazine	=	14	ng/L
OW168900	2023-10-11	21591777	11:53:00	DEytByaz	Desethylterbutylazine	<	10	ng/L
OW168900	2023-10-11	21591777	11:53:00	dHCH	delta-Hexachloorcyclohexaan	<	0,75	ng/L
OW168900	2023-10-11	21591777	11:53:00	Diazinon	Diazinon	<	2	ng/L
OW168900	2023-10-11	21591777	11:53:00	Dieldrin	Dieldrin	<	1	ng/L
OW168900	2023-10-11	21591777	11:53:00	DiMetamid	Dimethenamid	=	17	ng/L
OW168900	2023-10-11	21591777	11:53:00	DiMetmorf	Dimethomorf	<	5	ng/L
OW168900	2023-10-11	21591777	11:53:00	DiPyatraz	Desisopropylatrazine	<	10	ng/L
OW168900	2023-10-11	21591777	11:53:00	Diuron	Diuron	=	15	ng/L
OW168900	2023-10-11	21591777	11:53:00	Dmetoat	Dimethoaat	<	3	ng/L
OW168900	2023-10-11	21591777	11:53:00	DOC	Koolstof	=	5,6	mgC/L
OW168900	2023-10-11	21591777	11:53:00	Dsulfoton	Disulfoton	<	4,5	ng/L
OW168900	2023-10-11	21591777	11:53:00	EndoS	Endosulfansulfaat	<	1	ng/L
OW168900	2023-10-11	21591777	11:53:00	Endrin	Endrin	<	0,75	ng/L
OW168900	2023-10-11	21591777	11:53:00	Etfum	Ethofumesaat	=	9,5	ng/L
OW168900	2023-10-11	21591777	11:53:00	Ethopfos	Ethoprofos	<	2,5	ng/L
OW168900	2023-10-11	21591777	11:53:00	F- o	Fluoride	=	0,211	mg/L
OW168900	2023-10-11	21591777	11:53:00	Fe o	Ijzer	<	12,5	µg/L
OW168900	2023-10-11	21591777	11:53:00	Fe t	Ijzer	=	3340	µg/L
OW168900	2023-10-11	21591777	11:53:00	Fen	Fenantreen	=	54	ng/L
OW168900	2023-10-11	21591777	11:53:00	Fenithion	Fenitrothion	<	1,5	ng/L
OW168900	2023-10-11	21591777	11:53:00	Fenthion	Fenthion	<	2,5	ng/L
OW168900	2023-10-11	21591777	11:53:00	Feofyt a	Feofytine a	=	16,7	µg/L
OW168900	2023-10-11	21591777	11:53:00	Fipronil	Fipronil	=	3,9	ng/L
OW168900	2023-10-11	21591777	11:53:00	Flu	Fluorantheen	=	86	ng/L
OW168900	2023-10-11	21591777	11:53:00	Flucet	Flufenacet	<	10	ng/L
OW168900	2023-10-11	21591777	11:53:00	Fluoreen	Fluoreen	=	20	ng/L
OW168900	2023-10-11	21591777	11:53:00	Fonofos	Fonofos	<	2	ng/L
OW168900	2023-10-11	21591777	11:53:00	gHCH	gamma-Hexachloorcyclohexaan	<	0,75	ng/L
OW168900	2023-10-11	21591777	11:53:00	H t	Hardheid	=	33	°F
OW168900	2023-10-11	21591777	11:53:00	HCBdn	Hexachloorbutadieen	<	1	ng/L
OW168900	2023-10-11	21591777	11:53:00	HCBz	Hexachloorbenzeen	<	1,5	ng/L
OW168900	2023-10-11	21591777	11:53:00	HCH	Hexachloorcyclohexaan, alle isomeren	<	3	ng/L
OW168900	2023-10-11	21591777	11:53:00	Hexazinon	Hexazinon	<	10	ng/L
OW168900	2023-10-11	21591777	11:53:00	Hg o	Kwik	<	0,025	µg/L
OW168900	2023-10-11	21591777	11:53:00	Hg t	Kwik	<	0,05	µg/L
OW168900	2023-10-11	21591777	11:53:00	HpC	Heptachloor	<	1	ng/L
OW168900	2023-10-11	21591777	11:53:00	HpC+Epx	Heptachloor+epoxyde	<	4	ng/L
OW168900	2023-10-11	21591777	11:53:00	Imcloprid	Imidacloprid	=	12	ng/L
OW168900	2023-10-11	21591777	11:53:00	IP	Indeno(1,2,3-cd)pyreen	=	24	ng/L
OW168900	2023-10-11	21591777	11:53:00	Iproturon	Isoproturon	<	10	ng/L
OW168900	2023-10-11	21591777	11:53:00	Isodrin	Isodrin	<	0,375	ng/L
OW168900	2023-10-11	21591777	11:53:00	K o	Kalium	=	15100	µg/L
OW168900	2023-10-11	21591777	11:53:00	KjN	Kjeldahlstikstof	=	1,025	mgN/L
OW168900	2023-10-11	21591777	11:53:00	Linuron	Linuron	<	5	ng/L
OW168900	2023-10-11	21591777	11:53:00	Malathion	Malathion	<	2,5	ng/L
OW168900	2023-10-11	21591777	11:53:00	Mbromuron	Metobromuron	<	10	ng/L
OW168900	2023-10-11	21591777	11:53:00	mBthiaz	Metabenzthiazuron	<	5	ng/L
OW168900	2023-10-11	21591777	11:53:00	Metaza	Metazachloor	=	65	ng/L
OW168900	2023-10-11	21591777	11:53:00	Metbuzin	Metribuzin	<	3	ng/L
OW168900	2023-10-11	21591777	11:53:00	Metcarb	Methiocarb	<	4,5	ng/L
OW168900	2023-10-11	21591777	11:53:00	Methidat	Methidation	<	3,5	ng/L
OW168900	2023-10-11	21591777	11:53:00	Metola	Metolachloor	<	10	ng/L
OW168900	2023-10-11	21591777	11:53:00	Metoxur	Metoxuron	<	5	ng/L
OW168900	2023-10-11	21591777	11:53:00	Mevinfos	Mevinfos	<	2	ng/L
OW168900	2023-10-11	21591777	11:53:00	Mg o	Magnesium	=	12300	µg/L
OW168900	2023-10-11	21591777	11:53:00	Mlinuron	Monolinuron	<	5	ng/L
OW168900	2023-10-11	21591777	11:53:00	Mmitron	Metamitron	<	5	ng/L
OW168900	2023-10-11	21591777	11:53:00	Mn o	Mangaan	=	29	µg/L
OW168900	2023-10-11	21591777	11:53:00	Mn t	Mangaan	=	203	µg/L
OW168900	2023-10-11	21591777	11:53:00	Mo o	Molybdeen	<	2,5	µg/L
OW168900	2023-10-11	21591777	11:53:00	Mo t	Molybdeen	<	2,5	µg/L
OW168900	2023-10-11	21591777	11:53:00	MxyC	Methoxychloor	<	1	ng/L
OW168900	2023-10-11	21591777	11:53:00	N t	Stikstof	=	5,9	mgN/L
OW168900	2023-10-11	21591777	11:53:00	N+N	Nitraat+nitriet	=	4,875	mgN/L
OW168900	2023-10-11	21591777	11:53:00	N+N+N	Nitraat+nitriet+ammonium	=	4,941	mgN/L
OW168900	2023-10-11	21591777	11:53:00	Na o	Natrium	=	58000	µg/L
OW168900	2023-10-11	21591777	11:53:00	Naft	Naftaleen	<	20	ng/L
OW168900	2023-10-11	21591777	11:53:00	NH4+	Ammonium	=	0,066	mgN/L
OW168900	2023-10-11	21591777	11:53:00	Ni o	Nikkel	<	3,2	µg/L
OW168900	2023-10-11	21591777	11:53:00	Ni t	Nikkel	=	5,8	µg/L
OW168900	2023-10-11	21591777	11:53:00	NO2-	Nitriet	=	0,125	mgN/L
OW168900	2023-10-11	21591777	11:53:00	NO3-	Nitraat	=	4,75	mgN/L
OW168900	2023-10-11	21591777	11:53:00	O2	Zuurstof	=	7,96	mg/L
OW168900	2023-10-11	21591777	11:53:00	O2 verz	Zuurstof	=	82,5	%
OW168900	2023-10-11	21591777	11:53:00	OCP t	Organochloorpesticiden, totaal	<	16,25	ng/L
OW168900	2023-10-11	21591777	11:53:00	oPO4 f	Orthofosfaat	=	0,301	mgP/L
OW168900	2023-10-11	21591777	11:53:00	Oxadiazon	Oxadiazon	<	3	ng/L
OW168900	2023-10-11	21591777	11:53:00	P t	Fosfor	=	0,69	mgP/L
OW168900	2023-10-11	21591777	11:53:00	PAK 10	Polyaromatische KWS (10 Vrom)	<	350	ng/L
OW168900	2023-10-11	21591777	11:53:00	PAK 6	Polyaromatische KWS (6 Borneff)	=	224	ng/L
OW168900	2023-10-11	21591777	11:53:00	PathionEy	Parathion-ethyl	<	1	ng/L
OW168900	2023-10-11	21591777	11:53:00	PathionMy	Parathion-methyl	<	1,5	ng/L
OW168900	2023-10-11	21591777	11:53:00	Pb o	Lood	<	1,25	µg/L
OW168900	2023-10-11	21591777	11:53:00	Pb t	Lood	=	10,3	µg/L
OW168900	2023-10-11	21591777	11:53:00	PCB 101	2,2',4,5,5'-Pentachloorbifenyl (PCB101)	=	1,13	ng/L
OW168900	2023-10-11	21591777	11:53:00	PCB 118	2,3',4,4',5-Pentachloorbifenyl (PCB118)	<	1	ng/L
OW168900	2023-10-11	21591777	11:53:00	PCB 138	2,2',3,4,4',5'-Hexachloorbifenyl (PCB138)	=	1,41	ng/L
OW168900	2023-10-11	21591777	11:53:00	PCB 153	2,2',4,4',5,5'-Hexachloorbifenyl (PCB153)	=	1,68	ng/L
OW168900	2023-10-11	21591777	11:53:00	PCB 180	2,2',3,4,4',5,5'-Heptachloorbifenyl (PCB180)	=	1,15	ng/L
OW168900	2023-10-11	21591777	11:53:00	PCB 28	2,4,4'-Trichloorbifenyl (PCB28)	<	0,5	ng/L
OW168900	2023-10-11	21591777	11:53:00	PCB 52	2,2',5,5'-Tetrachloorbifenyl (PCB52)	<	0,5	ng/L
OW168900	2023-10-11	21591777	11:53:00	PCB t	Polychloorbifenyl, totaal	<	7,37	ng/L
OW168900	2023-10-11	21591777	11:53:00	PCBz	Pentachloorbenzeen	<	1,5	ng/L
OW168900	2023-10-11	21591777	11:53:00	PCNiBz	Pentachloornitrobenzeen	<	2	ng/L
OW168900	2023-10-11	21591777	11:53:00	pH	pH	=	7,91	-
OW168900	2023-10-11	21591777	11:53:00	Picarb	Pirimicarb	<	5	ng/L
OW168900	2023-10-11	21591777	11:53:00	PirfosMy	Pirimifos-methyl	<	3,5	ng/L
OW168900	2023-10-11	21591777	11:53:00	Prochloor	Propachloor	<	10	ng/L
OW168900	2023-10-11	21591777	11:53:00	Prometryn	Prometryn	<	10	ng/L
OW168900	2023-10-11	21591777	11:53:00	Propanil	Propanil	<	25	ng/L
OW168900	2023-10-11	21591777	11:53:00	Propaz	Propazine	<	10	ng/L
OW168900	2023-10-11	21591777	11:53:00	Proscarb	Prosulfocarb	<	100	ng/L
OW168900	2023-10-11	21591777	11:53:00	Pyr	Pyreen	=	66	ng/L
OW168900	2023-10-11	21591777	11:53:00	Quinofen	Quinoxyfen	<	1	ng/L
OW168900	2023-10-11	21591777	11:53:00	Sb o	Antimoon	<	1,5	µg/L
OW168900	2023-10-11	21591777	11:53:00	Sb t	Antimoon	<	1,5	µg/L
OW168900	2023-10-11	21591777	11:53:00	Se o	Seleen	<	1,5	µg/L
OW168900	2023-10-11	21591777	11:53:00	Se t	Seleen	<	1,5	µg/L
OW168900	2023-10-11	21591777	11:53:00	Sebutylaz	Sebutylazine	<	10	ng/L
OW168900	2023-10-11	21591777	11:53:00	Secchi	Doorzichtigheid	=	20	cm
OW168900	2023-10-11	21591777	11:53:00	Simaz	Simazine	<	5	ng/L
OW168900	2023-10-11	21591777	11:53:00	SiO2 o	Silicaat	=	14	mgSiO2/L
OW168900	2023-10-11	21591777	11:53:00	Sn o	Tin	<	1,5	µg/L
OW168900	2023-10-11	21591777	11:53:00	Sn t	Tin	<	1,5	µg/L
OW168900	2023-10-11	21591777	11:53:00	SO4=	Sulfaat	=	87	mg/L
OW168900	2023-10-11	21591777	11:53:00	T	Temperatuur	=	17,5	°C
OW168900	2023-10-11	21591777	11:53:00	TAM	Alkaliniteit met methyloranje	=	5,3	meq/L
OW168900	2023-10-11	21591777	11:53:00	TBySn	Tributyltin	=	0,2	ngSn/L
OW168900	2023-10-11	21591777	11:53:00	tCdaan	trans-Chloordaan	<	0,5	ng/L
OW168900	2023-10-11	21591777	11:53:00	TclofosMy	Tolclofos-methyl	<	2,5	ng/L
OW168900	2023-10-11	21591777	11:53:00	Te o	Telluur	<	2,5	µg/L
OW168900	2023-10-11	21591777	11:53:00	Te t	Telluur	<	2,5	µg/L
OW168900	2023-10-11	21591777	11:53:00	Telodrin	Telodrin	<	1	ng/L
OW168900	2023-10-11	21591777	11:53:00	Terbufos	Terbufos	<	2,5	ng/L
OW168900	2023-10-11	21591777	11:53:00	Terbutryn	Terbutryn	<	10	ng/L
OW168900	2023-10-11	21591777	11:53:00	Tfluralin	Trifluralin	<	2	ng/L
OW168900	2023-10-11	21591777	11:53:00	TFySn	Trifenyltin	<	0,035	ngSn/L
OW168900	2023-10-11	21591777	11:53:00	TFySn som	Trifenyltinacetaat, chloride, hydroxide	<	0,035	ngSn/L
OW168900	2023-10-11	21591777	11:53:00	Thiacloprid	Thiacloprid	<	2,5	ng/L
OW168900	2023-10-11	21591777	11:53:00	tHpCEpx	trans-Heptachloorepoxyde	<	2	ng/L
OW168900	2023-10-11	21591777	11:53:00	Ti o	Titaan	<	2	µg/L
OW168900	2023-10-11	21591777	11:53:00	Ti t	Titaan	=	50	µg/L
OW168900	2023-10-11	21591777	11:53:00	Tl o	Thallium	<	0,1	µg/L
OW168900	2023-10-11	21591777	11:53:00	Tl t	Thallium	<	0,1	µg/L
OW168900	2023-10-11	21591777	11:53:00	Tmethoxam	Thiamethoxam	<	5	ng/L
OW168900	2023-10-11	21591777	11:53:00	TrByaz	Terbutylazine	=	10	ng/L
OW168900	2023-10-11	21591777	11:53:00	Triazofos	Triazofos	<	2	ng/L
OW168900	2023-10-11	21591777	11:53:00	TtBySn	Tetrabutyltin	<	0,07	ngSn/L
OW168900	2023-10-11	21591777	11:53:00	U o	Uranium	=	0,97	µg/L
OW168900	2023-10-11	21591777	11:53:00	U t	Uranium	=	1,04	µg/L
OW168900	2023-10-11	21591777	11:53:00	V o	Vanadium	<	3	µg/L
OW168900	2023-10-11	21591777	11:53:00	V t	Vanadium	=	10,1	µg/L
OW168900	2023-10-11	21591777	11:53:00	Zn o	Zink	<	7,5	µg/L
OW168900	2023-10-11	21591777	11:53:00	Zn t	Zink	=	59	µg/L
OW168900	2023-10-11	21591777	11:53:00	ZS	Zwevende stoffen	=	81	mg/L
OW168900	2023-11-08	21593332	11:47:00	1234CBz	1,2,3,4-Tetrachloorbenzeen	<	1	ng/L
OW168900	2023-11-08	21593332	11:47:00	1235+1245CBz	1,2,3,5+1,2,4,5-Tetrachloorbenzeen	<	1,5	ng/L
OW168900	2023-11-08	21593332	11:47:00	2356CNiBz	2,3,5,6-Tetrachloornitrobenzeen	<	2	ng/L
OW168900	2023-11-08	21593332	11:47:00	24DDD	op'Dichloordifenyldichloorethaan	<	1	ng/L
OW168900	2023-11-08	21593332	11:47:00	24DDE	op'Dichloordifenyldichlooretheen	<	1	ng/L
OW168900	2023-11-08	21593332	11:47:00	24DDT	op'Dichloordifenyltrichloorethaan	<	1	ng/L
OW168900	2023-11-08	21593332	11:47:00	2hAtraz	2-Hydroxy-atrazine	=	37	ng/L
OW168900	2023-11-08	21593332	11:47:00	44DDD	pp'Dichloordifenyldichloorethaan	<	1	ng/L
OW168900	2023-11-08	21593332	11:47:00	44DDE	pp'Dichloordifenyldichlooretheen	<	1	ng/L
OW168900	2023-11-08	21593332	11:47:00	44DDT	pp'Dichloordifenyltrichloorethaan	<	1	ng/L
OW168900	2023-11-08	21593332	11:47:00	a+b+d+gHCHS	alfa+beta+gamma+delta Hexachloorcyclohexaan	<	3	ng/L
OW168900	2023-11-08	21593332	11:47:00	a+bEndoS	alfa+beta Endosulfan	<	2	ng/L
OW168900	2023-11-08	21593332	11:47:00	Acetamiprid	Acetamiprid	<	2,5	ng/L
OW168900	2023-11-08	21593332	11:47:00	Aclonifen	Aclonifen	<	5	ng/L
OW168900	2023-11-08	21593332	11:47:00	ADEIdrin	Aldrin+Dieldrin+Endrin+Isodrin	<	2,125	ng/L
OW168900	2023-11-08	21593332	11:47:00	aEndo	alfa-Endosulfan	<	1	ng/L
OW168900	2023-11-08	21593332	11:47:00	Ag o	Zilver	<	0,05	µg/L
OW168900	2023-11-08	21593332	11:47:00	Ag t	Zilver	<	0,1	µg/L
OW168900	2023-11-08	21593332	11:47:00	aHCH	alfa-Hexachloorcyclohexaan	<	0,75	ng/L
OW168900	2023-11-08	21593332	11:47:00	Al o	Aluminium	<	150	µg/L
OW168900	2023-11-08	21593332	11:47:00	Alachloor	Alachloor	<	10	ng/L
OW168900	2023-11-08	21593332	11:47:00	Aldrin	Aldrin	<	0,375	ng/L
OW168900	2023-11-08	21593332	11:47:00	As o	Arseen	=	1,95	µg/L
OW168900	2023-11-08	21593332	11:47:00	As t	Arseen	=	3,4	µg/L
OW168900	2023-11-08	21593332	11:47:00	Atraz	Atrazine	<	5	ng/L
OW168900	2023-11-08	21593332	11:47:00	AzinfosEy	Azinfos-ethyl	<	1,5	ng/L
OW168900	2023-11-08	21593332	11:47:00	AzinfosMy	Azinfos-methyl	<	1	ng/L
OW168900	2023-11-08	21593332	11:47:00	B o	Boor	=	64	µg/L
OW168900	2023-11-08	21593332	11:47:00	B t	Boor	=	67	µg/L
OW168900	2023-11-08	21593332	11:47:00	B(a)A	Benzo(a)anthraceen	=	12	ng/L
OW168900	2023-11-08	21593332	11:47:00	B(a)P	Benzo(a)pyreen	=	15	ng/L
OW168900	2023-11-08	21593332	11:47:00	B(b)Flu	Benzo(b)fluorantheen	=	26	ng/L
OW168900	2023-11-08	21593332	11:47:00	B(ghi)Pe	Benzo(g,h,i)peryleen	=	15	ng/L
OW168900	2023-11-08	21593332	11:47:00	B(k)Flu	Benzo(k)fluorantheen	=	13	ng/L
OW168900	2023-11-08	21593332	11:47:00	Ba o	Barium	=	27	µg/L
OW168900	2023-11-08	21593332	11:47:00	Ba t	Barium	=	43	µg/L
OW168900	2023-11-08	21593332	11:47:00	BAM	2,6-Dichloorbenzamide	=	153	ng/L
OW168900	2023-11-08	21593332	11:47:00	Be o	Beryllium	<	0,15	µg/L
OW168900	2023-11-08	21593332	11:47:00	Be t	Beryllium	<	0,15	µg/L
OW168900	2023-11-08	21593332	11:47:00	bEndo	beta-Endosulfan	<	1	ng/L
OW168900	2023-11-08	21593332	11:47:00	BFlu som	PAK benzo(b+k)fluorantheen (b)	=	39	ng/L
OW168900	2023-11-08	21593332	11:47:00	bHCH	beta-Hexachloorcyclohexaan	<	0,75	ng/L
OW168900	2023-11-08	21593332	11:47:00	Bifenox	Bifenox	<	2	ng/L
OW168900	2023-11-08	21593332	11:47:00	BPe + IP som	PAK Benzo(g,h,i)peryleen + Indeno(1,2,3-cd)pyreen	=	26	ng/L
OW168900	2023-11-08	21593332	11:47:00	BrfosEy	Bromofos-ethyl	<	2,5	ng/L
OW168900	2023-11-08	21593332	11:47:00	BrfosMy	Bromofos-methyl	<	1,5	ng/L
OW168900	2023-11-08	21593332	11:47:00	Bromacil	Bromacil	<	10	ng/L
OW168900	2023-11-08	21593332	11:47:00	BZV5	Biochemisch zuurstofverbruik na 5d.	<	2	mgO2/L
OW168900	2023-11-08	21593332	11:47:00	Ca o	Calcium	=	88000	µg/L
OW168900	2023-11-08	21593332	11:47:00	Carbdzim	Carbendazim	<	10	ng/L
OW168900	2023-11-08	21593332	11:47:00	Cartamid	Carbetamide	<	10	ng/L
OW168900	2023-11-08	21593332	11:47:00	Cbromuron	Chloorbromuron	<	15	ng/L
OW168900	2023-11-08	21593332	11:47:00	cCdaan	cis-Chloordaan	<	0,5	ng/L
OW168900	2023-11-08	21593332	11:47:00	Cd o	Cadmium	<	0,05	µg/L
OW168900	2023-11-08	21593332	11:47:00	Cd t	Cadmium	=	0,316	µg/L
OW168900	2023-11-08	21593332	11:47:00	Cdaan	Chloordaan	<	1	ng/L
OW168900	2023-11-08	21593332	11:47:00	Cdazon	Chloridazon	<	5	ng/L
OW168900	2023-11-08	21593332	11:47:00	Cfvinfos	Chloorfenvinfos	<	1,5	ng/L
OW168900	2023-11-08	21593332	11:47:00	cHpCEpx	cis-Heptachloorepoxyde	<	1	ng/L
OW168900	2023-11-08	21593332	11:47:00	Chr	Chryseen	=	23	ng/L
OW168900	2023-11-08	21593332	11:47:00	Cl-	Chloride	=	44,8	mg/L
OW168900	2023-11-08	21593332	11:47:00	Clfyl a	Chlorofyl a	<	4	µg/L
OW168900	2023-11-08	21593332	11:47:00	Clotidine	Clothianidine	<	5	ng/L
OW168900	2023-11-08	21593332	11:47:00	Co o	Kobalt	=	0,42	µg/L
OW168900	2023-11-08	21593332	11:47:00	Co t	Kobalt	=	1,53	µg/L
OW168900	2023-11-08	21593332	11:47:00	CpfosEy	Chloorpyrifos-ethyl	<	2	ng/L
OW168900	2023-11-08	21593332	11:47:00	CpfosMy	Chloorpyrifos-methyl	<	1,5	ng/L
OW168900	2023-11-08	21593332	11:47:00	Cprofam	Chloorprofam	=	6,5	ng/L
OW168900	2023-11-08	21593332	11:47:00	Cr o	Chroom	<	1,5	µg/L
OW168900	2023-11-08	21593332	11:47:00	Cr t	Chroom	=	7,7	µg/L
OW168900	2023-11-08	21593332	11:47:00	Ctoluron	Chloortoluron	=	109	ng/L
OW168900	2023-11-08	21593332	11:47:00	Cu o	Koper	<	4	µg/L
OW168900	2023-11-08	21593332	11:47:00	Cu t	Koper	=	9,7	µg/L
OW168900	2023-11-08	21593332	11:47:00	Cumafos	Cumafos	<	2,5	ng/L
OW168900	2023-11-08	21593332	11:47:00	Cyanaz	Cyanazine	<	5	ng/L
OW168900	2023-11-08	21593332	11:47:00	Cybutrine	Cybutrine	<	1	ng/L
OW168900	2023-11-08	21593332	11:47:00	Cypmethrin	Cypermethrin	<	3	ng/L
OW168900	2023-11-08	21593332	11:47:00	CZV	Chemisch zuurstofverbruik	=	26	mgO2/L
OW168900	2023-11-08	21593332	11:47:00	DBySn	Dibutyltin	=	0,4	ngSn/L
OW168900	2023-11-08	21593332	11:47:00	DBySn som	Dibutyltinverbindingen	=	0,4	ngSn/L
OW168900	2023-11-08	21593332	11:47:00	dBz(ah)An	Dibenzo(a,h)anthraceen	<	5	ng/L
OW168900	2023-11-08	21593332	11:47:00	DCvos	Dichloorvos	<	0,5	ng/L
OW168900	2023-11-08	21593332	11:47:00	DDT t	DDT, totaal	<	4	ng/L
OW168900	2023-11-08	21593332	11:47:00	DEyatraz	Desethylatrazine	<	5	ng/L
OW168900	2023-11-08	21593332	11:47:00	DEytByaz	Desethylterbutylazine	=	20	ng/L
OW168900	2023-11-08	21593332	11:47:00	Dflucan	Diflufenican	=	26	ng/L
OW168900	2023-11-08	21593332	11:47:00	dHCH	delta-Hexachloorcyclohexaan	<	0,75	ng/L
OW168900	2023-11-08	21593332	11:47:00	Diazinon	Diazinon	<	4	ng/L
OW168900	2023-11-08	21593332	11:47:00	Dieldrin	Dieldrin	<	1	ng/L
OW168900	2023-11-08	21593332	11:47:00	DiMetamid	Dimethenamid	=	25	ng/L
OW168900	2023-11-08	21593332	11:47:00	DiMetmorf	Dimethomorf	=	50	ng/L
OW168900	2023-11-08	21593332	11:47:00	DiPyatraz	Desisopropylatrazine	<	10	ng/L
OW168900	2023-11-08	21593332	11:47:00	Diuron	Diuron	=	11	ng/L
OW168900	2023-11-08	21593332	11:47:00	Dmetoat	Dimethoaat	<	3	ng/L
OW168900	2023-11-08	21593332	11:47:00	DOC	Koolstof	=	7,2	mgC/L
OW168900	2023-11-08	21593332	11:47:00	Dsulfoton	Disulfoton	<	4,5	ng/L
OW168900	2023-11-08	21593332	11:47:00	EC 20	Geleidbaarheid (20°C)	=	609	µS/cm
OW168900	2023-11-08	21593332	11:47:00	EC 25	Geleidbaarheid (25°C)	=	667,1595	µS/cm
OW168900	2023-11-08	21593332	11:47:00	EndoS	Endosulfansulfaat	<	1	ng/L
OW168900	2023-11-08	21593332	11:47:00	Endrin	Endrin	<	0,375	ng/L
OW168900	2023-11-08	21593332	11:47:00	Etfum	Ethofumesaat	=	9,1	ng/L
OW168900	2023-11-08	21593332	11:47:00	Ethopfos	Ethoprofos	<	2,5	ng/L
OW168900	2023-11-08	21593332	11:47:00	F- o	Fluoride	=	0,239	mg/L
OW168900	2023-11-08	21593332	11:47:00	Fe o	Ijzer	=	31	µg/L
OW168900	2023-11-08	21593332	11:47:00	Fe t	Ijzer	=	3180	µg/L
OW168900	2023-11-08	21593332	11:47:00	Fenithion	Fenitrothion	<	1,5	ng/L
OW168900	2023-11-08	21593332	11:47:00	Fenthion	Fenthion	<	2,5	ng/L
OW168900	2023-11-08	21593332	11:47:00	Feofyt a	Feofytine a	=	10,8	µg/L
OW168900	2023-11-08	21593332	11:47:00	Fipronil	Fipronil	=	2,5	ng/L
OW168900	2023-11-08	21593332	11:47:00	Flucet	Flufenacet	=	80	ng/L
OW168900	2023-11-08	21593332	11:47:00	Fonofos	Fonofos	<	2	ng/L
OW168900	2023-11-08	21593332	11:47:00	gHCH	gamma-Hexachloorcyclohexaan	<	0,75	ng/L
OW168900	2023-11-08	21593332	11:47:00	H t	Hardheid	=	26	°F
OW168900	2023-11-08	21593332	11:47:00	HCBdn	Hexachloorbutadieen	<	1	ng/L
OW168900	2023-11-08	21593332	11:47:00	HCBz	Hexachloorbenzeen	<	1,5	ng/L
OW168900	2023-11-08	21593332	11:47:00	HCH	Hexachloorcyclohexaan, alle isomeren	<	3	ng/L
OW168900	2023-11-08	21593332	11:47:00	Hexazinon	Hexazinon	<	10	ng/L
OW168900	2023-11-08	21593332	11:47:00	Hg o	Kwik	<	0,025	µg/L
OW168900	2023-11-08	21593332	11:47:00	Hg t	Kwik	<	0,05	µg/L
OW168900	2023-11-08	21593332	11:47:00	HpC	Heptachloor	<	1	ng/L
OW168900	2023-11-08	21593332	11:47:00	HpC+Epx	Heptachloor+epoxyde	<	4	ng/L
OW168900	2023-11-08	21593332	11:47:00	Imcloprid	Imidacloprid	=	7	ng/L
OW168900	2023-11-08	21593332	11:47:00	IP	Indeno(1,2,3-cd)pyreen	=	11	ng/L
OW168900	2023-11-08	21593332	11:47:00	Iproturon	Isoproturon	<	5	ng/L
OW168900	2023-11-08	21593332	11:47:00	Isodrin	Isodrin	<	0,375	ng/L
OW168900	2023-11-08	21593332	11:47:00	K o	Kalium	=	12900	µg/L
OW168900	2023-11-08	21593332	11:47:00	KjN	Kjeldahlstikstof	=	1,451	mgN/L
OW168900	2023-11-08	21593332	11:47:00	Linuron	Linuron	<	5	ng/L
OW168900	2023-11-08	21593332	11:47:00	Malathion	Malathion	<	2,5	ng/L
OW168900	2023-11-08	21593332	11:47:00	Mbromuron	Metobromuron	=	33	ng/L
OW168900	2023-11-08	21593332	11:47:00	mBthiaz	Metabenzthiazuron	<	5	ng/L
OW168900	2023-11-08	21593332	11:47:00	Metaza	Metazachloor	=	16	ng/L
OW168900	2023-11-08	21593332	11:47:00	Metbuzin	Metribuzin	=	18	ng/L
OW168900	2023-11-08	21593332	11:47:00	Metcarb	Methiocarb	<	4,5	ng/L
OW168900	2023-11-08	21593332	11:47:00	Methidat	Methidation	<	3,5	ng/L
OW168900	2023-11-08	21593332	11:47:00	Metola	Metolachloor	=	35	ng/L
OW168900	2023-11-08	21593332	11:47:00	Metoxur	Metoxuron	<	5	ng/L
OW168900	2023-11-08	21593332	11:47:00	Mg o	Magnesium	=	9500	µg/L
OW168900	2023-11-08	21593332	11:47:00	Mlinuron	Monolinuron	<	5	ng/L
OW168900	2023-11-08	21593332	11:47:00	Mmitron	Metamitron	=	14	ng/L
OW168900	2023-11-08	21593332	11:47:00	Mn o	Mangaan	=	46	µg/L
OW168900	2023-11-08	21593332	11:47:00	Mn t	Mangaan	=	117	µg/L
OW168900	2023-11-08	21593332	11:47:00	Mo o	Molybdeen	=	2,7	µg/L
OW168900	2023-11-08	21593332	11:47:00	Mo t	Molybdeen	=	3,21	µg/L
OW168900	2023-11-08	21593332	11:47:00	MxyC	Methoxychloor	<	1	ng/L
OW168900	2023-11-08	21593332	11:47:00	N t	Stikstof	=	7,3	mgN/L
OW168900	2023-11-08	21593332	11:47:00	N+N	Nitraat+nitriet	=	5,849	mgN/L
OW168900	2023-11-08	21593332	11:47:00	N+N+N	Nitraat+nitriet+ammonium	=	6,339	mgN/L
OW168900	2023-11-08	21593332	11:47:00	Na o	Natrium	=	29900	µg/L
OW168900	2023-11-08	21593332	11:47:00	NH4+	Ammonium	=	0,49	mgN/L
OW168900	2023-11-08	21593332	11:47:00	Ni o	Nikkel	<	3,2	µg/L
OW168900	2023-11-08	21593332	11:47:00	Ni t	Nikkel	=	5,9	µg/L
OW168900	2023-11-08	21593332	11:47:00	NO2-	Nitriet	=	0,149	mgN/L
OW168900	2023-11-08	21593332	11:47:00	NO3-	Nitraat	=	5,7	mgN/L
OW168900	2023-11-08	21593332	11:47:00	O2	Zuurstof	=	9,24	mg/L
OW168900	2023-11-08	21593332	11:47:00	O2 verz	Zuurstof	=	83,6	%
OW168900	2023-11-08	21593332	11:47:00	OCP t	Organochloorpesticiden, totaal	<	15,875	ng/L
OW168900	2023-11-08	21593332	11:47:00	oPO4 f	Orthofosfaat	=	0,3	mgP/L
OW168900	2023-11-08	21593332	11:47:00	Oxadiazon	Oxadiazon	<	6	ng/L
OW168900	2023-11-08	21593332	11:47:00	P t	Fosfor	=	0,63	mgP/L
OW168900	2023-11-08	21593332	11:47:00	PAK 10	Polyaromatische KWS (10 Vrom)	=	89	ng/L
OW168900	2023-11-08	21593332	11:47:00	PAK 6	Polyaromatische KWS (6 Borneff)	=	80	ng/L
OW168900	2023-11-08	21593332	11:47:00	PathionEy	Parathion-ethyl	<	1	ng/L
OW168900	2023-11-08	21593332	11:47:00	PathionMy	Parathion-methyl	<	1,5	ng/L
OW168900	2023-11-08	21593332	11:47:00	Pb o	Lood	<	1,25	µg/L
OW168900	2023-11-08	21593332	11:47:00	Pb t	Lood	=	8,1	µg/L
OW168900	2023-11-08	21593332	11:47:00	PCB 101	2,2',4,5,5'-Pentachloorbifenyl (PCB101)	<	1	ng/L
OW168900	2023-11-08	21593332	11:47:00	PCB 118	2,3',4,4',5-Pentachloorbifenyl (PCB118)	<	0,5	ng/L
OW168900	2023-11-08	21593332	11:47:00	PCB 138	2,2',3,4,4',5'-Hexachloorbifenyl (PCB138)	=	1,03	ng/L
OW168900	2023-11-08	21593332	11:47:00	PCB 153	2,2',4,4',5,5'-Hexachloorbifenyl (PCB153)	=	1,19	ng/L
OW168900	2023-11-08	21593332	11:47:00	PCB 180	2,2',3,4,4',5,5'-Heptachloorbifenyl (PCB180)	<	1	ng/L
OW168900	2023-11-08	21593332	11:47:00	PCB 28	2,4,4'-Trichloorbifenyl (PCB28)	<	0,5	ng/L
OW168900	2023-11-08	21593332	11:47:00	PCB 52	2,2',5,5'-Tetrachloorbifenyl (PCB52)	<	1	ng/L
OW168900	2023-11-08	21593332	11:47:00	PCB t	Polychloorbifenyl, totaal	<	6,22	ng/L
OW168900	2023-11-08	21593332	11:47:00	PCBz	Pentachloorbenzeen	<	1,5	ng/L
OW168900	2023-11-08	21593332	11:47:00	PCNiBz	Pentachloornitrobenzeen	<	2	ng/L
OW168900	2023-11-08	21593332	11:47:00	pH	pH	=	7,72	-
OW168900	2023-11-08	21593332	11:47:00	Picarb	Pirimicarb	<	5	ng/L
OW168900	2023-11-08	21593332	11:47:00	PirfosMy	Pirimifos-methyl	<	3,5	ng/L
OW168900	2023-11-08	21593332	11:47:00	Prochloor	Propachloor	<	10	ng/L
OW168900	2023-11-08	21593332	11:47:00	Prometryn	Prometryn	<	10	ng/L
OW168900	2023-11-08	21593332	11:47:00	Propanil	Propanil	<	25	ng/L
OW168900	2023-11-08	21593332	11:47:00	Propaz	Propazine	<	10	ng/L
OW168900	2023-11-08	21593332	11:47:00	Quinofen	Quinoxyfen	<	1	ng/L
OW168900	2023-11-08	21593332	11:47:00	Sb o	Antimoon	<	1,5	µg/L
OW168900	2023-11-08	21593332	11:47:00	Sb t	Antimoon	<	1,5	µg/L
OW168900	2023-11-08	21593332	11:47:00	Se o	Seleen	<	1,5	µg/L
OW168900	2023-11-08	21593332	11:47:00	Se t	Seleen	<	1,5	µg/L
OW168900	2023-11-08	21593332	11:47:00	Sebutylaz	Sebutylazine	<	10	ng/L
OW168900	2023-11-08	21593332	11:47:00	Secchi	Doorzichtigheid	=	20	cm
OW168900	2023-11-08	21593332	11:47:00	Simaz	Simazine	<	5	ng/L
OW168900	2023-11-08	21593332	11:47:00	SiO2 o	Silicaat	=	12	mgSiO2/L
OW168900	2023-11-08	21593332	11:47:00	Sn o	Tin	<	1,5	µg/L
OW168900	2023-11-08	21593332	11:47:00	Sn t	Tin	<	1,5	µg/L
OW168900	2023-11-08	21593332	11:47:00	SO4=	Sulfaat	=	64	mg/L
OW168900	2023-11-08	21593332	11:47:00	T	Temperatuur	=	10,9	°C
OW168900	2023-11-08	21593332	11:47:00	TAM	Alkaliniteit met methyloranje	=	3,9	meq/L
OW168900	2023-11-08	21593332	11:47:00	TBySn	Tributyltin	=	0,2	ngSn/L
OW168900	2023-11-08	21593332	11:47:00	tCdaan	trans-Chloordaan	<	0,5	ng/L
OW168900	2023-11-08	21593332	11:47:00	TclofosMy	Tolclofos-methyl	<	2,5	ng/L
OW168900	2023-11-08	21593332	11:47:00	Te o	Telluur	<	2,5	µg/L
OW168900	2023-11-08	21593332	11:47:00	Te t	Telluur	<	2,5	µg/L
OW168900	2023-11-08	21593332	11:47:00	Telodrin	Telodrin	<	1	ng/L
OW168900	2023-11-08	21593332	11:47:00	Terbufos	Terbufos	<	2,5	ng/L
OW168900	2023-11-08	21593332	11:47:00	Terbutryn	Terbutryn	<	10	ng/L
OW168900	2023-11-08	21593332	11:47:00	Tfluralin	Trifluralin	<	2	ng/L
OW168900	2023-11-08	21593332	11:47:00	TFySn	Trifenyltin	<	0,1	ngSn/L
OW168900	2023-11-08	21593332	11:47:00	TFySn som	Trifenyltinacetaat, chloride, hydroxide	<	0,1	ngSn/L
OW168900	2023-11-08	21593332	11:47:00	Thiacloprid	Thiacloprid	<	2,5	ng/L
OW168900	2023-11-08	21593332	11:47:00	tHpCEpx	trans-Heptachloorepoxyde	<	2	ng/L
OW168900	2023-11-08	21593332	11:47:00	Ti o	Titaan	<	2	µg/L
OW168900	2023-11-08	21593332	11:47:00	Ti t	Titaan	=	51	µg/L
OW168900	2023-11-08	21593332	11:47:00	Tl o	Thallium	=	0,211	µg/L
OW168900	2023-11-08	21593332	11:47:00	Tl t	Thallium	=	0,324	µg/L
OW168900	2023-11-08	21593332	11:47:00	Tmethoxam	Thiamethoxam	<	5	ng/L
OW168900	2023-11-08	21593332	11:47:00	TrByaz	Terbutylazine	=	19	ng/L
OW168900	2023-11-08	21593332	11:47:00	Triazofos	Triazofos	<	2	ng/L
OW168900	2023-11-08	21593332	11:47:00	TtBySn	Tetrabutyltin	<	0,035	ngSn/L
OW168900	2023-11-08	21593332	11:47:00	U o	Uranium	=	0,93	µg/L
OW168900	2023-11-08	21593332	11:47:00	U t	Uranium	=	1,04	µg/L
OW168900	2023-11-08	21593332	11:47:00	V o	Vanadium	<	3	µg/L
OW168900	2023-11-08	21593332	11:47:00	V t	Vanadium	=	10,2	µg/L
OW168900	2023-11-08	21593332	11:47:00	Zn o	Zink	<	7,5	µg/L
OW168900	2023-11-08	21593332	11:47:00	Zn t	Zink	=	43	µg/L
OW168900	2023-11-08	21593332	11:47:00	ZS	Zwevende stoffen	=	63	mg/L
OW168900	2023-12-06	21594948	11:56:00	1234CBz	1,2,3,4-Tetrachloorbenzeen	<	1	ng/L
OW168900	2023-12-06	21594948	11:56:00	1235+1245CBz	1,2,3,5+1,2,4,5-Tetrachloorbenzeen	<	1,5	ng/L
OW168900	2023-12-06	21594948	11:56:00	2356CNiBz	2,3,5,6-Tetrachloornitrobenzeen	<	2	ng/L
OW168900	2023-12-06	21594948	11:56:00	24DDD	op'Dichloordifenyldichloorethaan	<	1	ng/L
OW168900	2023-12-06	21594948	11:56:00	24DDE	op'Dichloordifenyldichlooretheen	<	1	ng/L
OW168900	2023-12-06	21594948	11:56:00	24DDT	op'Dichloordifenyltrichloorethaan	<	1	ng/L
OW168900	2023-12-06	21594948	11:56:00	2hAtraz	2-Hydroxy-atrazine	=	25	ng/L
OW168900	2023-12-06	21594948	11:56:00	44DDD	pp'Dichloordifenyldichloorethaan	<	1	ng/L
OW168900	2023-12-06	21594948	11:56:00	44DDE	pp'Dichloordifenyldichlooretheen	<	1	ng/L
OW168900	2023-12-06	21594948	11:56:00	44DDT	pp'Dichloordifenyltrichloorethaan	<	1	ng/L
OW168900	2023-12-06	21594948	11:56:00	a+b+d+gHCHS	alfa+beta+gamma+delta Hexachloorcyclohexaan	<	3	ng/L
OW168900	2023-12-06	21594948	11:56:00	a+bEndoS	alfa+beta Endosulfan	<	2	ng/L
OW168900	2023-12-06	21594948	11:56:00	Acenaft	Acenafteen	=	12	ng/L
OW168900	2023-12-06	21594948	11:56:00	Acenaftyl	Acenaftyleen	<	10	ng/L
OW168900	2023-12-06	21594948	11:56:00	Acetamiprid	Acetamiprid	<	2,5	ng/L
OW168900	2023-12-06	21594948	11:56:00	Aclonifen	Aclonifen	<	5	ng/L
OW168900	2023-12-06	21594948	11:56:00	ADEIdrin	Aldrin+Dieldrin+Endrin+Isodrin	<	2,125	ng/L
OW168900	2023-12-06	21594948	11:56:00	aEndo	alfa-Endosulfan	<	1	ng/L
OW168900	2023-12-06	21594948	11:56:00	Ag o	Zilver	<	0,05	µg/L
OW168900	2023-12-06	21594948	11:56:00	Ag t	Zilver	<	0,1	µg/L
OW168900	2023-12-06	21594948	11:56:00	aHCH	alfa-Hexachloorcyclohexaan	<	0,75	ng/L
OW168900	2023-12-06	21594948	11:56:00	Al o	Aluminium	<	150	µg/L
OW168900	2023-12-06	21594948	11:56:00	Alachloor	Alachloor	<	10	ng/L
OW168900	2023-12-06	21594948	11:56:00	Aldrin	Aldrin	<	0,375	ng/L
OW168900	2023-12-06	21594948	11:56:00	Ant	Anthraceen	<	5	ng/L
OW168900	2023-12-06	21594948	11:56:00	As o	Arseen	=	1,4	µg/L
OW168900	2023-12-06	21594948	11:56:00	As t	Arseen	=	2,08	µg/L
OW168900	2023-12-06	21594948	11:56:00	Atraz	Atrazine	<	5	ng/L
OW168900	2023-12-06	21594948	11:56:00	AzinfosMy	Azinfos-methyl	<	1	ng/L
OW168900	2023-12-06	21594948	11:56:00	B o	Boor	=	71	µg/L
OW168900	2023-12-06	21594948	11:56:00	B t	Boor	=	69	µg/L
OW168900	2023-12-06	21594948	11:56:00	B(a)A	Benzo(a)anthraceen	<	10	ng/L
OW168900	2023-12-06	21594948	11:56:00	B(a)P	Benzo(a)pyreen	<	10	ng/L
OW168900	2023-12-06	21594948	11:56:00	B(b)Flu	Benzo(b)fluorantheen	=	10	ng/L
OW168900	2023-12-06	21594948	11:56:00	B(ghi)Pe	Benzo(g,h,i)peryleen	<	10	ng/L
OW168900	2023-12-06	21594948	11:56:00	B(k)Flu	Benzo(k)fluorantheen	<	10	ng/L
OW168900	2023-12-06	21594948	11:56:00	Ba o	Barium	=	31	µg/L
OW168900	2023-12-06	21594948	11:56:00	Ba t	Barium	=	38	µg/L
OW168900	2023-12-06	21594948	11:56:00	BAM	2,6-Dichloorbenzamide	=	95	ng/L
OW168900	2023-12-06	21594948	11:56:00	Be o	Beryllium	<	0,15	µg/L
OW168900	2023-12-06	21594948	11:56:00	Be t	Beryllium	<	0,15	µg/L
OW168900	2023-12-06	21594948	11:56:00	bEndo	beta-Endosulfan	<	1	ng/L
OW168900	2023-12-06	21594948	11:56:00	BFlu som	PAK benzo(b+k)fluorantheen (b)	<	20	ng/L
OW168900	2023-12-06	21594948	11:56:00	bHCH	beta-Hexachloorcyclohexaan	<	0,75	ng/L
OW168900	2023-12-06	21594948	11:56:00	Bifenox	Bifenox	<	2	ng/L
OW168900	2023-12-06	21594948	11:56:00	BPe + IP som	PAK Benzo(g,h,i)peryleen + Indeno(1,2,3-cd)pyreen	<	15	ng/L
OW168900	2023-12-06	21594948	11:56:00	BrfosEy	Bromofos-ethyl	<	2,5	ng/L
OW168900	2023-12-06	21594948	11:56:00	BrfosMy	Bromofos-methyl	<	1,5	ng/L
OW168900	2023-12-06	21594948	11:56:00	Bromacil	Bromacil	<	10	ng/L
OW168900	2023-12-06	21594948	11:56:00	BZV5	Biochemisch zuurstofverbruik na 5d.	=	3	mgO2/L
OW168900	2023-12-06	21594948	11:56:00	Ca o	Calcium	=	114000	µg/L
OW168900	2023-12-06	21594948	11:56:00	Carbdzim	Carbendazim	<	10	ng/L
OW168900	2023-12-06	21594948	11:56:00	Cartamid	Carbetamide	<	10	ng/L
OW168900	2023-12-06	21594948	11:56:00	Cbromuron	Chloorbromuron	<	15	ng/L
OW168900	2023-12-06	21594948	11:56:00	cCdaan	cis-Chloordaan	<	0,5	ng/L
OW168900	2023-12-06	21594948	11:56:00	Cd o	Cadmium	<	0,05	µg/L
OW168900	2023-12-06	21594948	11:56:00	Cd t	Cadmium	<	0,2	µg/L
OW168900	2023-12-06	21594948	11:56:00	Cdaan	Chloordaan	<	1	ng/L
OW168900	2023-12-06	21594948	11:56:00	Cdazon	Chloridazon	<	5	ng/L
OW168900	2023-12-06	21594948	11:56:00	Cfvinfos	Chloorfenvinfos	<	1,5	ng/L
OW168900	2023-12-06	21594948	11:56:00	cHpCEpx	cis-Heptachloorepoxyde	<	1	ng/L
OW168900	2023-12-06	21594948	11:56:00	Chr	Chryseen	=	12	ng/L
OW168900	2023-12-06	21594948	11:56:00	Cl-	Chloride	=	59,5	mg/L
OW168900	2023-12-06	21594948	11:56:00	Clfyl a	Chlorofyl a	<	2	µg/L
OW168900	2023-12-06	21594948	11:56:00	Clotidine	Clothianidine	<	2,5	ng/L
OW168900	2023-12-06	21594948	11:56:00	Co o	Kobalt	=	0,46	µg/L
OW168900	2023-12-06	21594948	11:56:00	Co t	Kobalt	=	0,86	µg/L
OW168900	2023-12-06	21594948	11:56:00	CpfosEy	Chloorpyrifos-ethyl	<	2	ng/L
OW168900	2023-12-06	21594948	11:56:00	CpfosMy	Chloorpyrifos-methyl	<	1,5	ng/L
OW168900	2023-12-06	21594948	11:56:00	Cprofam	Chloorprofam	<	4	ng/L
OW168900	2023-12-06	21594948	11:56:00	Cr o	Chroom	<	1,5	µg/L
OW168900	2023-12-06	21594948	11:56:00	Cr t	Chroom	=	3,25	µg/L
OW168900	2023-12-06	21594948	11:56:00	Ctoluron	Chloortoluron	=	60	ng/L
OW168900	2023-12-06	21594948	11:56:00	Cu o	Koper	<	2	µg/L
OW168900	2023-12-06	21594948	11:56:00	Cu t	Koper	=	4,61	µg/L
OW168900	2023-12-06	21594948	11:56:00	Cumafos	Cumafos	<	2,5	ng/L
OW168900	2023-12-06	21594948	11:56:00	Cyanaz	Cyanazine	<	5	ng/L
OW168900	2023-12-06	21594948	11:56:00	Cybutrine	Cybutrine	<	1	ng/L
OW168900	2023-12-06	21594948	11:56:00	Cypmethrin	Cypermethrin	<	3	ng/L
OW168900	2023-12-06	21594948	11:56:00	CZV	Chemisch zuurstofverbruik	=	17,9	mgO2/L
OW168900	2023-12-06	21594948	11:56:00	DBySn	Dibutyltin	=	0,18	ngSn/L
OW168900	2023-12-06	21594948	11:56:00	DBySn som	Dibutyltinverbindingen	=	0,18	ngSn/L
OW168900	2023-12-06	21594948	11:56:00	dBz(ah)An	Dibenzo(a,h)anthraceen	<	5	ng/L
OW168900	2023-12-06	21594948	11:56:00	DCvos	Dichloorvos	<	0,5	ng/L
OW168900	2023-12-06	21594948	11:56:00	DDT t	DDT, totaal	<	4	ng/L
OW168900	2023-12-06	21594948	11:56:00	DEyatraz	Desethylatrazine	<	5	ng/L
OW168900	2023-12-06	21594948	11:56:00	DEytByaz	Desethylterbutylazine	<	10	ng/L
OW168900	2023-12-06	21594948	11:56:00	Dflucan	Diflufenican	=	19	ng/L
OW168900	2023-12-06	21594948	11:56:00	dHCH	delta-Hexachloorcyclohexaan	<	0,75	ng/L
OW168900	2023-12-06	21594948	11:56:00	Diazinon	Diazinon	<	2	ng/L
OW168900	2023-12-06	21594948	11:56:00	Dieldrin	Dieldrin	<	1	ng/L
OW168900	2023-12-06	21594948	11:56:00	DiMetamid	Dimethenamid	=	19	ng/L
OW168900	2023-12-06	21594948	11:56:00	DiMetmorf	Dimethomorf	=	10	ng/L
OW168900	2023-12-06	21594948	11:56:00	DiPyatraz	Desisopropylatrazine	<	10	ng/L
OW168900	2023-12-06	21594948	11:56:00	Diuron	Diuron	<	10	ng/L
OW168900	2023-12-06	21594948	11:56:00	Dmetoat	Dimethoaat	<	3	ng/L
OW168900	2023-12-06	21594948	11:56:00	DOC	Koolstof	=	7,3	mgC/L
OW168900	2023-12-06	21594948	11:56:00	Dsulfoton	Disulfoton	<	4,5	ng/L
OW168900	2023-12-06	21594948	11:56:00	EC 20	Geleidbaarheid (20°C)	=	778	µS/cm
OW168900	2023-12-06	21594948	11:56:00	EC 25	Geleidbaarheid (25°C)	=	852,299	µS/cm
OW168900	2023-12-06	21594948	11:56:00	EndoS	Endosulfansulfaat	<	1	ng/L
OW168900	2023-12-06	21594948	11:56:00	Endrin	Endrin	<	0,375	ng/L
OW168900	2023-12-06	21594948	11:56:00	Etfum	Ethofumesaat	=	6,5	ng/L
OW168900	2023-12-06	21594948	11:56:00	Ethopfos	Ethoprofos	<	2,5	ng/L
OW168900	2023-12-06	21594948	11:56:00	F- o	Fluoride	=	0,219	mg/L
OW168900	2023-12-06	21594948	11:56:00	Fe o	Ijzer	=	31	µg/L
OW168900	2023-12-06	21594948	11:56:00	Fe t	Ijzer	=	1190	µg/L
OW168900	2023-12-06	21594948	11:56:00	Fen	Fenantreen	=	27	ng/L
OW168900	2023-12-06	21594948	11:56:00	Fenithion	Fenitrothion	<	1,5	ng/L
OW168900	2023-12-06	21594948	11:56:00	Fenthion	Fenthion	<	2,5	ng/L
OW168900	2023-12-06	21594948	11:56:00	Feofyt a	Feofytine a	<	4	µg/L
OW168900	2023-12-06	21594948	11:56:00	Fipronil	Fipronil	=	2,2	ng/L
OW168900	2023-12-06	21594948	11:56:00	Flu	Fluorantheen	=	25	ng/L
OW168900	2023-12-06	21594948	11:56:00	Flucet	Flufenacet	=	62	ng/L
OW168900	2023-12-06	21594948	11:56:00	Fluoreen	Fluoreen	=	11	ng/L
OW168900	2023-12-06	21594948	11:56:00	Fonofos	Fonofos	<	2	ng/L
OW168900	2023-12-06	21594948	11:56:00	gHCH	gamma-Hexachloorcyclohexaan	<	0,75	ng/L
OW168900	2023-12-06	21594948	11:56:00	H t	Hardheid	=	33	°F
OW168900	2023-12-06	21594948	11:56:00	HCBdn	Hexachloorbutadieen	<	1	ng/L
OW168900	2023-12-06	21594948	11:56:00	HCBz	Hexachloorbenzeen	<	1,5	ng/L
OW168900	2023-12-06	21594948	11:56:00	HCH	Hexachloorcyclohexaan, alle isomeren	<	3	ng/L
OW168900	2023-12-06	21594948	11:56:00	Hexazinon	Hexazinon	<	10	ng/L
OW168900	2023-12-06	21594948	11:56:00	Hg o	Kwik	<	0,025	µg/L
OW168900	2023-12-06	21594948	11:56:00	Hg t	Kwik	<	0,025	µg/L
OW168900	2023-12-06	21594948	11:56:00	HpC	Heptachloor	<	1	ng/L
OW168900	2023-12-06	21594948	11:56:00	HpC+Epx	Heptachloor+epoxyde	<	4	ng/L
OW168900	2023-12-06	21594948	11:56:00	Imcloprid	Imidacloprid	=	5	ng/L
OW168900	2023-12-06	21594948	11:56:00	IP	Indeno(1,2,3-cd)pyreen	<	5	ng/L
OW168900	2023-12-06	21594948	11:56:00	Iproturon	Isoproturon	=	10	ng/L
OW168900	2023-12-06	21594948	11:56:00	Isodrin	Isodrin	<	0,375	ng/L
OW168900	2023-12-06	21594948	11:56:00	K o	Kalium	=	12400	µg/L
OW168900	2023-12-06	21594948	11:56:00	KjN	Kjeldahlstikstof	=	1,212	mgN/L
OW168900	2023-12-06	21594948	11:56:00	Linuron	Linuron	<	5	ng/L
OW168900	2023-12-06	21594948	11:56:00	Malathion	Malathion	<	2,5	ng/L
OW168900	2023-12-06	21594948	11:56:00	Mbromuron	Metobromuron	<	10	ng/L
OW168900	2023-12-06	21594948	11:56:00	mBthiaz	Metabenzthiazuron	<	5	ng/L
OW168900	2023-12-06	21594948	11:56:00	Metaza	Metazachloor	<	5	ng/L
OW168900	2023-12-06	21594948	11:56:00	Metbuzin	Metribuzin	=	6,7	ng/L
OW168900	2023-12-06	21594948	11:56:00	Metcarb	Methiocarb	<	4,5	ng/L
OW168900	2023-12-06	21594948	11:56:00	Methidat	Methidation	<	3,5	ng/L
OW168900	2023-12-06	21594948	11:56:00	Metola	Metolachloor	=	14	ng/L
OW168900	2023-12-06	21594948	11:56:00	Metoxur	Metoxuron	<	5	ng/L
OW168900	2023-12-06	21594948	11:56:00	Mevinfos	Mevinfos	<	2	ng/L
OW168900	2023-12-06	21594948	11:56:00	Mg o	Magnesium	=	11800	µg/L
OW168900	2023-12-06	21594948	11:56:00	Mlinuron	Monolinuron	<	5	ng/L
OW168900	2023-12-06	21594948	11:56:00	Mmitron	Metamitron	=	10	ng/L
OW168900	2023-12-06	21594948	11:56:00	Mn o	Mangaan	=	93	µg/L
OW168900	2023-12-06	21594948	11:56:00	Mn t	Mangaan	=	129	µg/L
OW168900	2023-12-06	21594948	11:56:00	Mo o	Molybdeen	<	2,5	µg/L
OW168900	2023-12-06	21594948	11:56:00	Mo t	Molybdeen	<	2,5	µg/L
OW168900	2023-12-06	21594948	11:56:00	MxyC	Methoxychloor	<	1	ng/L
OW168900	2023-12-06	21594948	11:56:00	N t	Stikstof	=	6,9	mgN/L
OW168900	2023-12-06	21594948	11:56:00	N+N	Nitraat+nitriet	=	5,688	mgN/L
OW168900	2023-12-06	21594948	11:56:00	N+N+N	Nitraat+nitriet+ammonium	=	6,238	mgN/L
OW168900	2023-12-06	21594948	11:56:00	Na o	Natrium	=	37900	µg/L
OW168900	2023-12-06	21594948	11:56:00	Naft	Naftaleen	=	53	ng/L
OW168900	2023-12-06	21594948	11:56:00	NH4+	Ammonium	=	0,55	mgN/L
OW168900	2023-12-06	21594948	11:56:00	Ni o	Nikkel	<	3,2	µg/L
OW168900	2023-12-06	21594948	11:56:00	Ni t	Nikkel	=	3,83	µg/L
OW168900	2023-12-06	21594948	11:56:00	NO2-	Nitriet	=	0,088	mgN/L
OW168900	2023-12-06	21594948	11:56:00	NO3-	Nitraat	=	5,6	mgN/L
OW168900	2023-12-06	21594948	11:56:00	O2	Zuurstof	=	10,83	mg/L
OW168900	2023-12-06	21594948	11:56:00	O2 verz	Zuurstof	=	87,7	%
OW168900	2023-12-06	21594948	11:56:00	OCP t	Organochloorpesticiden, totaal	<	15,875	ng/L
OW168900	2023-12-06	21594948	11:56:00	oPO4 f	Orthofosfaat	=	0,218	mgP/L
OW168900	2023-12-06	21594948	11:56:00	Oxadiazon	Oxadiazon	<	3	ng/L
OW168900	2023-12-06	21594948	11:56:00	P t	Fosfor	=	0,369	mgP/L
OW168900	2023-12-06	21594948	11:56:00	PAK 10	Polyaromatische KWS (10 Vrom)	<	167	ng/L
OW168900	2023-12-06	21594948	11:56:00	PAK 6	Polyaromatische KWS (6 Borneff)	<	70	ng/L
OW168900	2023-12-06	21594948	11:56:00	PathionEy	Parathion-ethyl	<	1	ng/L
OW168900	2023-12-06	21594948	11:56:00	PathionMy	Parathion-methyl	<	1,5	ng/L
OW168900	2023-12-06	21594948	11:56:00	Pb o	Lood	<	1,25	µg/L
OW168900	2023-12-06	21594948	11:56:00	Pb t	Lood	=	2,88	µg/L
OW168900	2023-12-06	21594948	11:56:00	PCB 101	2,2',4,5,5'-Pentachloorbifenyl (PCB101)	<	0,5	ng/L
OW168900	2023-12-06	21594948	11:56:00	PCB 118	2,3',4,4',5-Pentachloorbifenyl (PCB118)	<	0,5	ng/L
OW168900	2023-12-06	21594948	11:56:00	PCB 138	2,2',3,4,4',5'-Hexachloorbifenyl (PCB138)	<	0,5	ng/L
OW168900	2023-12-06	21594948	11:56:00	PCB 153	2,2',4,4',5,5'-Hexachloorbifenyl (PCB153)	<	0,5	ng/L
OW168900	2023-12-06	21594948	11:56:00	PCB 180	2,2',3,4,4',5,5'-Heptachloorbifenyl (PCB180)	<	0,5	ng/L
OW168900	2023-12-06	21594948	11:56:00	PCB 28	2,4,4'-Trichloorbifenyl (PCB28)	<	0,5	ng/L
OW168900	2023-12-06	21594948	11:56:00	PCB 52	2,2',5,5'-Tetrachloorbifenyl (PCB52)	<	0,5	ng/L
OW168900	2023-12-06	21594948	11:56:00	PCB t	Polychloorbifenyl, totaal	<	3,5	ng/L
OW168900	2023-12-06	21594948	11:56:00	PCBz	Pentachloorbenzeen	<	1,5	ng/L
OW168900	2023-12-06	21594948	11:56:00	PCNiBz	Pentachloornitrobenzeen	<	2	ng/L
OW168900	2023-12-06	21594948	11:56:00	pH	pH	=	7,78	-
OW168900	2023-12-06	21594948	11:56:00	Picarb	Pirimicarb	<	5	ng/L
OW168900	2023-12-06	21594948	11:56:00	PirfosMy	Pirimifos-methyl	<	3,5	ng/L
OW168900	2023-12-06	21594948	11:56:00	Prochloor	Propachloor	<	10	ng/L
OW168900	2023-12-06	21594948	11:56:00	Prometryn	Prometryn	<	10	ng/L
OW168900	2023-12-06	21594948	11:56:00	Propanil	Propanil	<	25	ng/L
OW168900	2023-12-06	21594948	11:56:00	Propaz	Propazine	<	10	ng/L
OW168900	2023-12-06	21594948	11:56:00	Pyr	Pyreen	=	19	ng/L
OW168900	2023-12-06	21594948	11:56:00	Quinofen	Quinoxyfen	<	1	ng/L
OW168900	2023-12-06	21594948	11:56:00	Sb o	Antimoon	<	1,5	µg/L
OW168900	2023-12-06	21594948	11:56:00	Sb t	Antimoon	<	1,5	µg/L
OW168900	2023-12-06	21594948	11:56:00	Se o	Seleen	<	1,5	µg/L
OW168900	2023-12-06	21594948	11:56:00	Se t	Seleen	<	1,5	µg/L
OW168900	2023-12-06	21594948	11:56:00	Sebutylaz	Sebutylazine	<	10	ng/L
OW168900	2023-12-06	21594948	11:56:00	Secchi	Doorzichtigheid	=	50	cm
OW168900	2023-12-06	21594948	11:56:00	Simaz	Simazine	<	5	ng/L
OW168900	2023-12-06	21594948	11:56:00	SiO2 o	Silicaat	=	15	mgSiO2/L
OW168900	2023-12-06	21594948	11:56:00	Sn o	Tin	<	1,5	µg/L
OW168900	2023-12-06	21594948	11:56:00	Sn t	Tin	<	1,5	µg/L
OW168900	2023-12-06	21594948	11:56:00	SO4=	Sulfaat	=	83	mg/L
OW168900	2023-12-06	21594948	11:56:00	T	Temperatuur	=	6,4	°C
OW168900	2023-12-06	21594948	11:56:00	TAM	Alkaliniteit met methyloranje	=	5	meq/L
OW168900	2023-12-06	21594948	11:56:00	TBySn	Tributyltin	=	0,073	ngSn/L
OW168900	2023-12-06	21594948	11:56:00	tCdaan	trans-Chloordaan	<	0,5	ng/L
OW168900	2023-12-06	21594948	11:56:00	TclofosMy	Tolclofos-methyl	<	2,5	ng/L
OW168900	2023-12-06	21594948	11:56:00	Te o	Telluur	<	2,5	µg/L
OW168900	2023-12-06	21594948	11:56:00	Te t	Telluur	<	2,5	µg/L
OW168900	2023-12-06	21594948	11:56:00	Telodrin	Telodrin	<	1	ng/L
OW168900	2023-12-06	21594948	11:56:00	Terbufos	Terbufos	<	2,5	ng/L
OW168900	2023-12-06	21594948	11:56:00	Terbutryn	Terbutryn	<	10	ng/L
OW168900	2023-12-06	21594948	11:56:00	Tfluralin	Trifluralin	<	2	ng/L
OW168900	2023-12-06	21594948	11:56:00	TFySn	Trifenyltin	<	0,035	ngSn/L
OW168900	2023-12-06	21594948	11:56:00	TFySn som	Trifenyltinacetaat, chloride, hydroxide	<	0,035	ngSn/L
OW168900	2023-12-06	21594948	11:56:00	Thiacloprid	Thiacloprid	<	2,5	ng/L
OW168900	2023-12-06	21594948	11:56:00	tHpCEpx	trans-Heptachloorepoxyde	<	2	ng/L
OW168900	2023-12-06	21594948	11:56:00	Ti o	Titaan	<	2	µg/L
OW168900	2023-12-06	21594948	11:56:00	Ti t	Titaan	=	17,9	µg/L
OW168900	2023-12-06	21594948	11:56:00	Tl o	Thallium	<	0,1	µg/L
OW168900	2023-12-06	21594948	11:56:00	Tl t	Thallium	<	0,1	µg/L
OW168900	2023-12-06	21594948	11:56:00	Tmethoxam	Thiamethoxam	<	10	ng/L
OW168900	2023-12-06	21594948	11:56:00	TrByaz	Terbutylazine	<	10	ng/L
OW168900	2023-12-06	21594948	11:56:00	Triazofos	Triazofos	<	2	ng/L
OW168900	2023-12-06	21594948	11:56:00	TtBySn	Tetrabutyltin	<	0,035	ngSn/L
OW168900	2023-12-06	21594948	11:56:00	U o	Uranium	=	1,44	µg/L
OW168900	2023-12-06	21594948	11:56:00	U t	Uranium	=	1,47	µg/L
OW168900	2023-12-06	21594948	11:56:00	V o	Vanadium	<	3	µg/L
OW168900	2023-12-06	21594948	11:56:00	V t	Vanadium	=	4,61	µg/L
OW168900	2023-12-06	21594948	11:56:00	Zn o	Zink	<	7,5	µg/L
OW168900	2023-12-06	21594948	11:56:00	Zn t	Zink	=	24,8	µg/L
OW168900	2023-12-06	21594948	11:56:00	ZS	Zwevende stoffen	=	21,2	mg/L
OW168900	2024-01-17	      1910	12:22:47	Ag o	Zilver	<	0,05	µg/L
OW168900	2024-01-17	      1910	12:22:47	Ag t	Zilver	<	0,05	µg/L
OW168900	2024-01-17	      1910	12:22:47	Al o	Aluminium	<	150	µg/L
OW168900	2024-01-17	      1910	12:22:47	As o	Arseen	=	1,25	µg/L
OW168900	2024-01-17	      1910	12:22:47	As t	Arseen	=	1,96	µg/L
OW168900	2024-01-17	      1910	12:22:47	B o	Boor	=	73	µg/L
OW168900	2024-01-17	      1910	12:22:47	B t	Boor	=	73	µg/L
OW168900	2024-01-17	      1910	12:22:47	Ba o	Barium	=	32	µg/L
OW168900	2024-01-17	      1910	12:22:47	Ba t	Barium	=	42	µg/L
OW168900	2024-01-17	      1910	12:22:47	Be o	Beryllium	<	0,15	µg/L
OW168900	2024-01-17	      1910	12:22:47	Be t	Beryllium	<	0,15	µg/L
OW168900	2024-01-17	      1910	12:22:47	BZV5	Biochemisch zuurstofverbruik na 5d.	<	2	mgO2/L
OW168900	2024-01-17	      1910	12:22:47	Ca o	Calcium	=	123000	µg/L
OW168900	2024-01-17	      1910	12:22:47	Cd o	Cadmium	<	0,05	µg/L
OW168900	2024-01-17	      1910	12:22:47	Cd t	Cadmium	<	0,2	µg/L
OW168900	2024-01-17	      1910	12:22:47	Cl-	Chloride	=	54,4	mg/L
OW168900	2024-01-17	      1910	12:22:47	Co o	Kobalt	=	0,44	µg/L
OW168900	2024-01-17	      1910	12:22:47	Co t	Kobalt	=	0,87	µg/L
OW168900	2024-01-17	      1910	12:22:47	Cr o	Chroom	<	1,5	µg/L
OW168900	2024-01-17	      1910	12:22:47	Cr t	Chroom	=	3,55	µg/L
OW168900	2024-01-17	      1910	12:22:47	Cu o	Koper	<	2	µg/L
OW168900	2024-01-17	      1910	12:22:47	Cu t	Koper	=	11,3	µg/L
OW168900	2024-01-17	      1910	12:22:47	CZV	Chemisch zuurstofverbruik	=	17,6	mgO2/L
OW168900	2024-01-17	      1910	12:22:47	DOC	Koolstof	=	6,5	mgC/L
OW168900	2024-01-17	      1910	12:22:47	EC 20	Geleidbaarheid (20°C)	=	813	µS/cm
OW168900	2024-01-17	      1910	12:22:47	EC 25	Geleidbaarheid (25°C)	=	890,6415	µS/cm
OW168900	2024-01-17	      1910	12:22:47	Fe o	Ijzer	<	25	µg/L
OW168900	2024-01-17	      1910	12:22:47	Fe t	Ijzer	=	1210	µg/L
OW168900	2024-01-17	      1910	12:22:47	H t	Hardheid	=	35,833333333333333374	°F
OW168900	2024-01-17	      1910	12:22:47	Hg o	Kwik	<	0,025	µg/L
OW168900	2024-01-17	      1910	12:22:47	Hg t	Kwik	<	0,025	µg/L
OW168900	2024-01-17	      1910	12:22:47	K o	Kalium	=	11800	µg/L
OW168900	2024-01-17	      1910	12:22:47	KjN	Kjeldahlstikstof	=	0,528	mgN/L
OW168900	2024-01-17	      1910	12:22:47	Mg o	Magnesium	=	12200	µg/L
OW168900	2024-01-17	      1910	12:22:47	Mn o	Mangaan	=	111	µg/L
OW168900	2024-01-17	      1910	12:22:47	Mn t	Mangaan	=	148	µg/L
OW168900	2024-01-17	      1910	12:22:47	Mo o	Molybdeen	<	2,5	µg/L
OW168900	2024-01-17	      1910	12:22:47	Mo t	Molybdeen	<	2,5	µg/L
OW168900	2024-01-17	      1910	12:22:47	N t	Stikstof	=	6,4	mgN/L
OW168900	2024-01-17	      1910	12:22:47	N+N	Nitraat+nitriet	=	5,872	mgN/L
OW168900	2024-01-17	      1910	12:22:47	N+N+N	Nitraat+nitriet+ammonium	=	6,432	mgN/L
OW168900	2024-01-17	      1910	12:22:47	Na o	Natrium	=	37600	µg/L
OW168900	2024-01-17	      1910	12:22:47	NH4+	Ammonium	=	0,56	mgN/L
OW168900	2024-01-17	      1910	12:22:47	Ni o	Nikkel	<	3,2	µg/L
OW168900	2024-01-17	      1910	12:22:47	Ni t	Nikkel	=	3,73	µg/L
OW168900	2024-01-17	      1910	12:22:47	NO2-	Nitriet	=	0,072	mgN/L
OW168900	2024-01-17	      1910	12:22:47	NO3-	Nitraat	=	5,8	mgN/L
OW168900	2024-01-17	      1910	12:22:47	O2	Zuurstof	=	11,98	mg/L
OW168900	2024-01-17	      1910	12:22:47	O2 verz	Zuurstof	=	90,2	%
OW168900	2024-01-17	      1910	12:22:47	oPO4 f	Orthofosfaat	=	0,198	mgP/L
OW168900	2024-01-17	      1910	12:22:47	P t	Fosfor	=	0,34	mgP/L
OW168900	2024-01-17	      1910	12:22:47	Pb o	Lood	<	1,25	µg/L
OW168900	2024-01-17	      1910	12:22:47	Pb t	Lood	=	3,19	µg/L
OW168900	2024-01-17	      1910	12:22:47	pH	pH	=	7,89	-
OW168900	2024-01-17	      1910	12:22:47	Sb o	Antimoon	<	1,5	µg/L
OW168900	2024-01-17	      1910	12:22:47	Sb t	Antimoon	<	1,5	µg/L
OW168900	2024-01-17	      1910	12:22:47	Se o	Seleen	<	1,5	µg/L
OW168900	2024-01-17	      1910	12:22:47	Se t	Seleen	<	1,5	µg/L
OW168900	2024-01-17	      1910	12:22:47	SiO2 o	Silicaat	=	16	mgSiO2/L
OW168900	2024-01-17	      1910	12:22:47	Sn o	Tin	<	1,5	µg/L
OW168900	2024-01-17	      1910	12:22:47	Sn t	Tin	<	1,5	µg/L
OW168900	2024-01-17	      1910	12:22:47	SO4=	Sulfaat	=	90	mg/L
OW168900	2024-01-17	      1910	12:22:47	T	Temperatuur	=	3	°C
OW168900	2024-01-17	      1910	12:22:47	Te o	Telluur	<	2,5	µg/L
OW168900	2024-01-17	      1910	12:22:47	Te t	Telluur	<	2,5	µg/L
OW168900	2024-01-17	      1910	12:22:47	Ti o	Titaan	<	2	µg/L
OW168900	2024-01-17	      1910	12:22:47	Ti t	Titaan	=	18,7	µg/L
OW168900	2024-01-17	      1910	12:22:47	Tl o	Thallium	<	0,1	µg/L
OW168900	2024-01-17	      1910	12:22:47	Tl t	Thallium	<	0,1	µg/L
OW168900	2024-01-17	      1910	12:22:47	U o	Uranium	=	1,46	µg/L
OW168900	2024-01-17	      1910	12:22:47	U t	Uranium	=	1,59	µg/L
OW168900	2024-01-17	      1910	12:22:47	V o	Vanadium	<	1,5	µg/L
OW168900	2024-01-17	      1910	12:22:47	V t	Vanadium	=	4,54	µg/L
OW168900	2024-01-17	      1910	12:22:47	Zn o	Zink	<	7,5	µg/L
OW168900	2024-01-17	      1910	12:22:47	Zn t	Zink	=	25,2	µg/L
OW168900	2024-01-17	      1910	12:22:47	ZS	Zwevende stoffen	=	28	mg/L
OW168900	2024-02-14	      6150	14:09:25	Ag o	Zilver	<	0,05	µg/L
OW168900	2024-02-14	      6150	14:09:25	Ag t	Zilver	<	0,1	µg/L
OW168900	2024-02-14	      6150	14:09:25	Al o	Aluminium	<	150	µg/L
OW168900	2024-02-14	      6150	14:09:25	As o	Arseen	=	1,32	µg/L
OW168900	2024-02-14	      6150	14:09:25	As t	Arseen	=	3,12	µg/L
OW168900	2024-02-14	      6150	14:09:25	B o	Boor	=	66	µg/L
OW168900	2024-02-14	      6150	14:09:25	B t	Boor	=	67	µg/L
OW168900	2024-02-14	      6150	14:09:25	Ba o	Barium	=	33	µg/L
OW168900	2024-02-14	      6150	14:09:25	Ba t	Barium	=	53	µg/L
OW168900	2024-02-14	      6150	14:09:25	Be o	Beryllium	<	0,15	µg/L
OW168900	2024-02-14	      6150	14:09:25	Be t	Beryllium	<	0,3	µg/L
OW168900	2024-02-14	      6150	14:09:25	BZV5	Biochemisch zuurstofverbruik na 5d.	<	2	mgO2/L
OW168900	2024-02-14	      6150	14:09:25	Ca o	Calcium	=	106000	µg/L
OW168900	2024-02-14	      6150	14:09:25	Cd o	Cadmium	<	0,05	µg/L
OW168900	2024-02-14	      6150	14:09:25	Cd t	Cadmium	=	0,435	µg/L
OW168900	2024-02-14	      6150	14:09:25	Cl-	Chloride	=	40,4	mg/L
OW168900	2024-02-14	      6150	14:09:25	Co o	Kobalt	=	0,46	µg/L
OW168900	2024-02-14	      6150	14:09:25	Co t	Kobalt	=	1,89	µg/L
OW168900	2024-02-14	      6150	14:09:25	Cr o	Chroom	<	1,5	µg/L
OW168900	2024-02-14	      6150	14:09:25	Cr t	Chroom	=	12,7	µg/L
OW168900	2024-02-14	      6150	14:09:25	Cu o	Koper	<	2	µg/L
OW168900	2024-02-14	      6150	14:09:25	Cu t	Koper	=	9,6	µg/L
OW168900	2024-02-14	      6150	14:09:25	CZV	Chemisch zuurstofverbruik	=	28	mgO2/L
OW168900	2024-02-14	      6150	14:09:25	DOC	Koolstof	=	7,4	mgC/L
OW168900	2024-02-14	      6150	14:09:25	EC 20	Geleidbaarheid (20°C)	=	686	µS/cm
OW168900	2024-02-14	      6150	14:09:25	EC 25	Geleidbaarheid (25°C)	=	751,513	µS/cm
OW168900	2024-02-14	      6150	14:09:25	Fe o	Ijzer	=	32	µg/L
OW168900	2024-02-14	      6150	14:09:25	Fe t	Ijzer	=	4140	µg/L
OW168900	2024-02-14	      6150	14:09:25	H t	Hardheid	=	31,08333333333333337	°F
OW168900	2024-02-14	      6150	14:09:25	Hg o	Kwik	<	0,025	µg/L
OW168900	2024-02-14	      6150	14:09:25	Hg t	Kwik	<	0,05	µg/L
OW168900	2024-02-14	      6150	14:09:25	K o	Kalium	=	10000	µg/L
OW168900	2024-02-14	      6150	14:09:25	KjN	Kjeldahlstikstof	=	1,013	mgN/L
OW168900	2024-02-14	      6150	14:09:25	Mg o	Magnesium	=	11000	µg/L
OW168900	2024-02-14	      6150	14:09:25	Mn o	Mangaan	=	64	µg/L
OW168900	2024-02-14	      6150	14:09:25	Mn t	Mangaan	=	191	µg/L
OW168900	2024-02-14	      6150	14:09:25	Mo o	Molybdeen	<	2,5	µg/L
OW168900	2024-02-14	      6150	14:09:25	Mo t	Molybdeen	<	2,5	µg/L
OW168900	2024-02-14	      6150	14:09:25	N t	Stikstof	=	6,8	mgN/L
OW168900	2024-02-14	      6150	14:09:25	N+N	Nitraat+nitriet	=	5,787	mgN/L
OW168900	2024-02-14	      6150	14:09:25	N+N+N	Nitraat+nitriet+ammonium	=	6,117	mgN/L
OW168900	2024-02-14	      6150	14:09:25	Na o	Natrium	=	26800	µg/L
OW168900	2024-02-14	      6150	14:09:25	NH4+	Ammonium	=	0,33	mgN/L
OW168900	2024-02-14	      6150	14:09:25	Ni o	Nikkel	<	3,2	µg/L
OW168900	2024-02-14	      6150	14:09:25	Ni t	Nikkel	=	6,5	µg/L
OW168900	2024-02-14	      6150	14:09:25	NO2-	Nitriet	=	0,087	mgN/L
OW168900	2024-02-14	      6150	14:09:25	NO3-	Nitraat	=	5,7	mgN/L
OW168900	2024-02-14	      6150	14:09:25	O2	Zuurstof	=	10,1	mg/L
OW168900	2024-02-14	      6150	14:09:25	O2 verz	Zuurstof	=	88,3	%
OW168900	2024-02-14	      6150	14:09:25	oPO4 f	Orthofosfaat	=	0,175	mgP/L
OW168900	2024-02-14	      6150	14:09:25	P t	Fosfor	=	0,551	mgP/L
OW168900	2024-02-14	      6150	14:09:25	Pb o	Lood	<	1,25	µg/L
OW168900	2024-02-14	      6150	14:09:25	Pb t	Lood	=	10	µg/L
OW168900	2024-02-14	      6150	14:09:25	pH	pH	=	7,78	-
OW168900	2024-02-14	      6150	14:09:25	Sb o	Antimoon	<	1,5	µg/L
OW168900	2024-02-14	      6150	14:09:25	Sb t	Antimoon	<	1,5	µg/L
OW168900	2024-02-14	      6150	14:09:25	Se o	Seleen	<	1,5	µg/L
OW168900	2024-02-14	      6150	14:09:25	Se t	Seleen	=	1,73	µg/L
OW168900	2024-02-14	      6150	14:09:25	SiO2 o	Silicaat	=	15	mgSiO2/L
OW168900	2024-02-14	      6150	14:09:25	Sn o	Tin	<	1,5	µg/L
OW168900	2024-02-14	      6150	14:09:25	Sn t	Tin	<	1,5	µg/L
OW168900	2024-02-14	      6150	14:09:25	SO4=	Sulfaat	=	79	mg/L
OW168900	2024-02-14	      6150	14:09:25	T	Temperatuur	=	10	°C
OW168900	2024-02-14	      6150	14:09:25	Te o	Telluur	<	2,5	µg/L
OW168900	2024-02-14	      6150	14:09:25	Te t	Telluur	<	2,5	µg/L
OW168900	2024-02-14	      6150	14:09:25	Ti o	Titaan	<	2	µg/L
OW168900	2024-02-14	      6150	14:09:25	Ti t	Titaan	=	76	µg/L
OW168900	2024-02-14	      6150	14:09:25	Tl o	Thallium	<	0,1	µg/L
OW168900	2024-02-14	      6150	14:09:25	Tl t	Thallium	<	0,1	µg/L
OW168900	2024-02-14	      6150	14:09:25	U o	Uranium	=	1,49	µg/L
OW168900	2024-02-14	      6150	14:09:25	U t	Uranium	=	1,72	µg/L
OW168900	2024-02-14	      6150	14:09:25	V o	Vanadium	<	3	µg/L
OW168900	2024-02-14	      6150	14:09:25	V t	Vanadium	=	9,8	µg/L
OW168900	2024-02-14	      6150	14:09:25	Zn o	Zink	<	7,5	µg/L
OW168900	2024-02-14	      6150	14:09:25	Zn t	Zink	=	60	µg/L
OW168900	2024-02-14	      6150	14:09:25	ZS	Zwevende stoffen	=	154	mg/L
OW168900	2024-03-13	     11295	12:31:22	Ag o	Zilver	<	0,05	µg/L
OW168900	2024-03-13	     11295	12:31:22	Ag t	Zilver	<	0,1	µg/L
OW168900	2024-03-13	     11295	12:31:22	Al o	Aluminium	<	150	µg/L
OW168900	2024-03-13	     11295	12:31:22	As o	Arseen	=	1,27	µg/L
OW168900	2024-03-13	     11295	12:31:22	As t	Arseen	=	2,8	µg/L
OW168900	2024-03-13	     11295	12:31:22	B o	Boor	=	69	µg/L
OW168900	2024-03-13	     11295	12:31:22	B t	Boor	=	71	µg/L
OW168900	2024-03-13	     11295	12:31:22	Ba o	Barium	=	30	µg/L
OW168900	2024-03-13	     11295	12:31:22	Ba t	Barium	=	48	µg/L
OW168900	2024-03-13	     11295	12:31:22	Be o	Beryllium	<	0,15	µg/L
OW168900	2024-03-13	     11295	12:31:22	Be t	Beryllium	<	0,15	µg/L
OW168900	2024-03-13	     11295	12:31:22	BZV5	Biochemisch zuurstofverbruik na 5d.	=	4,9	mgO2/L
OW168900	2024-03-13	     11295	12:31:22	Ca o	Calcium	=	112000	µg/L
OW168900	2024-03-13	     11295	12:31:22	Cd o	Cadmium	<	0,05	µg/L
OW168900	2024-03-13	     11295	12:31:22	Cd t	Cadmium	=	0,324	µg/L
OW168900	2024-03-13	     11295	12:31:22	Cl-	Chloride	=	42,5	mg/L
OW168900	2024-03-13	     11295	12:31:22	Co o	Kobalt	=	0,51	µg/L
OW168900	2024-03-13	     11295	12:31:22	Co t	Kobalt	=	1,75	µg/L
OW168900	2024-03-13	     11295	12:31:22	Cr o	Chroom	<	1,5	µg/L
OW168900	2024-03-13	     11295	12:31:22	Cr t	Chroom	=	8,6	µg/L
OW168900	2024-03-13	     11295	12:31:22	Cu o	Koper	<	2	µg/L
OW168900	2024-03-13	     11295	12:31:22	Cu t	Koper	=	6,5	µg/L
OW168900	2024-03-13	     11295	12:31:22	CZV	Chemisch zuurstofverbruik	=	31	mgO2/L
OW168900	2024-03-13	     11295	12:31:22	DOC	Koolstof	=	7,1	mgC/L
OW168900	2024-03-13	     11295	12:31:22	EC 20	Geleidbaarheid (20°C)	=	723	µS/cm
OW168900	2024-03-13	     11295	12:31:22	EC 25	Geleidbaarheid (25°C)	=	792,0465	µS/cm
OW168900	2024-03-13	     11295	12:31:22	Fe o	Ijzer	<	25	µg/L
OW168900	2024-03-13	     11295	12:31:22	Fe t	Ijzer	=	3830	µg/L
OW168900	2024-03-13	     11295	12:31:22	H t	Hardheid	=	32,875000000000000039	°F
OW168900	2024-03-13	     11295	12:31:22	Hg o	Kwik	<	0,025	µg/L
OW168900	2024-03-13	     11295	12:31:22	Hg t	Kwik	<	0,05	µg/L
OW168900	2024-03-13	     11295	12:31:22	K o	Kalium	=	9200	µg/L
OW168900	2024-03-13	     11295	12:31:22	KjN	Kjeldahlstikstof	=	1,394	mgN/L
OW168900	2024-03-13	     11295	12:31:22	Mg o	Magnesium	=	11700	µg/L
OW168900	2024-03-13	     11295	12:31:22	Mn o	Mangaan	=	74	µg/L
OW168900	2024-03-13	     11295	12:31:22	Mn t	Mangaan	=	182	µg/L
OW168900	2024-03-13	     11295	12:31:22	Mo o	Molybdeen	<	2,5	µg/L
OW168900	2024-03-13	     11295	12:31:22	Mo t	Molybdeen	<	2,5	µg/L
OW168900	2024-03-13	     11295	12:31:22	N t	Stikstof	=	6,6	mgN/L
OW168900	2024-03-13	     11295	12:31:22	N+N	Nitraat+nitriet	=	5,206	mgN/L
OW168900	2024-03-13	     11295	12:31:22	N+N+N	Nitraat+nitriet+ammonium	=	5,736	mgN/L
OW168900	2024-03-13	     11295	12:31:22	Na o	Natrium	=	28400	µg/L
OW168900	2024-03-13	     11295	12:31:22	NH4+	Ammonium	=	0,53	mgN/L
OW168900	2024-03-13	     11295	12:31:22	Ni o	Nikkel	<	3,2	µg/L
OW168900	2024-03-13	     11295	12:31:22	Ni t	Nikkel	=	6,2	µg/L
OW168900	2024-03-13	     11295	12:31:22	NO2-	Nitriet	=	0,106	mgN/L
OW168900	2024-03-13	     11295	12:31:22	NO3-	Nitraat	=	5,1	mgN/L
OW168900	2024-03-13	     11295	12:31:22	O2	Zuurstof	=	9,54	mg/L
OW168900	2024-03-13	     11295	12:31:22	O2 verz	Zuurstof	=	84,8	%
OW168900	2024-03-13	     11295	12:31:22	oPO4 f	Orthofosfaat	=	0,173	mgP/L
OW168900	2024-03-13	     11295	12:31:22	P t	Fosfor	=	0,511	mgP/L
OW168900	2024-03-13	     11295	12:31:22	Pb o	Lood	<	1,25	µg/L
OW168900	2024-03-13	     11295	12:31:22	Pb t	Lood	=	7,4	µg/L
OW168900	2024-03-13	     11295	12:31:22	pH	pH	=	7,76	-
OW168900	2024-03-13	     11295	12:31:22	Sb o	Antimoon	<	1,5	µg/L
OW168900	2024-03-13	     11295	12:31:22	Sb t	Antimoon	<	1,5	µg/L
OW168900	2024-03-13	     11295	12:31:22	Se o	Seleen	<	1,5	µg/L
OW168900	2024-03-13	     11295	12:31:22	Se t	Seleen	=	1,52	µg/L
OW168900	2024-03-13	     11295	12:31:22	SiO2 o	Silicaat	=	14	mgSiO2/L
OW168900	2024-03-13	     11295	12:31:22	Sn o	Tin	<	1,5	µg/L
OW168900	2024-03-13	     11295	12:31:22	Sn t	Tin	<	1,5	µg/L
OW168900	2024-03-13	     11295	12:31:22	SO4=	Sulfaat	=	85	mg/L
OW168900	2024-03-13	     11295	12:31:22	T	Temperatuur	=	10,4	°C
OW168900	2024-03-13	     11295	12:31:22	Te o	Telluur	<	2,5	µg/L
OW168900	2024-03-13	     11295	12:31:22	Te t	Telluur	<	2,5	µg/L
OW168900	2024-03-13	     11295	12:31:22	Ti o	Titaan	<	2	µg/L
OW168900	2024-03-13	     11295	12:31:22	Ti t	Titaan	=	67	µg/L
OW168900	2024-03-13	     11295	12:31:22	Tl o	Thallium	<	0,1	µg/L
OW168900	2024-03-13	     11295	12:31:22	Tl t	Thallium	<	0,1	µg/L
OW168900	2024-03-13	     11295	12:31:22	U o	Uranium	=	1,6	µg/L
OW168900	2024-03-13	     11295	12:31:22	U t	Uranium	=	1,79	µg/L
OW168900	2024-03-13	     11295	12:31:22	V o	Vanadium	<	3	µg/L
OW168900	2024-03-13	     11295	12:31:22	V t	Vanadium	=	10,2	µg/L
OW168900	2024-03-13	     11295	12:31:22	Zn o	Zink	<	7,5	µg/L
OW168900	2024-03-13	     11295	12:31:22	Zn t	Zink	=	48	µg/L
OW168900	2024-03-13	     11295	12:31:22	ZS	Zwevende stoffen	=	83	mg/L
OW168900	2024-04-10	     12573	11:37:16	Ag o	Zilver	<	0,05	µg/L
OW168900	2024-04-10	     12573	11:37:16	Ag t	Zilver	<	0,1	µg/L
OW168900	2024-04-10	     12573	11:37:16	Al o	Aluminium	<	150	µg/L
OW168900	2024-04-10	     12573	11:37:16	As o	Arseen	=	1,38	µg/L
OW168900	2024-04-10	     12573	11:37:16	As t	Arseen	=	2,2	µg/L
OW168900	2024-04-10	     12573	11:37:16	B o	Boor	=	71	µg/L
OW168900	2024-04-10	     12573	11:37:16	B t	Boor	=	74	µg/L
OW168900	2024-04-10	     12573	11:37:16	Ba o	Barium	=	34	µg/L
OW168900	2024-04-10	     12573	11:37:16	Ba t	Barium	=	44	µg/L
OW168900	2024-04-10	     12573	11:37:16	Be o	Beryllium	<	0,15	µg/L
OW168900	2024-04-10	     12573	11:37:16	Be t	Beryllium	<	0,15	µg/L
OW168900	2024-04-10	     12573	11:37:16	BZV5	Biochemisch zuurstofverbruik na 5d.	=	2,5	mgO2/L
OW168900	2024-04-10	     12573	11:37:16	Ca o	Calcium	=	121000	µg/L
OW168900	2024-04-10	     12573	11:37:16	Cd o	Cadmium	<	0,05	µg/L
OW168900	2024-04-10	     12573	11:37:16	Cd t	Cadmium	=	0,251	µg/L
OW168900	2024-04-10	     12573	11:37:16	Cl-	Chloride	=	47,5	mg/L
OW168900	2024-04-10	     12573	11:37:16	Clfyl a	Chlorofyl a	=	18,3	µg/L
OW168900	2024-04-10	     12573	11:37:16	Co o	Kobalt	=	0,36	µg/L
OW168900	2024-04-10	     12573	11:37:16	Co t	Kobalt	=	1,19	µg/L
OW168900	2024-04-10	     12573	11:37:16	Cr o	Chroom	<	1,5	µg/L
OW168900	2024-04-10	     12573	11:37:16	Cr t	Chroom	=	5,3	µg/L
OW168900	2024-04-10	     12573	11:37:16	Cu o	Koper	<	2	µg/L
OW168900	2024-04-10	     12573	11:37:16	Cu t	Koper	=	5,33	µg/L
OW168900	2024-04-10	     12573	11:37:16	CZV	Chemisch zuurstofverbruik	=	21,7	mgO2/L
OW168900	2024-04-10	     12573	11:37:16	DOC	Koolstof	=	6,2	mgC/L
OW168900	2024-04-10	     12573	11:37:16	EC 20	Geleidbaarheid (20°C)	=	729	µS/cm
OW168900	2024-04-10	     12573	11:37:16	EC 25	Geleidbaarheid (25°C)	=	798,6195	µS/cm
OW168900	2024-04-10	     12573	11:37:16	Fe o	Ijzer	<	25	µg/L
OW168900	2024-04-10	     12573	11:37:16	Fe t	Ijzer	=	1880	µg/L
OW168900	2024-04-10	     12573	11:37:16	Feofyt a	Feofytine a	<	8,92	µg/L
OW168900	2024-04-10	     12573	11:37:16	H t	Hardheid	=	34,875000000000000037	°F
OW168900	2024-04-10	     12573	11:37:16	Hg o	Kwik	<	0,025	µg/L
OW168900	2024-04-10	     12573	11:37:16	Hg t	Kwik	<	0,05	µg/L
OW168900	2024-04-10	     12573	11:37:16	K o	Kalium	=	10200	µg/L
OW168900	2024-04-10	     12573	11:37:16	KjN	Kjeldahlstikstof	<	0,44	mgN/L
OW168900	2024-04-10	     12573	11:37:16	Mg o	Magnesium	=	11100	µg/L
OW168900	2024-04-10	     12573	11:37:16	Mn o	Mangaan	=	26	µg/L
OW168900	2024-04-10	     12573	11:37:16	Mn t	Mangaan	=	119	µg/L
OW168900	2024-04-10	     12573	11:37:16	Mo o	Molybdeen	<	2,5	µg/L
OW168900	2024-04-10	     12573	11:37:16	Mo t	Molybdeen	<	2,5	µg/L
OW168900	2024-04-10	     12573	11:37:16	N t	Stikstof	=	6,3	mgN/L
OW168900	2024-04-10	     12573	11:37:16	N+N	Nitraat+nitriet	=	5,936	mgN/L
OW168900	2024-04-10	     12573	11:37:16	N+N+N	Nitraat+nitriet+ammonium	=	6,256	mgN/L
OW168900	2024-04-10	     12573	11:37:16	Na o	Natrium	=	32200	µg/L
OW168900	2024-04-10	     12573	11:37:16	NH4+	Ammonium	=	0,32	mgN/L
OW168900	2024-04-10	     12573	11:37:16	Ni o	Nikkel	<	3,2	µg/L
OW168900	2024-04-10	     12573	11:37:16	Ni t	Nikkel	=	4,84	µg/L
OW168900	2024-04-10	     12573	11:37:16	NO2-	Nitriet	=	0,136	mgN/L
OW168900	2024-04-10	     12573	11:37:16	NO3-	Nitraat	=	5,8	mgN/L
OW168900	2024-04-10	     12573	11:37:16	O2	Zuurstof	=	8,86	mg/L
OW168900	2024-04-10	     12573	11:37:16	O2 verz	Zuurstof	=	87,5	%
OW168900	2024-04-10	     12573	11:37:16	oPO4 f	Orthofosfaat	=	0,157	mgP/L
OW168900	2024-04-10	     12573	11:37:16	P t	Fosfor	=	0,395	mgP/L
OW168900	2024-04-10	     12573	11:37:16	Pb o	Lood	<	1,25	µg/L
OW168900	2024-04-10	     12573	11:37:16	Pb t	Lood	=	5,39	µg/L
OW168900	2024-04-10	     12573	11:37:16	pH	pH	=	7,84	-
OW168900	2024-04-10	     12573	11:37:16	Sb o	Antimoon	<	1,5	µg/L
OW168900	2024-04-10	     12573	11:37:16	Sb t	Antimoon	<	1,5	µg/L
OW168900	2024-04-10	     12573	11:37:16	Se o	Seleen	<	1,5	µg/L
OW168900	2024-04-10	     12573	11:37:16	Se t	Seleen	<	1,5	µg/L
OW168900	2024-04-10	     12573	11:37:16	Secchi	Doorzichtigheid	=	40	cm
OW168900	2024-04-10	     12573	11:37:16	SiO2 o	Silicaat	=	10	mgSiO2/L
OW168900	2024-04-10	     12573	11:37:16	Sn o	Tin	<	1,5	µg/L
OW168900	2024-04-10	     12573	11:37:16	Sn t	Tin	<	1,5	µg/L
OW168900	2024-04-10	     12573	11:37:16	SO4=	Sulfaat	=	77	mg/L
OW168900	2024-04-10	     12573	11:37:16	T	Temperatuur	=	15,7	°C
OW168900	2024-04-10	     12573	11:37:16	Te o	Telluur	<	2,5	µg/L
OW168900	2024-04-10	     12573	11:37:16	Te t	Telluur	<	2,5	µg/L
OW168900	2024-04-10	     12573	11:37:16	Ti o	Titaan	<	2	µg/L
OW168900	2024-04-10	     12573	11:37:16	Ti t	Titaan	=	32	µg/L
OW168900	2024-04-10	     12573	11:37:16	Tl o	Thallium	<	0,2	µg/L
OW168900	2024-04-10	     12573	11:37:16	Tl t	Thallium	=	0,24	µg/L
OW168900	2024-04-10	     12573	11:37:16	U o	Uranium	=	1,31	µg/L
OW168900	2024-04-10	     12573	11:37:16	U t	Uranium	=	1,46	µg/L
OW168900	2024-04-10	     12573	11:37:16	V o	Vanadium	<	3	µg/L
OW168900	2024-04-10	     12573	11:37:16	V t	Vanadium	=	5,8	µg/L
OW168900	2024-04-10	     12573	11:37:16	Zn o	Zink	<	7,5	µg/L
OW168900	2024-04-10	     12573	11:37:16	Zn t	Zink	=	32,2	µg/L
OW168900	2024-04-10	     12573	11:37:16	ZS	Zwevende stoffen	=	40	mg/L
OW168900	2024-05-15	     19640	11:30:03	Ag o	Zilver	<	0,05	µg/L
OW168900	2024-05-15	     19640	11:30:03	Ag t	Zilver	<	0,1	µg/L
OW168900	2024-05-15	     19640	11:30:03	Al o	Aluminium	<	150	µg/L
OW168900	2024-05-15	     19640	11:30:03	As o	Arseen	=	1,61	µg/L
OW168900	2024-05-15	     19640	11:30:03	As t	Arseen	=	2,09	µg/L
OW168900	2024-05-15	     19640	11:30:03	B o	Boor	=	79	µg/L
OW168900	2024-05-15	     19640	11:30:03	B t	Boor	=	77	µg/L
OW168900	2024-05-15	     19640	11:30:03	Ba o	Barium	=	35	µg/L
OW168900	2024-05-15	     19640	11:30:03	Ba t	Barium	=	44	µg/L
OW168900	2024-05-15	     19640	11:30:03	Be o	Beryllium	<	0,11	µg/L
OW168900	2024-05-15	     19640	11:30:03	Be t	Beryllium	<	0,15	µg/L
OW168900	2024-05-15	     19640	11:30:03	BZV5	Biochemisch zuurstofverbruik na 5d.	=	2,2	mgO2/L
OW168900	2024-05-15	     19640	11:30:03	Ca o	Calcium	=	130000	µg/L
OW168900	2024-05-15	     19640	11:30:03	Cd o	Cadmium	<	0,05	µg/L
OW168900	2024-05-15	     19640	11:30:03	Cd t	Cadmium	=	0,203	µg/L
OW168900	2024-05-15	     19640	11:30:03	Cl-	Chloride	=	63,2	mg/L
OW168900	2024-05-15	     19640	11:30:03	Clfyl a	Chlorofyl a	=	53	µg/L
OW168900	2024-05-15	     19640	11:30:03	Co o	Kobalt	=	0,36	µg/L
OW168900	2024-05-15	     19640	11:30:03	Co t	Kobalt	=	1,04	µg/L
OW168900	2024-05-15	     19640	11:30:03	Cr o	Chroom	<	1,5	µg/L
OW168900	2024-05-15	     19640	11:30:03	Cr t	Chroom	=	5,9	µg/L
OW168900	2024-05-15	     19640	11:30:03	Cu o	Koper	<	2	µg/L
OW168900	2024-05-15	     19640	11:30:03	Cu t	Koper	=	5,2	µg/L
OW168900	2024-05-15	     19640	11:30:03	CZV	Chemisch zuurstofverbruik	=	20	mgO2/L
OW168900	2024-05-15	     19640	11:30:03	DOC	Koolstof	=	5	mgC/L
OW168900	2024-05-15	     19640	11:30:03	EC 20	Geleidbaarheid (20°C)	=	823	µS/cm
OW168900	2024-05-15	     19640	11:30:03	EC 25	Geleidbaarheid (25°C)	=	901,5965	µS/cm
OW168900	2024-05-15	     19640	11:30:03	Fe o	Ijzer	<	12,5	µg/L
OW168900	2024-05-15	     19640	11:30:03	Fe t	Ijzer	=	1630	µg/L
OW168900	2024-05-15	     19640	11:30:03	Feofyt a	Feofytine a	=	14	µg/L
OW168900	2024-05-15	     19640	11:30:03	H t	Hardheid	=	37,541666666666666707	°F
OW168900	2024-05-15	     19640	11:30:03	Hg o	Kwik	<	0,025	µg/L
OW168900	2024-05-15	     19640	11:30:03	Hg t	Kwik	<	0,05	µg/L
OW168900	2024-05-15	     19640	11:30:03	K o	Kalium	=	11400	µg/L
OW168900	2024-05-15	     19640	11:30:03	KjN	Kjeldahlstikstof	=	0,953	mgN/L
OW168900	2024-05-15	     19640	11:30:03	Mg o	Magnesium	=	12100	µg/L
OW168900	2024-05-15	     19640	11:30:03	Mn o	Mangaan	=	36	µg/L
OW168900	2024-05-15	     19640	11:30:03	Mn t	Mangaan	=	129	µg/L
OW168900	2024-05-15	     19640	11:30:03	Mo o	Molybdeen	<	3	µg/L
OW168900	2024-05-15	     19640	11:30:03	Mo t	Molybdeen	=	2,57	µg/L
OW168900	2024-05-15	     19640	11:30:03	N t	Stikstof	=	6,4	mgN/L
OW168900	2024-05-15	     19640	11:30:03	N+N	Nitraat+nitriet	=	5,447	mgN/L
OW168900	2024-05-15	     19640	11:30:03	N+N+N	Nitraat+nitriet+ammonium	=	5,599	mgN/L
OW168900	2024-05-15	     19640	11:30:03	Na o	Natrium	=	42000	µg/L
OW168900	2024-05-15	     19640	11:30:03	NH4+	Ammonium	=	0,152	mgN/L
OW168900	2024-05-15	     19640	11:30:03	Ni o	Nikkel	<	3,2	µg/L
OW168900	2024-05-15	     19640	11:30:03	Ni t	Nikkel	=	4,36	µg/L
OW168900	2024-05-15	     19640	11:30:03	NO2-	Nitriet	=	0,147	mgN/L
OW168900	2024-05-15	     19640	11:30:03	NO3-	Nitraat	=	5,3	mgN/L
OW168900	2024-05-15	     19640	11:30:03	O2	Zuurstof	=	9,72	mg/L
OW168900	2024-05-15	     19640	11:30:03	O2 verz	Zuurstof	=	104,7	%
OW168900	2024-05-15	     19640	11:30:03	oPO4 f	Orthofosfaat	=	0,152	mgP/L
OW168900	2024-05-15	     19640	11:30:03	P t	Fosfor	=	0,357	mgP/L
OW168900	2024-05-15	     19640	11:30:03	Pb o	Lood	<	1,5	µg/L
OW168900	2024-05-15	     19640	11:30:03	Pb t	Lood	=	4,92	µg/L
OW168900	2024-05-15	     19640	11:30:03	pH	pH	=	7,97	-
OW168900	2024-05-15	     19640	11:30:03	Sb o	Antimoon	<	1,5	µg/L
OW168900	2024-05-15	     19640	11:30:03	Sb t	Antimoon	<	1,5	µg/L
OW168900	2024-05-15	     19640	11:30:03	Se o	Seleen	<	1,5	µg/L
OW168900	2024-05-15	     19640	11:30:03	Se t	Seleen	<	1,5	µg/L
OW168900	2024-05-15	     19640	11:30:03	Secchi	Doorzichtigheid	=	35	cm
OW168900	2024-05-15	     19640	11:30:03	SiO2 o	Silicaat	=	9	mgSiO2/L
OW168900	2024-05-15	     19640	11:30:03	Sn o	Tin	<	1,5	µg/L
OW168900	2024-05-15	     19640	11:30:03	Sn t	Tin	<	1,5	µg/L
OW168900	2024-05-15	     19640	11:30:03	SO4=	Sulfaat	=	85	mg/L
OW168900	2024-05-15	     19640	11:30:03	T	Temperatuur	=	18,4	°C
OW168900	2024-05-15	     19640	11:30:03	Te o	Telluur	<	2,5	µg/L
OW168900	2024-05-15	     19640	11:30:03	Te t	Telluur	<	2,5	µg/L
OW168900	2024-05-15	     19640	11:30:03	Ti o	Titaan	<	2	µg/L
OW168900	2024-05-15	     19640	11:30:03	Ti t	Titaan	=	31	µg/L
OW168900	2024-05-15	     19640	11:30:03	Tl o	Thallium	<	0,2	µg/L
OW168900	2024-05-15	     19640	11:30:03	Tl t	Thallium	=	0,222	µg/L
OW168900	2024-05-15	     19640	11:30:03	U o	Uranium	=	1,28	µg/L
OW168900	2024-05-15	     19640	11:30:03	U t	Uranium	=	1,43	µg/L
OW168900	2024-05-15	     19640	11:30:03	V o	Vanadium	<	3	µg/L
OW168900	2024-05-15	     19640	11:30:03	V t	Vanadium	=	4,7	µg/L
OW168900	2024-05-15	     19640	11:30:03	Zn o	Zink	<	11	µg/L
OW168900	2024-05-15	     19640	11:30:03	Zn t	Zink	=	31,6	µg/L
OW168900	2024-05-15	     19640	11:30:03	ZS	Zwevende stoffen	=	39	mg/L
OW168900	2024-06-12	     25872	11:13:55	Ag o	Zilver	<	0,05	µg/L
OW168900	2024-06-12	     25872	11:13:55	Ag t	Zilver	<	0,05	µg/L
OW168900	2024-06-12	     25872	11:13:55	Al o	Aluminium	<	150	µg/L
OW168900	2024-06-12	     25872	11:13:55	As o	Arseen	=	1,64	µg/L
OW168900	2024-06-12	     25872	11:13:55	As t	Arseen	=	2,63	µg/L
OW168900	2024-06-12	     25872	11:13:55	B o	Boor	=	76	µg/L
OW168900	2024-06-12	     25872	11:13:55	B t	Boor	=	82	µg/L
OW168900	2024-06-12	     25872	11:13:55	Ba o	Barium	=	33	µg/L
OW168900	2024-06-12	     25872	11:13:55	Ba t	Barium	=	49	µg/L
OW168900	2024-06-12	     25872	11:13:55	Be o	Beryllium	<	0,11	µg/L
OW168900	2024-06-12	     25872	11:13:55	Be t	Beryllium	<	0,15	µg/L
OW168900	2024-06-12	     25872	11:13:55	BZV5	Biochemisch zuurstofverbruik na 5d.	<	2	mgO2/L
OW168900	2024-06-12	     25872	11:13:55	Ca o	Calcium	=	123000	µg/L
OW168900	2024-06-12	     25872	11:13:55	Cd o	Cadmium	<	0,05	µg/L
OW168900	2024-06-12	     25872	11:13:55	Cd t	Cadmium	=	0,211	µg/L
OW168900	2024-06-12	     25872	11:13:55	Cl-	Chloride	=	55,2	mg/L
OW168900	2024-06-12	     25872	11:13:55	Clfyl a	Chlorofyl a	=	15,9	µg/L
OW168900	2024-06-12	     25872	11:13:55	Co o	Kobalt	=	0,31	µg/L
OW168900	2024-06-12	     25872	11:13:55	Co t	Kobalt	=	1,16	µg/L
OW168900	2024-06-12	     25872	11:13:55	Cr o	Chroom	<	1,5	µg/L
OW168900	2024-06-12	     25872	11:13:55	Cr t	Chroom	=	8,5	µg/L
OW168900	2024-06-12	     25872	11:13:55	Cu o	Koper	<	2	µg/L
OW168900	2024-06-12	     25872	11:13:55	Cu t	Koper	=	6,09	µg/L
OW168900	2024-06-12	     25872	11:13:55	CZV	Chemisch zuurstofverbruik	=	17,1	mgO2/L
OW168900	2024-06-12	     25872	11:13:55	DOC	Koolstof	=	5	mgC/L
OW168900	2024-06-12	     25872	11:13:55	EC 20	Geleidbaarheid (20°C)	=	799	µS/cm
OW168900	2024-06-12	     25872	11:13:55	EC 25	Geleidbaarheid (25°C)	=	875,3045	µS/cm
OW168900	2024-06-12	     25872	11:13:55	Fe o	Ijzer	<	12,5	µg/L
OW168900	2024-06-12	     25872	11:13:55	Fe t	Ijzer	=	2130	µg/L
OW168900	2024-06-12	     25872	11:13:55	Feofyt a	Feofytine a	=	10,4	µg/L
OW168900	2024-06-12	     25872	11:13:55	H t	Hardheid	=	36,000000000000000042	°F
OW168900	2024-06-12	     25872	11:13:55	Hg o	Kwik	<	0,025	µg/L
OW168900	2024-06-12	     25872	11:13:55	Hg t	Kwik	<	0,025	µg/L
OW168900	2024-06-12	     25872	11:13:55	K o	Kalium	=	11300	µg/L
OW168900	2024-06-12	     25872	11:13:55	KjN	Kjeldahlstikstof	=	0,625	mgN/L
OW168900	2024-06-12	     25872	11:13:55	Mg o	Magnesium	=	12600	µg/L
OW168900	2024-06-12	     25872	11:13:55	Mn o	Mangaan	=	44	µg/L
OW168900	2024-06-12	     25872	11:13:55	Mn t	Mangaan	=	176	µg/L
OW168900	2024-06-12	     25872	11:13:55	Mo o	Molybdeen	<	3	µg/L
OW168900	2024-06-12	     25872	11:13:55	Mo t	Molybdeen	<	2,5	µg/L
OW168900	2024-06-12	     25872	11:13:55	N t	Stikstof	=	6,2	mgN/L
OW168900	2024-06-12	     25872	11:13:55	N+N	Nitraat+nitriet	=	5,575	mgN/L
OW168900	2024-06-12	     25872	11:13:55	N+N+N	Nitraat+nitriet+ammonium	=	5,756	mgN/L
OW168900	2024-06-12	     25872	11:13:55	Na o	Natrium	=	37900	µg/L
OW168900	2024-06-12	     25872	11:13:55	NH4+	Ammonium	=	0,181	mgN/L
OW168900	2024-06-12	     25872	11:13:55	Ni o	Nikkel	<	3,2	µg/L
OW168900	2024-06-12	     25872	11:13:55	Ni t	Nikkel	=	4,71	µg/L
OW168900	2024-06-12	     25872	11:13:55	NO2-	Nitriet	=	0,175	mgN/L
OW168900	2024-06-12	     25872	11:13:55	NO3-	Nitraat	=	5,4	mgN/L
OW168900	2024-06-12	     25872	11:13:55	O2	Zuurstof	=	8,27	mg/L
OW168900	2024-06-12	     25872	11:13:55	O2 verz	Zuurstof	=	86,2	%
OW168900	2024-06-12	     25872	11:13:55	oPO4 f	Orthofosfaat	=	0,249	mgP/L
OW168900	2024-06-12	     25872	11:13:55	P t	Fosfor	=	0,526	mgP/L
OW168900	2024-06-12	     25872	11:13:55	Pb o	Lood	<	1,5	µg/L
OW168900	2024-06-12	     25872	11:13:55	Pb t	Lood	=	6,07	µg/L
OW168900	2024-06-12	     25872	11:13:55	pH	pH	=	7,88	-
OW168900	2024-06-12	     25872	11:13:55	Sb o	Antimoon	<	1,5	µg/L
OW168900	2024-06-12	     25872	11:13:55	Sb t	Antimoon	<	1,5	µg/L
OW168900	2024-06-12	     25872	11:13:55	Se o	Seleen	<	1,5	µg/L
OW168900	2024-06-12	     25872	11:13:55	Se t	Seleen	<	1,5	µg/L
OW168900	2024-06-12	     25872	11:13:55	Secchi	Doorzichtigheid	=	40	cm
OW168900	2024-06-12	     25872	11:13:55	SiO2 o	Silicaat	=	15	mgSiO2/L
OW168900	2024-06-12	     25872	11:13:55	Sn o	Tin	<	1,5	µg/L
OW168900	2024-06-12	     25872	11:13:55	Sn t	Tin	<	1,5	µg/L
OW168900	2024-06-12	     25872	11:13:55	SO4=	Sulfaat	=	83	mg/L
OW168900	2024-06-12	     25872	11:13:55	T	Temperatuur	=	17,6	°C
OW168900	2024-06-12	     25872	11:13:55	Te o	Telluur	<	2,5	µg/L
OW168900	2024-06-12	     25872	11:13:55	Te t	Telluur	<	2,5	µg/L
OW168900	2024-06-12	     25872	11:13:55	Ti o	Titaan	<	2	µg/L
OW168900	2024-06-12	     25872	11:13:55	Ti t	Titaan	=	34	µg/L
OW168900	2024-06-12	     25872	11:13:55	Tl o	Thallium	<	0,1	µg/L
OW168900	2024-06-12	     25872	11:13:55	Tl t	Thallium	<	0,1	µg/L
OW168900	2024-06-12	     25872	11:13:55	U o	Uranium	=	1,29	µg/L
OW168900	2024-06-12	     25872	11:13:55	U t	Uranium	=	1,5	µg/L
OW168900	2024-06-12	     25872	11:13:55	V o	Vanadium	<	3	µg/L
OW168900	2024-06-12	     25872	11:13:55	V t	Vanadium	=	5,8	µg/L
OW168900	2024-06-12	     25872	11:13:55	Zn o	Zink	<	11	µg/L
OW168900	2024-06-12	     25872	11:13:55	Zn t	Zink	=	36,6	µg/L
OW168900	2024-06-12	     25872	11:13:55	ZS	Zwevende stoffen	=	41	mg/L
OW168900	2024-07-17	     29592	12:52:12	Ag o	Zilver	<	0,05	µg/L
OW168900	2024-07-17	     29592	12:52:12	Ag t	Zilver	<	0,05	µg/L
OW168900	2024-07-17	     29592	12:52:12	Al o	Aluminium	<	150	µg/L
OW168900	2024-07-17	     29592	12:52:12	As o	Arseen	=	1,67	µg/L
OW168900	2024-07-17	     29592	12:52:12	As t	Arseen	=	2,68	µg/L
OW168900	2024-07-17	     29592	12:52:12	B o	Boor	=	70	µg/L
OW168900	2024-07-17	     29592	12:52:12	B t	Boor	=	72	µg/L
OW168900	2024-07-17	     29592	12:52:12	Ba o	Barium	=	33	µg/L
OW168900	2024-07-17	     29592	12:52:12	Ba t	Barium	=	48	µg/L
OW168900	2024-07-17	     29592	12:52:12	Be o	Beryllium	<	0,11	µg/L
OW168900	2024-07-17	     29592	12:52:12	Be t	Beryllium	<	0,15	µg/L
OW168900	2024-07-17	     29592	12:52:12	BZV5	Biochemisch zuurstofverbruik na 5d.	=	2,3	mgO2/L
OW168900	2024-07-17	     29592	12:52:12	Ca o	Calcium	=	121000	µg/L
OW168900	2024-07-17	     29592	12:52:12	Cd o	Cadmium	<	0,05	µg/L
OW168900	2024-07-17	     29592	12:52:12	Cd t	Cadmium	<	0,2	µg/L
OW168900	2024-07-17	     29592	12:52:12	Cl-	Chloride	=	52,6	mg/L
OW168900	2024-07-17	     29592	12:52:12	Clfyl a	Chlorofyl a	=	11	µg/L
OW168900	2024-07-17	     29592	12:52:12	Co o	Kobalt	=	0,28	µg/L
OW168900	2024-07-17	     29592	12:52:12	Co t	Kobalt	=	1,06	µg/L
OW168900	2024-07-17	     29592	12:52:12	Cr o	Chroom	<	1,5	µg/L
OW168900	2024-07-17	     29592	12:52:12	Cr t	Chroom	=	5,5	µg/L
OW168900	2024-07-17	     29592	12:52:12	Cu o	Koper	<	2	µg/L
OW168900	2024-07-17	     29592	12:52:12	Cu t	Koper	=	12,1	µg/L
OW168900	2024-07-17	     29592	12:52:12	CZV	Chemisch zuurstofverbruik	=	18,3	mgO2/L
OW168900	2024-07-17	     29592	12:52:12	DOC	Koolstof	=	5	mgC/L
OW168900	2024-07-17	     33552	11:13:45	EC 20	Geleidbaarheid (20°C)	=	751	µS/cm
OW168900	2024-07-17	     29592	12:52:12	EC 20	Geleidbaarheid (20°C)	=	752	µS/cm
OW168900	2024-07-17	     33552	11:13:45	EC 25	Geleidbaarheid (25°C)	=	822,7205	µS/cm
OW168900	2024-07-17	     29592	12:52:12	EC 25	Geleidbaarheid (25°C)	=	823,816	µS/cm
OW168900	2024-07-17	     29592	12:52:12	Fe o	Ijzer	<	12,5	µg/L
OW168900	2024-07-17	     29592	12:52:12	Fe t	Ijzer	=	1870	µg/L
OW168900	2024-07-17	     29592	12:52:12	Feofyt a	Feofytine a	<	8,92	µg/L
OW168900	2024-07-17	     29592	12:52:12	H t	Hardheid	=	35,125000000000000039	°F
OW168900	2024-07-17	     29592	12:52:12	Hg o	Kwik	<	0,025	µg/L
OW168900	2024-07-17	     29592	12:52:12	Hg t	Kwik	<	0,025	µg/L
OW168900	2024-07-17	     29592	12:52:12	K o	Kalium	=	10100	µg/L
OW168900	2024-07-17	     29592	12:52:12	KjN	Kjeldahlstikstof	=	0,95	mgN/L
OW168900	2024-07-17	     29592	12:52:12	Mg o	Magnesium	=	11700	µg/L
OW168900	2024-07-17	     29592	12:52:12	Mn o	Mangaan	=	36	µg/L
OW168900	2024-07-17	     29592	12:52:12	Mn t	Mangaan	=	142	µg/L
OW168900	2024-07-17	     29592	12:52:12	Mo o	Molybdeen	<	1,5	µg/L
OW168900	2024-07-17	     29592	12:52:12	Mo t	Molybdeen	<	2,5	µg/L
OW168900	2024-07-17	     29592	12:52:12	N t	Stikstof	=	6,2	mgN/L
OW168900	2024-07-17	     29592	12:52:12	N+N	Nitraat+nitriet	=	5,25	mgN/L
OW168900	2024-07-17	     29592	12:52:12	N+N+N	Nitraat+nitriet+ammonium	=	5,494	mgN/L
OW168900	2024-07-17	     29592	12:52:12	Na o	Natrium	=	37300	µg/L
OW168900	2024-07-17	     29592	12:52:12	NH4+	Ammonium	=	0,244	mgN/L
OW168900	2024-07-17	     29592	12:52:12	Ni o	Nikkel	<	3,2	µg/L
OW168900	2024-07-17	     29592	12:52:12	Ni t	Nikkel	=	4,4	µg/L
OW168900	2024-07-17	     29592	12:52:12	NO2-	Nitriet	=	0,25	mgN/L
OW168900	2024-07-17	     29592	12:52:12	NO3-	Nitraat	=	5	mgN/L
OW168900	2024-07-17	     29592	12:52:12	O2	Zuurstof	=	7,82	mg/L
OW168900	2024-07-17	     33552	11:13:45	O2	Zuurstof	=	8,15	mg/L
OW168900	2024-07-17	     33552	11:13:45	O2 verz	Zuurstof	=	90,2	%
OW168900	2024-07-17	     29592	12:52:12	O2 verz	Zuurstof	=	87,9	%
OW168900	2024-07-17	     29592	12:52:12	oPO4 f	Orthofosfaat	=	0,248	mgP/L
OW168900	2024-07-17	     29592	12:52:12	P t	Fosfor	=	0,456	mgP/L
OW168900	2024-07-17	     29592	12:52:12	Pb o	Lood	<	1,5	µg/L
OW168900	2024-07-17	     29592	12:52:12	Pb t	Lood	=	4,19	µg/L
OW168900	2024-07-17	     29592	12:52:12	pH	pH	=	7,77	-
OW168900	2024-07-17	     33552	11:13:45	pH	pH	=	7,79	-
OW168900	2024-07-17	     29592	12:52:12	Sb o	Antimoon	<	1,5	µg/L
OW168900	2024-07-17	     29592	12:52:12	Sb t	Antimoon	<	1,5	µg/L
OW168900	2024-07-17	     29592	12:52:12	Se o	Seleen	<	1,5	µg/L
OW168900	2024-07-17	     29592	12:52:12	Se t	Seleen	<	1,5	µg/L
OW168900	2024-07-17	     29592	12:52:12	Secchi	Doorzichtigheid	=	35	cm
OW168900	2024-07-17	     29592	12:52:12	SiO2 o	Silicaat	=	17	mgSiO2/L
OW168900	2024-07-17	     29592	12:52:12	Sn o	Tin	<	1,5	µg/L
OW168900	2024-07-17	     29592	12:52:12	Sn t	Tin	<	1,5	µg/L
OW168900	2024-07-17	     29592	12:52:12	SO4=	Sulfaat	=	80	mg/L
OW168900	2024-07-17	     33552	11:13:45	T	Temperatuur	=	20,9	°C
OW168900	2024-07-17	     29592	12:52:12	T	Temperatuur	=	21,4	°C
OW168900	2024-07-17	     29592	12:52:12	Te o	Telluur	<	2,5	µg/L
OW168900	2024-07-17	     29592	12:52:12	Te t	Telluur	<	2,5	µg/L
OW168900	2024-07-17	     29592	12:52:12	Ti o	Titaan	<	2	µg/L
OW168900	2024-07-17	     29592	12:52:12	Ti t	Titaan	=	36	µg/L
OW168900	2024-07-17	     29592	12:52:12	Tl o	Thallium	<	0,1	µg/L
OW168900	2024-07-17	     29592	12:52:12	Tl t	Thallium	<	0,1	µg/L
OW168900	2024-07-17	     29592	12:52:12	U o	Uranium	=	1,12	µg/L
OW168900	2024-07-17	     29592	12:52:12	U t	Uranium	=	1,23	µg/L
OW168900	2024-07-17	     29592	12:52:12	V o	Vanadium	<	3	µg/L
OW168900	2024-07-17	     29592	12:52:12	V t	Vanadium	=	7,6	µg/L
OW168900	2024-07-17	     29592	12:52:12	Zn o	Zink	<	11	µg/L
OW168900	2024-07-17	     29592	12:52:12	Zn t	Zink	=	26,6	µg/L
OW168900	2024-07-17	     29592	12:52:12	ZS	Zwevende stoffen	=	33	mg/L
OW168900	2024-08-07	     35691	12:10:45	Ag o	Zilver	<	0,05	µg/L
OW168900	2024-08-07	     35691	12:10:45	Ag t	Zilver	<	0,05	µg/L
OW168900	2024-08-07	     35691	12:10:45	Al o	Aluminium	<	150	µg/L
OW168900	2024-08-07	     35691	12:10:45	As o	Arseen	=	2,1	µg/L
OW168900	2024-08-07	     35691	12:10:45	As t	Arseen	=	3,29	µg/L
OW168900	2024-08-07	     35691	12:10:45	B o	Boor	=	66	µg/L
OW168900	2024-08-07	     35691	12:10:45	B t	Boor	=	67	µg/L
OW168900	2024-08-07	     35691	12:10:45	Ba o	Barium	=	31	µg/L
OW168900	2024-08-07	     35691	12:10:45	Ba t	Barium	=	44	µg/L
OW168900	2024-08-07	     35691	12:10:45	Be o	Beryllium	<	0,11	µg/L
OW168900	2024-08-07	     35691	12:10:45	Be t	Beryllium	<	0,15	µg/L
OW168900	2024-08-07	     35691	12:10:45	BZV5	Biochemisch zuurstofverbruik na 5d.	=	3,3	mgO2/L
OW168900	2024-08-07	     35691	12:10:45	Ca o	Calcium	=	104000	µg/L
OW168900	2024-08-07	     35691	12:10:45	Cd o	Cadmium	<	0,05	µg/L
OW168900	2024-08-07	     35691	12:10:45	Cd t	Cadmium	<	0,2	µg/L
OW168900	2024-08-07	     35691	12:10:45	Cl-	Chloride	=	44,8	mg/L
OW168900	2024-08-07	     35691	12:10:45	Clfyl a	Chlorofyl a	=	40	µg/L
OW168900	2024-08-07	     35691	12:10:45	Co o	Kobalt	=	0,22	µg/L
OW168900	2024-08-07	     35691	12:10:45	Co t	Kobalt	=	1,34	µg/L
OW168900	2024-08-07	     35691	12:10:45	Cr o	Chroom	<	1,5	µg/L
OW168900	2024-08-07	     35691	12:10:45	Cr t	Chroom	=	7	µg/L
OW168900	2024-08-07	     35691	12:10:45	Cu o	Koper	<	2	µg/L
OW168900	2024-08-07	     35691	12:10:45	Cu t	Koper	=	6,5	µg/L
OW168900	2024-08-07	     35691	12:10:45	CZV	Chemisch zuurstofverbruik	=	16,7	mgO2/L
OW168900	2024-08-07	     35691	12:10:45	DOC	Koolstof	=	5,6	mgC/L
OW168900	2024-08-07	     35691	12:10:45	EC 20	Geleidbaarheid (20°C)	=	668	µS/cm
OW168900	2024-08-07	     35691	12:10:45	EC 25	Geleidbaarheid (25°C)	=	731,794	µS/cm
OW168900	2024-08-07	     35691	12:10:45	Fe o	Ijzer	<	12,5	µg/L
OW168900	2024-08-07	     35691	12:10:45	Fe t	Ijzer	=	2560	µg/L
OW168900	2024-08-07	     35691	12:10:45	Feofyt a	Feofytine a	=	11,6	µg/L
OW168900	2024-08-07	     35691	12:10:45	H t	Hardheid	=	30,208333333333333367	°F
OW168900	2024-08-07	     35691	12:10:45	Hg o	Kwik	<	0,025	µg/L
OW168900	2024-08-07	     35691	12:10:45	Hg t	Kwik	<	0,025	µg/L
OW168900	2024-08-07	     35691	12:10:45	K o	Kalium	=	10900	µg/L
OW168900	2024-08-07	     35691	12:10:45	KjN	Kjeldahlstikstof	=	1,03	mgN/L
OW168900	2024-08-07	     35691	12:10:45	Mg o	Magnesium	=	10100	µg/L
OW168900	2024-08-07	     35691	12:10:45	Mn o	Mangaan	=	11,8	µg/L
OW168900	2024-08-07	     35691	12:10:45	Mn t	Mangaan	=	172	µg/L
OW168900	2024-08-07	     35691	12:10:45	Mo o	Molybdeen	<	3	µg/L
OW168900	2024-08-07	     35691	12:10:45	Mo t	Molybdeen	<	2,5	µg/L
OW168900	2024-08-07	     35691	12:10:45	N t	Stikstof	=	5,8	mgN/L
OW168900	2024-08-07	     35691	12:10:45	N+N	Nitraat+nitriet	=	4,77	mgN/L
OW168900	2024-08-07	     35691	12:10:45	N+N+N	Nitraat+nitriet+ammonium	=	4,97	mgN/L
OW168900	2024-08-07	     35691	12:10:45	Na o	Natrium	=	32400	µg/L
OW168900	2024-08-07	     35691	12:10:45	NH4+	Ammonium	=	0,2	mgN/L
OW168900	2024-08-07	     35691	12:10:45	Ni o	Nikkel	<	3,2	µg/L
OW168900	2024-08-07	     35691	12:10:45	Ni t	Nikkel	=	4,6	µg/L
OW168900	2024-08-07	     35691	12:10:45	NO2-	Nitriet	=	0,32	mgN/L
OW168900	2024-08-07	     35691	12:10:45	NO3-	Nitraat	=	4,45	mgN/L
OW168900	2024-08-07	     35691	12:10:45	O2	Zuurstof	=	6,47	mg/L
OW168900	2024-08-07	     35691	12:10:45	O2 verz	Zuurstof	=	75,9	%
OW168900	2024-08-07	     35691	12:10:45	oPO4 f	Orthofosfaat	=	0,285	mgP/L
OW168900	2024-08-07	     35691	12:10:45	P t	Fosfor	=	0,546	mgP/L
OW168900	2024-08-07	     35691	12:10:45	Pb o	Lood	<	1,5	µg/L
OW168900	2024-08-07	     35691	12:10:45	Pb t	Lood	=	5,76	µg/L
OW168900	2024-08-07	     35691	12:10:45	pH	pH	=	7,68	-
OW168900	2024-08-07	     35691	12:10:45	Sb o	Antimoon	<	1,5	µg/L
OW168900	2024-08-07	     35691	12:10:45	Sb t	Antimoon	<	1,5	µg/L
OW168900	2024-08-07	     35691	12:10:45	Se o	Seleen	<	1,5	µg/L
OW168900	2024-08-07	     35691	12:10:45	Se t	Seleen	<	1,5	µg/L
OW168900	2024-08-07	     35691	12:10:45	Secchi	Doorzichtigheid	=	25	cm
OW168900	2024-08-07	     35691	12:10:45	SiO2 o	Silicaat	=	12	mgSiO2/L
OW168900	2024-08-07	     35691	12:10:45	Sn o	Tin	<	1,5	µg/L
OW168900	2024-08-07	     35691	12:10:45	Sn t	Tin	<	1,5	µg/L
OW168900	2024-08-07	     35691	12:10:45	SO4=	Sulfaat	=	71	mg/L
OW168900	2024-08-07	     35691	12:10:45	T	Temperatuur	=	23,5	°C
OW168900	2024-08-07	     35691	12:10:45	Te o	Telluur	<	2,5	µg/L
OW168900	2024-08-07	     35691	12:10:45	Te t	Telluur	<	2,5	µg/L
OW168900	2024-08-07	     35691	12:10:45	Ti o	Titaan	<	2	µg/L
OW168900	2024-08-07	     35691	12:10:45	Ti t	Titaan	=	42	µg/L
OW168900	2024-08-07	     35691	12:10:45	Tl o	Thallium	<	0,1	µg/L
OW168900	2024-08-07	     35691	12:10:45	Tl t	Thallium	<	0,1	µg/L
OW168900	2024-08-07	     35691	12:10:45	U o	Uranium	=	0,97	µg/L
OW168900	2024-08-07	     35691	12:10:45	U t	Uranium	=	1,09	µg/L
OW168900	2024-08-07	     35691	12:10:45	V o	Vanadium	=	3,4	µg/L
OW168900	2024-08-07	     35691	12:10:45	V t	Vanadium	=	9	µg/L
OW168900	2024-08-07	     35691	12:10:45	Zn o	Zink	<	11	µg/L
OW168900	2024-08-07	     35691	12:10:45	Zn t	Zink	=	30,3	µg/L
OW168900	2024-08-07	     35691	12:10:45	ZS	Zwevende stoffen	=	51	mg/L
OW168900	2024-09-11	     41250	11:26:20	Ag o	Zilver	<	0,05	µg/L
OW168900	2024-09-11	     41250	11:26:20	Ag t	Zilver	<	0,05	µg/L
OW168900	2024-09-11	     41250	11:26:20	Al o	Aluminium	<	150	µg/L
OW168900	2024-09-11	     41250	11:26:20	As o	Arseen	=	1,65	µg/L
OW168900	2024-09-11	     41250	11:26:20	As t	Arseen	=	2,12	µg/L
OW168900	2024-09-11	     41250	11:26:20	B o	Boor	=	72	µg/L
OW168900	2024-09-11	     41250	11:26:20	B t	Boor	=	71	µg/L
OW168900	2024-09-11	     41250	11:26:20	Ba o	Barium	=	34	µg/L
OW168900	2024-09-11	     41250	11:26:20	Ba t	Barium	=	43	µg/L
OW168900	2024-09-11	     41250	11:26:20	Be o	Beryllium	<	0,11	µg/L
OW168900	2024-09-11	     41250	11:26:20	Be t	Beryllium	<	0,15	µg/L
OW168900	2024-09-11	     41250	11:26:20	BZV5	Biochemisch zuurstofverbruik na 5d.	=	4,2	mgO2/L
OW168900	2024-09-11	     41250	11:26:20	Ca o	Calcium	=	108000	µg/L
OW168900	2024-09-11	     41250	11:26:20	Cd o	Cadmium	<	0,05	µg/L
OW168900	2024-09-11	     41250	11:26:20	Cd t	Cadmium	<	0,1	µg/L
OW168900	2024-09-11	     41250	11:26:20	Cl-	Chloride	=	68	mg/L
OW168900	2024-09-11	     41250	11:26:20	Clfyl a	Chlorofyl a	=	39	µg/L
OW168900	2024-09-11	     41250	11:26:20	Co o	Kobalt	=	0,24	µg/L
OW168900	2024-09-11	     41250	11:26:20	Co t	Kobalt	=	0,75	µg/L
OW168900	2024-09-11	     41250	11:26:20	Cr o	Chroom	<	1,5	µg/L
OW168900	2024-09-11	     41250	11:26:20	Cr t	Chroom	=	3,51	µg/L
OW168900	2024-09-11	     41250	11:26:20	Cu o	Koper	<	2	µg/L
OW168900	2024-09-11	     41250	11:26:20	Cu t	Koper	=	4,34	µg/L
OW168900	2024-09-11	     41250	11:26:20	CZV	Chemisch zuurstofverbruik	=	14,1	mgO2/L
OW168900	2024-09-11	     41250	11:26:20	DOC	Koolstof	=	5,1	mgC/L
OW168900	2024-09-11	     41250	11:26:20	EC 20	Geleidbaarheid (20°C)	=	765	µS/cm
OW168900	2024-09-11	     41250	11:26:20	EC 25	Geleidbaarheid (25°C)	=	838,0575	µS/cm
OW168900	2024-09-11	     41250	11:26:20	Fe o	Ijzer	<	12,5	µg/L
OW168900	2024-09-11	     41250	11:26:20	Fe t	Ijzer	=	960	µg/L
OW168900	2024-09-11	     41250	11:26:20	Feofyt a	Feofytine a	=	12,5	µg/L
OW168900	2024-09-11	     41250	11:26:20	H t	Hardheid	=	31,708333333333333371	°F
OW168900	2024-09-11	     41250	11:26:20	Hg o	Kwik	<	0,025	µg/L
OW168900	2024-09-11	     41250	11:26:20	Hg t	Kwik	<	0,025	µg/L
OW168900	2024-09-11	     41250	11:26:20	K o	Kalium	=	15100	µg/L
OW168900	2024-09-11	     41250	11:26:20	KjN	Kjeldahlstikstof	=	1,302	mgN/L
OW168900	2024-09-11	     41250	11:26:20	Mg o	Magnesium	=	11300	µg/L
OW168900	2024-09-11	     41250	11:26:20	Mn o	Mangaan	=	9,8	µg/L
OW168900	2024-09-11	     41250	11:26:20	Mn t	Mangaan	=	99	µg/L
OW168900	2024-09-11	     41250	11:26:20	Mo o	Molybdeen	<	3	µg/L
OW168900	2024-09-11	     41250	11:26:20	Mo t	Molybdeen	<	2,5	µg/L
OW168900	2024-09-11	     41250	11:26:20	N t	Stikstof	=	6	mgN/L
OW168900	2024-09-11	     41250	11:26:20	N+N	Nitraat+nitriet	=	4,698	mgN/L
OW168900	2024-09-11	     41250	11:26:20	N+N+N	Nitraat+nitriet+ammonium	=	5,008	mgN/L
OW168900	2024-09-11	     41250	11:26:20	Na o	Natrium	=	45000	µg/L
OW168900	2024-09-11	     41250	11:26:20	NH4+	Ammonium	=	0,31	mgN/L
OW168900	2024-09-11	     41250	11:26:20	Ni o	Nikkel	<	3,2	µg/L
OW168900	2024-09-11	     41250	11:26:20	Ni t	Nikkel	=	3,3	µg/L
OW168900	2024-09-11	     41250	11:26:20	NO2-	Nitriet	=	0,258	mgN/L
OW168900	2024-09-11	     41250	11:26:20	NO3-	Nitraat	=	4,44	mgN/L
OW168900	2024-09-11	     41250	11:26:20	O2	Zuurstof	=	8,31	mg/L
OW168900	2024-09-11	     41250	11:26:20	O2 verz	Zuurstof	=	88,2	%
OW168900	2024-09-11	     41250	11:26:20	oPO4 f	Orthofosfaat	=	0,244	mgP/L
OW168900	2024-09-11	     41250	11:26:20	P t	Fosfor	=	0,395	mgP/L
OW168900	2024-09-11	     41250	11:26:20	Pb o	Lood	<	1,5	µg/L
OW168900	2024-09-11	     41250	11:26:20	Pb t	Lood	=	3,14	µg/L
OW168900	2024-09-11	     41250	11:26:20	pH	pH	=	7,85	-
OW168900	2024-09-11	     41250	11:26:20	Sb o	Antimoon	<	1,5	µg/L
OW168900	2024-09-11	     41250	11:26:20	Sb t	Antimoon	<	1,5	µg/L
OW168900	2024-09-11	     41250	11:26:20	Se o	Seleen	<	1,5	µg/L
OW168900	2024-09-11	     41250	11:26:20	Se t	Seleen	<	1,5	µg/L
OW168900	2024-09-11	     41250	11:26:20	Secchi	Doorzichtigheid	=	45	cm
OW168900	2024-09-11	     41250	11:26:20	SiO2 o	Silicaat	=	11	mgSiO2/L
OW168900	2024-09-11	     41250	11:26:20	Sn o	Tin	<	1,5	µg/L
OW168900	2024-09-11	     41250	11:26:20	Sn t	Tin	<	1,5	µg/L
OW168900	2024-09-11	     41250	11:26:20	SO4=	Sulfaat	=	75	mg/L
OW168900	2024-09-11	     41250	11:26:20	T	Temperatuur	=	18,1	°C
OW168900	2024-09-11	     41250	11:26:20	Te o	Telluur	<	2,5	µg/L
OW168900	2024-09-11	     41250	11:26:20	Te t	Telluur	<	2,5	µg/L
OW168900	2024-09-11	     41250	11:26:20	Ti o	Titaan	<	2	µg/L
OW168900	2024-09-11	     41250	11:26:20	Ti t	Titaan	=	16,1	µg/L
OW168900	2024-09-11	     41250	11:26:20	Tl o	Thallium	<	0,1	µg/L
OW168900	2024-09-11	     41250	11:26:20	Tl t	Thallium	<	0,1	µg/L
OW168900	2024-09-11	     41250	11:26:20	U o	Uranium	=	0,94	µg/L
OW168900	2024-09-11	     41250	11:26:20	U t	Uranium	=	0,97	µg/L
OW168900	2024-09-11	     41250	11:26:20	V o	Vanadium	<	3	µg/L
OW168900	2024-09-11	     41250	11:26:20	V t	Vanadium	=	4,79	µg/L
OW168900	2024-09-11	     41250	11:26:20	Zn o	Zink	<	11	µg/L
OW168900	2024-09-11	     41250	11:26:20	Zn t	Zink	=	25,8	µg/L
OW168900	2024-09-11	     41250	11:26:20	ZS	Zwevende stoffen	=	25,1	mg/L
OW168900	2024-10-09	     47499	11:13:24	Ag o	Zilver	<	0,05	µg/L
OW168900	2024-10-09	     47499	11:13:24	Ag t	Zilver	<	0,05	µg/L
OW168900	2024-10-09	     47499	11:13:24	Al o	Aluminium	<	150	µg/L
OW168900	2024-10-09	     47499	11:13:24	As o	Arseen	=	1,48	µg/L
OW168900	2024-10-09	     47499	11:13:24	As t	Arseen	=	2,47	µg/L
OW168900	2024-10-09	     47499	11:13:24	B o	Boor	=	71	µg/L
OW168900	2024-10-09	     47499	11:13:24	B t	Boor	=	72	µg/L
OW168900	2024-10-09	     47499	11:13:24	Ba o	Barium	=	34	µg/L
OW168900	2024-10-09	     47499	11:13:24	Ba t	Barium	=	47	µg/L
OW168900	2024-10-09	     47499	11:13:24	Be o	Beryllium	<	0,11	µg/L
OW168900	2024-10-09	     47499	11:13:24	Be t	Beryllium	<	0,15	µg/L
OW168900	2024-10-09	     47499	11:13:24	BZV5	Biochemisch zuurstofverbruik na 5d.	=	2,3	mgO2/L
OW168900	2024-10-09	     47499	11:13:24	Ca o	Calcium	=	122000	µg/L
OW168900	2024-10-09	     47499	11:13:24	Cd o	Cadmium	<	0,05	µg/L
OW168900	2024-10-09	     47499	11:13:24	Cd t	Cadmium	<	0,2	µg/L
OW168900	2024-10-09	     47499	11:13:24	Cl-	Chloride	=	70	mg/L
OW168900	2024-10-09	     47499	11:13:24	Co o	Kobalt	=	0,26	µg/L
OW168900	2024-10-09	     47499	11:13:24	Co t	Kobalt	=	1,02	µg/L
OW168900	2024-10-09	     47499	11:13:24	Cr o	Chroom	<	1,5	µg/L
OW168900	2024-10-09	     47499	11:13:24	Cr t	Chroom	=	5,8	µg/L
OW168900	2024-10-09	     47499	11:13:24	Cu o	Koper	<	2	µg/L
OW168900	2024-10-09	     47499	11:13:24	Cu t	Koper	=	5,54	µg/L
OW168900	2024-10-09	     47499	11:13:24	CZV	Chemisch zuurstofverbruik	=	13,8	mgO2/L
OW168900	2024-10-09	     47499	11:13:24	DOC	Koolstof	=	4,2	mgC/L
OW168900	2024-10-09	     47499	11:13:24	EC 20	Geleidbaarheid (20°C)	=	813	µS/cm
OW168900	2024-10-09	     47499	11:13:24	EC 25	Geleidbaarheid (25°C)	=	890,6415	µS/cm
OW168900	2024-10-09	     47499	11:13:24	Fe o	Ijzer	<	12,5	µg/L
OW168900	2024-10-09	     47499	11:13:24	Fe t	Ijzer	=	1600	µg/L
OW168900	2024-10-09	     47499	11:13:24	H t	Hardheid	=	35,458333333333333373	°F
OW168900	2024-10-09	     47499	11:13:24	Hg o	Kwik	<	0,025	µg/L
OW168900	2024-10-09	     47499	11:13:24	Hg t	Kwik	<	0,025	µg/L
OW168900	2024-10-09	     47499	11:13:24	K o	Kalium	=	14500	µg/L
OW168900	2024-10-09	     47499	11:13:24	KjN	Kjeldahlstikstof	=	0,537	mgN/L
OW168900	2024-10-09	     47499	11:13:24	Mg o	Magnesium	=	11900	µg/L
OW168900	2024-10-09	     47499	11:13:24	Mn o	Mangaan	=	14,5	µg/L
OW168900	2024-10-09	     47499	11:13:24	Mn t	Mangaan	=	118	µg/L
OW168900	2024-10-09	     47499	11:13:24	Mo o	Molybdeen	<	3	µg/L
OW168900	2024-10-09	     47499	11:13:24	Mo t	Molybdeen	<	2,5	µg/L
OW168900	2024-10-09	     47499	11:13:24	N t	Stikstof	=	6,6	mgN/L
OW168900	2024-10-09	     47499	11:13:24	N+N	Nitraat+nitriet	=	6,063	mgN/L
OW168900	2024-10-09	     47499	11:13:24	N+N+N	Nitraat+nitriet+ammonium	=	6,136	mgN/L
OW168900	2024-10-09	     47499	11:13:24	Na o	Natrium	=	47000	µg/L
OW168900	2024-10-09	     47499	11:13:24	NH4+	Ammonium	=	0,073	mgN/L
OW168900	2024-10-09	     47499	11:13:24	Ni o	Nikkel	<	3,2	µg/L
OW168900	2024-10-09	     47499	11:13:24	Ni t	Nikkel	=	4,01	µg/L
OW168900	2024-10-09	     47499	11:13:24	NO2-	Nitriet	=	0,163	mgN/L
OW168900	2024-10-09	     47499	11:13:24	NO3-	Nitraat	=	5,9	mgN/L
OW168900	2024-10-09	     47499	11:13:24	O2	Zuurstof	=	9,47	mg/L
OW168900	2024-10-09	     47499	11:13:24	O2 verz	Zuurstof	=	96,3	%
OW168900	2024-10-09	     47499	11:13:24	oPO4 f	Orthofosfaat	=	0,214	mgP/L
OW168900	2024-10-09	     47499	11:13:24	P t	Fosfor	=	0,463	mgP/L
OW168900	2024-10-09	     47499	11:13:24	Pb o	Lood	<	1,5	µg/L
OW168900	2024-10-09	     47499	11:13:24	Pb t	Lood	=	4,69	µg/L
OW168900	2024-10-09	     47499	11:13:24	pH	pH	=	7,93	-
OW168900	2024-10-09	     47499	11:13:24	Sb o	Antimoon	<	1,5	µg/L
OW168900	2024-10-09	     47499	11:13:24	Sb t	Antimoon	<	1,5	µg/L
OW168900	2024-10-09	     47499	11:13:24	Se o	Seleen	<	1,5	µg/L
OW168900	2024-10-09	     47499	11:13:24	Se t	Seleen	<	1,5	µg/L
OW168900	2024-10-09	     47499	11:13:24	SiO2 o	Silicaat	=	14	mgSiO2/L
OW168900	2024-10-09	     47499	11:13:24	Sn o	Tin	<	1,5	µg/L
OW168900	2024-10-09	     47499	11:13:24	Sn t	Tin	<	1,5	µg/L
OW168900	2024-10-09	     47499	11:13:24	SO4=	Sulfaat	=	83	mg/L
OW168900	2024-10-09	     47499	11:13:24	T	Temperatuur	=	15,1	°C
OW168900	2024-10-09	     47499	11:13:24	Te o	Telluur	<	2,5	µg/L
OW168900	2024-10-09	     47499	11:13:24	Te t	Telluur	<	2,5	µg/L
OW168900	2024-10-09	     47499	11:13:24	Ti o	Titaan	<	2	µg/L
OW168900	2024-10-09	     47499	11:13:24	Ti t	Titaan	=	26	µg/L
OW168900	2024-10-09	     47499	11:13:24	Tl o	Thallium	<	0,1	µg/L
OW168900	2024-10-09	     47499	11:13:24	Tl t	Thallium	<	0,1	µg/L
OW168900	2024-10-09	     47499	11:13:24	U o	Uranium	=	1,01	µg/L
OW168900	2024-10-09	     47499	11:13:24	U t	Uranium	=	1,09	µg/L
OW168900	2024-10-09	     47499	11:13:24	V o	Vanadium	<	3	µg/L
OW168900	2024-10-09	     47499	11:13:24	V t	Vanadium	=	6,9	µg/L
OW168900	2024-10-09	     47499	11:13:24	Zn o	Zink	<	11	µg/L
OW168900	2024-10-09	     47499	11:13:24	Zn t	Zink	=	29,6	µg/L
OW168900	2024-10-09	     47499	11:13:24	ZS	Zwevende stoffen	=	54	mg/L
OW168900	2024-11-06	     51993	12:26:15	Ag o	Zilver	<	0,05	µg/L
OW168900	2024-11-06	     51993	12:26:15	Ag t	Zilver	<	0,05	µg/L
OW168900	2024-11-06	     51993	12:26:15	Al o	Aluminium	<	150	µg/L
OW168900	2024-11-06	     51993	12:26:15	As o	Arseen	=	1,39	µg/L
OW168900	2024-11-06	     51993	12:26:15	As t	Arseen	=	2,02	µg/L
OW168900	2024-11-06	     51993	12:26:15	B o	Boor	=	72	µg/L
OW168900	2024-11-06	     51993	12:26:15	B t	Boor	=	74	µg/L
OW168900	2024-11-06	     51993	12:26:15	Ba o	Barium	=	34	µg/L
OW168900	2024-11-06	     51993	12:26:15	Ba t	Barium	=	42	µg/L
OW168900	2024-11-06	     51993	12:26:15	Be o	Beryllium	<	0,11	µg/L
OW168900	2024-11-06	     51993	12:26:15	Be t	Beryllium	<	0,15	µg/L
OW168900	2024-11-06	     51993	12:26:15	BZV5	Biochemisch zuurstofverbruik na 5d.	<	2	mgO2/L
OW168900	2024-11-06	     51993	12:26:15	Ca o	Calcium	=	131000	µg/L
OW168900	2024-11-06	     51993	12:26:15	Cd o	Cadmium	<	0,05	µg/L
OW168900	2024-11-06	     51993	12:26:15	Cd t	Cadmium	<	0,2	µg/L
OW168900	2024-11-06	     51993	12:26:15	Cl-	Chloride	=	66	mg/L
OW168900	2024-11-06	     51993	12:26:15	Co o	Kobalt	=	0,28	µg/L
OW168900	2024-11-06	     51993	12:26:15	Co t	Kobalt	=	0,62	µg/L
OW168900	2024-11-06	     51993	12:26:15	Cr o	Chroom	<	1,5	µg/L
OW168900	2024-11-06	     51993	12:26:15	Cr t	Chroom	=	3,66	µg/L
OW168900	2024-11-06	     51993	12:26:15	Cu o	Koper	<	2	µg/L
OW168900	2024-11-06	     51993	12:26:15	Cu t	Koper	<	4	µg/L
OW168900	2024-11-06	     51993	12:26:15	CZV	Chemisch zuurstofverbruik	=	9,1	mgO2/L
OW168900	2024-11-06	     51993	12:26:15	DOC	Koolstof	=	4,3	mgC/L
OW168900	2024-11-06	     51993	12:26:15	EC 20	Geleidbaarheid (20°C)	=	832	µS/cm
OW168900	2024-11-06	     51993	12:26:15	EC 25	Geleidbaarheid (25°C)	=	911,456	µS/cm
OW168900	2024-11-06	     51993	12:26:15	Fe o	Ijzer	<	12,5	µg/L
OW168900	2024-11-06	     51993	12:26:15	Fe t	Ijzer	=	950	µg/L
OW168900	2024-11-06	     51993	12:26:15	H t	Hardheid	=	38,208333333333333377	°F
OW168900	2024-11-06	     51993	12:26:15	Hg o	Kwik	<	0,025	µg/L
OW168900	2024-11-06	     51993	12:26:15	Hg t	Kwik	<	0,025	µg/L
OW168900	2024-11-06	     51993	12:26:15	K o	Kalium	=	13700	µg/L
OW168900	2024-11-06	     51993	12:26:15	KjN	Kjeldahlstikstof	=	0,485	mgN/L
OW168900	2024-11-06	     51993	12:26:15	Mg o	Magnesium	=	13100	µg/L
OW168900	2024-11-06	     51993	12:26:15	Mn o	Mangaan	=	41	µg/L
OW168900	2024-11-06	     51993	12:26:15	Mn t	Mangaan	=	94	µg/L
OW168900	2024-11-06	     51993	12:26:15	Mo o	Molybdeen	<	1,5	µg/L
OW168900	2024-11-06	     51993	12:26:15	Mo t	Molybdeen	<	2,5	µg/L
OW168900	2024-11-06	     51993	12:26:15	N t	Stikstof	=	6,1	mgN/L
OW168900	2024-11-06	     51993	12:26:15	N+N	Nitraat+nitriet	=	5,615	mgN/L
OW168900	2024-11-06	     51993	12:26:15	N+N+N	Nitraat+nitriet+ammonium	=	5,758	mgN/L
OW168900	2024-11-06	     51993	12:26:15	Na o	Natrium	=	43000	µg/L
OW168900	2024-11-06	     51993	12:26:15	NH4+	Ammonium	=	0,143	mgN/L
OW168900	2024-11-06	     51993	12:26:15	Ni o	Nikkel	<	3,2	µg/L
OW168900	2024-11-06	     51993	12:26:15	Ni t	Nikkel	<	3,2	µg/L
OW168900	2024-11-06	     51993	12:26:15	NO2-	Nitriet	=	0,115	mgN/L
OW168900	2024-11-06	     51993	12:26:15	NO3-	Nitraat	=	5,5	mgN/L
OW168900	2024-11-06	     51993	12:26:15	O2	Zuurstof	=	9,24	mg/L
OW168900	2024-11-06	     51993	12:26:15	O2 verz	Zuurstof	=	84,6	%
OW168900	2024-11-06	     51993	12:26:15	oPO4 f	Orthofosfaat	=	0,247	mgP/L
OW168900	2024-11-06	     51993	12:26:15	P t	Fosfor	=	0,403	mgP/L
OW168900	2024-11-06	     51993	12:26:15	Pb o	Lood	<	1,5	µg/L
OW168900	2024-11-06	     51993	12:26:15	Pb t	Lood	=	2,87	µg/L
OW168900	2024-11-06	     51993	12:26:15	pH	pH	=	7,79	-
OW168900	2024-11-06	     51993	12:26:15	Sb o	Antimoon	<	1,5	µg/L
OW168900	2024-11-06	     51993	12:26:15	Sb t	Antimoon	<	1,5	µg/L
OW168900	2024-11-06	     51993	12:26:15	Se o	Seleen	<	1,5	µg/L
OW168900	2024-11-06	     51993	12:26:15	Se t	Seleen	<	1,5	µg/L
OW168900	2024-11-06	     51993	12:26:15	SiO2 o	Silicaat	=	16	mgSiO2/L
OW168900	2024-11-06	     51993	12:26:15	Sn o	Tin	<	1,5	µg/L
OW168900	2024-11-06	     51993	12:26:15	Sn t	Tin	<	1,5	µg/L
OW168900	2024-11-06	     51993	12:26:15	SO4=	Sulfaat	=	84	mg/L
OW168900	2024-11-06	     51993	12:26:15	T	Temperatuur	=	12,2	°C
OW168900	2024-11-06	     51993	12:26:15	Te o	Telluur	<	2,5	µg/L
OW168900	2024-11-06	     51993	12:26:15	Te t	Telluur	<	2,5	µg/L
OW168900	2024-11-06	     51993	12:26:15	Ti o	Titaan	<	2	µg/L
OW168900	2024-11-06	     51993	12:26:15	Ti t	Titaan	=	15,2	µg/L
OW168900	2024-11-06	     51993	12:26:15	Tl o	Thallium	<	0,1	µg/L
OW168900	2024-11-06	     51993	12:26:15	Tl t	Thallium	<	0,1	µg/L
OW168900	2024-11-06	     51993	12:26:15	U o	Uranium	=	1,14	µg/L
OW168900	2024-11-06	     51993	12:26:15	U t	Uranium	=	1,24	µg/L
OW168900	2024-11-06	     51993	12:26:15	V o	Vanadium	<	3	µg/L
OW168900	2024-11-06	     51993	12:26:15	V t	Vanadium	=	4,57	µg/L
OW168900	2024-11-06	     51993	12:26:15	Zn o	Zink	<	11	µg/L
OW168900	2024-11-06	     51993	12:26:15	Zn t	Zink	=	19	µg/L
OW168900	2024-11-06	     51993	12:26:15	ZS	Zwevende stoffen	=	24,4	mg/L
OW168900	2024-12-11	     57171	11:41:46	Ag o	Zilver	<	0,05	µg/L
OW168900	2024-12-11	     57171	11:41:46	Ag t	Zilver	<	0,1	µg/L
OW168900	2024-12-11	     57171	11:41:46	Al o	Aluminium	<	150	µg/L
OW168900	2024-12-11	     57171	11:41:46	As o	Arseen	=	1,37	µg/L
OW168900	2024-12-11	     57171	11:41:46	As t	Arseen	=	2,57	µg/L
OW168900	2024-12-11	     57171	11:41:46	B o	Boor	=	60	µg/L
OW168900	2024-12-11	     57171	11:41:46	B t	Boor	=	60	µg/L
OW168900	2024-12-11	     57171	11:41:46	Ba o	Barium	=	30	µg/L
OW168900	2024-12-11	     57171	11:41:46	Ba t	Barium	=	44	µg/L
OW168900	2024-12-11	     57171	11:41:46	Be o	Beryllium	<	0,11	µg/L
OW168900	2024-12-11	     57171	11:41:46	Be t	Beryllium	<	0,15	µg/L
OW168900	2024-12-11	     57171	11:41:46	BZV5	Biochemisch zuurstofverbruik na 5d.	=	4,8	mgO2/L
OW168900	2024-12-11	     57171	11:41:46	Ca o	Calcium	=	109000	µg/L
OW168900	2024-12-11	     57171	11:41:46	Cd o	Cadmium	<	0,05	µg/L
OW168900	2024-12-11	     57171	11:41:46	Cd t	Cadmium	=	0,247	µg/L
OW168900	2024-12-11	     57171	11:41:46	Cl-	Chloride	=	45,1	mg/L
OW168900	2024-12-11	     57171	11:41:46	Co o	Kobalt	=	0,4	µg/L
OW168900	2024-12-11	     57171	11:41:46	Co t	Kobalt	=	1,42	µg/L
OW168900	2024-12-11	     57171	11:41:46	Cr o	Chroom	<	1,5	µg/L
OW168900	2024-12-11	     57171	11:41:46	Cr t	Chroom	=	7,4	µg/L
OW168900	2024-12-11	     57171	11:41:46	Cu o	Koper	<	2	µg/L
OW168900	2024-12-11	     57171	11:41:46	Cu t	Koper	=	8	µg/L
OW168900	2024-12-11	     57171	11:41:46	CZV	Chemisch zuurstofverbruik	=	15,1	mgO2/L
OW168900	2024-12-11	     57171	11:41:46	DOC	Koolstof	=	5,8	mgC/L
OW168900	2024-12-11	     57171	11:41:46	EC 20	Geleidbaarheid (20°C)	=	690	µS/cm
OW168900	2024-12-11	     57171	11:41:46	EC 25	Geleidbaarheid (25°C)	=	755,895	µS/cm
OW168900	2024-12-11	     57171	11:41:46	Fe o	Ijzer	<	25	µg/L
OW168900	2024-12-11	     57171	11:41:46	Fe t	Ijzer	=	3150	µg/L
OW168900	2024-12-11	     57171	11:41:46	H t	Hardheid	=	31,666666666666666702	°F
OW168900	2024-12-11	     57171	11:41:46	Hg o	Kwik	<	0,025	µg/L
OW168900	2024-12-11	     57171	11:41:46	Hg t	Kwik	<	0,05	µg/L
OW168900	2024-12-11	     57171	11:41:46	K o	Kalium	=	10500	µg/L
OW168900	2024-12-11	     57171	11:41:46	KjN	Kjeldahlstikstof	=	1,977	mgN/L
OW168900	2024-12-11	     57171	11:41:46	Mg o	Magnesium	=	10600	µg/L
OW168900	2024-12-11	     57171	11:41:46	Mn o	Mangaan	=	63	µg/L
OW168900	2024-12-11	     57171	11:41:46	Mn t	Mangaan	=	141	µg/L
OW168900	2024-12-11	     57171	11:41:46	Mo o	Molybdeen	<	3	µg/L
OW168900	2024-12-11	     57171	11:41:46	Mo t	Molybdeen	<	2,5	µg/L
OW168900	2024-12-11	     57171	11:41:46	N t	Stikstof	=	7	mgN/L
OW168900	2024-12-11	     57171	11:41:46	N+N	Nitraat+nitriet	=	5,023	mgN/L
OW168900	2024-12-11	     57171	11:41:46	N+N+N	Nitraat+nitriet+ammonium	=	5,653	mgN/L
OW168900	2024-12-11	     57171	11:41:46	Na o	Natrium	=	30700	µg/L
OW168900	2024-12-11	     57171	11:41:46	NH4+	Ammonium	=	0,63	mgN/L
OW168900	2024-12-11	     57171	11:41:46	Ni o	Nikkel	<	3,2	µg/L
OW168900	2024-12-11	     57171	11:41:46	Ni t	Nikkel	=	5,2	µg/L
OW168900	2024-12-11	     57171	11:41:46	NO2-	Nitriet	=	0,113	mgN/L
OW168900	2024-12-11	     57171	11:41:46	NO3-	Nitraat	=	4,91	mgN/L
OW168900	2024-12-11	     57171	11:41:46	O2	Zuurstof	=	10,76	mg/L
OW168900	2024-12-11	     57171	11:41:46	O2 verz	Zuurstof	=	87,2	%
OW168900	2024-12-11	     57171	11:41:46	oPO4 f	Orthofosfaat	=	0,233	mgP/L
OW168900	2024-12-11	     57171	11:41:46	P t	Fosfor	=	0,488	mgP/L
OW168900	2024-12-11	     57171	11:41:46	Pb o	Lood	<	1,5	µg/L
OW168900	2024-12-11	     57171	11:41:46	Pb t	Lood	=	6,78	µg/L
OW168900	2024-12-11	     57171	11:41:46	pH	pH	=	7,75	-
OW168900	2024-12-11	     57171	11:41:46	Sb o	Antimoon	<	1,5	µg/L
OW168900	2024-12-11	     57171	11:41:46	Sb t	Antimoon	<	1,5	µg/L
OW168900	2024-12-11	     57171	11:41:46	Se o	Seleen	<	1,5	µg/L
OW168900	2024-12-11	     57171	11:41:46	Se t	Seleen	<	1,5	µg/L
OW168900	2024-12-11	     57171	11:41:46	SiO2 o	Silicaat	=	13	mgSiO2/L
OW168900	2024-12-11	     57171	11:41:46	Sn o	Tin	<	1,5	µg/L
OW168900	2024-12-11	     57171	11:41:46	Sn t	Tin	<	1,5	µg/L
OW168900	2024-12-11	     57171	11:41:46	SO4=	Sulfaat	=	67	mg/L
OW168900	2024-12-11	     57171	11:41:46	T	Temperatuur	=	7,2	°C
OW168900	2024-12-11	     57171	11:41:46	Te o	Telluur	<	2,5	µg/L
OW168900	2024-12-11	     57171	11:41:46	Te t	Telluur	<	2,5	µg/L
OW168900	2024-12-11	     57171	11:41:46	Ti o	Titaan	<	2	µg/L
OW168900	2024-12-11	     57171	11:41:46	Ti t	Titaan	=	52	µg/L
OW168900	2024-12-11	     57171	11:41:46	Tl o	Thallium	<	0,2	µg/L
OW168900	2024-12-11	     57171	11:41:46	Tl t	Thallium	<	0,2	µg/L
OW168900	2024-12-11	     57171	11:41:46	U o	Uranium	=	1,15	µg/L
OW168900	2024-12-11	     57171	11:41:46	U t	Uranium	=	1,23	µg/L
OW168900	2024-12-11	     57171	11:41:46	V o	Vanadium	<	1,5	µg/L
OW168900	2024-12-11	     57171	11:41:46	V t	Vanadium	=	8,1	µg/L
OW168900	2024-12-11	     57171	11:41:46	Zn o	Zink	<	11	µg/L
OW168900	2024-12-11	     57171	11:41:46	Zn t	Zink	=	43	µg/L
OW168900	2024-12-11	     57171	11:41:46	ZS	Zwevende stoffen	=	70	mg/L
OW168900	2025-01-22	     67681	11:48:52	Ag o	Zilver	<	0,05	µg/L
OW168900	2025-01-22	     67681	11:48:52	Ag t	Zilver	<	0,05	µg/L
OW168900	2025-01-22	     67681	11:48:52	Al o	Aluminium	<	150	µg/L
OW168900	2025-01-22	     67681	11:48:52	As o	Arseen	=	1,03	µg/L
OW168900	2025-01-22	     67681	11:48:52	As t	Arseen	=	1,63	µg/L
OW168900	2025-01-22	     67681	11:48:52	B o	Boor	=	72	µg/L
OW168900	2025-01-22	     67681	11:48:52	B t	Boor	=	70	µg/L
OW168900	2025-01-22	     67681	11:48:52	Ba o	Barium	=	34	µg/L
OW168900	2025-01-22	     67681	11:48:52	Ba t	Barium	=	43	µg/L
OW168900	2025-01-22	     67681	11:48:52	Be o	Beryllium	<	0,11	µg/L
OW168900	2025-01-22	     67681	11:48:52	Be t	Beryllium	<	0,15	µg/L
OW168900	2025-01-22	     67681	11:48:52	BZV5	Biochemisch zuurstofverbruik na 5d.	=	3,4	mgO2/L
OW168900	2025-01-22	     67681	11:48:52	Ca o	Calcium	=	133000	µg/L
OW168900	2025-01-22	     67681	11:48:52	Cd o	Cadmium	<	0,05	µg/L
OW168900	2025-01-22	     67681	11:48:52	Cd t	Cadmium	<	0,2	µg/L
OW168900	2025-01-22	     67681	11:48:52	Cl-	Chloride	=	59	mg/L
OW168900	2025-01-22	     67681	11:48:52	Co o	Kobalt	=	0,41	µg/L
OW168900	2025-01-22	     67681	11:48:52	Co t	Kobalt	=	0,78	µg/L
OW168900	2025-01-22	     67681	11:48:52	Cr o	Chroom	<	1,5	µg/L
OW168900	2025-01-22	     67681	11:48:52	Cr t	Chroom	=	3	µg/L
OW168900	2025-01-22	     67681	11:48:52	Cu o	Koper	<	2	µg/L
OW168900	2025-01-22	     67681	11:48:52	Cu t	Koper	=	4,6	µg/L
OW168900	2025-01-22	     67681	11:48:52	CZV	Chemisch zuurstofverbruik	=	12,7	mgO2/L
OW168900	2025-01-22	     67681	11:48:52	DOC	Koolstof	=	5,05	mgC/L
OW168900	2025-01-22	     67681	11:48:52	EC 20	Geleidbaarheid (20°C)	=	842	µS/cm
OW168900	2025-01-22	     67681	11:48:52	EC 25	Geleidbaarheid (25°C)	=	922,411	µS/cm
OW168900	2025-01-22	     67681	11:48:52	Fe o	Ijzer	<	25	µg/L
OW168900	2025-01-22	     67681	11:48:52	Fe t	Ijzer	=	970	µg/L
OW168900	2025-01-22	     67681	11:48:52	H t	Hardheid	=	38,750000000000000044	°F
OW168900	2025-01-22	     67681	11:48:52	Hg o	Kwik	<	0,025	µg/L
OW168900	2025-01-22	     67681	11:48:52	Hg t	Kwik	<	0,025	µg/L
OW168900	2025-01-22	     67681	11:48:52	K o	Kalium	=	10700	µg/L
OW168900	2025-01-22	     67681	11:48:52	KjN	Kjeldahlstikstof	=	0,721	mgN/L
OW168900	2025-01-22	     67681	11:48:52	Mg o	Magnesium	=	13200	µg/L
OW168900	2025-01-22	     67681	11:48:52	Mn o	Mangaan	=	90	µg/L
OW168900	2025-01-22	     67681	11:48:52	Mn t	Mangaan	=	127	µg/L
OW168900	2025-01-22	     67681	11:48:52	Mo o	Molybdeen	<	3	µg/L
OW168900	2025-01-22	     67681	11:48:52	Mo t	Molybdeen	<	2,5	µg/L
OW168900	2025-01-22	     67681	11:48:52	N t	Stikstof	=	7,1	mgN/L
OW168900	2025-01-22	     67681	11:48:52	N+N	Nitraat+nitriet	=	6,379	mgN/L
OW168900	2025-01-22	     67681	11:48:52	N+N+N	Nitraat+nitriet+ammonium	=	6,969	mgN/L
OW168900	2025-01-22	     67681	11:48:52	Na o	Natrium	=	39000	µg/L
OW168900	2025-01-22	     67681	11:48:52	NH4+	Ammonium	=	0,59	mgN/L
OW168900	2025-01-22	     67681	11:48:52	Ni o	Nikkel	<	3,2	µg/L
OW168900	2025-01-22	     67681	11:48:52	Ni t	Nikkel	=	3,6	µg/L
OW168900	2025-01-22	     67681	11:48:52	NO2-	Nitriet	=	0,079	mgN/L
OW168900	2025-01-22	     67681	11:48:52	NO3-	Nitraat	=	6,3	mgN/L
OW168900	2025-01-22	     67681	11:48:52	O2	Zuurstof	=	11,73	mg/L
OW168900	2025-01-22	     67681	11:48:52	O2 verz	Zuurstof	=	91,9	%
OW168900	2025-01-22	     67681	11:48:52	oPO4 f	Orthofosfaat	=	0,192	mgP/L
OW168900	2025-01-22	     67681	11:48:52	P t	Fosfor	=	0,34	mgP/L
OW168900	2025-01-22	     67681	11:48:52	Pb o	Lood	<	1,5	µg/L
OW168900	2025-01-22	     67681	11:48:52	Pb t	Lood	=	2,94	µg/L
OW168900	2025-01-22	     67681	11:48:52	pH	pH	=	7,79	-
OW168900	2025-01-22	     67681	11:48:52	Sb o	Antimoon	<	1,5	µg/L
OW168900	2025-01-22	     67681	11:48:52	Sb t	Antimoon	<	1,5	µg/L
OW168900	2025-01-22	     67681	11:48:52	Se o	Seleen	<	1,5	µg/L
OW168900	2025-01-22	     67681	11:48:52	Se t	Seleen	<	1,5	µg/L
OW168900	2025-01-22	     67681	11:48:52	SiO2 o	Silicaat	=	15,1	mgSiO2/L
OW168900	2025-01-22	     67681	11:48:52	Sn o	Tin	<	1,5	µg/L
OW168900	2025-01-22	     67681	11:48:52	Sn t	Tin	<	1,5	µg/L
OW168900	2025-01-22	     67681	11:48:52	SO4=	Sulfaat	=	91	mg/L
OW168900	2025-01-22	     67681	11:48:52	T	Temperatuur	=	4,8	°C
OW168900	2025-01-22	     67681	11:48:52	Te o	Telluur	<	2,5	µg/L
OW168900	2025-01-22	     67681	11:48:52	Te t	Telluur	<	2,5	µg/L
OW168900	2025-01-22	     67681	11:48:52	Ti o	Titaan	<	2	µg/L
OW168900	2025-01-22	     67681	11:48:52	Ti t	Titaan	=	15	µg/L
OW168900	2025-01-22	     67681	11:48:52	Tl o	Thallium	<	0,1	µg/L
OW168900	2025-01-22	     67681	11:48:52	Tl t	Thallium	<	0,1	µg/L
OW168900	2025-01-22	     67681	11:48:52	U o	Uranium	=	1,63	µg/L
OW168900	2025-01-22	     67681	11:48:52	U t	Uranium	=	1,81	µg/L
OW168900	2025-01-22	     67681	11:48:52	V o	Vanadium	<	1,5	µg/L
OW168900	2025-01-22	     67681	11:48:52	V t	Vanadium	=	3,1	µg/L
OW168900	2025-01-22	     67681	11:48:52	Zn o	Zink	<	11	µg/L
OW168900	2025-01-22	     67681	11:48:52	Zn t	Zink	=	29,8	µg/L
OW168900	2025-01-22	     67681	11:48:52	ZS	Zwevende stoffen	=	26,6	mg/L
OW168900	2025-02-19	     69394	12:17:53	10:2 FTS	10:2 fluortelomeersulfonzuur (10:2 FTS)	<	5	ng/L
OW168900	2025-02-19	     69394	12:17:53	6:2 FTS	6:2 fluortelomeersulfonzuur (6:2 FTS)	<	5	ng/L
OW168900	2025-02-19	     69394	12:17:53	8:2 FTS	8:2 fluortelomeersulfonzuur (8:2 FTS)	<	1	ng/L
OW168900	2025-02-19	     69394	12:17:53	Acenaft	Acenafteen	<	10	ng/L
OW168900	2025-02-19	     69394	12:17:53	Acenaftyl	Acenaftyleen	<	5	ng/L
OW168900	2025-02-19	     69394	12:17:53	Ag o	Zilver	<	0,05	µg/L
OW168900	2025-02-19	     69394	12:17:53	Ag t	Zilver	<	0,05	µg/L
OW168900	2025-02-19	     69394	12:17:53	Al o	Aluminium	<	150	µg/L
OW168900	2025-02-19	     69394	12:17:53	Ant	Anthraceen	<	5	ng/L
OW168900	2025-02-19	     69394	12:17:53	As o	Arseen	=	1,01	µg/L
OW168900	2025-02-19	     69394	12:17:53	As t	Arseen	=	1,65	µg/L
OW168900	2025-02-19	     69394	12:17:53	B o	Boor	=	68	µg/L
OW168900	2025-02-19	     69394	12:17:53	B t	Boor	=	59	µg/L
OW168900	2025-02-19	     69394	12:17:53	B(a)A	Benzo(a)anthraceen	=	10	ng/L
OW168900	2025-02-19	     69394	12:17:53	B(a)P	Benzo(a)pyreen	=	10	ng/L
OW168900	2025-02-19	     69394	12:17:53	B(b)Flu	Benzo(b)fluorantheen	=	16	ng/L
OW168900	2025-02-19	     69394	12:17:53	B(ghi)Pe	Benzo(g,h,i)peryleen	=	11	ng/L
OW168900	2025-02-19	     69394	12:17:53	B(k)Flu	Benzo(k)fluorantheen	<	10	ng/L
OW168900	2025-02-19	     69394	12:17:53	Ba o	Barium	=	34	µg/L
OW168900	2025-02-19	     69394	12:17:53	Ba t	Barium	=	44	µg/L
OW168900	2025-02-19	     69394	12:17:53	Be o	Beryllium	<	0,11	µg/L
OW168900	2025-02-19	     69394	12:17:53	Be t	Beryllium	<	0,15	µg/L
OW168900	2025-02-19	     69394	12:17:53	BFlu som	PAK benzo(b+k)fluorantheen (b)	<	26	ng/L
OW168900	2025-02-19	     69394	12:17:53	BPe + IP som	PAK Benzo(g,h,i)peryleen + Indeno(1,2,3-cd)pyreen	=	21	ng/L
OW168900	2025-02-19	     69394	12:17:53	BZV5	Biochemisch zuurstofverbruik na 5d.	<	2	mgO2/L
OW168900	2025-02-19	     69394	12:17:53	Ca o	Calcium	=	137000	µg/L
OW168900	2025-02-19	     69394	12:17:53	Cd o	Cadmium	<	0,05	µg/L
OW168900	2025-02-19	     69394	12:17:53	Cd t	Cadmium	<	0,2	µg/L
OW168900	2025-02-19	     69394	12:17:53	Chr	Chryseen	=	17	ng/L
OW168900	2025-02-19	     69394	12:17:53	Cl-	Chloride	=	55	mg/L
OW168900	2025-02-19	     69394	12:17:53	Co o	Kobalt	=	0,46	µg/L
OW168900	2025-02-19	     69394	12:17:53	Co t	Kobalt	=	0,86	µg/L
OW168900	2025-02-19	     69394	12:17:53	Cr o	Chroom	<	1,5	µg/L
OW168900	2025-02-19	     69394	12:17:53	Cr t	Chroom	=	3,9	µg/L
OW168900	2025-02-19	     69394	12:17:53	Cu o	Koper	<	2	µg/L
OW168900	2025-02-19	     69394	12:17:53	Cu t	Koper	=	18,3	µg/L
OW168900	2025-02-19	     69394	12:17:53	CZV	Chemisch zuurstofverbruik	=	13,4	mgO2/L
OW168900	2025-02-19	     69394	12:17:53	dBz(ah)An	Dibenzo(a,h)anthraceen	<	5	ng/L
OW168900	2025-02-19	     69394	12:17:53	DOC	Koolstof	=	4,87	mgC/L
OW168900	2025-02-19	     69394	12:17:53	DONA	4,8-dioxa-3H-perfluornonaanzuur (DONA)	<	2,5	ng/L
OW168900	2025-02-19	     69394	12:17:53	EC 20	Geleidbaarheid (20°C)	=	813	µS/cm
OW168900	2025-02-19	     69394	12:17:53	EC 25	Geleidbaarheid (25°C)	=	890,6415	µS/cm
OW168900	2025-02-19	     69394	12:17:53	EtPFOSA	N-ethylperfluoroctaan-1-sulfonamide (EtPFOSA)	<	0,5	ng/L
OW168900	2025-02-19	     69394	12:17:53	EtPFOSA totaal	Totaal N-ethylperfluoroctaansulfonamide (lin+vert)	<	5	ng/L
OW168900	2025-02-19	     69394	12:17:53	EtPFOSA vertakt	= EtPFOSAtotaal - EtPFOSA	<	5	ng/L
OW168900	2025-02-19	     69394	12:17:53	EtPFOSAA	N-ethylperfluoroctaansulfonamidoazijnzuur	<	0,5	ng/L
OW168900	2025-02-19	     69394	12:17:53	Fe o	Ijzer	<	25	µg/L
OW168900	2025-02-19	     69394	12:17:53	Fe t	Ijzer	=	1240	µg/L
OW168900	2025-02-19	     69394	12:17:53	Fen	Fenantreen	=	22	ng/L
OW168900	2025-02-19	     69394	12:17:53	Flu	Fluorantheen	=	30	ng/L
OW168900	2025-02-19	     69394	12:17:53	Fluoreen	Fluoreen	<	10	ng/L
OW168900	2025-02-19	     69394	12:17:53	H t	Hardheid	=	39,583333333333333376	°F
OW168900	2025-02-19	     69394	12:17:53	HFPO-DA	2,3,3,3-tetrafluor-2(heptafluorpropoxy)propionzuur	<	0,5	ng/L
OW168900	2025-02-19	     69394	12:17:53	Hg o	Kwik	<	0,025	µg/L
OW168900	2025-02-19	     69394	12:17:53	Hg t	Kwik	<	0,025	µg/L
OW168900	2025-02-19	     69394	12:17:53	IP	Indeno(1,2,3-cd)pyreen	=	10	ng/L
OW168900	2025-02-19	     69394	12:17:53	K o	Kalium	=	10200	µg/L
OW168900	2025-02-19	     69394	12:17:53	KjN	Kjeldahlstikstof	=	0,625	mgN/L
OW168900	2025-02-19	     69394	12:17:53	MePFBSA	N-methylperfluorbutaansulfonamide (MePFBSA)	<	5	ng/L
OW168900	2025-02-19	     69394	12:17:53	MePFBSAA	N-methylperfluorbutaansulfonamidoazijnzuur	<	0,5	ng/L
OW168900	2025-02-19	     69394	12:17:53	MePFOSA	N-methylperfluoroctaan-1-sulfonamide (MePFOSA)	<	2,5	ng/L
OW168900	2025-02-19	     69394	12:17:53	MePFOSA totaal	Totaal N-methylperfluoroctaansulfonamide (lin+ver)	<	5	ng/L
OW168900	2025-02-19	     69394	12:17:53	MePFOSA vertakt	= MePFOSAtotaal - MePFOSA	<	5	ng/L
OW168900	2025-02-19	     69394	12:17:53	MePFOSAA	N-methylperfluoroctaansulfonamidoazijnzuur	<	0,5	ng/L
OW168900	2025-02-19	     69394	12:17:53	Mg o	Magnesium	=	12800	µg/L
OW168900	2025-02-19	     69394	12:17:53	Mn o	Mangaan	=	101	µg/L
OW168900	2025-02-19	     69394	12:17:53	Mn t	Mangaan	=	130	µg/L
OW168900	2025-02-19	     69394	12:17:53	Mo o	Molybdeen	<	3	µg/L
OW168900	2025-02-19	     69394	12:17:53	Mo t	Molybdeen	<	2,5	µg/L
OW168900	2025-02-19	     69394	12:17:53	N t	Stikstof	=	6,7	mgN/L
OW168900	2025-02-19	     69394	12:17:53	N+N	Nitraat+nitriet	=	6,075	mgN/L
OW168900	2025-02-19	     69394	12:17:53	N+N+N	Nitraat+nitriet+ammonium	=	6,595	mgN/L
OW168900	2025-02-19	     69394	12:17:53	Na o	Natrium	=	36000	µg/L
OW168900	2025-02-19	     69394	12:17:53	Naft	Naftaleen	<	20	ng/L
OW168900	2025-02-19	     69394	12:17:53	NH4+	Ammonium	=	0,52	mgN/L
OW168900	2025-02-19	     69394	12:17:53	Ni o	Nikkel	<	3,2	µg/L
OW168900	2025-02-19	     69394	12:17:53	Ni t	Nikkel	=	4	µg/L
OW168900	2025-02-19	     69394	12:17:53	NO2-	Nitriet	=	0,075	mgN/L
OW168900	2025-02-19	     69394	12:17:53	NO3-	Nitraat	=	6	mgN/L
OW168900	2025-02-19	     69394	12:17:53	O2	Zuurstof	=	12,44	mg/L
OW168900	2025-02-19	     69394	12:17:53	O2 verz	Zuurstof	=	95,3	%
OW168900	2025-02-19	     69394	12:17:53	oPO4 f	Orthofosfaat	=	0,142	mgP/L
OW168900	2025-02-19	     69394	12:17:53	P t	Fosfor	=	0,29	mgP/L
OW168900	2025-02-19	     69394	12:17:53	PAK 10	Polyaromatische KWS (10 Vrom)	<	145	ng/L
OW168900	2025-02-19	     69394	12:17:53	PAK 6	Polyaromatische KWS (6 Borneff)	<	87	ng/L
OW168900	2025-02-19	     69394	12:17:53	Pb o	Lood	<	1,5	µg/L
OW168900	2025-02-19	     69394	12:17:53	Pb t	Lood	=	3,1	µg/L
OW168900	2025-02-19	     69394	12:17:53	PFAS-43	Som van de 43 PFAS	<	94	ng/L
OW168900	2025-02-19	     69394	12:17:53	PFBA	Perfluorbutaanzuur (PFBA)	<	2,5	ng/L
OW168900	2025-02-19	     69394	12:17:53	PFBS	Perfluorbutaansulfonzuur (PFBS)	<	2,5	ng/L
OW168900	2025-02-19	     69394	12:17:53	PFBSA	Perfluorbutaansulfonamide (PFBSA)	<	2,5	ng/L
OW168900	2025-02-19	     69394	12:17:53	PFDA	Perfluordecaanzuur (PFDA)	<	5	ng/L
OW168900	2025-02-19	     69394	12:17:53	PFDoDA	Perfluordodecaanzuur (PFDoDA)	<	1	ng/L
OW168900	2025-02-19	     69394	12:17:53	PFDS	Perfluordecaansulfonzuur (PFDS)	<	0,5	ng/L
OW168900	2025-02-19	     69394	12:17:53	PFECHS	Perfluor-4-ethylcyclohexaansulfonzuur (PFECHS)	<	0,5	ng/L
OW168900	2025-02-19	     69394	12:17:53	PFHpA	Perfluorheptaanzuur (PFHpA)	<	2,5	ng/L
OW168900	2025-02-19	     69394	12:17:53	PFHpS	Perfluorheptaansulfonzuur (PFHpS)	<	2,5	ng/L
OW168900	2025-02-19	     69394	12:17:53	PFHxA	Perfluorhexaanzuur (PFHxA)	<	5	ng/L
OW168900	2025-02-19	     69394	12:17:53	PFHxS	Perfluorhexaansulfonzuur (PFHxS)	<	2,5	ng/L
OW168900	2025-02-19	     69394	12:17:53	PFHxS totaal	Totaal perfluorhexaansulfonzuur (lineair+vertakt)	<	5	ng/L
OW168900	2025-02-19	     69394	12:17:53	PFHxS vertakt	= PFHxStotaal - PFHxS	<	5	ng/L
OW168900	2025-02-19	     69394	12:17:53	PFHxSA	Perfluorhexaansulfonamide (PFHxSA)	<	0,5	ng/L
OW168900	2025-02-19	     69394	12:17:53	PFNA	Perfluornonaanzuur (PFNA)	<	5	ng/L
OW168900	2025-02-19	     69394	12:17:53	PFNS	Perfluornonaansulfonzuur (PFNS)	<	0,5	ng/L
OW168900	2025-02-19	     69394	12:17:53	PFOA	Perfluoroctaanzuur (PFOA)	<	5	ng/L
OW168900	2025-02-19	     69394	12:17:53	PFOA totaal	Totaal perfluoroctaanzuur (lineair + vertakt)	<	5	ng/L
OW168900	2025-02-19	     69394	12:17:53	PFOA vertakt	= PFOAtotaal - PFOA	<	5	ng/L
OW168900	2025-02-19	     69394	12:17:53	PFOS	Perfluoroctaansulfonzuur (PFOS)	<	2,5	ng/L
OW168900	2025-02-19	     69394	12:17:53	PFOS totaal	Totaal perfluoroctaansulfonzuur (lineair+vertakt)	<	5	ng/L
OW168900	2025-02-19	     69394	12:17:53	PFOS vertakt	= PFOStotaal - PFOS	<	5	ng/L
OW168900	2025-02-19	     69394	12:17:53	PFOSA	Perfluoroctaansulfonamide (PFOSA)	<	0,5	ng/L
OW168900	2025-02-19	     69394	12:17:53	PFOSA totaal	Totaal perfluoroctaansulfonamide (lineair+vertakt)	<	5	ng/L
OW168900	2025-02-19	     69394	12:17:53	PFOSA vertakt	= PFOSAtotaal - PFOSA	<	5	ng/L
OW168900	2025-02-19	     69394	12:17:53	PFPeA	Perfluorpentaanzuur (PFPeA)	<	5	ng/L
OW168900	2025-02-19	     69394	12:17:53	PFPeS	Perfluorpentaansulfonzuur (PFPeS)	<	0,5	ng/L
OW168900	2025-02-19	     69394	12:17:53	PFUnDA	Perfluorundecaanzuur (PFUnDA)	<	2,5	ng/L
OW168900	2025-02-19	     69394	12:17:53	PFUnDS	Perfluor-1-undecaansulfonzuur (PFUnS)	<	5	ng/L
OW168900	2025-02-19	     69394	12:17:53	pH	pH	=	7,84	-
OW168900	2025-02-19	     69394	12:17:53	Pyr	Pyreen	=	26	ng/L
OW168900	2025-02-19	     69394	12:17:53	Sb o	Antimoon	<	1,5	µg/L
OW168900	2025-02-19	     69394	12:17:53	Sb t	Antimoon	<	1,5	µg/L
OW168900	2025-02-19	     69394	12:17:53	Se o	Seleen	<	1,5	µg/L
OW168900	2025-02-19	     69394	12:17:53	Se t	Seleen	<	1,5	µg/L
OW168900	2025-02-19	     69394	12:17:53	SiO2 o	Silicaat	=	14,4	mgSiO2/L
OW168900	2025-02-19	     69394	12:17:53	Sn o	Tin	<	1,5	µg/L
OW168900	2025-02-19	     69394	12:17:53	Sn t	Tin	<	1,5	µg/L
OW168900	2025-02-19	     69394	12:17:53	SO4=	Sulfaat	=	90	mg/L
OW168900	2025-02-19	     69394	12:17:53	T	Temperatuur	=	4,3	°C
OW168900	2025-02-19	     69394	12:17:53	Te o	Telluur	<	2,5	µg/L
OW168900	2025-02-19	     69394	12:17:53	Te t	Telluur	<	2,5	µg/L
OW168900	2025-02-19	     69394	12:17:53	Ti o	Titaan	<	2	µg/L
OW168900	2025-02-19	     69394	12:17:53	Ti t	Titaan	=	18	µg/L
OW168900	2025-02-19	     69394	12:17:53	Tl o	Thallium	<	0,1	µg/L
OW168900	2025-02-19	     69394	12:17:53	Tl t	Thallium	<	0,1	µg/L
OW168900	2025-02-19	     69394	12:17:53	U o	Uranium	=	1,66	µg/L
OW168900	2025-02-19	     69394	12:17:53	U t	Uranium	=	1,69	µg/L
OW168900	2025-02-19	     69394	12:17:53	V o	Vanadium	<	1,5	µg/L
OW168900	2025-02-19	     69394	12:17:53	V t	Vanadium	=	4	µg/L
OW168900	2025-02-19	     69394	12:17:53	Zn o	Zink	<	11	µg/L
OW168900	2025-02-19	     69394	12:17:53	Zn t	Zink	=	30,9	µg/L
OW168900	2025-02-19	     69394	12:17:53	ZS	Zwevende stoffen	=	25,8	mg/L
OW168900	2025-03-12	     75616	11:58:18	Ag o	Zilver	<	0,05	µg/L
OW168900	2025-03-12	     75616	11:58:18	Ag t	Zilver	<	0,05	µg/L
OW168900	2025-03-12	     75616	11:58:18	Al o	Aluminium	<	150	µg/L
OW168900	2025-03-12	     75616	11:58:18	As o	Arseen	=	1,06	µg/L
OW168900	2025-03-12	     75616	11:58:18	As t	Arseen	=	1,47	µg/L
OW168900	2025-03-12	     75616	11:58:18	B o	Boor	=	69	µg/L
OW168900	2025-03-12	     75616	11:58:18	B t	Boor	=	66	µg/L
OW168900	2025-03-12	     75616	11:58:18	Ba o	Barium	=	36	µg/L
OW168900	2025-03-12	     75616	11:58:18	Ba t	Barium	=	43	µg/L
OW168900	2025-03-12	     75616	11:58:18	Be o	Beryllium	<	0,11	µg/L
OW168900	2025-03-12	     75616	11:58:18	Be t	Beryllium	<	0,15	µg/L
OW168900	2025-03-12	     75616	11:58:18	BZV5	Biochemisch zuurstofverbruik na 5d.	=	2,68	mgO2/L
OW168900	2025-03-12	     75616	11:58:18	Ca o	Calcium	=	142000	µg/L
OW168900	2025-03-12	     75616	11:58:18	Cd o	Cadmium	<	0,05	µg/L
OW168900	2025-03-12	     75616	11:58:18	Cd t	Cadmium	<	0,2	µg/L
OW168900	2025-03-12	     75616	11:58:18	Cl-	Chloride	=	61	mg/L
OW168900	2025-03-12	     75616	11:58:18	Co o	Kobalt	=	0,36	µg/L
OW168900	2025-03-12	     75616	11:58:18	Co t	Kobalt	=	0,75	µg/L
OW168900	2025-03-12	     75616	11:58:18	Cr o	Chroom	<	1,5	µg/L
OW168900	2025-03-12	     75616	11:58:18	Cr t	Chroom	=	3,6	µg/L
OW168900	2025-03-12	     75616	11:58:18	Cu o	Koper	<	2	µg/L
OW168900	2025-03-12	     75616	11:58:18	Cu t	Koper	<	4	µg/L
OW168900	2025-03-12	     75616	11:58:18	CZV	Chemisch zuurstofverbruik	=	14,1	mgO2/L
OW168900	2025-03-12	     75616	11:58:18	DOC	Koolstof	=	4,57	mgC/L
OW168900	2025-03-12	     75616	11:58:18	EC 20	Geleidbaarheid (20°C)	=	851	µS/cm
OW168900	2025-03-12	     75616	11:58:18	EC 25	Geleidbaarheid (25°C)	=	932,2705	µS/cm
OW168900	2025-03-12	     75616	11:58:18	Fe o	Ijzer	<	25	µg/L
OW168900	2025-03-12	     75616	11:58:18	Fe t	Ijzer	=	1160	µg/L
OW168900	2025-03-12	     75616	11:58:18	H t	Hardheid	=	40,91666666666666671	°F
OW168900	2025-03-12	     75616	11:58:18	Hg o	Kwik	<	0,025	µg/L
OW168900	2025-03-12	     75616	11:58:18	Hg t	Kwik	<	0,025	µg/L
OW168900	2025-03-12	     75616	11:58:18	K o	Kalium	=	10600	µg/L
OW168900	2025-03-12	     75616	11:58:18	KjN	Kjeldahlstikstof	=	0,81	mgN/L
OW168900	2025-03-12	     75616	11:58:18	Mg o	Magnesium	=	13000	µg/L
OW168900	2025-03-12	     75616	11:58:18	Mn o	Mangaan	=	59	µg/L
OW168900	2025-03-12	     75616	11:58:18	Mn t	Mangaan	=	126	µg/L
OW168900	2025-03-12	     75616	11:58:18	Mo o	Molybdeen	<	3	µg/L
OW168900	2025-03-12	     75616	11:58:18	Mo t	Molybdeen	<	2,5	µg/L
OW168900	2025-03-12	     75616	11:58:18	N t	Stikstof	=	7,2	mgN/L
OW168900	2025-03-12	     75616	11:58:18	N+N	Nitraat+nitriet	=	6,39	mgN/L
OW168900	2025-03-12	     75616	11:58:18	N+N+N	Nitraat+nitriet+ammonium	=	6,774	mgN/L
OW168900	2025-03-12	     75616	11:58:18	Na o	Natrium	=	39000	µg/L
OW168900	2025-03-12	     75616	11:58:18	NH4+	Ammonium	=	0,384	mgN/L
OW168900	2025-03-12	     75616	11:58:18	Ni o	Nikkel	<	3,2	µg/L
OW168900	2025-03-12	     75616	11:58:18	Ni t	Nikkel	=	3,3	µg/L
OW168900	2025-03-12	     75616	11:58:18	NO2-	Nitriet	=	0,09	mgN/L
OW168900	2025-03-12	     75616	11:58:18	NO3-	Nitraat	=	6,3	mgN/L
OW168900	2025-03-12	     75616	11:58:18	O2	Zuurstof	=	11,14	mg/L
OW168900	2025-03-12	     75616	11:58:18	O2 verz	Zuurstof	=	97,3	%
OW168900	2025-03-12	     75616	11:58:18	oPO4 f	Orthofosfaat	=	0,121	mgP/L
OW168900	2025-03-12	     75616	11:58:18	P t	Fosfor	=	0,277	mgP/L
OW168900	2025-03-12	     75616	11:58:18	Pb o	Lood	<	1,5	µg/L
OW168900	2025-03-12	     75616	11:58:18	Pb t	Lood	=	3,2	µg/L
OW168900	2025-03-12	     75616	11:58:18	pH	pH	=	7,9	-
OW168900	2025-03-12	     75616	11:58:18	Sb o	Antimoon	<	1,5	µg/L
OW168900	2025-03-12	     75616	11:58:18	Sb t	Antimoon	<	1,5	µg/L
OW168900	2025-03-12	     75616	11:58:18	Se o	Seleen	<	1,5	µg/L
OW168900	2025-03-12	     75616	11:58:18	Se t	Seleen	<	1,5	µg/L
OW168900	2025-03-12	     75616	11:58:18	SiO2 o	Silicaat	=	13,3	mgSiO2/L
OW168900	2025-03-12	     75616	11:58:18	Sn o	Tin	<	1,5	µg/L
OW168900	2025-03-12	     75616	11:58:18	Sn t	Tin	<	1,5	µg/L
OW168900	2025-03-12	     75616	11:58:18	SO4=	Sulfaat	=	91	mg/L
OW168900	2025-03-12	     75616	11:58:18	T	Temperatuur	=	8,9	°C
OW168900	2025-03-12	     75616	11:58:18	Te o	Telluur	<	2,5	µg/L
OW168900	2025-03-12	     75616	11:58:18	Te t	Telluur	<	2,5	µg/L
OW168900	2025-03-12	     75616	11:58:18	Ti o	Titaan	<	2	µg/L
OW168900	2025-03-12	     75616	11:58:18	Ti t	Titaan	=	14,6	µg/L
OW168900	2025-03-12	     75616	11:58:18	Tl o	Thallium	<	0,1	µg/L
OW168900	2025-03-12	     75616	11:58:18	Tl t	Thallium	<	0,1	µg/L
OW168900	2025-03-12	     75616	11:58:18	U o	Uranium	=	1,52	µg/L
OW168900	2025-03-12	     75616	11:58:18	U t	Uranium	=	1,59	µg/L
OW168900	2025-03-12	     75616	11:58:18	V o	Vanadium	<	1,5	µg/L
OW168900	2025-03-12	     75616	11:58:18	V t	Vanadium	<	3	µg/L
OW168900	2025-03-12	     75616	11:58:18	Zn o	Zink	<	11	µg/L
OW168900	2025-03-12	     75616	11:58:18	Zn t	Zink	=	22,9	µg/L
OW168900	2025-03-12	     75616	11:58:18	ZS	Zwevende stoffen	=	30	mg/L
OW168900	2025-04-09	     80036	12:24:30	10:2 FTS	10:2 fluortelomeersulfonzuur (10:2 FTS)	<	4,8	ng/L
OW168900	2025-04-09	     80036	12:24:30	4:2 FTS	4:2 fluortelomeersulfonzuur (4:2 FTS)	=	7,5	ng/L
OW168900	2025-04-09	     80036	12:24:30	6:2 diPAP	6:2 fluortelomeerfosfaat diester (6:2 diPAP)	<	3,9	ng/L
OW168900	2025-04-09	     80036	12:24:30	6:2 FTS	6:2 fluortelomeersulfonzuur (6:2 FTS)	<	2,2	ng/L
OW168900	2025-04-09	     80036	12:24:30	6:2/8:2 diPAP	6:2/8:2 Fluortelomeerfosfaat diester	<	6,3	ng/L
OW168900	2025-04-09	     80036	12:24:30	8:2 diPAP	8:2 fluortelomeerfosfaat diester (8:2 diPAP)	<	4,8	ng/L
OW168900	2025-04-09	     80036	12:24:30	8:2 FTS	8:2 fluortelomeersulfonzuur (8:2 FTS)	<	4,9	ng/L
OW168900	2025-04-09	     80036	12:24:30	Acenaft	Acenafteen	<	10	ng/L
OW168900	2025-04-09	     80036	12:24:30	Acenaftyl	Acenaftyleen	<	5	ng/L
OW168900	2025-04-09	     80036	12:24:30	Ag o	Zilver	<	0,05	µg/L
OW168900	2025-04-09	     80036	12:24:30	Ag t	Zilver	<	0,05	µg/L
OW168900	2025-04-09	     80036	12:24:30	Al o	Aluminium	<	150	µg/L
OW168900	2025-04-09	     80036	12:24:30	Ant	Anthraceen	<	10	ng/L
OW168900	2025-04-09	     80036	12:24:30	As o	Arseen	=	1,1	µg/L
OW168900	2025-04-09	     80036	12:24:30	As t	Arseen	=	1,62	µg/L
OW168900	2025-04-09	     80036	12:24:30	B o	Boor	=	73	µg/L
OW168900	2025-04-09	     80036	12:24:30	B t	Boor	=	72	µg/L
OW168900	2025-04-09	     80036	12:24:30	B(a)A	Benzo(a)anthraceen	=	12	ng/L
OW168900	2025-04-09	     80036	12:24:30	B(a)P	Benzo(a)pyreen	=	11	ng/L
OW168900	2025-04-09	     80036	12:24:30	B(b)Flu	Benzo(b)fluorantheen	=	14	ng/L
OW168900	2025-04-09	     80036	12:24:30	B(ghi)Pe	Benzo(g,h,i)peryleen	<	10	ng/L
OW168900	2025-04-09	     80036	12:24:30	B(k)Flu	Benzo(k)fluorantheen	<	10	ng/L
OW168900	2025-04-09	     80036	12:24:30	Ba o	Barium	=	34	µg/L
OW168900	2025-04-09	     80036	12:24:30	Ba t	Barium	=	43	µg/L
OW168900	2025-04-09	     80036	12:24:30	Be o	Beryllium	<	0,11	µg/L
OW168900	2025-04-09	     80036	12:24:30	Be t	Beryllium	<	0,15	µg/L
OW168900	2025-04-09	     80036	12:24:30	BFlu som	PAK benzo(b+k)fluorantheen (b)	<	24	ng/L
OW168900	2025-04-09	     80036	12:24:30	BPe + IP som	PAK Benzo(g,h,i)peryleen + Indeno(1,2,3-cd)pyreen	<	20	ng/L
OW168900	2025-04-09	     80036	12:24:30	BZV5	Biochemisch zuurstofverbruik na 5d.	=	4,6	mgO2/L
OW168900	2025-04-09	     80036	12:24:30	Ca o	Calcium	=	136000	µg/L
OW168900	2025-04-09	     80036	12:24:30	Cd o	Cadmium	<	0,05	µg/L
OW168900	2025-04-09	     80036	12:24:30	Cd t	Cadmium	<	0,2	µg/L
OW168900	2025-04-09	     80036	12:24:30	Chr	Chryseen	=	16	ng/L
OW168900	2025-04-09	     80036	12:24:30	Cl-	Chloride	=	64	mg/L
OW168900	2025-04-09	     80036	12:24:30	Co o	Kobalt	=	0,32	µg/L
OW168900	2025-04-09	     80036	12:24:30	Co t	Kobalt	=	0,74	µg/L
OW168900	2025-04-09	     80036	12:24:30	Cr o	Chroom	<	1,5	µg/L
OW168900	2025-04-09	     80036	12:24:30	Cr t	Chroom	=	4,2	µg/L
OW168900	2025-04-09	     80036	12:24:30	Cu o	Koper	<	2	µg/L
OW168900	2025-04-09	     80036	12:24:30	Cu t	Koper	<	4	µg/L
OW168900	2025-04-09	     80036	12:24:30	CZV	Chemisch zuurstofverbruik	=	17,9	mgO2/L
OW168900	2025-04-09	     80036	12:24:30	dBz(ah)An	Dibenzo(a,h)anthraceen	<	5	ng/L
OW168900	2025-04-09	     80036	12:24:30	DOC	Koolstof	=	4,5	mgC/L
OW168900	2025-04-09	     80036	12:24:30	DONA	4,8-dioxa-3H-perfluornonaanzuur (DONA)	<	6	ng/L
OW168900	2025-04-09	     80036	12:24:30	EC 20	Geleidbaarheid (20°C)	=	839	µS/cm
OW168900	2025-04-09	     80036	12:24:30	EC 25	Geleidbaarheid (25°C)	=	919,1245	µS/cm
OW168900	2025-04-09	     80036	12:24:30	EtPFOSA	N-ethylperfluoroctaan-1-sulfonamide (EtPFOSA)	<	2	ng/L
OW168900	2025-04-09	     80036	12:24:30	EtPFOSA totaal	Totaal N-ethylperfluoroctaansulfonamide (lin+vert)	<	2,8	ng/L
OW168900	2025-04-09	     80036	12:24:30	EtPFOSA vertakt	= EtPFOSAtotaal - EtPFOSA	<	2,8	ng/L
OW168900	2025-04-09	     80036	12:24:30	EtPFOSAA	N-ethylperfluoroctaansulfonamidoazijnzuur	<	4,8	ng/L
OW168900	2025-04-09	     80036	12:24:30	Fe o	Ijzer	<	25	µg/L
OW168900	2025-04-09	     80036	12:24:30	Fe t	Ijzer	=	990	µg/L
OW168900	2025-04-09	     80036	12:24:30	Fen	Fenantreen	<	20	ng/L
OW168900	2025-04-09	     80036	12:24:30	Flu	Fluorantheen	=	34	ng/L
OW168900	2025-04-09	     80036	12:24:30	Fluoreen	Fluoreen	<	10	ng/L
OW168900	2025-04-09	     80036	12:24:30	H t	Hardheid	=	39,541666666666666711	°F
OW168900	2025-04-09	     80036	12:24:30	HFPO-DA	2,3,3,3-tetrafluor-2(heptafluorpropoxy)propionzuur	<	2,4	ng/L
OW168900	2025-04-09	     80036	12:24:30	Hg o	Kwik	<	0,025	µg/L
OW168900	2025-04-09	     80036	12:24:30	Hg t	Kwik	<	0,025	µg/L
OW168900	2025-04-09	     80036	12:24:30	IP	Indeno(1,2,3-cd)pyreen	<	10	ng/L
OW168900	2025-04-09	     80036	12:24:30	K o	Kalium	=	10300	µg/L
OW168900	2025-04-09	     80036	12:24:30	KjN	Kjeldahlstikstof	=	1,318	mgN/L
OW168900	2025-04-09	     80036	12:24:30	MePFBSA	N-methylperfluorbutaansulfonamide (MePFBSA)	=	8,9	ng/L
OW168900	2025-04-09	     80036	12:24:30	MePFBSAA	N-methylperfluorbutaansulfonamidoazijnzuur	=	8,5	ng/L
OW168900	2025-04-09	     80036	12:24:30	MePFOSA	N-methylperfluoroctaan-1-sulfonamide (MePFOSA)	<	3,8	ng/L
OW168900	2025-04-09	     80036	12:24:30	MePFOSA totaal	Totaal N-methylperfluoroctaansulfonamide (lin+ver)	<	3,6	ng/L
OW168900	2025-04-09	     80036	12:24:30	MePFOSA vertakt	= MePFOSAtotaal - MePFOSA	<	3,8	ng/L
OW168900	2025-04-09	     80036	12:24:30	MePFOSAA	N-methylperfluoroctaansulfonamidoazijnzuur	<	1,9	ng/L
OW168900	2025-04-09	     80036	12:24:30	Mg o	Magnesium	=	13300	µg/L
OW168900	2025-04-09	     80036	12:24:30	Mn o	Mangaan	=	7,9	µg/L
OW168900	2025-04-09	     80036	12:24:30	Mn t	Mangaan	=	99	µg/L
OW168900	2025-04-09	     80036	12:24:30	Mo o	Molybdeen	<	1,5	µg/L
OW168900	2025-04-09	     80036	12:24:30	Mo t	Molybdeen	<	2,5	µg/L
OW168900	2025-04-09	     80036	12:24:30	N t	Stikstof	=	6,8	mgN/L
OW168900	2025-04-09	     80036	12:24:30	N+N	Nitraat+nitriet	=	5,482	mgN/L
OW168900	2025-04-09	     80036	12:24:30	N+N+N	Nitraat+nitriet+ammonium	<	5,512	mgN/L
OW168900	2025-04-09	     80036	12:24:30	Na o	Natrium	=	41000	µg/L
OW168900	2025-04-09	     80036	12:24:30	Naft	Naftaleen	<	20	ng/L
OW168900	2025-04-09	     80036	12:24:30	NH4+	Ammonium	<	0,03	mgN/L
OW168900	2025-04-09	     80036	12:24:30	Ni o	Nikkel	<	3,2	µg/L
OW168900	2025-04-09	     80036	12:24:30	Ni t	Nikkel	=	3,3	µg/L
OW168900	2025-04-09	     80036	12:24:30	NO2-	Nitriet	=	0,082	mgN/L
OW168900	2025-04-09	     80036	12:24:30	NO3-	Nitraat	=	5,4	mgN/L
OW168900	2025-04-09	     80036	12:24:30	O2	Zuurstof	=	13,05	mg/L
OW168900	2025-04-09	     80036	12:24:30	O2 verz	Zuurstof	=	125,2	%
OW168900	2025-04-09	     80036	12:24:30	oPO4 f	Orthofosfaat	=	0,088	mgP/L
OW168900	2025-04-09	     80036	12:24:30	P t	Fosfor	=	0,28	mgP/L
OW168900	2025-04-09	     80036	12:24:30	PAK 10	Polyaromatische KWS (10 Vrom)	<	153	ng/L
OW168900	2025-04-09	     80036	12:24:30	PAK 6	Polyaromatische KWS (6 Borneff)	<	89	ng/L
OW168900	2025-04-09	     80036	12:24:30	Pb o	Lood	<	1,5	µg/L
OW168900	2025-04-09	     80036	12:24:30	Pb t	Lood	=	3	µg/L
OW168900	2025-04-09	     80036	12:24:30	PFAS-43	Som van de 43 PFAS	<	182,3	ng/L
OW168900	2025-04-09	     80036	12:24:30	PFBA	Perfluorbutaanzuur (PFBA)	<	2,1	ng/L
OW168900	2025-04-09	     80036	12:24:30	PFBS	Perfluorbutaansulfonzuur (PFBS)	<	1,9	ng/L
OW168900	2025-04-09	     80036	12:24:30	PFBSA	Perfluorbutaansulfonamide (PFBSA)	=	3,1	ng/L
OW168900	2025-04-09	     80036	12:24:30	PFDA	Perfluordecaanzuur (PFDA)	<	4,2	ng/L
OW168900	2025-04-09	     80036	12:24:30	PFDoDA	Perfluordodecaanzuur (PFDoDA)	<	3,5	ng/L
OW168900	2025-04-09	     80036	12:24:30	PFDoDS	Perfluordodecaansulfonzuur (PFDoDS)	<	3,9	ng/L
OW168900	2025-04-09	     80036	12:24:30	PFDS	Perfluordecaansulfonzuur (PFDS)	<	3,8	ng/L
OW168900	2025-04-09	     80036	12:24:30	PFECHS	Perfluor-4-ethylcyclohexaansulfonzuur (PFECHS)	<	3,7	ng/L
OW168900	2025-04-09	     80036	12:24:30	PFHpA	Perfluorheptaanzuur (PFHpA)	<	2	ng/L
OW168900	2025-04-09	     80036	12:24:30	PFHpS	Perfluorheptaansulfonzuur (PFHpS)	<	4,3	ng/L
OW168900	2025-04-09	     80036	12:24:30	PFHxA	Perfluorhexaanzuur (PFHxA)	=	4	ng/L
OW168900	2025-04-09	     80036	12:24:30	PFHxDA	Perfluorhexadecaanzuur (PFHxDA)	<	4,8	ng/L
OW168900	2025-04-09	     80036	12:24:30	PFHxS	Perfluorhexaansulfonzuur (PFHxS)	<	3,8	ng/L
OW168900	2025-04-09	     80036	12:24:30	PFHxS totaal	Totaal perfluorhexaansulfonzuur (lineair+vertakt)	<	5,4	ng/L
OW168900	2025-04-09	     80036	12:24:30	PFHxS vertakt	= PFHxStotaal - PFHxS	<	5,4	ng/L
OW168900	2025-04-09	     80036	12:24:30	PFHxSA	Perfluorhexaansulfonamide (PFHxSA)	<	4	ng/L
OW168900	2025-04-09	     80036	12:24:30	PFNA	Perfluornonaanzuur (PFNA)	<	1,4	ng/L
OW168900	2025-04-09	     80036	12:24:30	PFNS	Perfluornonaansulfonzuur (PFNS)	<	4,1	ng/L
OW168900	2025-04-09	     80036	12:24:30	PFOA	Perfluoroctaanzuur (PFOA)	<	2,7	ng/L
OW168900	2025-04-09	     80036	12:24:30	PFOA totaal	Totaal perfluoroctaanzuur (lineair + vertakt)	=	11,3	ng/L
OW168900	2025-04-09	     80036	12:24:30	PFOA vertakt	= PFOAtotaal - PFOA	=	11,3	ng/L
OW168900	2025-04-09	     80036	12:24:30	PFODA	Perfluoroctadecaanzuur (PFODA)	<	7,4	ng/L
OW168900	2025-04-09	     80036	12:24:30	PFOS	Perfluoroctaansulfonzuur (PFOS)	<	3,3	ng/L
OW168900	2025-04-09	     80036	12:24:30	PFOS totaal	Totaal perfluoroctaansulfonzuur (lineair+vertakt)	<	4,4	ng/L
OW168900	2025-04-09	     80036	12:24:30	PFOS vertakt	= PFOStotaal - PFOS	<	4,4	ng/L
OW168900	2025-04-09	     80036	12:24:30	PFOSA	Perfluoroctaansulfonamide (PFOSA)	<	1,7	ng/L
OW168900	2025-04-09	     80036	12:24:30	PFOSA totaal	Totaal perfluoroctaansulfonamide (lineair+vertakt)	<	1,7	ng/L
OW168900	2025-04-09	     80036	12:24:30	PFOSA vertakt	= PFOSAtotaal - PFOSA	<	1,7	ng/L
OW168900	2025-04-09	     80036	12:24:30	PFPeA	Perfluorpentaanzuur (PFPeA)	<	4,5	ng/L
OW168900	2025-04-09	     80036	12:24:30	PFPeS	Perfluorpentaansulfonzuur (PFPeS)	<	3,5	ng/L
OW168900	2025-04-09	     80036	12:24:30	PFTeDA	Perfluortetradecaanzuur (PFTeDA)	<	4,3	ng/L
OW168900	2025-04-09	     80036	12:24:30	PFTrDA	Perfluortridecaanzuur (PFTrDA)	<	4	ng/L
OW168900	2025-04-09	     80036	12:24:30	PFTrDS	Perfluor-1-tridecaansulfonzuur (PFTrS)	<	5	ng/L
OW168900	2025-04-09	     80036	12:24:30	PFUnDA	Perfluorundecaanzuur (PFUnDA)	<	4,7	ng/L
OW168900	2025-04-09	     80036	12:24:30	PFUnDS	Perfluor-1-undecaansulfonzuur (PFUnS)	<	2	ng/L
OW168900	2025-04-09	     80036	12:24:30	pH	pH	=	8,39	-
OW168900	2025-04-09	     80036	12:24:30	Pyr	Pyreen	=	27	ng/L
OW168900	2025-04-09	     80036	12:24:30	Sb o	Antimoon	<	1,5	µg/L
OW168900	2025-04-09	     80036	12:24:30	Sb t	Antimoon	<	1,5	µg/L
OW168900	2025-04-09	     80036	12:24:30	Se o	Seleen	<	1,5	µg/L
OW168900	2025-04-09	     80036	12:24:30	Se t	Seleen	<	1,5	µg/L
OW168900	2025-04-09	     80036	12:24:30	SiO2 o	Silicaat	=	7	mgSiO2/L
OW168900	2025-04-09	     80036	12:24:30	Sn o	Tin	<	1,5	µg/L
OW168900	2025-04-09	     80036	12:24:30	Sn t	Tin	<	1,5	µg/L
OW168900	2025-04-09	     80036	12:24:30	SO4=	Sulfaat	=	86	mg/L
OW168900	2025-04-09	     80036	12:24:30	T	Temperatuur	=	14,1	°C
OW168900	2025-04-09	     80036	12:24:30	Te o	Telluur	<	2,5	µg/L
OW168900	2025-04-09	     80036	12:24:30	Te t	Telluur	<	2,5	µg/L
OW168900	2025-04-09	     80036	12:24:30	Ti o	Titaan	<	2	µg/L
OW168900	2025-04-09	     80036	12:24:30	Ti t	Titaan	=	15	µg/L
OW168900	2025-04-09	     80036	12:24:30	Tl o	Thallium	<	0,1	µg/L
OW168900	2025-04-09	     80036	12:24:30	Tl t	Thallium	<	0,1	µg/L
OW168900	2025-04-09	     80036	12:24:30	U o	Uranium	=	1,32	µg/L
OW168900	2025-04-09	     80036	12:24:30	U t	Uranium	=	1,37	µg/L
OW168900	2025-04-09	     80036	12:24:30	V o	Vanadium	<	1,5	µg/L
OW168900	2025-04-09	     80036	12:24:30	V t	Vanadium	=	3,5	µg/L
OW168900	2025-04-09	     80036	12:24:30	Zn o	Zink	<	11	µg/L
OW168900	2025-04-09	     80036	12:24:30	Zn t	Zink	=	21	µg/L
OW168900	2025-04-09	     80036	12:24:30	ZS	Zwevende stoffen	=	36	mg/L
OW168900	2025-05-07	     86385	12:23:01	10:2 FTS	10:2 fluortelomeersulfonzuur (10:2 FTS)	<	4,8	ng/L
OW168900	2025-05-07	     86385	12:23:01	4:2 FTS	4:2 fluortelomeersulfonzuur (4:2 FTS)	<	3,7	ng/L
OW168900	2025-05-07	     86385	12:23:01	6:2 diPAP	6:2 fluortelomeerfosfaat diester (6:2 diPAP)	<	3,9	ng/L
OW168900	2025-05-07	     86385	12:23:01	6:2 FTS	6:2 fluortelomeersulfonzuur (6:2 FTS)	<	2,2	ng/L
OW168900	2025-05-07	     86385	12:23:01	6:2/8:2 diPAP	6:2/8:2 Fluortelomeerfosfaat diester	<	6,3	ng/L
OW168900	2025-05-07	     86385	12:23:01	8:2 diPAP	8:2 fluortelomeerfosfaat diester (8:2 diPAP)	<	4,8	ng/L
OW168900	2025-05-07	     86385	12:23:01	8:2 FTS	8:2 fluortelomeersulfonzuur (8:2 FTS)	<	4,9	ng/L
OW168900	2025-05-07	     86385	12:23:01	Acenaft	Acenafteen	=	12	ng/L
OW168900	2025-05-07	     86385	12:23:01	Acenaftyl	Acenaftyleen	<	5	ng/L
OW168900	2025-05-07	     86385	12:23:01	Ag o	Zilver	<	0,05	µg/L
OW168900	2025-05-07	     86385	12:23:01	Ag t	Zilver	<	0,05	µg/L
OW168900	2025-05-07	     86385	12:23:01	Al o	Aluminium	<	150	µg/L
OW168900	2025-05-07	     86385	12:23:01	Ant	Anthraceen	<	10	ng/L
OW168900	2025-05-07	     86385	12:23:01	As o	Arseen	=	1,25	µg/L
OW168900	2025-05-07	     86385	12:23:01	As t	Arseen	=	1,76	µg/L
OW168900	2025-05-07	     86385	12:23:01	B o	Boor	=	67	µg/L
OW168900	2025-05-07	     86385	12:23:01	B t	Boor	=	69	µg/L
OW168900	2025-05-07	     86385	12:23:01	B(a)A	Benzo(a)anthraceen	=	13	ng/L
OW168900	2025-05-07	     86385	12:23:01	B(a)P	Benzo(a)pyreen	=	11	ng/L
OW168900	2025-05-07	     86385	12:23:01	B(b)Flu	Benzo(b)fluorantheen	=	15	ng/L
OW168900	2025-05-07	     86385	12:23:01	B(ghi)Pe	Benzo(g,h,i)peryleen	<	10	ng/L
OW168900	2025-05-07	     86385	12:23:01	B(k)Flu	Benzo(k)fluorantheen	<	10	ng/L
OW168900	2025-05-07	     86385	12:23:01	Ba o	Barium	=	34	µg/L
OW168900	2025-05-07	     86385	12:23:01	Ba t	Barium	=	45	µg/L
OW168900	2025-05-07	     86385	12:23:01	Be o	Beryllium	<	0,11	µg/L
OW168900	2025-05-07	     86385	12:23:01	Be t	Beryllium	<	0,15	µg/L
OW168900	2025-05-07	     86385	12:23:01	BFlu som	PAK benzo(b+k)fluorantheen (b)	<	25	ng/L
OW168900	2025-05-07	     86385	12:23:01	BPe + IP som	PAK Benzo(g,h,i)peryleen + Indeno(1,2,3-cd)pyreen	<	20	ng/L
OW168900	2025-05-07	     86385	12:23:01	BZV5	Biochemisch zuurstofverbruik na 5d.	=	2,48	mgO2/L
OW168900	2025-05-07	     86385	12:23:01	Ca o	Calcium	=	131000	µg/L
OW168900	2025-05-07	     86385	12:23:01	Cd o	Cadmium	<	0,05	µg/L
OW168900	2025-05-07	     86385	12:23:01	Cd t	Cadmium	<	0,2	µg/L
OW168900	2025-05-07	     86385	12:23:01	Chr	Chryseen	=	20	ng/L
OW168900	2025-05-07	     86385	12:23:01	Cl-	Chloride	=	68	mg/L
OW168900	2025-05-07	     86385	12:23:01	Co o	Kobalt	=	0,31	µg/L
OW168900	2025-05-07	     86385	12:23:01	Co t	Kobalt	=	0,72	µg/L
OW168900	2025-05-07	     86385	12:23:01	Cr o	Chroom	<	1,5	µg/L
OW168900	2025-05-07	     86385	12:23:01	Cr t	Chroom	=	5	µg/L
OW168900	2025-05-07	     86385	12:23:01	Cu o	Koper	<	2	µg/L
OW168900	2025-05-07	     86385	12:23:01	Cu t	Koper	=	4,7	µg/L
OW168900	2025-05-07	     86385	12:23:01	CZV	Chemisch zuurstofverbruik	=	9,8	mgO2/L
OW168900	2025-05-07	     86385	12:23:01	dBz(ah)An	Dibenzo(a,h)anthraceen	<	5	ng/L
OW168900	2025-05-07	     86385	12:23:01	DOC	Koolstof	=	4,19	mgC/L
OW168900	2025-05-07	     86385	12:23:01	DONA	4,8-dioxa-3H-perfluornonaanzuur (DONA)	<	3	ng/L
OW168900	2025-05-07	     86385	12:23:01	EC 20	Geleidbaarheid (20°C)	=	824	µS/cm
OW168900	2025-05-07	     86385	12:23:01	EC 25	Geleidbaarheid (25°C)	=	902,692	µS/cm
OW168900	2025-05-07	     86385	12:23:01	EtPFOSA	N-ethylperfluoroctaan-1-sulfonamide (EtPFOSA)	<	1	ng/L
OW168900	2025-05-07	     86385	12:23:01	EtPFOSA totaal	Totaal N-ethylperfluoroctaansulfonamide (lin+vert)	<	1,4	ng/L
OW168900	2025-05-07	     86385	12:23:01	EtPFOSA vertakt	= EtPFOSAtotaal - EtPFOSA	<	1,4	ng/L
OW168900	2025-05-07	     86385	12:23:01	EtPFOSAA	N-ethylperfluoroctaansulfonamidoazijnzuur	<	4,8	ng/L
OW168900	2025-05-07	     86385	12:23:01	Fe o	Ijzer	<	12,5	µg/L
OW168900	2025-05-07	     86385	12:23:01	Fe t	Ijzer	=	1110	µg/L
OW168900	2025-05-07	     86385	12:23:01	Fen	Fenantreen	=	21	ng/L
OW168900	2025-05-07	     86385	12:23:01	Flu	Fluorantheen	=	36	ng/L
OW168900	2025-05-07	     86385	12:23:01	Fluoreen	Fluoreen	=	11	ng/L
OW168900	2025-05-07	     86385	12:23:01	H t	Hardheid	=	37,958333333333333375	°F
OW168900	2025-05-07	     86385	12:23:01	HFPO-DA	2,3,3,3-tetrafluor-2(heptafluorpropoxy)propionzuur	<	2,4	ng/L
OW168900	2025-05-07	     86385	12:23:01	Hg o	Kwik	<	0,025	µg/L
OW168900	2025-05-07	     86385	12:23:01	Hg t	Kwik	<	0,025	µg/L
OW168900	2025-05-07	     86385	12:23:01	IP	Indeno(1,2,3-cd)pyreen	<	10	ng/L
OW168900	2025-05-07	     86385	12:23:01	K o	Kalium	=	10800	µg/L
OW168900	2025-05-07	     86385	12:23:01	KjN	Kjeldahlstikstof	=	0,989	mgN/L
OW168900	2025-05-07	     86385	12:23:01	MePFBSA	N-methylperfluorbutaansulfonamide (MePFBSA)	<	4,4	ng/L
OW168900	2025-05-07	     86385	12:23:01	MePFBSAA	N-methylperfluorbutaansulfonamidoazijnzuur	<	4,2	ng/L
OW168900	2025-05-07	     86385	12:23:01	MePFOSA	N-methylperfluoroctaan-1-sulfonamide (MePFOSA)	<	3,8	ng/L
OW168900	2025-05-07	     86385	12:23:01	MePFOSA totaal	Totaal N-methylperfluoroctaansulfonamide (lin+ver)	<	3,6	ng/L
OW168900	2025-05-07	     86385	12:23:01	MePFOSA vertakt	= MePFOSAtotaal - MePFOSA	<	3,8	ng/L
OW168900	2025-05-07	     86385	12:23:01	MePFOSAA	N-methylperfluoroctaansulfonamidoazijnzuur	<	1,9	ng/L
OW168900	2025-05-07	     86385	12:23:01	Mg o	Magnesium	=	12500	µg/L
OW168900	2025-05-07	     86385	12:23:01	Mn o	Mangaan	=	38	µg/L
OW168900	2025-05-07	     86385	12:23:01	Mn t	Mangaan	=	111	µg/L
OW168900	2025-05-07	     86385	12:23:01	Mo o	Molybdeen	<	1,5	µg/L
OW168900	2025-05-07	     86385	12:23:01	Mo t	Molybdeen	<	2,5	µg/L
OW168900	2025-05-07	     86385	12:23:01	N t	Stikstof	=	6,7	mgN/L
OW168900	2025-05-07	     86385	12:23:01	N+N	Nitraat+nitriet	=	5,711	mgN/L
OW168900	2025-05-07	     86385	12:23:01	N+N+N	Nitraat+nitriet+ammonium	<	5,771	mgN/L
OW168900	2025-05-07	     86385	12:23:01	Na o	Natrium	=	42000	µg/L
OW168900	2025-05-07	     86385	12:23:01	Naft	Naftaleen	=	61	ng/L
OW168900	2025-05-07	     86385	12:23:01	NH4+	Ammonium	<	0,06	mgN/L
OW168900	2025-05-07	     86385	12:23:01	Ni o	Nikkel	<	3,2	µg/L
OW168900	2025-05-07	     86385	12:23:01	Ni t	Nikkel	=	3,5	µg/L
OW168900	2025-05-07	     86385	12:23:01	NO2-	Nitriet	=	0,111	mgN/L
OW168900	2025-05-07	     86385	12:23:01	NO3-	Nitraat	=	5,6	mgN/L
OW168900	2025-05-07	     86385	12:23:01	O2	Zuurstof	=	10,87	mg/L
OW168900	2025-05-07	     86385	12:23:01	O2 verz	Zuurstof	=	109,6	%
OW168900	2025-05-07	     86385	12:23:01	oPO4 f	Orthofosfaat	=	0,13	mgP/L
OW168900	2025-05-07	     86385	12:23:01	P t	Fosfor	=	0,307	mgP/L
OW168900	2025-05-07	     86385	12:23:01	PAK 10	Polyaromatische KWS (10 Vrom)	<	202	ng/L
OW168900	2025-05-07	     86385	12:23:01	PAK 6	Polyaromatische KWS (6 Borneff)	<	92	ng/L
OW168900	2025-05-07	     86385	12:23:01	Pb o	Lood	<	1,5	µg/L
OW168900	2025-05-07	     86385	12:23:01	Pb t	Lood	=	3,2	µg/L
OW168900	2025-05-07	     86385	12:23:01	PFAS-43	Som van de 43 PFAS	<	158,7	ng/L
OW168900	2025-05-07	     86385	12:23:01	PFBA	Perfluorbutaanzuur (PFBA)	<	4,2	ng/L
OW168900	2025-05-07	     86385	12:23:01	PFBS	Perfluorbutaansulfonzuur (PFBS)	<	1,9	ng/L
OW168900	2025-05-07	     86385	12:23:01	PFBSA	Perfluorbutaansulfonamide (PFBSA)	<	1,5	ng/L
OW168900	2025-05-07	     86385	12:23:01	PFDA	Perfluordecaanzuur (PFDA)	<	4,2	ng/L
OW168900	2025-05-07	     86385	12:23:01	PFDoDA	Perfluordodecaanzuur (PFDoDA)	<	3,5	ng/L
OW168900	2025-05-07	     86385	12:23:01	PFDoDS	Perfluordodecaansulfonzuur (PFDoDS)	<	3,9	ng/L
OW168900	2025-05-07	     86385	12:23:01	PFDS	Perfluordecaansulfonzuur (PFDS)	<	3,8	ng/L
OW168900	2025-05-07	     86385	12:23:01	PFECHS	Perfluor-4-ethylcyclohexaansulfonzuur (PFECHS)	<	3,7	ng/L
OW168900	2025-05-07	     86385	12:23:01	PFHpA	Perfluorheptaanzuur (PFHpA)	<	2	ng/L
OW168900	2025-05-07	     86385	12:23:01	PFHpS	Perfluorheptaansulfonzuur (PFHpS)	<	4,3	ng/L
OW168900	2025-05-07	     86385	12:23:01	PFHxA	Perfluorhexaanzuur (PFHxA)	<	2	ng/L
OW168900	2025-05-07	     86385	12:23:01	PFHxDA	Perfluorhexadecaanzuur (PFHxDA)	<	4,8	ng/L
OW168900	2025-05-07	     86385	12:23:01	PFHxS	Perfluorhexaansulfonzuur (PFHxS)	<	3,8	ng/L
OW168900	2025-05-07	     86385	12:23:01	PFHxS totaal	Totaal perfluorhexaansulfonzuur (lineair+vertakt)	<	5,4	ng/L
OW168900	2025-05-07	     86385	12:23:01	PFHxS vertakt	= PFHxStotaal - PFHxS	<	5,4	ng/L
OW168900	2025-05-07	     86385	12:23:01	PFHxSA	Perfluorhexaansulfonamide (PFHxSA)	<	4	ng/L
OW168900	2025-05-07	     86385	12:23:01	PFNA	Perfluornonaanzuur (PFNA)	<	1,4	ng/L
OW168900	2025-05-07	     86385	12:23:01	PFNS	Perfluornonaansulfonzuur (PFNS)	<	4,1	ng/L
OW168900	2025-05-07	     86385	12:23:01	PFOA	Perfluoroctaanzuur (PFOA)	<	2,7	ng/L
OW168900	2025-05-07	     86385	12:23:01	PFOA totaal	Totaal perfluoroctaanzuur (lineair + vertakt)	=	6,2	ng/L
OW168900	2025-05-07	     86385	12:23:01	PFOA vertakt	= PFOAtotaal - PFOA	=	6,2	ng/L
OW168900	2025-05-07	     86385	12:23:01	PFODA	Perfluoroctadecaanzuur (PFODA)	<	7,4	ng/L
OW168900	2025-05-07	     86385	12:23:01	PFOS	Perfluoroctaansulfonzuur (PFOS)	<	3,3	ng/L
OW168900	2025-05-07	     86385	12:23:01	PFOS totaal	Totaal perfluoroctaansulfonzuur (lineair+vertakt)	<	4,4	ng/L
OW168900	2025-05-07	     86385	12:23:01	PFOS vertakt	= PFOStotaal - PFOS	<	4,4	ng/L
OW168900	2025-05-07	     86385	12:23:01	PFOSA	Perfluoroctaansulfonamide (PFOSA)	<	1,7	ng/L
OW168900	2025-05-07	     86385	12:23:01	PFOSA totaal	Totaal perfluoroctaansulfonamide (lineair+vertakt)	<	1,7	ng/L
OW168900	2025-05-07	     86385	12:23:01	PFOSA vertakt	= PFOSAtotaal - PFOSA	<	1,7	ng/L
OW168900	2025-05-07	     86385	12:23:01	PFPeA	Perfluorpentaanzuur (PFPeA)	<	4,5	ng/L
OW168900	2025-05-07	     86385	12:23:01	PFPeS	Perfluorpentaansulfonzuur (PFPeS)	<	3,5	ng/L
OW168900	2025-05-07	     86385	12:23:01	PFTeDA	Perfluortetradecaanzuur (PFTeDA)	<	4,3	ng/L
OW168900	2025-05-07	     86385	12:23:01	PFTrDA	Perfluortridecaanzuur (PFTrDA)	<	4	ng/L
OW168900	2025-05-07	     86385	12:23:01	PFTrDS	Perfluor-1-tridecaansulfonzuur (PFTrS)	<	5	ng/L
OW168900	2025-05-07	     86385	12:23:01	PFUnDA	Perfluorundecaanzuur (PFUnDA)	<	4,7	ng/L
OW168900	2025-05-07	     86385	12:23:01	PFUnDS	Perfluor-1-undecaansulfonzuur (PFUnS)	<	2	ng/L
OW168900	2025-05-07	     86385	12:23:01	pH	pH	=	8,15	-
OW168900	2025-05-07	     86385	12:23:01	Pyr	Pyreen	=	29	ng/L
OW168900	2025-05-07	     86385	12:23:01	Sb o	Antimoon	<	1,5	µg/L
OW168900	2025-05-07	     86385	12:23:01	Sb t	Antimoon	<	1,5	µg/L
OW168900	2025-05-07	     86385	12:23:01	Se o	Seleen	<	1,5	µg/L
OW168900	2025-05-07	     86385	12:23:01	Se t	Seleen	<	1,5	µg/L
OW168900	2025-05-07	     86385	12:23:01	SiO2 o	Silicaat	=	7,8	mgSiO2/L
OW168900	2025-05-07	     86385	12:23:01	Sn o	Tin	<	1,5	µg/L
OW168900	2025-05-07	     86385	12:23:01	Sn t	Tin	<	1,5	µg/L
OW168900	2025-05-07	     86385	12:23:01	SO4=	Sulfaat	=	85	mg/L
OW168900	2025-05-07	     86385	12:23:01	T	Temperatuur	=	16,3	°C
OW168900	2025-05-07	     86385	12:23:01	Te o	Telluur	<	2,5	µg/L
OW168900	2025-05-07	     86385	12:23:01	Te t	Telluur	<	2,5	µg/L
OW168900	2025-05-07	     86385	12:23:01	Ti o	Titaan	<	2	µg/L
OW168900	2025-05-07	     86385	12:23:01	Ti t	Titaan	=	17	µg/L
OW168900	2025-05-07	     86385	12:23:01	Tl o	Thallium	<	0,1	µg/L
OW168900	2025-05-07	     86385	12:23:01	Tl t	Thallium	<	0,1	µg/L
OW168900	2025-05-07	     86385	12:23:01	U o	Uranium	=	1,17	µg/L
OW168900	2025-05-07	     86385	12:23:01	U t	Uranium	=	1,25	µg/L
OW168900	2025-05-07	     86385	12:23:01	V o	Vanadium	<	3	µg/L
OW168900	2025-05-07	     86385	12:23:01	V t	Vanadium	=	4	µg/L
OW168900	2025-05-07	     86385	12:23:01	Zn o	Zink	<	11	µg/L
OW168900	2025-05-07	     86385	12:23:01	Zn t	Zink	=	23,1	µg/L
OW168900	2025-05-07	     86385	12:23:01	ZS	Zwevende stoffen	=	28	mg/L
OW168900	2025-06-04	     92421	11:57:33	10:2 FTS	10:2 fluortelomeersulfonzuur (10:2 FTS)	<	5	ng/L
OW168900	2025-06-04	     92421	11:57:33	4:2 FTS	4:2 fluortelomeersulfonzuur (4:2 FTS)	<	5	ng/L
OW168900	2025-06-04	     92421	11:57:33	6:2 diPAP	6:2 fluortelomeerfosfaat diester (6:2 diPAP)	<	40	ng/L
OW168900	2025-06-04	     92421	11:57:33	6:2 FTS	6:2 fluortelomeersulfonzuur (6:2 FTS)	<	5	ng/L
OW168900	2025-06-04	     92421	11:57:33	8:2 FTS	8:2 fluortelomeersulfonzuur (8:2 FTS)	<	2,5	ng/L
OW168900	2025-06-04	     92421	11:57:33	Acenaft	Acenafteen	=	14	ng/L
OW168900	2025-06-04	     92421	11:57:33	Acenaftyl	Acenaftyleen	<	5	ng/L
OW168900	2025-06-04	     92421	11:57:33	Ag o	Zilver	<	0,05	µg/L
OW168900	2025-06-04	     92421	11:57:33	Ag t	Zilver	<	0,05	µg/L
OW168900	2025-06-04	     92421	11:57:33	Al o	Aluminium	<	150	µg/L
OW168900	2025-06-04	     92421	11:57:33	Ant	Anthraceen	<	10	ng/L
OW168900	2025-06-04	     92421	11:57:33	As o	Arseen	=	1,59	µg/L
OW168900	2025-06-04	     92421	11:57:33	As t	Arseen	=	2,44	µg/L
OW168900	2025-06-04	     92421	11:57:33	B o	Boor	=	66	µg/L
OW168900	2025-06-04	     92421	11:57:33	B t	Boor	=	67	µg/L
OW168900	2025-06-04	     92421	11:57:33	B(a)A	Benzo(a)anthraceen	=	15	ng/L
OW168900	2025-06-04	     92421	11:57:33	B(a)P	Benzo(a)pyreen	=	16	ng/L
OW168900	2025-06-04	     92421	11:57:33	B(b)Flu	Benzo(b)fluorantheen	=	25	ng/L
OW168900	2025-06-04	     92421	11:57:33	B(ghi)Pe	Benzo(g,h,i)peryleen	=	16	ng/L
OW168900	2025-06-04	     92421	11:57:33	B(k)Flu	Benzo(k)fluorantheen	=	12	ng/L
OW168900	2025-06-04	     92421	11:57:33	Ba o	Barium	=	35	µg/L
OW168900	2025-06-04	     92421	11:57:33	Ba t	Barium	=	47	µg/L
OW168900	2025-06-04	     92421	11:57:33	Be o	Beryllium	<	0,11	µg/L
OW168900	2025-06-04	     92421	11:57:33	Be t	Beryllium	<	0,15	µg/L
OW168900	2025-06-04	     92421	11:57:33	BFlu som	PAK benzo(b+k)fluorantheen (b)	=	37	ng/L
OW168900	2025-06-04	     92421	11:57:33	BPe + IP som	PAK Benzo(g,h,i)peryleen + Indeno(1,2,3-cd)pyreen	=	33	ng/L
OW168900	2025-06-04	     92421	11:57:33	BZV5	Biochemisch zuurstofverbruik na 5d.	=	2,69	mgO2/L
OW168900	2025-06-04	     92421	11:57:33	Ca o	Calcium	=	128000	µg/L
OW168900	2025-06-04	     92421	11:57:33	Cd o	Cadmium	<	0,05	µg/L
OW168900	2025-06-04	     92421	11:57:33	Cd t	Cadmium	<	0,2	µg/L
OW168900	2025-06-04	     92421	11:57:33	Chr	Chryseen	=	29	ng/L
OW168900	2025-06-04	     92421	11:57:33	Cl-	Chloride	=	72	mg/L
OW168900	2025-06-04	     92421	11:57:33	Co o	Kobalt	=	0,36	µg/L
OW168900	2025-06-04	     92421	11:57:33	Co t	Kobalt	=	1,07	µg/L
OW168900	2025-06-04	     92421	11:57:33	Cr o	Chroom	<	1,5	µg/L
OW168900	2025-06-04	     92421	11:57:33	Cr t	Chroom	=	8	µg/L
OW168900	2025-06-04	     92421	11:57:33	Cu o	Koper	<	2	µg/L
OW168900	2025-06-04	     92421	11:57:33	Cu t	Koper	=	4,9	µg/L
OW168900	2025-06-04	     92421	11:57:33	CZV	Chemisch zuurstofverbruik	=	8,2	mgO2/L
OW168900	2025-06-04	     92421	11:57:33	dBz(ah)An	Dibenzo(a,h)anthraceen	<	10	ng/L
OW168900	2025-06-04	     92421	11:57:33	DOC	Koolstof	=	4,17	mgC/L
OW168900	2025-06-04	     92421	11:57:33	DONA	4,8-dioxa-3H-perfluornonaanzuur (DONA)	<	2,5	ng/L
OW168900	2025-06-04	     92421	11:57:33	EC 20	Geleidbaarheid (20°C)	=	811	µS/cm
OW168900	2025-06-04	     92421	11:57:33	EC 25	Geleidbaarheid (25°C)	=	888,4505	µS/cm
OW168900	2025-06-04	     92421	11:57:33	EtPFOSA	N-ethylperfluoroctaan-1-sulfonamide (EtPFOSA)	<	0,5	ng/L
OW168900	2025-06-04	     92421	11:57:33	EtPFOSA totaal	Totaal N-ethylperfluoroctaansulfonamide (lin+vert)	<	5	ng/L
OW168900	2025-06-04	     92421	11:57:33	EtPFOSA vertakt	= EtPFOSAtotaal - EtPFOSA	<	5	ng/L
OW168900	2025-06-04	     92421	11:57:33	EtPFOSAA	N-ethylperfluoroctaansulfonamidoazijnzuur	<	0,5	ng/L
OW168900	2025-06-04	     92421	11:57:33	Fe o	Ijzer	<	12,5	µg/L
OW168900	2025-06-04	     92421	11:57:33	Fe t	Ijzer	=	1750	µg/L
OW168900	2025-06-04	     92421	11:57:33	Fen	Fenantreen	=	30	ng/L
OW168900	2025-06-04	     92421	11:57:33	Flu	Fluorantheen	=	50	ng/L
OW168900	2025-06-04	     92421	11:57:33	Fluoreen	Fluoreen	=	13	ng/L
OW168900	2025-06-04	     92421	11:57:33	H t	Hardheid	=	37,125000000000000041	°F
OW168900	2025-06-04	     92421	11:57:33	Hg o	Kwik	<	0,025	µg/L
OW168900	2025-06-04	     92421	11:57:33	Hg t	Kwik	<	0,05	µg/L
OW168900	2025-06-04	     92421	11:57:33	IP	Indeno(1,2,3-cd)pyreen	=	17	ng/L
OW168900	2025-06-04	     92421	11:57:33	K o	Kalium	=	11800	µg/L
OW168900	2025-06-04	     92421	11:57:33	KjN	Kjeldahlstikstof	=	0,993	mgN/L
OW168900	2025-06-04	     92421	11:57:33	MePFBSA	N-methylperfluorbutaansulfonamide (MePFBSA)	<	5	ng/L
OW168900	2025-06-04	     92421	11:57:33	MePFBSAA	N-methylperfluorbutaansulfonamidoazijnzuur	<	0,5	ng/L
OW168900	2025-06-04	     92421	11:57:33	MePFOSA	N-methylperfluoroctaan-1-sulfonamide (MePFOSA)	<	2,5	ng/L
OW168900	2025-06-04	     92421	11:57:33	MePFOSA totaal	Totaal N-methylperfluoroctaansulfonamide (lin+ver)	<	5	ng/L
OW168900	2025-06-04	     92421	11:57:33	MePFOSA vertakt	= MePFOSAtotaal - MePFOSA	<	5	ng/L
OW168900	2025-06-04	     92421	11:57:33	MePFOSAA	N-methylperfluoroctaansulfonamidoazijnzuur	<	1	ng/L
OW168900	2025-06-04	     92421	11:57:33	Mg o	Magnesium	=	12300	µg/L
OW168900	2025-06-04	     92421	11:57:33	Mn o	Mangaan	=	78	µg/L
OW168900	2025-06-04	     92421	11:57:33	Mn t	Mangaan	=	199	µg/L
OW168900	2025-06-04	     92421	11:57:33	Mo o	Molybdeen	<	1,5	µg/L
OW168900	2025-06-04	     92421	11:57:33	Mo t	Molybdeen	<	2,5	µg/L
OW168900	2025-06-04	     92421	11:57:33	N t	Stikstof	=	6,6	mgN/L
OW168900	2025-06-04	     92421	11:57:33	N+N	Nitraat+nitriet	=	5,607	mgN/L
OW168900	2025-06-04	     92421	11:57:33	N+N+N	Nitraat+nitriet+ammonium	=	5,919	mgN/L
OW168900	2025-06-04	     92421	11:57:33	Na o	Natrium	=	45000	µg/L
OW168900	2025-06-04	     92421	11:57:33	Naft	Naftaleen	=	40	ng/L
OW168900	2025-06-04	     92421	11:57:33	NH4+	Ammonium	=	0,312	mgN/L
OW168900	2025-06-04	     92421	11:57:33	Ni o	Nikkel	<	3,2	µg/L
OW168900	2025-06-04	     92421	11:57:33	Ni t	Nikkel	=	4	µg/L
OW168900	2025-06-04	     92421	11:57:33	NO2-	Nitriet	=	0,207	mgN/L
OW168900	2025-06-04	     92421	11:57:33	NO3-	Nitraat	=	5,4	mgN/L
OW168900	2025-06-04	     92421	11:57:33	O2	Zuurstof	=	7,57	mg/L
OW168900	2025-06-04	     92421	11:57:33	O2 verz	Zuurstof	=	83	%
OW168900	2025-06-04	     92421	11:57:33	oPO4 f	Orthofosfaat	=	0,204	mgP/L
OW168900	2025-06-04	     92421	11:57:33	P t	Fosfor	=	0,45	mgP/L
OW168900	2025-06-04	     92421	11:57:33	PAK 10	Polyaromatische KWS (10 Vrom)	<	235	ng/L
OW168900	2025-06-04	     92421	11:57:33	PAK 6	Polyaromatische KWS (6 Borneff)	=	136	ng/L
OW168900	2025-06-04	     92421	11:57:33	Pb o	Lood	<	1,5	µg/L
OW168900	2025-06-04	     92421	11:57:33	Pb t	Lood	=	4,8	µg/L
OW168900	2025-06-04	     92421	11:57:33	PFAS-43	Som van de 43 PFAS	<	173	ng/L
OW168900	2025-06-04	     92421	11:57:33	PFBA	Perfluorbutaanzuur (PFBA)	<	2,5	ng/L
OW168900	2025-06-04	     92421	11:57:33	PFBS	Perfluorbutaansulfonzuur (PFBS)	<	2,5	ng/L
OW168900	2025-06-04	     92421	11:57:33	PFBSA	Perfluorbutaansulfonamide (PFBSA)	<	2,5	ng/L
OW168900	2025-06-04	     92421	11:57:33	PFDoDA	Perfluordodecaanzuur (PFDoDA)	<	1	ng/L
OW168900	2025-06-04	     92421	11:57:33	PFDoDS	Perfluordodecaansulfonzuur (PFDoDS)	<	20	ng/L
OW168900	2025-06-04	     92421	11:57:33	PFDS	Perfluordecaansulfonzuur (PFDS)	<	0,5	ng/L
OW168900	2025-06-04	     92421	11:57:33	PFECHS	Perfluor-4-ethylcyclohexaansulfonzuur (PFECHS)	<	0,5	ng/L
OW168900	2025-06-04	     92421	11:57:33	PFHpA	Perfluorheptaanzuur (PFHpA)	<	2,5	ng/L
OW168900	2025-06-04	     92421	11:57:33	PFHpS	Perfluorheptaansulfonzuur (PFHpS)	<	2,5	ng/L
OW168900	2025-06-04	     92421	11:57:33	PFHxA	Perfluorhexaanzuur (PFHxA)	<	2,5	ng/L
OW168900	2025-06-04	     92421	11:57:33	PFHxS	Perfluorhexaansulfonzuur (PFHxS)	<	2,5	ng/L
OW168900	2025-06-04	     92421	11:57:33	PFHxS totaal	Totaal perfluorhexaansulfonzuur (lineair+vertakt)	<	5	ng/L
OW168900	2025-06-04	     92421	11:57:33	PFHxS vertakt	= PFHxStotaal - PFHxS	<	5	ng/L
OW168900	2025-06-04	     92421	11:57:33	PFHxSA	Perfluorhexaansulfonamide (PFHxSA)	<	0,5	ng/L
OW168900	2025-06-04	     92421	11:57:33	PFNA	Perfluornonaanzuur (PFNA)	<	5	ng/L
OW168900	2025-06-04	     92421	11:57:33	PFNS	Perfluornonaansulfonzuur (PFNS)	<	0,5	ng/L
OW168900	2025-06-04	     92421	11:57:33	PFOA	Perfluoroctaanzuur (PFOA)	<	5	ng/L
OW168900	2025-06-04	     92421	11:57:33	PFOA totaal	Totaal perfluoroctaanzuur (lineair + vertakt)	<	5	ng/L
OW168900	2025-06-04	     92421	11:57:33	PFOA vertakt	= PFOAtotaal - PFOA	<	5	ng/L
OW168900	2025-06-04	     92421	11:57:33	PFOS	Perfluoroctaansulfonzuur (PFOS)	<	2,5	ng/L
OW168900	2025-06-04	     92421	11:57:33	PFOS totaal	Totaal perfluoroctaansulfonzuur (lineair+vertakt)	<	5	ng/L
OW168900	2025-06-04	     92421	11:57:33	PFOS vertakt	= PFOStotaal - PFOS	<	5	ng/L
OW168900	2025-06-04	     92421	11:57:33	PFOSA	Perfluoroctaansulfonamide (PFOSA)	<	0,5	ng/L
OW168900	2025-06-04	     92421	11:57:33	PFOSA totaal	Totaal perfluoroctaansulfonamide (lineair+vertakt)	<	5	ng/L
OW168900	2025-06-04	     92421	11:57:33	PFOSA vertakt	= PFOSAtotaal - PFOSA	<	5	ng/L
OW168900	2025-06-04	     92421	11:57:33	PFPeA	Perfluorpentaanzuur (PFPeA)	<	5	ng/L
OW168900	2025-06-04	     92421	11:57:33	PFPeS	Perfluorpentaansulfonzuur (PFPeS)	<	0,5	ng/L
OW168900	2025-06-04	     92421	11:57:33	PFTrDS	Perfluor-1-tridecaansulfonzuur (PFTrS)	<	20	ng/L
OW168900	2025-06-04	     92421	11:57:33	PFUnDA	Perfluorundecaanzuur (PFUnDA)	<	2,5	ng/L
OW168900	2025-06-04	     92421	11:57:33	PFUnDS	Perfluor-1-undecaansulfonzuur (PFUnS)	<	5	ng/L
OW168900	2025-06-04	     92421	11:57:33	pH	pH	=	7,83	-
OW168900	2025-06-04	     92421	11:57:33	Pyr	Pyreen	=	39	ng/L
OW168900	2025-06-04	     92421	11:57:33	Sb o	Antimoon	<	1,5	µg/L
OW168900	2025-06-04	     92421	11:57:33	Sb t	Antimoon	<	1,5	µg/L
OW168900	2025-06-04	     92421	11:57:33	Se o	Seleen	<	1,5	µg/L
OW168900	2025-06-04	     92421	11:57:33	Se t	Seleen	<	1,5	µg/L
OW168900	2025-06-04	     92421	11:57:33	SiO2 o	Silicaat	=	11,4	mgSiO2/L
OW168900	2025-06-04	     92421	11:57:33	Sn o	Tin	<	1,5	µg/L
OW168900	2025-06-04	     92421	11:57:33	Sn t	Tin	<	1,5	µg/L
OW168900	2025-06-04	     92421	11:57:33	SO4=	Sulfaat	=	77	mg/L
OW168900	2025-06-04	     92421	11:57:33	T	Temperatuur	=	19,8	°C
OW168900	2025-06-04	     92421	11:57:33	Te o	Telluur	<	2,5	µg/L
OW168900	2025-06-04	     92421	11:57:33	Te t	Telluur	<	2,5	µg/L
OW168900	2025-06-04	     92421	11:57:33	Ti o	Titaan	<	2	µg/L
OW168900	2025-06-04	     92421	11:57:33	Ti t	Titaan	=	25	µg/L
OW168900	2025-06-04	     92421	11:57:33	Tl o	Thallium	<	0,1	µg/L
OW168900	2025-06-04	     92421	11:57:33	Tl t	Thallium	<	0,1	µg/L
OW168900	2025-06-04	     92421	11:57:33	U o	Uranium	=	1,1	µg/L
OW168900	2025-06-04	     92421	11:57:33	U t	Uranium	=	1,2	µg/L
OW168900	2025-06-04	     92421	11:57:33	V o	Vanadium	<	3	µg/L
OW168900	2025-06-04	     92421	11:57:33	V t	Vanadium	=	5,7	µg/L
OW168900	2025-06-04	     92421	11:57:33	Zn o	Zink	<	11	µg/L
OW168900	2025-06-04	     92421	11:57:33	Zn t	Zink	=	31	µg/L
OW168900	2025-06-04	     92421	11:57:33	ZS	Zwevende stoffen	=	45	mg/L
OW168900	2025-06-06	     95215	11:46:11	EC 20	Geleidbaarheid (20°C)	=	826	µS/cm
OW168900	2025-06-06	     95215	11:46:11	EC 25	Geleidbaarheid (25°C)	=	904,883	µS/cm
OW168900	2025-06-06	     95215	11:46:11	O2	Zuurstof	=	8,68	mg/L
OW168900	2025-06-06	     95215	11:46:11	O2 verz	Zuurstof	=	94,3	%
OW168900	2025-06-06	     95215	11:46:11	pH	pH	=	7,9	-
OW168900	2025-06-06	     95215	11:46:11	T	Temperatuur	=	19,2	°C
OW168900	2025-07-09	     98995	12:04:03	Ag o	Zilver	<	0,05	µg/L
OW168900	2025-07-09	     98995	12:04:03	Ag t	Zilver	<	0,05	µg/L
OW168900	2025-07-09	     98995	12:04:03	Al o	Aluminium	<	150	µg/L
OW168900	2025-07-09	     98995	12:04:03	As o	Arseen	=	1,97	µg/L
OW168900	2025-07-09	     98995	12:04:03	As t	Arseen	=	2,72	µg/L
OW168900	2025-07-09	     98995	12:04:03	B o	Boor	=	68	µg/L
OW168900	2025-07-09	     98995	12:04:03	B t	Boor	=	69	µg/L
OW168900	2025-07-09	     98995	12:04:03	Ba o	Barium	=	27	µg/L
OW168900	2025-07-09	     98995	12:04:03	Ba t	Barium	=	36	µg/L
OW168900	2025-07-09	     98995	12:04:03	Be o	Beryllium	<	0,11	µg/L
OW168900	2025-07-09	     98995	12:04:03	Be t	Beryllium	<	0,15	µg/L
OW168900	2025-07-09	     98995	12:04:03	BZV5	Biochemisch zuurstofverbruik na 5d.	=	2,19	mgO2/L
OW168900	2025-07-09	     98995	12:04:03	Ca o	Calcium	=	103000	µg/L
OW168900	2025-07-09	     98995	12:04:03	Cd o	Cadmium	<	0,05	µg/L
OW168900	2025-07-09	     98995	12:04:03	Cd t	Cadmium	<	0,2	µg/L
OW168900	2025-07-09	     98995	12:04:03	Cl-	Chloride	=	71	mg/L
OW168900	2025-07-09	     98995	12:04:03	Co o	Kobalt	=	0,32	µg/L
OW168900	2025-07-09	     98995	12:04:03	Co t	Kobalt	=	0,76	µg/L
OW168900	2025-07-09	     98995	12:04:03	Cr o	Chroom	<	1,5	µg/L
OW168900	2025-07-09	     98995	12:04:03	Cr t	Chroom	=	4,4	µg/L
OW168900	2025-07-09	     98995	12:04:03	Cu o	Koper	<	2	µg/L
OW168900	2025-07-09	     98995	12:04:03	Cu t	Koper	<	4	µg/L
OW168900	2025-07-09	     98995	12:04:03	CZV	Chemisch zuurstofverbruik	=	12,1	mgO2/L
OW168900	2025-07-09	     98995	12:04:03	DOC	Koolstof	=	4,76	mgC/L
OW168900	2025-07-09	     98995	12:04:03	EC 20	Geleidbaarheid (20°C)	=	735	µS/cm
OW168900	2025-07-09	     98995	12:04:03	EC 25	Geleidbaarheid (25°C)	=	805,1925	µS/cm
OW168900	2025-07-09	     98995	12:04:03	Fe o	Ijzer	<	12,5	µg/L
OW168900	2025-07-09	     98995	12:04:03	Fe t	Ijzer	=	990	µg/L
OW168900	2025-07-09	     98995	12:04:03	H t	Hardheid	=	29,9166666666666667	°F
OW168900	2025-07-09	     98995	12:04:03	Hg o	Kwik	<	0,025	µg/L
OW168900	2025-07-09	     98995	12:04:03	Hg t	Kwik	<	0,05	µg/L
OW168900	2025-07-09	     98995	12:04:03	K o	Kalium	=	14100	µg/L
OW168900	2025-07-09	     98995	12:04:03	KjN	Kjeldahlstikstof	=	1,024	mgN/L
OW168900	2025-07-09	     98995	12:04:03	Mg o	Magnesium	=	10000	µg/L
OW168900	2025-07-09	     98995	12:04:03	Mn o	Mangaan	=	15,9	µg/L
OW168900	2025-07-09	     98995	12:04:03	Mn t	Mangaan	=	94	µg/L
OW168900	2025-07-09	     98995	12:04:03	Mo o	Molybdeen	<	3	µg/L
OW168900	2025-07-09	     98995	12:04:03	Mo t	Molybdeen	=	3	µg/L
OW168900	2025-07-09	     98995	12:04:03	N t	Stikstof	=	4,62	mgN/L
OW168900	2025-07-09	     98995	12:04:03	N+N	Nitraat+nitriet	=	3,596	mgN/L
OW168900	2025-07-09	     98995	12:04:03	N+N+N	Nitraat+nitriet+ammonium	=	3,817	mgN/L
OW168900	2025-07-09	     98995	12:04:03	Na o	Natrium	=	49000	µg/L
OW168900	2025-07-09	     98995	12:04:03	NH4+	Ammonium	=	0,221	mgN/L
OW168900	2025-07-09	     98995	12:04:03	Ni o	Nikkel	<	3,2	µg/L
OW168900	2025-07-09	     98995	12:04:03	Ni t	Nikkel	=	3,4	µg/L
OW168900	2025-07-09	     98995	12:04:03	NO2-	Nitriet	=	0,156	mgN/L
OW168900	2025-07-09	     98995	12:04:03	NO3-	Nitraat	=	3,44	mgN/L
OW168900	2025-07-09	     98995	12:04:03	O2	Zuurstof	=	7,9	mg/L
OW168900	2025-07-09	     98995	12:04:03	O2 verz	Zuurstof	=	89	%
OW168900	2025-07-09	     98995	12:04:03	oPO4 f	Orthofosfaat	=	0,291	mgP/L
OW168900	2025-07-09	     98995	12:04:03	P t	Fosfor	=	0,48	mgP/L
OW168900	2025-07-09	     98995	12:04:03	Pb o	Lood	<	1,5	µg/L
OW168900	2025-07-09	     98995	12:04:03	Pb t	Lood	=	3,2	µg/L
OW168900	2025-07-09	     98995	12:04:03	pH	pH	=	7,93	-
OW168900	2025-07-09	     98995	12:04:03	Sb o	Antimoon	<	1,5	µg/L
OW168900	2025-07-09	     98995	12:04:03	Sb t	Antimoon	<	1,5	µg/L
OW168900	2025-07-09	     98995	12:04:03	Se o	Seleen	<	1,5	µg/L
OW168900	2025-07-09	     98995	12:04:03	Se t	Seleen	<	1,5	µg/L
OW168900	2025-07-09	     98995	12:04:03	SiO2 o	Silicaat	=	2,61	mgSiO2/L
OW168900	2025-07-09	     98995	12:04:03	Sn o	Tin	<	1,5	µg/L
OW168900	2025-07-09	     98995	12:04:03	Sn t	Tin	<	1,5	µg/L
OW168900	2025-07-09	     98995	12:04:03	SO4=	Sulfaat	=	66	mg/L
OW168900	2025-07-09	     98995	12:04:03	T	Temperatuur	=	21,6	°C
OW168900	2025-07-09	     98995	12:04:03	Te o	Telluur	<	2,5	µg/L
OW168900	2025-07-09	     98995	12:04:03	Te t	Telluur	<	2,5	µg/L
OW168900	2025-07-09	     98995	12:04:03	Ti o	Titaan	<	2	µg/L
OW168900	2025-07-09	     98995	12:04:03	Ti t	Titaan	=	16	µg/L
OW168900	2025-07-09	     98995	12:04:03	Tl o	Thallium	<	0,1	µg/L
OW168900	2025-07-09	     98995	12:04:03	Tl t	Thallium	<	0,2	µg/L
OW168900	2025-07-09	     98995	12:04:03	U o	Uranium	=	0,74	µg/L
OW168900	2025-07-09	     98995	12:04:03	U t	Uranium	=	0,83	µg/L
OW168900	2025-07-09	     98995	12:04:03	V o	Vanadium	<	3	µg/L
OW168900	2025-07-09	     98995	12:04:03	V t	Vanadium	=	5,5	µg/L
OW168900	2025-07-09	     98995	12:04:03	Zn o	Zink	<	11	µg/L
OW168900	2025-07-09	     98995	12:04:03	Zn t	Zink	=	17,7	µg/L
OW168900	2025-07-09	     98995	12:04:03	ZS	Zwevende stoffen	=	32	mg/L
OW168900	2025-08-05	     98996	12:15:49	Ag o	Zilver	<	0,05	µg/L
OW168900	2025-08-05	     98996	12:15:49	Ag t	Zilver	<	0,05	µg/L
OW168900	2025-08-05	     98996	12:15:49	Al o	Aluminium	<	150	µg/L
OW168900	2025-08-05	     98996	12:15:49	As o	Arseen	=	1,65	µg/L
OW168900	2025-08-05	     98996	12:15:49	As t	Arseen	=	2,3	µg/L
OW168900	2025-08-05	     98996	12:15:49	B o	Boor	=	61	µg/L
OW168900	2025-08-05	     98996	12:15:49	B t	Boor	=	60	µg/L
OW168900	2025-08-05	     98996	12:15:49	Ba o	Barium	=	30	µg/L
OW168900	2025-08-05	     98996	12:15:49	Ba t	Barium	=	39	µg/L
OW168900	2025-08-05	     98996	12:15:49	Be o	Beryllium	<	0,11	µg/L
OW168900	2025-08-05	     98996	12:15:49	Be t	Beryllium	<	0,15	µg/L
OW168900	2025-08-05	     98996	12:15:49	BZV5	Biochemisch zuurstofverbruik na 5d.	=	3,7	mgO2/L
OW168900	2025-08-05	     98996	12:15:49	Ca o	Calcium	=	98000	µg/L
OW168900	2025-08-05	     98996	12:15:49	Cd o	Cadmium	<	0,05	µg/L
OW168900	2025-08-05	     98996	12:15:49	Cd t	Cadmium	<	0,2	µg/L
OW168900	2025-08-05	     98996	12:15:49	Cl-	Chloride	=	63	mg/L
OW168900	2025-08-05	     98996	12:15:49	Co o	Kobalt	=	0,28	µg/L
OW168900	2025-08-05	     98996	12:15:49	Co t	Kobalt	=	0,78	µg/L
OW168900	2025-08-05	     98996	12:15:49	Cr o	Chroom	<	1,5	µg/L
OW168900	2025-08-05	     98996	12:15:49	Cr t	Chroom	=	5,4	µg/L
OW168900	2025-08-05	     98996	12:15:49	Cu o	Koper	<	2	µg/L
OW168900	2025-08-05	     98996	12:15:49	Cu t	Koper	=	4	µg/L
OW168900	2025-08-05	     98996	12:15:49	CZV	Chemisch zuurstofverbruik	=	12,9	mgO2/L
OW168900	2025-08-05	     98996	12:15:49	DOC	Koolstof	=	4,62	mgC/L
OW168900	2025-08-05	     98996	12:15:49	EC 20	Geleidbaarheid (20°C)	=	683	µS/cm
OW168900	2025-08-05	     98996	12:15:49	EC 25	Geleidbaarheid (25°C)	=	748,2265	µS/cm
OW168900	2025-08-05	     98996	12:15:49	Fe o	Ijzer	<	12,5	µg/L
OW168900	2025-08-05	     98996	12:15:49	Fe t	Ijzer	=	1290	µg/L
OW168900	2025-08-05	     98996	12:15:49	H t	Hardheid	=	28,708333333333333367	°F
OW168900	2025-08-05	     98996	12:15:49	Hg o	Kwik	<	0,025	µg/L
OW168900	2025-08-05	     98996	12:15:49	Hg t	Kwik	<	0,025	µg/L
OW168900	2025-08-05	     98996	12:15:49	K o	Kalium	=	10700	µg/L
OW168900	2025-08-05	     98996	12:15:49	KjN	Kjeldahlstikstof	=	1,504	mgN/L
OW168900	2025-08-05	     98996	12:15:49	Mg o	Magnesium	=	10100	µg/L
OW168900	2025-08-05	     98996	12:15:49	Mn o	Mangaan	=	4,6	µg/L
OW168900	2025-08-05	     98996	12:15:49	Mn t	Mangaan	=	120	µg/L
OW168900	2025-08-05	     98996	12:15:49	Mo o	Molybdeen	<	3	µg/L
OW168900	2025-08-05	     98996	12:15:49	Mo t	Molybdeen	<	2,5	µg/L
OW168900	2025-08-05	     98996	12:15:49	N t	Stikstof	=	4,9	mgN/L
OW168900	2025-08-05	     98996	12:15:49	N+N	Nitraat+nitriet	=	3,396	mgN/L
OW168900	2025-08-05	     98996	12:15:49	N+N+N	Nitraat+nitriet+ammonium	<	3,426	mgN/L
OW168900	2025-08-05	     98996	12:15:49	Na o	Natrium	=	43000	µg/L
OW168900	2025-08-05	     98996	12:15:49	NH4+	Ammonium	<	0,03	mgN/L
OW168900	2025-08-05	     98996	12:15:49	Ni o	Nikkel	<	3,2	µg/L
OW168900	2025-08-05	     98996	12:15:49	Ni t	Nikkel	=	3,4	µg/L
OW168900	2025-08-05	     98996	12:15:49	NO2-	Nitriet	=	0,096	mgN/L
OW168900	2025-08-05	     98996	12:15:49	NO3-	Nitraat	=	3,3	mgN/L
OW168900	2025-08-05	     98996	12:15:49	O2	Zuurstof	=	10,27	mg/L
OW168900	2025-08-05	     98996	12:15:49	O2 verz	Zuurstof	=	116	%
OW168900	2025-08-05	     98996	12:15:49	oPO4 f	Orthofosfaat	=	0,185	mgP/L
OW168900	2025-08-05	     98996	12:15:49	P t	Fosfor	=	0,45	mgP/L
OW168900	2025-08-05	     98996	12:15:49	Pb o	Lood	<	1,5	µg/L
OW168900	2025-08-05	     98996	12:15:49	Pb t	Lood	=	4,1	µg/L
OW168900	2025-08-05	     98996	12:15:49	pH	pH	=	8,28	-
OW168900	2025-08-05	     98996	12:15:49	Sb o	Antimoon	<	1,5	µg/L
OW168900	2025-08-05	     98996	12:15:49	Sb t	Antimoon	<	1,5	µg/L
OW168900	2025-08-05	     98996	12:15:49	Se o	Seleen	<	1,5	µg/L
OW168900	2025-08-05	     98996	12:15:49	Se t	Seleen	<	1,5	µg/L
OW168900	2025-08-05	     98996	12:15:49	SiO2 o	Silicaat	<	0,52	mgSiO2/L
OW168900	2025-08-05	     98996	12:15:49	Sn o	Tin	<	1,5	µg/L
OW168900	2025-08-05	     98996	12:15:49	Sn t	Tin	<	1,5	µg/L
OW168900	2025-08-05	     98996	12:15:49	SO4=	Sulfaat	=	67	mg/L
OW168900	2025-08-05	     98996	12:15:49	T	Temperatuur	=	21,5	°C
OW168900	2025-08-05	     98996	12:15:49	Te o	Telluur	<	2,5	µg/L
OW168900	2025-08-05	     98996	12:15:49	Te t	Telluur	<	2,5	µg/L
OW168900	2025-08-05	     98996	12:15:49	Ti o	Titaan	<	2	µg/L
OW168900	2025-08-05	     98996	12:15:49	Ti t	Titaan	=	22	µg/L
OW168900	2025-08-05	     98996	12:15:49	Tl o	Thallium	<	0,1	µg/L
OW168900	2025-08-05	     98996	12:15:49	Tl t	Thallium	<	0,1	µg/L
OW168900	2025-08-05	     98996	12:15:49	U o	Uranium	=	0,76	µg/L
OW168900	2025-08-05	     98996	12:15:49	U t	Uranium	=	0,84	µg/L
OW168900	2025-08-05	     98996	12:15:49	V o	Vanadium	<	3	µg/L
OW168900	2025-08-05	     98996	12:15:49	V t	Vanadium	=	5,4	µg/L
OW168900	2025-08-05	     98996	12:15:49	Zn o	Zink	<	11	µg/L
OW168900	2025-08-05	     98996	12:15:49	Zn t	Zink	=	22,3	µg/L
OW168900	2025-08-05	     98996	12:15:49	ZS	Zwevende stoffen	=	51	mg/L
OW168900	2025-09-10	    121172	12:16:48	10:2 FTS	10:2 fluortelomeersulfonzuur (10:2 FTS)	<	5	ng/L
OW168900	2025-09-10	    121172	12:16:48	4:2 FTS	4:2 fluortelomeersulfonzuur (4:2 FTS)	<	5	ng/L
OW168900	2025-09-10	    121172	12:16:48	6:2 FTS	6:2 fluortelomeersulfonzuur (6:2 FTS)	<	5	ng/L
OW168900	2025-09-10	    121172	12:16:48	8:2 FTS	8:2 fluortelomeersulfonzuur (8:2 FTS)	<	1	ng/L
OW168900	2025-09-10	    121172	12:16:48	Acenaft	Acenafteen	=	12	ng/L
OW168900	2025-09-10	    121172	12:16:48	Acenaftyl	Acenaftyleen	<	10	ng/L
OW168900	2025-09-10	    121172	12:16:48	Ag o	Zilver	<	0,05	µg/L
OW168900	2025-09-10	    121172	12:16:48	Ag t	Zilver	<	0,05	µg/L
OW168900	2025-09-10	    121172	12:16:48	Al o	Aluminium	<	150	µg/L
OW168900	2025-09-10	    121172	12:16:48	Ant	Anthraceen	<	10	ng/L
OW168900	2025-09-10	    121172	12:16:48	As o	Arseen	=	1,76	µg/L
OW168900	2025-09-10	    121172	12:16:48	As t	Arseen	=	2,88	µg/L
OW168900	2025-09-10	    121172	12:16:48	B o	Boor	=	79	µg/L
OW168900	2025-09-10	    121172	12:16:48	B t	Boor	=	79	µg/L
OW168900	2025-09-10	    121172	12:16:48	B(a)A	Benzo(a)anthraceen	=	14	ng/L
OW168900	2025-09-10	    121172	12:16:48	B(a)P	Benzo(a)pyreen	=	17	ng/L
OW168900	2025-09-10	    121172	12:16:48	B(b)Flu	Benzo(b)fluorantheen	=	25	ng/L
OW168900	2025-09-10	    121172	12:16:48	B(ghi)Pe	Benzo(g,h,i)peryleen	=	19	ng/L
OW168900	2025-09-10	    121172	12:16:48	B(k)Flu	Benzo(k)fluorantheen	=	12	ng/L
OW168900	2025-09-10	    121172	12:16:48	Ba o	Barium	=	35	µg/L
OW168900	2025-09-10	    121172	12:16:48	Ba t	Barium	=	47	µg/L
OW168900	2025-09-10	    121172	12:16:48	Be o	Beryllium	<	0,11	µg/L
OW168900	2025-09-10	    121172	12:16:48	Be t	Beryllium	<	0,15	µg/L
OW168900	2025-09-10	    121172	12:16:48	BFlu som	PAK benzo(b+k)fluorantheen (b)	=	37	ng/L
OW168900	2025-09-10	    121172	12:16:48	BPe + IP som	PAK Benzo(g,h,i)peryleen + Indeno(1,2,3-cd)pyreen	=	35	ng/L
OW168900	2025-09-10	    121172	12:16:48	BZV5	Biochemisch zuurstofverbruik na 5d.	=	3	mgO2/L
OW168900	2025-09-10	    121172	12:16:48	Ca o	Calcium	=	118000	µg/L
OW168900	2025-09-10	    121172	12:16:48	Cd o	Cadmium	<	0,05	µg/L
OW168900	2025-09-10	    121172	12:16:48	Cd t	Cadmium	<	0,2	µg/L
OW168900	2025-09-10	    121172	12:16:48	Chr	Chryseen	=	27	ng/L
OW168900	2025-09-10	    121172	12:16:48	Cl-	Chloride	=	93	mg/L
OW168900	2025-09-10	    121172	12:16:48	Co o	Kobalt	=	0,38	µg/L
OW168900	2025-09-10	    121172	12:16:48	Co t	Kobalt	=	1,29	µg/L
OW168900	2025-09-10	    121172	12:16:48	Cr o	Chroom	<	1,5	µg/L
OW168900	2025-09-10	    121172	12:16:48	Cr t	Chroom	=	6,8	µg/L
OW168900	2025-09-10	    121172	12:16:48	Cu o	Koper	<	2	µg/L
OW168900	2025-09-10	    121172	12:16:48	Cu t	Koper	=	5,2	µg/L
OW168900	2025-09-10	    121172	12:16:48	CZV	Chemisch zuurstofverbruik	=	23,7	mgO2/L
OW168900	2025-09-10	    121172	12:16:48	dBz(ah)An	Dibenzo(a,h)anthraceen	<	5	ng/L
OW168900	2025-09-10	    121172	12:16:48	DOC	Koolstof	=	4,41	mgC/L
OW168900	2025-09-10	    121172	12:16:48	DONA	4,8-dioxa-3H-perfluornonaanzuur (DONA)	<	2,5	ng/L
OW168900	2025-09-10	    121172	12:16:48	EC 20	Geleidbaarheid (20°C)	=	881	µS/cm
OW168900	2025-09-10	    121172	12:16:48	EC 25	Geleidbaarheid (25°C)	=	965,1355	µS/cm
OW168900	2025-09-10	    121172	12:16:48	EtPFOSA	N-ethylperfluoroctaan-1-sulfonamide (EtPFOSA)	<	0,5	ng/L
OW168900	2025-09-10	    121172	12:16:48	EtPFOSA totaal	Totaal N-ethylperfluoroctaansulfonamide (lin+vert)	<	5	ng/L
OW168900	2025-09-10	    121172	12:16:48	EtPFOSA vertakt	= EtPFOSAtotaal - EtPFOSA	<	5	ng/L
OW168900	2025-09-10	    121172	12:16:48	EtPFOSAA	N-ethylperfluoroctaansulfonamidoazijnzuur	<	1	ng/L
OW168900	2025-09-10	    121172	12:16:48	Fe o	Ijzer	<	12,5	µg/L
OW168900	2025-09-10	    121172	12:16:48	Fe t	Ijzer	=	1950	µg/L
OW168900	2025-09-10	    121172	12:16:48	Fen	Fenantreen	=	29	ng/L
OW168900	2025-09-10	    121172	12:16:48	Flu	Fluorantheen	=	46	ng/L
OW168900	2025-09-10	    121172	12:16:48	Fluoreen	Fluoreen	<	10	ng/L
OW168900	2025-09-10	    121172	12:16:48	H t	Hardheid	=	35,083333333333333378	°F
OW168900	2025-09-10	    121172	12:16:48	HFPO-DA	2,3,3,3-tetrafluor-2(heptafluorpropoxy)propionzuur	<	0,5	ng/L
OW168900	2025-09-10	    121172	12:16:48	Hg o	Kwik	<	0,025	µg/L
OW168900	2025-09-10	    121172	12:16:48	Hg t	Kwik	<	0,05	µg/L
OW168900	2025-09-10	    121172	12:16:48	IP	Indeno(1,2,3-cd)pyreen	=	16	ng/L
OW168900	2025-09-10	    121172	12:16:48	K o	Kalium	=	16400	µg/L
OW168900	2025-09-10	    121172	12:16:48	KjN	Kjeldahlstikstof	=	1,3609	mgN/L
OW168900	2025-09-10	    121172	12:16:48	MePFOSA	N-methylperfluoroctaan-1-sulfonamide (MePFOSA)	<	2,5	ng/L
OW168900	2025-09-10	    121172	12:16:48	MePFOSA totaal	Totaal N-methylperfluoroctaansulfonamide (lin+ver)	<	5	ng/L
OW168900	2025-09-10	    121172	12:16:48	MePFOSA vertakt	= MePFOSAtotaal - MePFOSA	<	5	ng/L
OW168900	2025-09-10	    121172	12:16:48	MePFOSAA	N-methylperfluoroctaansulfonamidoazijnzuur	<	0,5	ng/L
OW168900	2025-09-10	    121172	12:16:48	Mg o	Magnesium	=	13400	µg/L
OW168900	2025-09-10	    121172	12:16:48	Mn o	Mangaan	=	3,3	µg/L
OW168900	2025-09-10	    121172	12:16:48	Mn t	Mangaan	=	121	µg/L
OW168900	2025-09-10	    121172	12:16:48	Mo o	Molybdeen	<	3	µg/L
OW168900	2025-09-10	    121172	12:16:48	Mo t	Molybdeen	<	2,5	µg/L
OW168900	2025-09-10	    121172	12:16:48	N t	Stikstof	=	5,1	mgN/L
OW168900	2025-09-10	    121172	12:16:48	N+N	Nitraat+nitriet	=	3,7391	mgN/L
OW168900	2025-09-10	    121172	12:16:48	N+N+N	Nitraat+nitriet+ammonium	<	3,7691	mgN/L
OW168900	2025-09-10	    121172	12:16:48	Na o	Natrium	=	62000	µg/L
OW168900	2025-09-10	    121172	12:16:48	Naft	Naftaleen	<	20	ng/L
OW168900	2025-09-10	    121172	12:16:48	NH4+	Ammonium	<	0,03	mgN/L
OW168900	2025-09-10	    121172	12:16:48	Ni o	Nikkel	<	3,2	µg/L
OW168900	2025-09-10	    121172	12:16:48	Ni t	Nikkel	=	4,3	µg/L
OW168900	2025-09-10	    121172	12:16:48	NO2-	Nitriet	=	0,0591	mgN/L
OW168900	2025-09-10	    121172	12:16:48	NO3-	Nitraat	=	3,68	mgN/L
OW168900	2025-09-10	    121172	12:16:48	O2	Zuurstof	=	9,6	mg/L
OW168900	2025-09-10	    121172	12:16:48	O2 verz	Zuurstof	=	106,6	%
OW168900	2025-09-10	    121172	12:16:48	oPO4 f	Orthofosfaat	=	0,186	mgP/L
OW168900	2025-09-10	    121172	12:16:48	P t	Fosfor	=	0,47	mgP/L
OW168900	2025-09-10	    121172	12:16:48	PAK 10	Polyaromatische KWS (10 Vrom)	<	210	ng/L
OW168900	2025-09-10	    121172	12:16:48	PAK 6	Polyaromatische KWS (6 Borneff)	=	135	ng/L
OW168900	2025-09-10	    121172	12:16:48	Pb o	Lood	<	1,5	µg/L
OW168900	2025-09-10	    121172	12:16:48	Pb t	Lood	=	5,5	µg/L
OW168900	2025-09-10	    121172	12:16:48	PFAS-43	Som van de 43 PFAS	<	113,4	ng/L
OW168900	2025-09-10	    121172	12:16:48	PFBA	Perfluorbutaanzuur (PFBA)	<	2,5	ng/L
OW168900	2025-09-10	    121172	12:16:48	PFBS	Perfluorbutaansulfonzuur (PFBS)	<	5	ng/L
OW168900	2025-09-10	    121172	12:16:48	PFBSA	Perfluorbutaansulfonamide (PFBSA)	<	2,5	ng/L
OW168900	2025-09-10	    121172	12:16:48	PFDA	Perfluordecaanzuur (PFDA)	<	5	ng/L
OW168900	2025-09-10	    121172	12:16:48	PFDoDA	Perfluordodecaanzuur (PFDoDA)	<	1	ng/L
OW168900	2025-09-10	    121172	12:16:48	PFDoDS	Perfluordodecaansulfonzuur (PFDoDS)	<	5	ng/L
OW168900	2025-09-10	    121172	12:16:48	PFDS	Perfluordecaansulfonzuur (PFDS)	<	0,5	ng/L
OW168900	2025-09-10	    121172	12:16:48	PFECHS	Perfluor-4-ethylcyclohexaansulfonzuur (PFECHS)	<	0,5	ng/L
OW168900	2025-09-10	    121172	12:16:48	PFHpA	Perfluorheptaanzuur (PFHpA)	<	2,5	ng/L
OW168900	2025-09-10	    121172	12:16:48	PFHpS	Perfluorheptaansulfonzuur (PFHpS)	<	2,5	ng/L
OW168900	2025-09-10	    121172	12:16:48	PFHxA	Perfluorhexaanzuur (PFHxA)	=	6,9	ng/L
OW168900	2025-09-10	    121172	12:16:48	PFHxS	Perfluorhexaansulfonzuur (PFHxS)	<	2,5	ng/L
OW168900	2025-09-10	    121172	12:16:48	PFHxS totaal	Totaal perfluorhexaansulfonzuur (lineair+vertakt)	<	5	ng/L
OW168900	2025-09-10	    121172	12:16:48	PFHxS vertakt	= PFHxStotaal - PFHxS	<	5	ng/L
OW168900	2025-09-10	    121172	12:16:48	PFHxSA	Perfluorhexaansulfonamide (PFHxSA)	<	0,5	ng/L
OW168900	2025-09-10	    121172	12:16:48	PFNA	Perfluornonaanzuur (PFNA)	<	5	ng/L
OW168900	2025-09-10	    121172	12:16:48	PFNS	Perfluornonaansulfonzuur (PFNS)	<	0,5	ng/L
OW168900	2025-09-10	    121172	12:16:48	PFOA	Perfluoroctaanzuur (PFOA)	<	5	ng/L
OW168900	2025-09-10	    121172	12:16:48	PFOA totaal	Totaal perfluoroctaanzuur (lineair + vertakt)	<	5	ng/L
OW168900	2025-09-10	    121172	12:16:48	PFOA vertakt	= PFOAtotaal - PFOA	<	5	ng/L
OW168900	2025-09-10	    121172	12:16:48	PFOS	Perfluoroctaansulfonzuur (PFOS)	<	2,5	ng/L
OW168900	2025-09-10	    121172	12:16:48	PFOS totaal	Totaal perfluoroctaansulfonzuur (lineair+vertakt)	<	10	ng/L
OW168900	2025-09-10	    121172	12:16:48	PFOS vertakt	= PFOStotaal - PFOS	<	10	ng/L
OW168900	2025-09-10	    121172	12:16:48	PFOSA	Perfluoroctaansulfonamide (PFOSA)	<	0,5	ng/L
OW168900	2025-09-10	    121172	12:16:48	PFOSA totaal	Totaal perfluoroctaansulfonamide (lineair+vertakt)	<	5	ng/L
OW168900	2025-09-10	    121172	12:16:48	PFOSA vertakt	= PFOSAtotaal - PFOSA	<	5	ng/L
OW168900	2025-09-10	    121172	12:16:48	PFPeA	Perfluorpentaanzuur (PFPeA)	<	5	ng/L
OW168900	2025-09-10	    121172	12:16:48	PFPeS	Perfluorpentaansulfonzuur (PFPeS)	<	0,5	ng/L
OW168900	2025-09-10	    121172	12:16:48	PFTrDA	Perfluortridecaanzuur (PFTrDA)	<	5	ng/L
OW168900	2025-09-10	    121172	12:16:48	PFUnDA	Perfluorundecaanzuur (PFUnDA)	<	2,5	ng/L
OW168900	2025-09-10	    121172	12:16:48	PFUnDS	Perfluor-1-undecaansulfonzuur (PFUnS)	<	5	ng/L
OW168900	2025-09-10	    121172	12:16:48	pH	pH	=	8,25	-
OW168900	2025-09-10	    121172	12:16:48	Pyr	Pyreen	=	35	ng/L
OW168900	2025-09-10	    121172	12:16:48	Sb o	Antimoon	<	1,5	µg/L
OW168900	2025-09-10	    121172	12:16:48	Sb t	Antimoon	<	1,5	µg/L
OW168900	2025-09-10	    121172	12:16:48	Se o	Seleen	<	1,5	µg/L
OW168900	2025-09-10	    121172	12:16:48	Se t	Seleen	<	1,5	µg/L
OW168900	2025-09-10	    121172	12:16:48	SiO2 o	Silicaat	=	1,11	mgSiO2/L
OW168900	2025-09-10	    121172	12:16:48	Sn o	Tin	<	1,5	µg/L
OW168900	2025-09-10	    121172	12:16:48	Sn t	Tin	<	1,5	µg/L
OW168900	2025-09-10	    121172	12:16:48	SO4=	Sulfaat	=	90	mg/L
OW168900	2025-09-10	    121172	12:16:48	T	Temperatuur	=	20,2	°C
OW168900	2025-09-10	    121172	12:16:48	Te o	Telluur	<	2,5	µg/L
OW168900	2025-09-10	    121172	12:16:48	Te t	Telluur	<	2,5	µg/L
OW168900	2025-09-10	    121172	12:16:48	Ti o	Titaan	<	2	µg/L
OW168900	2025-09-10	    121172	12:16:48	Ti t	Titaan	=	29	µg/L
OW168900	2025-09-10	    121172	12:16:48	Tl o	Thallium	<	0,1	µg/L
OW168900	2025-09-10	    121172	12:16:48	Tl t	Thallium	<	0,1	µg/L
OW168900	2025-09-10	    121172	12:16:48	U o	Uranium	=	1,06	µg/L
OW168900	2025-09-10	    121172	12:16:48	U t	Uranium	=	1,13	µg/L
OW168900	2025-09-10	    121172	12:16:48	V o	Vanadium	<	3	µg/L
OW168900	2025-09-10	    121172	12:16:48	V t	Vanadium	=	7,7	µg/L
OW168900	2025-09-10	    121172	12:16:48	Zn o	Zink	<	11	µg/L
OW168900	2025-09-10	    121172	12:16:48	Zn t	Zink	=	28,8	µg/L
OW168900	2025-09-10	    121172	12:16:48	ZS	Zwevende stoffen	=	64	mg/L
OW168900	2025-10-15	    128412	11:43:52	10:2 FTS	10:2 fluortelomeersulfonzuur (10:2 FTS)	<	4,8	ng/L
OW168900	2025-10-15	    128412	11:43:52	4:2 FTS	4:2 fluortelomeersulfonzuur (4:2 FTS)	<	3,7	ng/L
OW168900	2025-10-15	    128412	11:43:52	6:2 diPAP	6:2 fluortelomeerfosfaat diester (6:2 diPAP)	<	3,9	ng/L
OW168900	2025-10-15	    128412	11:43:52	6:2 FTS	6:2 fluortelomeersulfonzuur (6:2 FTS)	<	2,2	ng/L
OW168900	2025-10-15	    128412	11:43:52	6:2/8:2 diPAP	6:2/8:2 Fluortelomeerfosfaat diester	<	6,3	ng/L
OW168900	2025-10-15	    128412	11:43:52	8:2 diPAP	8:2 fluortelomeerfosfaat diester (8:2 diPAP)	<	4,8	ng/L
OW168900	2025-10-15	    128412	11:43:52	8:2 FTS	8:2 fluortelomeersulfonzuur (8:2 FTS)	<	4,9	ng/L
OW168900	2025-10-15	    128412	11:43:52	Acenaft	Acenafteen	=	13	ng/L
OW168900	2025-10-15	    128412	11:43:52	Acenaftyl	Acenaftyleen	<	10	ng/L
OW168900	2025-10-15	    128412	11:43:52	Ag o	Zilver	<	0,05	µg/L
OW168900	2025-10-15	    128412	11:43:52	Ag t	Zilver	<	0,1	µg/L
OW168900	2025-10-15	    128412	11:43:52	Al o	Aluminium	<	150	µg/L
OW168900	2025-10-15	    128412	11:43:52	Ant	Anthraceen	=	13	ng/L
OW168900	2025-10-15	    128412	11:43:52	As o	Arseen	=	1,37	µg/L
OW168900	2025-10-15	    128412	11:43:52	As t	Arseen	=	2,85	µg/L
OW168900	2025-10-15	    128412	11:43:52	B o	Boor	=	78	µg/L
OW168900	2025-10-15	    128412	11:43:52	B t	Boor	=	84	µg/L
OW168900	2025-10-15	    128412	11:43:52	B(a)A	Benzo(a)anthraceen	=	28	ng/L
OW168900	2025-10-15	    128412	11:43:52	B(a)P	Benzo(a)pyreen	=	31	ng/L
OW168900	2025-10-15	    128412	11:43:52	B(b)Flu	Benzo(b)fluorantheen	=	34	ng/L
OW168900	2025-10-15	    128412	11:43:52	B(ghi)Pe	Benzo(g,h,i)peryleen	=	21	ng/L
OW168900	2025-10-15	    128412	11:43:52	B(k)Flu	Benzo(k)fluorantheen	=	17	ng/L
OW168900	2025-10-15	    128412	11:43:52	Ba o	Barium	=	33	µg/L
OW168900	2025-10-15	    128412	11:43:52	Ba t	Barium	=	49	µg/L
OW168900	2025-10-15	    128412	11:43:52	Be o	Beryllium	<	0,11	µg/L
OW168900	2025-10-15	    128412	11:43:52	Be t	Beryllium	<	0,15	µg/L
OW168900	2025-10-15	    128412	11:43:52	BFlu som	PAK benzo(b+k)fluorantheen (b)	=	51	ng/L
OW168900	2025-10-15	    128412	11:43:52	BPe + IP som	PAK Benzo(g,h,i)peryleen + Indeno(1,2,3-cd)pyreen	=	43	ng/L
OW168900	2025-10-15	    128412	11:43:52	BZV5	Biochemisch zuurstofverbruik na 5d.	=	3	mgO2/L
OW168900	2025-10-15	    128412	11:43:52	Ca o	Calcium	=	112000	µg/L
OW168900	2025-10-15	    128412	11:43:52	Cd o	Cadmium	<	0,05	µg/L
OW168900	2025-10-15	    128412	11:43:52	Cd t	Cadmium	=	0,29	µg/L
OW168900	2025-10-15	    128412	11:43:52	Chr	Chryseen	=	36	ng/L
OW168900	2025-10-15	    128412	11:43:52	Cl-	Chloride	=	89	mg/L
OW168900	2025-10-15	    128412	11:43:52	Co o	Kobalt	=	0,29	µg/L
OW168900	2025-10-15	    128412	11:43:52	Co t	Kobalt	=	1,62	µg/L
OW168900	2025-10-15	    128412	11:43:52	Cr o	Chroom	<	1,5	µg/L
OW168900	2025-10-15	    128412	11:43:52	Cr t	Chroom	=	11,3	µg/L
OW168900	2025-10-15	    128412	11:43:52	Cu o	Koper	<	2	µg/L
OW168900	2025-10-15	    128412	11:43:52	Cu t	Koper	=	6,7	µg/L
OW168900	2025-10-15	    128412	11:43:52	CZV	Chemisch zuurstofverbruik	=	8,4	mgO2/L
OW168900	2025-10-15	    128412	11:43:52	dBz(ah)An	Dibenzo(a,h)anthraceen	<	10	ng/L
OW168900	2025-10-15	    128412	11:43:52	DOC	Koolstof	=	3,85	mgC/L
OW168900	2025-10-15	    128412	11:43:52	DONA	4,8-dioxa-3H-perfluornonaanzuur (DONA)	<	6	ng/L
OW168900	2025-10-15	    128412	11:43:52	EC 20	Geleidbaarheid (20°C)	=	874	µS/cm
OW168900	2025-10-15	    128412	11:43:52	EC 25	Geleidbaarheid (25°C)	=	957,467	µS/cm
OW168900	2025-10-15	    128412	11:43:52	EtPFOSA	N-ethylperfluoroctaan-1-sulfonamide (EtPFOSA)	<	1	ng/L
OW168900	2025-10-15	    128412	11:43:52	EtPFOSA totaal	Totaal N-ethylperfluoroctaansulfonamide (lin+vert)	<	2,8	ng/L
OW168900	2025-10-15	    128412	11:43:52	EtPFOSA vertakt	= EtPFOSAtotaal - EtPFOSA	<	2,8	ng/L
OW168900	2025-10-15	    128412	11:43:52	EtPFOSAA	N-ethylperfluoroctaansulfonamidoazijnzuur	<	4,8	ng/L
OW168900	2025-10-15	    128412	11:43:52	Fe o	Ijzer	<	12,5	µg/L
OW168900	2025-10-15	    128412	11:43:52	Fe t	Ijzer	=	3130	µg/L
OW168900	2025-10-15	    128412	11:43:52	Fen	Fenantreen	=	34	ng/L
OW168900	2025-10-15	    128412	11:43:52	Flu	Fluorantheen	=	85	ng/L
OW168900	2025-10-15	    128412	11:43:52	Fluoreen	Fluoreen	=	13	ng/L
OW168900	2025-10-15	    128412	11:43:52	H t	Hardheid	=	33,250000000000000042	°F
OW168900	2025-10-15	    128412	11:43:52	HFPO-DA	2,3,3,3-tetrafluor-2(heptafluorpropoxy)propionzuur	<	2,4	ng/L
OW168900	2025-10-15	    128412	11:43:52	Hg o	Kwik	<	0,025	µg/L
OW168900	2025-10-15	    128412	11:43:52	Hg t	Kwik	<	0,05	µg/L
OW168900	2025-10-15	    128412	11:43:52	IP	Indeno(1,2,3-cd)pyreen	=	22	ng/L
OW168900	2025-10-15	    128412	11:43:52	K o	Kalium	=	14900	µg/L
OW168900	2025-10-15	    128412	11:43:52	KjN	Kjeldahlstikstof	=	0,622	mgN/L
OW168900	2025-10-15	    128412	11:43:52	MePFBSA	N-methylperfluorbutaansulfonamide (MePFBSA)	<	4,4	ng/L
OW168900	2025-10-15	    128412	11:43:52	MePFBSAA	N-methylperfluorbutaansulfonamidoazijnzuur	<	4,2	ng/L
OW168900	2025-10-15	    128412	11:43:52	MePFOSA	N-methylperfluoroctaan-1-sulfonamide (MePFOSA)	<	3,8	ng/L
OW168900	2025-10-15	    128412	11:43:52	MePFOSA totaal	Totaal N-methylperfluoroctaansulfonamide (lin+ver)	<	3,6	ng/L
OW168900	2025-10-15	    128412	11:43:52	MePFOSA vertakt	= MePFOSAtotaal - MePFOSA	<	3,8	ng/L
OW168900	2025-10-15	    128412	11:43:52	MePFOSAA	N-methylperfluoroctaansulfonamidoazijnzuur	<	1,9	ng/L
OW168900	2025-10-15	    128412	11:43:52	Mg o	Magnesium	=	12600	µg/L
OW168900	2025-10-15	    128412	11:43:52	Mn o	Mangaan	=	40	µg/L
OW168900	2025-10-15	    128412	11:43:52	Mn t	Mangaan	=	183	µg/L
OW168900	2025-10-15	    128412	11:43:52	Mo o	Molybdeen	<	3	µg/L
OW168900	2025-10-15	    128412	11:43:52	Mo t	Molybdeen	<	3	µg/L
OW168900	2025-10-15	    128412	11:43:52	N t	Stikstof	=	6	mgN/L
OW168900	2025-10-15	    128412	11:43:52	N+N	Nitraat+nitriet	=	5,378	mgN/L
OW168900	2025-10-15	    128412	11:43:52	N+N+N	Nitraat+nitriet+ammonium	=	5,582	mgN/L
OW168900	2025-10-15	    128412	11:43:52	Na o	Natrium	=	61000	µg/L
OW168900	2025-10-15	    128412	11:43:52	Naft	Naftaleen	<	20	ng/L
OW168900	2025-10-15	    128412	11:43:52	NH4+	Ammonium	=	0,204	mgN/L
OW168900	2025-10-15	    128412	11:43:52	Ni o	Nikkel	<	3,2	µg/L
OW168900	2025-10-15	    128412	11:43:52	Ni t	Nikkel	=	5,4	µg/L
OW168900	2025-10-15	    128412	11:43:52	NO2-	Nitriet	=	0,178	mgN/L
OW168900	2025-10-15	    128412	11:43:52	NO3-	Nitraat	=	5,2	mgN/L
OW168900	2025-10-15	    128412	11:43:52	O2	Zuurstof	=	8,33	mg/L
OW168900	2025-10-15	    128412	11:43:52	O2 verz	Zuurstof	=	81,6	%
OW168900	2025-10-15	    128412	11:43:52	oPO4 f	Orthofosfaat	=	0,292	mgP/L
OW168900	2025-10-15	    128412	11:43:52	P t	Fosfor	=	0,7	mgP/L
OW168900	2025-10-15	    128412	11:43:52	PAK 10	Polyaromatische KWS (10 Vrom)	<	307	ng/L
OW168900	2025-10-15	    128412	11:43:52	PAK 6	Polyaromatische KWS (6 Borneff)	=	210	ng/L
OW168900	2025-10-15	    128412	11:43:52	Pb o	Lood	<	1,5	µg/L
OW168900	2025-10-15	    128412	11:43:52	Pb t	Lood	=	8,7	µg/L
OW168900	2025-10-15	    128412	11:43:52	PFAS-43	Som van de 43 PFAS	<	175,1	ng/L
OW168900	2025-10-15	    128412	11:43:52	PFBA	Perfluorbutaanzuur (PFBA)	<	2,1	ng/L
OW168900	2025-10-15	    128412	11:43:52	PFBS	Perfluorbutaansulfonzuur (PFBS)	<	3,8	ng/L
OW168900	2025-10-15	    128412	11:43:52	PFBSA	Perfluorbutaansulfonamide (PFBSA)	<	1,5	ng/L
OW168900	2025-10-15	    128412	11:43:52	PFDA	Perfluordecaanzuur (PFDA)	<	4,2	ng/L
OW168900	2025-10-15	    128412	11:43:52	PFDoDA	Perfluordodecaanzuur (PFDoDA)	<	3,5	ng/L
OW168900	2025-10-15	    128412	11:43:52	PFDoDS	Perfluordodecaansulfonzuur (PFDoDS)	<	3,9	ng/L
OW168900	2025-10-15	    128412	11:43:52	PFDS	Perfluordecaansulfonzuur (PFDS)	<	3,8	ng/L
OW168900	2025-10-15	    128412	11:43:52	PFECHS	Perfluor-4-ethylcyclohexaansulfonzuur (PFECHS)	<	3,7	ng/L
OW168900	2025-10-15	    128412	11:43:52	PFHpA	Perfluorheptaanzuur (PFHpA)	<	2	ng/L
OW168900	2025-10-15	    128412	11:43:52	PFHpS	Perfluorheptaansulfonzuur (PFHpS)	<	4,3	ng/L
OW168900	2025-10-15	    128412	11:43:52	PFHxA	Perfluorhexaanzuur (PFHxA)	=	6,7	ng/L
OW168900	2025-10-15	    128412	11:43:52	PFHxDA	Perfluorhexadecaanzuur (PFHxDA)	<	4,8	ng/L
OW168900	2025-10-15	    128412	11:43:52	PFHxS	Perfluorhexaansulfonzuur (PFHxS)	<	3,8	ng/L
OW168900	2025-10-15	    128412	11:43:52	PFHxS totaal	Totaal perfluorhexaansulfonzuur (lineair+vertakt)	<	2,7	ng/L
OW168900	2025-10-15	    128412	11:43:52	PFHxS vertakt	= PFHxStotaal - PFHxS	<	5,4	ng/L
OW168900	2025-10-15	    128412	11:43:52	PFHxSA	Perfluorhexaansulfonamide (PFHxSA)	<	4	ng/L
OW168900	2025-10-15	    128412	11:43:52	PFNA	Perfluornonaanzuur (PFNA)	<	1,4	ng/L
OW168900	2025-10-15	    128412	11:43:52	PFNS	Perfluornonaansulfonzuur (PFNS)	<	4,1	ng/L
OW168900	2025-10-15	    128412	11:43:52	PFOA	Perfluoroctaanzuur (PFOA)	<	5,4	ng/L
OW168900	2025-10-15	    128412	11:43:52	PFOA totaal	Totaal perfluoroctaanzuur (lineair + vertakt)	=	7,5	ng/L
OW168900	2025-10-15	    128412	11:43:52	PFOA vertakt	= PFOAtotaal - PFOA	=	7,5	ng/L
OW168900	2025-10-15	    128412	11:43:52	PFODA	Perfluoroctadecaanzuur (PFODA)	<	7,4	ng/L
OW168900	2025-10-15	    128412	11:43:52	PFOS	Perfluoroctaansulfonzuur (PFOS)	<	6,6	ng/L
OW168900	2025-10-15	    128412	11:43:52	PFOS totaal	Totaal perfluoroctaansulfonzuur (lineair+vertakt)	<	8,8	ng/L
OW168900	2025-10-15	    128412	11:43:52	PFOS vertakt	= PFOStotaal - PFOS	<	8,8	ng/L
OW168900	2025-10-15	    128412	11:43:52	PFOSA	Perfluoroctaansulfonamide (PFOSA)	<	1,7	ng/L
OW168900	2025-10-15	    128412	11:43:52	PFOSA totaal	Totaal perfluoroctaansulfonamide (lineair+vertakt)	<	1,7	ng/L
OW168900	2025-10-15	    128412	11:43:52	PFOSA vertakt	= PFOSAtotaal - PFOSA	<	1,7	ng/L
OW168900	2025-10-15	    128412	11:43:52	PFPeA	Perfluorpentaanzuur (PFPeA)	<	9	ng/L
OW168900	2025-10-15	    128412	11:43:52	PFPeS	Perfluorpentaansulfonzuur (PFPeS)	<	3,5	ng/L
OW168900	2025-10-15	    128412	11:43:52	PFTeDA	Perfluortetradecaanzuur (PFTeDA)	<	4,3	ng/L
OW168900	2025-10-15	    128412	11:43:52	PFTrDA	Perfluortridecaanzuur (PFTrDA)	<	4	ng/L
OW168900	2025-10-15	    128412	11:43:52	PFTrDS	Perfluor-1-tridecaansulfonzuur (PFTrS)	<	5	ng/L
OW168900	2025-10-15	    128412	11:43:52	PFUnDA	Perfluorundecaanzuur (PFUnDA)	<	4,7	ng/L
OW168900	2025-10-15	    128412	11:43:52	PFUnDS	Perfluor-1-undecaansulfonzuur (PFUnS)	<	2	ng/L
OW168900	2025-10-15	    128412	11:43:52	pH	pH	=	7,76	-
OW168900	2025-10-15	    128412	11:43:52	Pyr	Pyreen	=	50	ng/L
OW168900	2025-10-15	    128412	11:43:52	Sb o	Antimoon	<	1,5	µg/L
OW168900	2025-10-15	    128412	11:43:52	Sb t	Antimoon	<	1,5	µg/L
OW168900	2025-10-15	    128412	11:43:52	Se o	Seleen	<	0,75	µg/L
OW168900	2025-10-15	    128412	11:43:52	Se t	Seleen	<	1,5	µg/L
OW168900	2025-10-15	    128412	11:43:52	SiO2 o	Silicaat	=	11,1	mgSiO2/L
OW168900	2025-10-15	    128412	11:43:52	Sn o	Tin	<	1,5	µg/L
OW168900	2025-10-15	    128412	11:43:52	Sn t	Tin	<	1,5	µg/L
OW168900	2025-10-15	    128412	11:43:52	SO4=	Sulfaat	=	86	mg/L
OW168900	2025-10-15	    128412	11:43:52	T	Temperatuur	=	15,2	°C
OW168900	2025-10-15	    128412	11:43:52	Te o	Telluur	<	2,5	µg/L
OW168900	2025-10-15	    128412	11:43:52	Te t	Telluur	<	2,5	µg/L
OW168900	2025-10-15	    128412	11:43:52	Ti o	Titaan	<	2	µg/L
OW168900	2025-10-15	    128412	11:43:52	Ti t	Titaan	=	45	µg/L
OW168900	2025-10-15	    128412	11:43:52	Tl o	Thallium	<	0,1	µg/L
OW168900	2025-10-15	    128412	11:43:52	Tl t	Thallium	<	0,1	µg/L
OW168900	2025-10-15	    128412	11:43:52	U o	Uranium	=	0,9	µg/L
OW168900	2025-10-15	    128412	11:43:52	U t	Uranium	=	1,1	µg/L
OW168900	2025-10-15	    128412	11:43:52	V o	Vanadium	<	3	µg/L
OW168900	2025-10-15	    128412	11:43:52	V t	Vanadium	=	8,3	µg/L
OW168900	2025-10-15	    128412	11:43:52	Zn o	Zink	<	11	µg/L
OW168900	2025-10-15	    128412	11:43:52	Zn t	Zink	=	49	µg/L
OW168900	2025-10-15	    128412	11:43:52	ZS	Zwevende stoffen	=	73	mg/L
OW168900	2025-11-19	    133786	12:01:44	Ag o	Zilver	<	0,05	µg/L
OW168900	2025-11-19	    133786	12:01:44	Ag t	Zilver	<	0,05	µg/L
OW168900	2025-11-19	    133786	12:01:44	Al o	Aluminium	<	150	µg/L
OW168900	2025-11-19	    133786	12:01:44	As o	Arseen	=	1,25	µg/L
OW168900	2025-11-19	    133786	12:01:44	As t	Arseen	=	1,69	µg/L
OW168900	2025-11-19	    133786	12:01:44	B o	Boor	=	81	µg/L
OW168900	2025-11-19	    133786	12:01:44	B t	Boor	=	79	µg/L
OW168900	2025-11-19	    133786	12:01:44	Ba o	Barium	=	32	µg/L
OW168900	2025-11-19	    133786	12:01:44	Ba t	Barium	=	37	µg/L
OW168900	2025-11-19	    133786	12:01:44	Be o	Beryllium	<	0,11	µg/L
OW168900	2025-11-19	    133786	12:01:44	Be t	Beryllium	<	0,15	µg/L
OW168900	2025-11-19	    133786	12:01:44	BZV5	Biochemisch zuurstofverbruik na 5d.	<	2	mgO2/L
OW168900	2025-11-19	    133786	12:01:44	Ca o	Calcium	=	125000	µg/L
OW168900	2025-11-19	    133786	12:01:44	Cd o	Cadmium	<	0,05	µg/L
OW168900	2025-11-19	    133786	12:01:44	Cd t	Cadmium	<	0,1	µg/L
OW168900	2025-11-19	    133786	12:01:44	Cl-	Chloride	=	87	mg/L
OW168900	2025-11-19	    133786	12:01:44	Co o	Kobalt	=	0,27	µg/L
OW168900	2025-11-19	    133786	12:01:44	Co t	Kobalt	=	0,51	µg/L
OW168900	2025-11-19	    133786	12:01:44	Cr o	Chroom	<	1,5	µg/L
OW168900	2025-11-19	    133786	12:01:44	Cr t	Chroom	=	3,4	µg/L
OW168900	2025-11-19	    133786	12:01:44	Cu o	Koper	<	2	µg/L
OW168900	2025-11-19	    133786	12:01:44	Cu t	Koper	<	4	µg/L
OW168900	2025-11-19	    133786	12:01:44	CZV	Chemisch zuurstofverbruik	=	10,6	mgO2/L
OW168900	2025-11-19	    133786	12:01:44	DOC	Koolstof	=	3,91	mgC/L
OW168900	2025-11-19	    133786	12:01:44	EC 20	Geleidbaarheid (20°C)	=	920	µS/cm
OW168900	2025-11-19	    133786	12:01:44	EC 25	Geleidbaarheid (25°C)	=	1007,86	µS/cm
OW168900	2025-11-19	    133786	12:01:44	Fe o	Ijzer	<	12,5	µg/L
OW168900	2025-11-19	    133786	12:01:44	Fe t	Ijzer	=	660	µg/L
OW168900	2025-11-19	    133786	12:01:44	H t	Hardheid	=	37,000000000000000046	°F
OW168900	2025-11-19	    133786	12:01:44	Hg o	Kwik	<	0,025	µg/L
OW168900	2025-11-19	    133786	12:01:44	Hg t	Kwik	<	0,025	µg/L
OW168900	2025-11-19	    133786	12:01:44	K o	Kalium	=	19100	µg/L
OW168900	2025-11-19	    133786	12:01:44	KjN	Kjeldahlstikstof	=	0,676	mgN/L
OW168900	2025-11-19	    133786	12:01:44	Mg o	Magnesium	=	13800	µg/L
OW168900	2025-11-19	    133786	12:01:44	Mn o	Mangaan	=	35	µg/L
OW168900	2025-11-19	    133786	12:01:44	Mn t	Mangaan	=	67	µg/L
OW168900	2025-11-19	    133786	12:01:44	Mo o	Molybdeen	<	3	µg/L
OW168900	2025-11-19	    133786	12:01:44	Mo t	Molybdeen	<	3	µg/L
OW168900	2025-11-19	    133786	12:01:44	N t	Stikstof	=	6,8	mgN/L
OW168900	2025-11-19	    133786	12:01:44	N+N	Nitraat+nitriet	=	6,124	mgN/L
OW168900	2025-11-19	    133786	12:01:44	N+N+N	Nitraat+nitriet+ammonium	=	6,353	mgN/L
OW168900	2025-11-19	    133786	12:01:44	Na o	Natrium	=	67000	µg/L
OW168900	2025-11-19	    133786	12:01:44	NH4+	Ammonium	=	0,229	mgN/L
OW168900	2025-11-19	    133786	12:01:44	Ni o	Nikkel	<	3,2	µg/L
OW168900	2025-11-19	    133786	12:01:44	Ni t	Nikkel	<	3,2	µg/L
OW168900	2025-11-19	    133786	12:01:44	NO2-	Nitriet	=	0,124	mgN/L
OW168900	2025-11-19	    133786	12:01:44	NO3-	Nitraat	=	6	mgN/L
OW168900	2025-11-19	    133786	12:01:44	O2	Zuurstof	=	9,27	mg/L
OW168900	2025-11-19	    133786	12:01:44	O2 verz	Zuurstof	=	82,1	%
OW168900	2025-11-19	    133786	12:01:44	oPO4 f	Orthofosfaat	=	0,323	mgP/L
OW168900	2025-11-19	    133786	12:01:44	P t	Fosfor	=	0,45	mgP/L
OW168900	2025-11-19	    133786	12:01:44	Pb o	Lood	<	1,5	µg/L
OW168900	2025-11-19	    133786	12:01:44	Pb t	Lood	<	3	µg/L
OW168900	2025-11-19	    133786	12:01:44	pH	pH	=	7,83	-
OW168900	2025-11-19	    133786	12:01:44	Sb o	Antimoon	<	1,5	µg/L
OW168900	2025-11-19	    133786	12:01:44	Sb t	Antimoon	<	1,5	µg/L
OW168900	2025-11-19	    133786	12:01:44	Se o	Seleen	<	1,5	µg/L
OW168900	2025-11-19	    133786	12:01:44	Se t	Seleen	<	1,5	µg/L
OW168900	2025-11-19	    133786	12:01:44	SiO2 o	Silicaat	=	15,7	mgSiO2/L
OW168900	2025-11-19	    133786	12:01:44	Sn o	Tin	<	1,5	µg/L
OW168900	2025-11-19	    133786	12:01:44	Sn t	Tin	<	1,5	µg/L
OW168900	2025-11-19	    133786	12:01:44	SO4=	Sulfaat	=	98	mg/L
OW168900	2025-11-19	    133786	12:01:44	T	Temperatuur	=	9,4	°C
OW168900	2025-11-19	    133786	12:01:44	Te o	Telluur	<	2,5	µg/L
OW168900	2025-11-19	    133786	12:01:44	Te t	Telluur	<	2,5	µg/L
OW168900	2025-11-19	    133786	12:01:44	Ti o	Titaan	<	2	µg/L
OW168900	2025-11-19	    133786	12:01:44	Ti t	Titaan	=	9,2	µg/L
OW168900	2025-11-19	    133786	12:01:44	Tl o	Thallium	<	0,1	µg/L
OW168900	2025-11-19	    133786	12:01:44	Tl t	Thallium	<	0,1	µg/L
OW168900	2025-11-19	    133786	12:01:44	U o	Uranium	=	0,91	µg/L
OW168900	2025-11-19	    133786	12:01:44	U t	Uranium	=	1,02	µg/L
OW168900	2025-11-19	    133786	12:01:44	V o	Vanadium	<	1,5	µg/L
OW168900	2025-11-19	    133786	12:01:44	V t	Vanadium	=	3,4	µg/L
OW168900	2025-11-19	    133786	12:01:44	Zn o	Zink	<	11	µg/L
OW168900	2025-11-19	    133786	12:01:44	Zn t	Zink	<	22	µg/L
OW168900	2025-11-19	    133786	12:01:44	ZS	Zwevende stoffen	=	49	mg/L
OW168900	2025-12-16	    134498	11:59:00	Ag o	Zilver	<	0,05	µg/L
OW168900	2025-12-16	    134498	11:59:00	Ag t	Zilver	<	0,1	µg/L
OW168900	2025-12-16	    134498	11:59:00	Al o	Aluminium	<	150	µg/L
OW168900	2025-12-16	    134498	11:59:00	As o	Arseen	=	1,16	µg/L
OW168900	2025-12-16	    134498	11:59:00	As t	Arseen	=	1,84	µg/L
OW168900	2025-12-16	    134498	11:59:00	B o	Boor	=	72	µg/L
OW168900	2025-12-16	    134498	11:59:00	B t	Boor	=	72	µg/L
OW168900	2025-12-16	    134498	11:59:00	Ba o	Barium	=	32	µg/L
OW168900	2025-12-16	    134498	11:59:00	Ba t	Barium	=	40	µg/L
OW168900	2025-12-16	    134498	11:59:00	Be o	Beryllium	<	0,11	µg/L
OW168900	2025-12-16	    134498	11:59:00	Be t	Beryllium	<	0,15	µg/L
OW168900	2025-12-16	    134498	11:59:00	BZV5	Biochemisch zuurstofverbruik na 5d.	=	2,9	mgO2/L
OW168900	2025-12-16	    134498	11:59:00	Ca o	Calcium	=	122000	µg/L
OW168900	2025-12-16	    134498	11:59:00	Cd o	Cadmium	<	0,05	µg/L
OW168900	2025-12-16	    134498	11:59:00	Cd t	Cadmium	<	0,2	µg/L
OW168900	2025-12-16	    134498	11:59:00	Cl-	Chloride	=	78	mg/L
OW168900	2025-12-16	    134498	11:59:00	Co o	Kobalt	=	0,35	µg/L
OW168900	2025-12-16	    134498	11:59:00	Co t	Kobalt	=	0,81	µg/L
OW168900	2025-12-16	    134498	11:59:00	Cr o	Chroom	<	1,5	µg/L
OW168900	2025-12-16	    134498	11:59:00	Cr t	Chroom	=	4,6	µg/L
OW168900	2025-12-16	    134498	11:59:00	Cu o	Koper	<	2	µg/L
OW168900	2025-12-16	    134498	11:59:00	Cu t	Koper	<	4	µg/L
OW168900	2025-12-16	    134498	11:59:00	CZV	Chemisch zuurstofverbruik	=	12,5	mgO2/L
OW168900	2025-12-16	    134498	11:59:00	DOC	Koolstof	=	4,71	mgC/L
OW168900	2025-12-16	    134498	11:59:00	EC 20	Geleidbaarheid (20°C)	=	856	µS/cm
OW168900	2025-12-16	    134498	11:59:00	EC 25	Geleidbaarheid (25°C)	=	937,748	µS/cm
OW168900	2025-12-16	    134498	11:59:00	Fe o	Ijzer	<	25	µg/L
OW168900	2025-12-16	    134498	11:59:00	Fe t	Ijzer	=	1160	µg/L
OW168900	2025-12-16	    134498	11:59:00	H t	Hardheid	=	35,583333333333333374	°F
OW168900	2025-12-16	    134498	11:59:00	Hg o	Kwik	<	0,025	µg/L
OW168900	2025-12-16	    134498	11:59:00	Hg t	Kwik	<	0,025	µg/L
OW168900	2025-12-16	    134498	11:59:00	K o	Kalium	=	14100	µg/L
OW168900	2025-12-16	    134498	11:59:00	KjN	Kjeldahlstikstof	=	0,602	mgN/L
OW168900	2025-12-16	    134498	11:59:00	Mg o	Magnesium	=	12200	µg/L
OW168900	2025-12-16	    134498	11:59:00	Mn o	Mangaan	=	78	µg/L
OW168900	2025-12-16	    134498	11:59:00	Mn t	Mangaan	=	119	µg/L
OW168900	2025-12-16	    134498	11:59:00	Mo o	Molybdeen	<	3	µg/L
OW168900	2025-12-16	    134498	11:59:00	Mo t	Molybdeen	<	3	µg/L
OW168900	2025-12-16	    134498	11:59:00	N t	Stikstof	=	6,7	mgN/L
OW168900	2025-12-16	    134498	11:59:00	N+N	Nitraat+nitriet	=	6,098	mgN/L
OW168900	2025-12-16	    134498	11:59:00	N+N+N	Nitraat+nitriet+ammonium	=	6,538	mgN/L
OW168900	2025-12-16	    134498	11:59:00	Na o	Natrium	=	51000	µg/L
OW168900	2025-12-16	    134498	11:59:00	NH4+	Ammonium	=	0,44	mgN/L
OW168900	2025-12-16	    134498	11:59:00	Ni o	Nikkel	<	3,2	µg/L
OW168900	2025-12-16	    134498	11:59:00	Ni t	Nikkel	=	3,7	µg/L
OW168900	2025-12-16	    134498	11:59:00	NO2-	Nitriet	=	0,098	mgN/L
OW168900	2025-12-16	    134498	11:59:00	NO3-	Nitraat	=	6	mgN/L
OW168900	2025-12-16	    134498	11:59:00	O2	Zuurstof	=	9,87	mg/L
OW168900	2025-12-16	    134498	11:59:00	O2 verz	Zuurstof	=	85,5	%
OW168900	2025-12-16	    134498	11:59:00	oPO4 f	Orthofosfaat	=	0,217	mgP/L
OW168900	2025-12-16	    134498	11:59:00	P t	Fosfor	=	0,41	mgP/L
OW168900	2025-12-16	    134498	11:59:00	Pb o	Lood	<	1,5	µg/L
OW168900	2025-12-16	    134498	11:59:00	Pb t	Lood	=	3,6	µg/L
OW168900	2025-12-16	    134498	11:59:00	pH	pH	=	7,78	-
OW168900	2025-12-16	    134498	11:59:00	Sb o	Antimoon	<	1,5	µg/L
OW168900	2025-12-16	    134498	11:59:00	Sb t	Antimoon	<	1,5	µg/L
OW168900	2025-12-16	    134498	11:59:00	Se o	Seleen	<	1,5	µg/L
OW168900	2025-12-16	    134498	11:59:00	Se t	Seleen	<	1,5	µg/L
OW168900	2025-12-16	    134498	11:59:00	SiO2 o	Silicaat	=	15,6	mgSiO2/L
OW168900	2025-12-16	    134498	11:59:00	Sn o	Tin	<	1,5	µg/L
OW168900	2025-12-16	    134498	11:59:00	Sn t	Tin	<	1,5	µg/L
OW168900	2025-12-16	    134498	11:59:00	SO4=	Sulfaat	=	92	mg/L
OW168900	2025-12-16	    134498	11:59:00	T	Temperatuur	=	9,2	°C
OW168900	2025-12-16	    134498	11:59:00	Te o	Telluur	<	2,5	µg/L
OW168900	2025-12-16	    134498	11:59:00	Te t	Telluur	<	2,5	µg/L
OW168900	2025-12-16	    134498	11:59:00	Ti o	Titaan	<	2	µg/L
OW168900	2025-12-16	    134498	11:59:00	Ti t	Titaan	=	18	µg/L
OW168900	2025-12-16	    134498	11:59:00	Tl o	Thallium	<	0,1	µg/L
OW168900	2025-12-16	    134498	11:59:00	Tl t	Thallium	<	0,1	µg/L
OW168900	2025-12-16	    134498	11:59:00	U o	Uranium	=	1,03	µg/L
OW168900	2025-12-16	    134498	11:59:00	U t	Uranium	=	1,08	µg/L
OW168900	2025-12-16	    134498	11:59:00	V o	Vanadium	<	3	µg/L
OW168900	2025-12-16	    134498	11:59:00	V t	Vanadium	=	4	µg/L
OW168900	2025-12-16	    134498	11:59:00	Zn o	Zink	<	11	µg/L
OW168900	2025-12-16	    134498	11:59:00	Zn t	Zink	=	27,1	µg/L
OW168900	2025-12-16	    134498	11:59:00	ZS	Zwevende stoffen	=	32	mg/L
OW168900	2026-01-21	    595489	12:13:31	Ag o	Zilver	<	0,05	µg/L
OW168900	2026-01-21	    595489	12:13:31	Ag t	Zilver	<	0,05	µg/L
OW168900	2026-01-21	    595489	12:13:31	Al o	Aluminium	<	150	µg/L
OW168900	2026-01-21	    595489	12:13:31	As o	Arseen	=	1,12	µg/L
OW168900	2026-01-21	    595489	12:13:31	As t	Arseen	=	1,9	µg/L
OW168900	2026-01-21	    595489	12:13:31	B o	Boor	=	65	µg/L
OW168900	2026-01-21	    595489	12:13:31	B t	Boor	=	63	µg/L
OW168900	2026-01-21	    595489	12:13:31	Ba o	Barium	=	32	µg/L
OW168900	2026-01-21	    595489	12:13:31	Ba t	Barium	=	44	µg/L
OW168900	2026-01-21	    595489	12:13:31	Be o	Beryllium	<	0,11	µg/L
OW168900	2026-01-21	    595489	12:13:31	Be t	Beryllium	<	0,15	µg/L
OW168900	2026-01-21	    595489	12:13:31	BZV5	Biochemisch zuurstofverbruik na 5d.	=	3,2	mgO2/L
OW168900	2026-01-21	    595489	12:13:31	Ca o	Calcium	=	124000	µg/L
OW168900	2026-01-21	    595489	12:13:31	Cd o	Cadmium	<	0,05	µg/L
OW168900	2026-01-21	    595489	12:13:31	Cd t	Cadmium	=	0,204	µg/L
OW168900	2026-01-21	    595489	12:13:31	Cl-	Chloride	=	76	mg/L
OW168900	2026-01-21	    595489	12:13:31	Co o	Kobalt	=	0,37	µg/L
OW168900	2026-01-21	    595489	12:13:31	Co t	Kobalt	=	1,02	µg/L
OW168900	2026-01-21	    595489	12:13:31	Cr o	Chroom	<	1,5	µg/L
OW168900	2026-01-21	    595489	12:13:31	Cr t	Chroom	=	6	µg/L
OW168900	2026-01-21	    595489	12:13:31	Cu o	Koper	<	2	µg/L
OW168900	2026-01-21	    595489	12:13:31	Cu t	Koper	=	6,4	µg/L
OW168900	2026-01-21	    595489	12:13:31	CZV	Chemisch zuurstofverbruik	=	13,2	mgO2/L
OW168900	2026-01-21	    595489	12:13:31	DOC	Koolstof	=	5,4	mgC/L
OW168900	2026-01-21	    595489	12:13:31	EC 20	Geleidbaarheid (20°C)	=	846	µS/cm
OW168900	2026-01-21	    595489	12:13:31	EC 25	Geleidbaarheid (25°C)	=	926,793	µS/cm
OW168900	2026-01-21	    595489	12:13:31	Fe o	Ijzer	<	12,5	µg/L
OW168900	2026-01-21	    595489	12:13:31	Fe t	Ijzer	=	1800	µg/L
OW168900	2026-01-21	    595489	12:13:31	H t	Hardheid	=	36,291666666666666709	°F
OW168900	2026-01-21	    595489	12:13:31	Hg o	Kwik	<	0,05	µg/L
OW168900	2026-01-21	    595489	12:13:31	Hg t	Kwik	<	0,025	µg/L
OW168900	2026-01-21	    595489	12:13:31	K o	Kalium	=	11800	µg/L
OW168900	2026-01-21	    595489	12:13:31	KjN	Kjeldahlstikstof	=	1,715	mgN/L
OW168900	2026-01-21	    595489	12:13:31	Mg o	Magnesium	=	12700	µg/L
OW168900	2026-01-21	    595489	12:13:31	Mn o	Mangaan	=	60	µg/L
OW168900	2026-01-21	    595489	12:13:31	Mn t	Mangaan	=	127	µg/L
OW168900	2026-01-21	    595489	12:13:31	Mo o	Molybdeen	<	3	µg/L
OW168900	2026-01-21	    595489	12:13:31	Mo t	Molybdeen	<	3	µg/L
OW168900	2026-01-21	    595489	12:13:31	N t	Stikstof	=	8,4	mgN/L
OW168900	2026-01-21	    595489	12:13:31	N+N	Nitraat+nitriet	=	6,685	mgN/L
OW168900	2026-01-21	    595489	12:13:31	N+N+N	Nitraat+nitriet+ammonium	=	7,172	mgN/L
OW168900	2026-01-21	    595489	12:13:31	Na o	Natrium	=	49000	µg/L
OW168900	2026-01-21	    595489	12:13:31	NH4+	Ammonium	=	0,487	mgN/L
OW168900	2026-01-21	    595489	12:13:31	Ni o	Nikkel	<	3,2	µg/L
OW168900	2026-01-21	    595489	12:13:31	Ni t	Nikkel	=	4,3	µg/L
OW168900	2026-01-21	    595489	12:13:31	NO2-	Nitriet	=	0,085	mgN/L
OW168900	2026-01-21	    595489	12:13:31	NO3-	Nitraat	=	6,6	mgN/L
OW168900	2026-01-21	    595489	12:13:31	O2	Zuurstof	=	10,72	mg/L
OW168900	2026-01-21	    595489	12:13:31	O2 verz	Zuurstof	=	88,9	%
OW168900	2026-01-21	    595489	12:13:31	oPO4 f	Orthofosfaat	=	0,191	mgP/L
OW168900	2026-01-21	    595489	12:13:31	P t	Fosfor	=	0,44	mgP/L
OW168900	2026-01-21	    595489	12:13:31	Pb o	Lood	<	1,5	µg/L
OW168900	2026-01-21	    595489	12:13:31	Pb t	Lood	=	4,8	µg/L
OW168900	2026-01-21	    595489	12:13:31	pH	pH	=	7,72	-
OW168900	2026-01-21	    595489	12:13:31	Sb o	Antimoon	<	1,5	µg/L
OW168900	2026-01-21	    595489	12:13:31	Sb t	Antimoon	<	1,5	µg/L
OW168900	2026-01-21	    595489	12:13:31	Se o	Seleen	<	1,5	µg/L
OW168900	2026-01-21	    595489	12:13:31	Se t	Seleen	=	1,61	µg/L
OW168900	2026-01-21	    595489	12:13:31	SiO2 o	Silicaat	=	14,5	mgSiO2/L
OW168900	2026-01-21	    595489	12:13:31	Sn o	Tin	<	1,5	µg/L
OW168900	2026-01-21	    595489	12:13:31	Sn t	Tin	<	1,5	µg/L
OW168900	2026-01-21	    595489	12:13:31	SO4=	Sulfaat	=	95	mg/L
OW168900	2026-01-21	    595489	12:13:31	T	Temperatuur	=	6,9	°C
OW168900	2026-01-21	    595489	12:13:31	Te o	Telluur	<	2,5	µg/L
OW168900	2026-01-21	    595489	12:13:31	Te t	Telluur	<	2,5	µg/L
OW168900	2026-01-21	    595489	12:13:31	Ti o	Titaan	<	2	µg/L
OW168900	2026-01-21	    595489	12:13:31	Ti t	Titaan	=	32	µg/L
OW168900	2026-01-21	    595489	12:13:31	Tl o	Thallium	<	0,1	µg/L
OW168900	2026-01-21	    595489	12:13:31	Tl t	Thallium	<	0,1	µg/L
OW168900	2026-01-21	    595489	12:13:31	U o	Uranium	=	1,37	µg/L
OW168900	2026-01-21	    595489	12:13:31	U t	Uranium	=	1,45	µg/L
OW168900	2026-01-21	    595489	12:13:31	V o	Vanadium	<	1,5	µg/L
OW168900	2026-01-21	    595489	12:13:31	V t	Vanadium	=	5,3	µg/L
OW168900	2026-01-21	    595489	12:13:31	Zn o	Zink	<	11	µg/L
OW168900	2026-01-21	    595489	12:13:31	Zn t	Zink	=	38,2	µg/L
OW168900	2026-01-21	    595489	12:13:31	ZS	Zwevende stoffen	=	41	mg/L
OW168900	2026-02-18	    595841	11:52:32	Ag o	Zilver	<	0,05	µg/L
OW168900	2026-02-18	    595841	11:52:32	Ag t	Zilver	<	0,05	µg/L
OW168900	2026-02-18	    595841	11:52:32	Al o	Aluminium	<	150	µg/L
OW168900	2026-02-18	    595841	11:52:32	As o	Arseen	=	1,17	µg/L
OW168900	2026-02-18	    595841	11:52:32	As t	Arseen	=	2,23	µg/L
OW168900	2026-02-18	    595841	11:52:32	B o	Boor	=	58	µg/L
OW168900	2026-02-18	    595841	11:52:32	B t	Boor	<	50	µg/L
OW168900	2026-02-18	    595841	11:52:32	Ba o	Barium	=	30	µg/L
OW168900	2026-02-18	    595841	11:52:32	Ba t	Barium	=	39	µg/L
OW168900	2026-02-18	    595841	11:52:32	Be o	Beryllium	<	0,11	µg/L
OW168900	2026-02-18	    595841	11:52:32	Be t	Beryllium	<	0,15	µg/L
OW168900	2026-02-18	    595841	11:52:32	Ca o	Calcium	=	111000	µg/L
OW168900	2026-02-18	    595841	11:52:32	Cd o	Cadmium	<	0,05	µg/L
OW168900	2026-02-18	    595841	11:52:32	Cd t	Cadmium	<	0,1	µg/L
OW168900	2026-02-18	    595841	11:52:32	Cl-	Chloride	=	53	mg/L
OW168900	2026-02-18	    595841	11:52:32	Co o	Kobalt	=	0,38	µg/L
OW168900	2026-02-18	    595841	11:52:32	Co t	Kobalt	=	0,63	µg/L
OW168900	2026-02-18	    595841	11:52:32	Cr o	Chroom	<	1,5	µg/L
OW168900	2026-02-18	    595841	11:52:32	Cr t	Chroom	<	1,5	µg/L
OW168900	2026-02-18	    595841	11:52:32	Cu o	Koper	<	2	µg/L
OW168900	2026-02-18	    595841	11:52:32	Cu t	Koper	<	4	µg/L
OW168900	2026-02-18	    595841	11:52:32	CZV	Chemisch zuurstofverbruik	=	16,1	mgO2/L
OW168900	2026-02-18	    595841	11:52:32	DOC	Koolstof	=	5,4	mgC/L
OW168900	2026-02-18	    595841	11:52:32	EC 20	Geleidbaarheid (20°C)	=	698	µS/cm
OW168900	2026-02-18	    595841	11:52:32	EC 25	Geleidbaarheid (25°C)	=	764,659	µS/cm
OW168900	2026-02-18	    595841	11:52:32	Fe o	Ijzer	<	25	µg/L
OW168900	2026-02-18	    595841	11:52:32	Fe t	Ijzer	=	1950	µg/L
OW168900	2026-02-18	    595841	11:52:32	H t	Hardheid	=	32,33333333333333337	°F
OW168900	2026-02-18	    595841	11:52:32	Hg o	Kwik	<	0,025	µg/L
OW168900	2026-02-18	    595841	11:52:32	Hg t	Kwik	<	0,025	µg/L
OW168900	2026-02-18	    595841	11:52:32	K o	Kalium	=	9800	µg/L
OW168900	2026-02-18	    595841	11:52:32	KjN	Kjeldahlstikstof	=	1,498	mgN/L
OW168900	2026-02-18	    595841	11:52:32	Mg o	Magnesium	=	11000	µg/L
OW168900	2026-02-18	    595841	11:52:32	Mn o	Mangaan	=	53	µg/L
OW168900	2026-02-18	    595841	11:52:32	Mn t	Mangaan	=	48	µg/L
OW168900	2026-02-18	    595841	11:52:32	Mo o	Molybdeen	<	1,5	µg/L
OW168900	2026-02-18	    595841	11:52:32	Mo t	Molybdeen	<	3	µg/L
OW168900	2026-02-18	    595841	11:52:32	N t	Stikstof	=	7,3	mgN/L
OW168900	2026-02-18	    595841	11:52:32	N+N	Nitraat+nitriet	=	5,802	mgN/L
OW168900	2026-02-18	    595841	11:52:32	N+N+N	Nitraat+nitriet+ammonium	=	6,342	mgN/L
OW168900	2026-02-18	    595841	11:52:32	Na o	Natrium	=	33700	µg/L
OW168900	2026-02-18	    595841	11:52:32	NH4+	Ammonium	=	0,54	mgN/L
OW168900	2026-02-18	    595841	11:52:32	Ni o	Nikkel	<	3,2	µg/L
OW168900	2026-02-18	    595841	11:52:32	Ni t	Nikkel	<	3,2	µg/L
OW168900	2026-02-18	    595841	11:52:32	NO2-	Nitriet	=	0,102	mgN/L
OW168900	2026-02-18	    595841	11:52:32	NO3-	Nitraat	=	5,7	mgN/L
OW168900	2026-02-18	    595841	11:52:32	O2	Zuurstof	=	10,48	mg/L
OW168900	2026-02-18	    595841	11:52:32	O2 verz	Zuurstof	=	85,3	%
OW168900	2026-02-18	    595841	11:52:32	oPO4 f	Orthofosfaat	=	0,173	mgP/L
OW168900	2026-02-18	    595841	11:52:32	P t	Fosfor	=	0,162	mgP/L
OW168900	2026-02-18	    595841	11:52:32	Pb o	Lood	<	1,5	µg/L
OW168900	2026-02-18	    595841	11:52:32	Pb t	Lood	<	1,5	µg/L
OW168900	2026-02-18	    595841	11:52:32	pH	pH	=	7,77	-
OW168900	2026-02-18	    595841	11:52:32	Sb o	Antimoon	<	1,5	µg/L
OW168900	2026-02-18	    595841	11:52:32	Sb t	Antimoon	<	1,5	µg/L
OW168900	2026-02-18	    595841	11:52:32	Se o	Seleen	<	1,5	µg/L
OW168900	2026-02-18	    595841	11:52:32	Se t	Seleen	<	0,75	µg/L
OW168900	2026-02-18	    595841	11:52:32	SiO2 o	Silicaat	=	12,1	mgSiO2/L
OW168900	2026-02-18	    595841	11:52:32	Sn o	Tin	<	1,5	µg/L
OW168900	2026-02-18	    595841	11:52:32	Sn t	Tin	<	1,5	µg/L
OW168900	2026-02-18	    595841	11:52:32	SO4=	Sulfaat	=	81	mg/L
OW168900	2026-02-18	    595841	11:52:32	T	Temperatuur	=	6,1	°C
OW168900	2026-02-18	    595841	11:52:32	Te o	Telluur	<	2,5	µg/L
OW168900	2026-02-18	    595841	11:52:32	Te t	Telluur	<	2,5	µg/L
OW168900	2026-02-18	    595841	11:52:32	Ti o	Titaan	<	2	µg/L
OW168900	2026-02-18	    595841	11:52:32	Ti t	Titaan	<	4	µg/L
OW168900	2026-02-18	    595841	11:52:32	Tl o	Thallium	<	0,1	µg/L
OW168900	2026-02-18	    595841	11:52:32	Tl t	Thallium	<	0,1	µg/L
OW168900	2026-02-18	    595841	11:52:32	U o	Uranium	=	1,24	µg/L
OW168900	2026-02-18	    595841	11:52:32	U t	Uranium	=	1,33	µg/L
OW168900	2026-02-18	    595841	11:52:32	V o	Vanadium	<	1,5	µg/L
OW168900	2026-02-18	    595841	11:52:32	V t	Vanadium	<	3	µg/L
OW168900	2026-02-18	    595841	11:52:32	Zn o	Zink	<	11	µg/L
OW168900	2026-02-18	    595841	11:52:32	Zn t	Zink	=	61	µg/L
OW168900	2026-02-18	    595841	11:52:32	ZS	Zwevende stoffen	=	40	mg/L
OW168900	2026-03-18	    606873	12:23:40	Ag o	Zilver	<	0,05	µg/L
OW168900	2026-03-18	    606873	12:23:40	Ag t	Zilver	<	0,05	µg/L
OW168900	2026-03-18	    606873	12:23:40	Al o	Aluminium	<	150	µg/L
OW168900	2026-03-18	    606873	12:23:40	As o	Arseen	=	1,13	µg/L
OW168900	2026-03-18	    606873	12:23:40	As t	Arseen	=	1,53	µg/L
OW168900	2026-03-18	    606873	12:23:40	B o	Boor	=	73	µg/L
OW168900	2026-03-18	    606873	12:23:40	B t	Boor	=	68	µg/L
OW168900	2026-03-18	    606873	12:23:40	Ba o	Barium	=	33	µg/L
OW168900	2026-03-18	    606873	12:23:40	Ba t	Barium	=	40	µg/L
OW168900	2026-03-18	    606873	12:23:40	Be o	Beryllium	<	0,11	µg/L
OW168900	2026-03-18	    606873	12:23:40	Be t	Beryllium	<	0,15	µg/L
OW168900	2026-03-18	    606873	12:23:40	BZV5	Biochemisch zuurstofverbruik na 5d.	=	3	mgO2/L
OW168900	2026-03-18	    606873	12:23:40	Ca o	Calcium	=	130000	µg/L
OW168900	2026-03-18	    606873	12:23:40	Cd o	Cadmium	<	0,05	µg/L
OW168900	2026-03-18	    606873	12:23:40	Cd t	Cadmium	<	0,1	µg/L
OW168900	2026-03-18	    606873	12:23:40	Cl-	Chloride	=	61	mg/L
OW168900	2026-03-18	    606873	12:23:40	Co o	Kobalt	=	0,37	µg/L
OW168900	2026-03-18	    606873	12:23:40	Co t	Kobalt	=	0,66	µg/L
OW168900	2026-03-18	    606873	12:23:40	Cr o	Chroom	<	1,5	µg/L
OW168900	2026-03-18	    606873	12:23:40	Cr t	Chroom	<	3	µg/L
OW168900	2026-03-18	    606873	12:23:40	Cu o	Koper	<	2	µg/L
OW168900	2026-03-18	    606873	12:23:40	Cu t	Koper	<	4	µg/L
OW168900	2026-03-18	    606873	12:23:40	CZV	Chemisch zuurstofverbruik	=	12,4	mgO2/L
OW168900	2026-03-18	    606873	12:23:40	DOC	Koolstof	=	5,6	mgC/L
OW168900	2026-03-18	    606873	12:23:40	EC 20	Geleidbaarheid (20°C)	=	796	µS/cm
OW168900	2026-03-18	    606873	12:23:40	EC 25	Geleidbaarheid (25°C)	=	872,018	µS/cm
OW168900	2026-03-18	    606873	12:23:40	Fe o	Ijzer	<	25	µg/L
OW168900	2026-03-18	    606873	12:23:40	Fe t	Ijzer	=	790	µg/L
OW168900	2026-03-18	    606873	12:23:40	H t	Hardheid	=	37,875000000000000043	°F
OW168900	2026-03-18	    606873	12:23:40	Hg o	Kwik	<	0,025	µg/L
OW168900	2026-03-18	    606873	12:23:40	Hg t	Kwik	<	0,025	µg/L
OW168900	2026-03-18	    606873	12:23:40	K o	Kalium	=	10900	µg/L
OW168900	2026-03-18	    606873	12:23:40	KjN	Kjeldahlstikstof	=	1,178	mgN/L
OW168900	2026-03-18	    606873	12:23:40	Mg o	Magnesium	=	12900	µg/L
OW168900	2026-03-18	    606873	12:23:40	Mn o	Mangaan	=	56	µg/L
OW168900	2026-03-18	    606873	12:23:40	Mn t	Mangaan	=	88	µg/L
OW168900	2026-03-18	    606873	12:23:40	Mo o	Molybdeen	<	3	µg/L
OW168900	2026-03-18	    606873	12:23:40	Mo t	Molybdeen	<	3	µg/L
OW168900	2026-03-18	    606873	12:23:40	N t	Stikstof	=	6,6	mgN/L
OW168900	2026-03-18	    606873	12:23:40	N+N	Nitraat+nitriet	=	5,422	mgN/L
OW168900	2026-03-18	    606873	12:23:40	N+N+N	Nitraat+nitriet+ammonium	=	5,921	mgN/L
OW168900	2026-03-18	    606873	12:23:40	Na o	Natrium	=	41000	µg/L
OW168900	2026-03-18	    606873	12:23:40	NH4+	Ammonium	=	0,499	mgN/L
OW168900	2026-03-18	    606873	12:23:40	Ni o	Nikkel	<	3,2	µg/L
OW168900	2026-03-18	    606873	12:23:40	Ni t	Nikkel	=	3,3	µg/L
OW168900	2026-03-18	    606873	12:23:40	NO2-	Nitriet	=	0,122	mgN/L
OW168900	2026-03-18	    606873	12:23:40	NO3-	Nitraat	=	5,3	mgN/L
OW168900	2026-03-18	    606873	12:23:40	O2	Zuurstof	=	10,36	mg/L
OW168900	2026-03-18	    606873	12:23:40	O2 verz	Zuurstof	=	93	%
OW168900	2026-03-18	    606873	12:23:40	oPO4 f	Orthofosfaat	=	0,151	mgP/L
OW168900	2026-03-18	    606873	12:23:40	P t	Fosfor	=	0,281	mgP/L
OW168900	2026-03-18	    606873	12:23:40	Pb o	Lood	<	1,5	µg/L
OW168900	2026-03-18	    606873	12:23:40	Pb t	Lood	<	3	µg/L
OW168900	2026-03-18	    606873	12:23:40	pH	pH	=	7,84	-
OW168900	2026-03-18	    606873	12:23:40	Sb o	Antimoon	<	1,5	µg/L
OW168900	2026-03-18	    606873	12:23:40	Sb t	Antimoon	<	1,5	µg/L
OW168900	2026-03-18	    606873	12:23:40	Se o	Seleen	<	1,5	µg/L
OW168900	2026-03-18	    606873	12:23:40	Se t	Seleen	<	1,5	µg/L
OW168900	2026-03-18	    606873	12:23:40	SiO2 o	Silicaat	=	7,8	mgSiO2/L
OW168900	2026-03-18	    606873	12:23:40	Sn o	Tin	<	1,5	µg/L
OW168900	2026-03-18	    606873	12:23:40	Sn t	Tin	<	1,5	µg/L
OW168900	2026-03-18	    606873	12:23:40	SO4=	Sulfaat	=	88	mg/L
OW168900	2026-03-18	    606873	12:23:40	T	Temperatuur	=	10,9	°C
OW168900	2026-03-18	    606873	12:23:40	Te o	Telluur	<	2,5	µg/L
OW168900	2026-03-18	    606873	12:23:40	Te t	Telluur	<	2,5	µg/L
OW168900	2026-03-18	    606873	12:23:40	Ti o	Titaan	<	2	µg/L
OW168900	2026-03-18	    606873	12:23:40	Ti t	Titaan	=	12,7	µg/L
OW168900	2026-03-18	    606873	12:23:40	Tl o	Thallium	<	0,1	µg/L
OW168900	2026-03-18	    606873	12:23:40	Tl t	Thallium	<	0,1	µg/L
OW168900	2026-03-18	    606873	12:23:40	U o	Uranium	=	1,44	µg/L
OW168900	2026-03-18	    606873	12:23:40	U t	Uranium	=	1,47	µg/L
OW168900	2026-03-18	    606873	12:23:40	V o	Vanadium	<	1,5	µg/L
OW168900	2026-03-18	    606873	12:23:40	V t	Vanadium	=	3,7	µg/L
OW168900	2026-03-18	    606873	12:23:40	Zn o	Zink	<	11	µg/L
OW168900	2026-03-18	    606873	12:23:40	Zn t	Zink	=	22,6	µg/L
OW168900	2026-03-18	    606873	12:23:40	ZS	Zwevende stoffen	=	13,6	mg/L
OW168900	2026-04-15	    606874	11:51:28	Ag o	Zilver	<	0,05	µg/L
OW168900	2026-04-15	    606874	11:51:28	Ag t	Zilver	<	0,05	µg/L
OW168900	2026-04-15	    606874	11:51:28	Al o	Aluminium	<	150	µg/L
OW168900	2026-04-15	    606874	11:51:28	As o	Arseen	=	1,1	µg/L
OW168900	2026-04-15	    606874	11:51:28	As t	Arseen	=	1,53	µg/L
OW168900	2026-04-15	    606874	11:51:28	B o	Boor	=	77	µg/L
OW168900	2026-04-15	    606874	11:51:28	B t	Boor	=	77	µg/L
OW168900	2026-04-15	    606874	11:51:28	Ba o	Barium	=	34	µg/L
OW168900	2026-04-15	    606874	11:51:28	Ba t	Barium	=	40	µg/L
OW168900	2026-04-15	    606874	11:51:28	Be o	Beryllium	<	0,11	µg/L
OW168900	2026-04-15	    606874	11:51:28	Be t	Beryllium	<	0,15	µg/L
OW168900	2026-04-15	    606874	11:51:28	BZV5	Biochemisch zuurstofverbruik na 5d.	=	4,7	mgO2/L
OW168900	2026-04-15	    606874	11:51:28	Ca o	Calcium	=	134000	µg/L
OW168900	2026-04-15	    606874	11:51:28	Cd o	Cadmium	<	0,05	µg/L
OW168900	2026-04-15	    606874	11:51:28	Cd t	Cadmium	<	0,1	µg/L
OW168900	2026-04-15	    606874	11:51:28	Cl-	Chloride	=	69	mg/L
OW168900	2026-04-15	    606874	11:51:28	Co o	Kobalt	=	0,38	µg/L
OW168900	2026-04-15	    606874	11:51:28	Co t	Kobalt	=	0,66	µg/L
OW168900	2026-04-15	    606874	11:51:28	Cr o	Chroom	<	1,5	µg/L
OW168900	2026-04-15	    606874	11:51:28	Cr t	Chroom	<	3	µg/L
OW168900	2026-04-15	    606874	11:51:28	Cu o	Koper	<	2	µg/L
OW168900	2026-04-15	    606874	11:51:28	Cu t	Koper	<	4	µg/L
OW168900	2026-04-15	    606874	11:51:28	CZV	Chemisch zuurstofverbruik	=	16	mgO2/L
OW168900	2026-04-15	    606874	11:51:28	DOC	Koolstof	=	5,07	mgC/L
OW168900	2026-04-15	    606874	11:51:28	EC 20	Geleidbaarheid (20°C)	=	865	µS/cm
OW168900	2026-04-15	    606874	11:51:28	EC 25	Geleidbaarheid (25°C)	=	947,6075	µS/cm
OW168900	2026-04-15	    606874	11:51:28	Fe o	Ijzer	<	12,5	µg/L
OW168900	2026-04-15	    606874	11:51:28	Fe t	Ijzer	=	630	µg/L
OW168900	2026-04-15	    606874	11:51:28	H t	Hardheid	=	39,458333333333333381	°F
OW168900	2026-04-15	    606874	11:51:28	Hg o	Kwik	<	0,025	µg/L
OW168900	2026-04-15	    606874	11:51:28	Hg t	Kwik	<	0,025	µg/L
OW168900	2026-04-15	    606874	11:51:28	K o	Kalium	=	14900	µg/L
OW168900	2026-04-15	    606874	11:51:28	KjN	Kjeldahlstikstof	=	1,1587	mgN/L
OW168900	2026-04-15	    606874	11:51:28	Mg o	Magnesium	=	14300	µg/L
OW168900	2026-04-15	    606874	11:51:28	Mn o	Mangaan	=	5,9	µg/L
OW168900	2026-04-15	    606874	11:51:28	Mn t	Mangaan	=	66	µg/L
OW168900	2026-04-15	    606874	11:51:28	Mo o	Molybdeen	<	3	µg/L
OW168900	2026-04-15	    606874	11:51:28	Mo t	Molybdeen	<	3	µg/L
OW168900	2026-04-15	    606874	11:51:28	N t	Stikstof	=	5,2	mgN/L
OW168900	2026-04-15	    606874	11:51:28	N+N	Nitraat+nitriet	=	4,0413	mgN/L
OW168900	2026-04-15	    606874	11:51:28	N+N+N	Nitraat+nitriet+ammonium	<	4,0713	mgN/L
OW168900	2026-04-15	    606874	11:51:28	Na o	Natrium	=	52000	µg/L
OW168900	2026-04-15	    606874	11:51:28	NH4+	Ammonium	<	0,03	mgN/L
OW168900	2026-04-15	    606874	11:51:28	Ni o	Nikkel	<	3,2	µg/L
OW168900	2026-04-15	    606874	11:51:28	Ni t	Nikkel	<	3,2	µg/L
OW168900	2026-04-15	    606874	11:51:28	NO2-	Nitriet	=	0,0413	mgN/L
OW168900	2026-04-15	    606874	11:51:28	NO3-	Nitraat	=	4	mgN/L
OW168900	2026-04-15	    606874	11:51:28	O2	Zuurstof	=	13,82	mg/L
OW168900	2026-04-15	    606874	11:51:28	O2 verz	Zuurstof	=	133,6	%
OW168900	2026-04-15	    606874	11:51:28	oPO4 f	Orthofosfaat	=	0,079	mgP/L
OW168900	2026-04-15	    606874	11:51:28	P t	Fosfor	=	0,281	mgP/L
OW168900	2026-04-15	    606874	11:51:28	Pb o	Lood	<	1,5	µg/L
OW168900	2026-04-15	    606874	11:51:28	Pb t	Lood	<	3	µg/L
OW168900	2026-04-15	    606874	11:51:28	pH	pH	=	8,53	-
OW168900	2026-04-15	    606874	11:51:28	Sb o	Antimoon	<	1,5	µg/L
OW168900	2026-04-15	    606874	11:51:28	Sb t	Antimoon	<	1,5	µg/L
OW168900	2026-04-15	    606874	11:51:28	Se o	Seleen	<	1,5	µg/L
OW168900	2026-04-15	    606874	11:51:28	Se t	Seleen	<	1,5	µg/L
OW168900	2026-04-15	    606874	11:51:28	SiO2 o	Silicaat	=	4,47	mgSiO2/L
OW168900	2026-04-15	    606874	11:51:28	Sn o	Tin	<	1,5	µg/L
OW168900	2026-04-15	    606874	11:51:28	Sn t	Tin	<	1,5	µg/L
OW168900	2026-04-15	    606874	11:51:28	SO4=	Sulfaat	=	101	mg/L
OW168900	2026-04-15	    606874	11:51:28	T	Temperatuur	=	14,1	°C
OW168900	2026-04-15	    606874	11:51:28	Te o	Telluur	<	2,5	µg/L
OW168900	2026-04-15	    606874	11:51:28	Te t	Telluur	<	2,5	µg/L
OW168900	2026-04-15	    606874	11:51:28	Ti o	Titaan	<	2	µg/L
OW168900	2026-04-15	    606874	11:51:28	Ti t	Titaan	=	9,4	µg/L
OW168900	2026-04-15	    606874	11:51:28	Tl o	Thallium	<	0,1	µg/L
OW168900	2026-04-15	    606874	11:51:28	Tl t	Thallium	<	0,1	µg/L
OW168900	2026-04-15	    606874	11:51:28	U o	Uranium	=	1,29	µg/L
OW168900	2026-04-15	    606874	11:51:28	U t	Uranium	=	1,4	µg/L
OW168900	2026-04-15	    606874	11:51:28	V o	Vanadium	<	3	µg/L
OW168900	2026-04-15	    606874	11:51:28	V t	Vanadium	=	3,4	µg/L
OW168900	2026-04-15	    606874	11:51:28	Zn o	Zink	<	11	µg/L
OW168900	2026-04-15	    606874	11:51:28	Zn t	Zink	=	30	µg/L
OW168900	2026-04-15	    606874	11:51:28	ZS	Zwevende stoffen	=	31	mg/L
OW168900	2026-05-06	    624861	11:46:24	Ag o	Zilver	<	0,05	µg/L
OW168900	2026-05-06	    624861	11:46:24	Ag t	Zilver	<	0,05	µg/L
OW168900	2026-05-06	    624861	11:46:24	Al o	Aluminium	<	150	µg/L
OW168900	2026-05-06	    624861	11:46:24	As o	Arseen	=	1,39	µg/L
OW168900	2026-05-06	    624861	11:46:24	As t	Arseen	=	2,01	µg/L
OW168900	2026-05-06	    624861	11:46:24	B o	Boor	=	84	µg/L
OW168900	2026-05-06	    624861	11:46:24	B t	Boor	=	82	µg/L
OW168900	2026-05-06	    624861	11:46:24	Ba o	Barium	=	31	µg/L
OW168900	2026-05-06	    624861	11:46:24	Ba t	Barium	=	43	µg/L
OW168900	2026-05-06	    624861	11:46:24	Be o	Beryllium	<	0,11	µg/L
OW168900	2026-05-06	    624861	11:46:24	Be t	Beryllium	<	0,15	µg/L
OW168900	2026-05-06	    624861	11:46:24	BZV5	Biochemisch zuurstofverbruik na 5d.	=	3,9	mgO2/L
OW168900	2026-05-06	    624861	11:46:24	Ca o	Calcium	=	115000	µg/L
OW168900	2026-05-06	    624861	11:46:24	Cd o	Cadmium	<	0,05	µg/L
OW168900	2026-05-06	    624861	11:46:24	Cd t	Cadmium	<	0,2	µg/L
OW168900	2026-05-06	    624861	11:46:24	Cl-	Chloride	=	91	mg/L
OW168900	2026-05-06	    624861	11:46:24	Co o	Kobalt	=	0,46	µg/L
OW168900	2026-05-06	    624861	11:46:24	Co t	Kobalt	=	1,01	µg/L
OW168900	2026-05-06	    624861	11:46:24	Cr o	Chroom	<	1,5	µg/L
OW168900	2026-05-06	    624861	11:46:24	Cr t	Chroom	=	4,9	µg/L
OW168900	2026-05-06	    624861	11:46:24	Cu o	Koper	<	2	µg/L
OW168900	2026-05-06	    624861	11:46:24	Cu t	Koper	=	4,5	µg/L
OW168900	2026-05-06	    624861	11:46:24	CZV	Chemisch zuurstofverbruik	=	14,8	mgO2/L
OW168900	2026-05-06	    624861	11:46:24	DOC	Koolstof	=	5,45	mgC/L
OW168900	2026-05-06	    624861	11:46:24	EC 20	Geleidbaarheid (20°C)	=	903	µS/cm
OW168900	2026-05-06	    624861	11:46:24	EC 25	Geleidbaarheid (25°C)	=	989,2365	µS/cm
OW168900	2026-05-06	    624861	11:46:24	Fe o	Ijzer	<	12,5	µg/L
OW168900	2026-05-06	    624861	11:46:24	Fe t	Ijzer	=	1320	µg/L
OW168900	2026-05-06	    624861	11:46:24	H t	Hardheid	=	34,291666666666666711	°F
OW168900	2026-05-06	    624861	11:46:24	Hg o	Kwik	<	0,05	µg/L
OW168900	2026-05-06	    624861	11:46:24	Hg t	Kwik	<	0,025	µg/L
OW168900	2026-05-06	    624861	11:46:24	K o	Kalium	=	17100	µg/L
OW168900	2026-05-06	    624861	11:46:24	KjN	Kjeldahlstikstof	=	1,376	mgN/L
OW168900	2026-05-06	    624861	11:46:24	Mg o	Magnesium	=	13300	µg/L
OW168900	2026-05-06	    624861	11:46:24	Mn o	Mangaan	=	8,8	µg/L
OW168900	2026-05-06	    624861	11:46:24	Mn t	Mangaan	=	124	µg/L
OW168900	2026-05-06	    624861	11:46:24	Mo o	Molybdeen	<	3	µg/L
OW168900	2026-05-06	    624861	11:46:24	Mo t	Molybdeen	<	3	µg/L
OW168900	2026-05-06	    624861	11:46:24	N t	Stikstof	=	5,2	mgN/L
OW168900	2026-05-06	    624861	11:46:24	N+N	Nitraat+nitriet	=	3,824	mgN/L
OW168900	2026-05-06	    624861	11:46:24	N+N+N	Nitraat+nitriet+ammonium	=	3,962	mgN/L
OW168900	2026-05-06	    624861	11:46:24	Na o	Natrium	=	64000	µg/L
OW168900	2026-05-06	    624861	11:46:24	NH4+	Ammonium	=	0,138	mgN/L
OW168900	2026-05-06	    624861	11:46:24	Ni o	Nikkel	<	3,2	µg/L
OW168900	2026-05-06	    624861	11:46:24	Ni t	Nikkel	=	3,6	µg/L
OW168900	2026-05-06	    624861	11:46:24	NO2-	Nitriet	=	0,094	mgN/L
OW168900	2026-05-06	    624861	11:46:24	NO3-	Nitraat	=	3,73	mgN/L
OW168900	2026-05-06	    624861	11:46:24	O2	Zuurstof	=	9,17	mg/L
OW168900	2026-05-06	    624861	11:46:24	O2 verz	Zuurstof	=	93,8	%
OW168900	2026-05-06	    624861	11:46:24	oPO4 f	Orthofosfaat	=	0,208	mgP/L
OW168900	2026-05-06	    624861	11:46:24	P t	Fosfor	=	0,44	mgP/L
OW168900	2026-05-06	    624861	11:46:24	Pb o	Lood	<	1,5	µg/L
OW168900	2026-05-06	    624861	11:46:24	Pb t	Lood	=	4,1	µg/L
OW168900	2026-05-06	    624861	11:46:24	pH	pH	=	8,14	-
OW168900	2026-05-06	    624861	11:46:24	Sb o	Antimoon	<	1,5	µg/L
OW168900	2026-05-06	    624861	11:46:24	Sb t	Antimoon	<	1,5	µg/L
OW168900	2026-05-06	    624861	11:46:24	Se o	Seleen	<	1,5	µg/L
OW168900	2026-05-06	    624861	11:46:24	Se t	Seleen	<	1,5	µg/L
OW168900	2026-05-06	    624861	11:46:24	SiO2 o	Silicaat	=	2,58	mgSiO2/L
OW168900	2026-05-06	    624861	11:46:24	Sn o	Tin	<	1,5	µg/L
OW168900	2026-05-06	    624861	11:46:24	Sn t	Tin	<	1,5	µg/L
OW168900	2026-05-06	    624861	11:46:24	SO4=	Sulfaat	=	102	mg/L
OW168900	2026-05-06	    624861	11:46:24	T	Temperatuur	=	16,2	°C
OW168900	2026-05-06	    624861	11:46:24	Te o	Telluur	<	2,5	µg/L
OW168900	2026-05-06	    624861	11:46:24	Te t	Telluur	<	2,5	µg/L
OW168900	2026-05-06	    624861	11:46:24	Ti o	Titaan	<	2	µg/L
OW168900	2026-05-06	    624861	11:46:24	Ti t	Titaan	=	21	µg/L
OW168900	2026-05-06	    624861	11:46:24	Tl o	Thallium	<	0,1	µg/L
OW168900	2026-05-06	    624861	11:46:24	Tl t	Thallium	<	0,1	µg/L
OW168900	2026-05-06	    624861	11:46:24	U o	Uranium	=	1,05	µg/L
OW168900	2026-05-06	    624861	11:46:24	U t	Uranium	=	1,16	µg/L
OW168900	2026-05-06	    624861	11:46:24	V o	Vanadium	<	1,5	µg/L
OW168900	2026-05-06	    624861	11:46:24	V t	Vanadium	=	4,4	µg/L
OW168900	2026-05-06	    624861	11:46:24	Zn o	Zink	<	11	µg/L
OW168900	2026-05-06	    624861	11:46:24	Zn t	Zink	=	28,5	µg/L
OW168900	2026-05-06	    624861	11:46:24	ZS	Zwevende stoffen	=	46	mg/L
OW168900	2026-06-10	    624863	12:08:43	Ag o	Zilver	<	0,05	µg/L
OW168900	2026-06-10	    624863	12:08:43	Ag t	Zilver	<	0,05	µg/L
OW168900	2026-06-10	    624863	12:08:43	Al o	Aluminium	<	150	µg/L
OW168900	2026-06-10	    624863	12:08:43	As o	Arseen	=	2	µg/L
OW168900	2026-06-10	    624863	12:08:43	As t	Arseen	=	2,43	µg/L
OW168900	2026-06-10	    624863	12:08:43	B o	Boor	=	79	µg/L
OW168900	2026-06-10	    624863	12:08:43	B t	Boor	=	76	µg/L
OW168900	2026-06-10	    624863	12:08:43	Ba o	Barium	=	32	µg/L
OW168900	2026-06-10	    624863	12:08:43	Ba t	Barium	=	42	µg/L
OW168900	2026-06-10	    624863	12:08:43	Be o	Beryllium	<	0,11	µg/L
OW168900	2026-06-10	    624863	12:08:43	Be t	Beryllium	<	0,15	µg/L
OW168900	2026-06-10	    624863	12:08:43	BZV5	Biochemisch zuurstofverbruik na 5d.	=	2,9	mgO2/L
OW168900	2026-06-10	    624863	12:08:43	Ca o	Calcium	=	115000	µg/L
OW168900	2026-06-10	    624863	12:08:43	Cd o	Cadmium	<	0,05	µg/L
OW168900	2026-06-10	    624863	12:08:43	Cd t	Cadmium	<	0,2	µg/L
OW168900	2026-06-10	    624863	12:08:43	Cl-	Chloride	=	81	mg/L
OW168900	2026-06-10	    624863	12:08:43	Co o	Kobalt	=	0,37	µg/L
OW168900	2026-06-10	    624863	12:08:43	Co t	Kobalt	=	0,81	µg/L
OW168900	2026-06-10	    624863	12:08:43	Cr o	Chroom	<	1,5	µg/L
OW168900	2026-06-10	    624863	12:08:43	Cr t	Chroom	=	5,6	µg/L
OW168900	2026-06-10	    624863	12:08:43	Cu o	Koper	<	2	µg/L
OW168900	2026-06-10	    624863	12:08:43	Cu t	Koper	=	4,1	µg/L
OW168900	2026-06-10	    624863	12:08:43	CZV	Chemisch zuurstofverbruik	=	13,1	mgO2/L
OW168900	2026-06-10	    624863	12:08:43	DOC	Koolstof	=	4,83	mgC/L
OW168900	2026-06-10	    624863	12:08:43	EC 20	Geleidbaarheid (20°C)	=	827	µS/cm
OW168900	2026-06-10	    624863	12:08:43	EC 25	Geleidbaarheid (25°C)	=	905,9785	µS/cm
OW168900	2026-06-10	    624863	12:08:43	Fe o	Ijzer	<	12,5	µg/L
OW168900	2026-06-10	    624863	12:08:43	Fe t	Ijzer	=	1010	µg/L
OW168900	2026-06-10	    624863	12:08:43	H t	Hardheid	=	34,16666666666666671	°F
OW168900	2026-06-10	    624863	12:08:43	Hg o	Kwik	<	0,025	µg/L
OW168900	2026-06-10	    624863	12:08:43	Hg t	Kwik	<	0,025	µg/L
OW168900	2026-06-10	    624863	12:08:43	K o	Kalium	=	16600	µg/L
OW168900	2026-06-10	    624863	12:08:43	KjN	Kjeldahlstikstof	=	1,092	mgN/L
OW168900	2026-06-10	    624863	12:08:43	Mg o	Magnesium	=	13000	µg/L
OW168900	2026-06-10	    624863	12:08:43	Mn o	Mangaan	=	71	µg/L
OW168900	2026-06-10	    624863	12:08:43	Mn t	Mangaan	=	131	µg/L
OW168900	2026-06-10	    624863	12:08:43	Mo o	Molybdeen	<	3	µg/L
OW168900	2026-06-10	    624863	12:08:43	Mo t	Molybdeen	<	3	µg/L
OW168900	2026-06-10	    624863	12:08:43	N t	Stikstof	=	4,9	mgN/L
OW168900	2026-06-10	    624863	12:08:43	N+N	Nitraat+nitriet	=	3,808	mgN/L
OW168900	2026-06-10	    624863	12:08:43	N+N+N	Nitraat+nitriet+ammonium	=	4,196	mgN/L
OW168900	2026-06-10	    624863	12:08:43	Na o	Natrium	=	57000	µg/L
OW168900	2026-06-10	    624863	12:08:43	NH4+	Ammonium	=	0,388	mgN/L
OW168900	2026-06-10	    624863	12:08:43	Ni o	Nikkel	<	3,2	µg/L
OW168900	2026-06-10	    624863	12:08:43	Ni t	Nikkel	=	3,8	µg/L
OW168900	2026-06-10	    624863	12:08:43	NO2-	Nitriet	=	0,228	mgN/L
OW168900	2026-06-10	    624863	12:08:43	NO3-	Nitraat	=	3,58	mgN/L
OW168900	2026-06-10	    624863	12:08:43	O2	Zuurstof	=	7,81	mg/L
OW168900	2026-06-10	    624863	12:08:43	O2 verz	Zuurstof	=	84,3	%
OW168900	2026-06-10	    624863	12:08:43	oPO4 f	Orthofosfaat	=	0,397	mgP/L
OW168900	2026-06-10	    624863	12:08:43	P t	Fosfor	=	0,6	mgP/L
OW168900	2026-06-10	    624863	12:08:43	Pb o	Lood	<	1,5	µg/L
OW168900	2026-06-10	    624863	12:08:43	Pb t	Lood	=	3,4	µg/L
OW168900	2026-06-10	    624863	12:08:43	pH	pH	=	7,74	-
OW168900	2026-06-10	    624863	12:08:43	Sb o	Antimoon	<	1,5	µg/L
OW168900	2026-06-10	    624863	12:08:43	Sb t	Antimoon	<	1,5	µg/L
OW168900	2026-06-10	    624863	12:08:43	Se o	Seleen	<	1,5	µg/L
OW168900	2026-06-10	    624863	12:08:43	Se t	Seleen	<	1,5	µg/L
OW168900	2026-06-10	    624863	12:08:43	SiO2 o	Silicaat	=	10,4	mgSiO2/L
OW168900	2026-06-10	    624863	12:08:43	Sn o	Tin	<	1,5	µg/L
OW168900	2026-06-10	    624863	12:08:43	Sn t	Tin	<	1,5	µg/L
OW168900	2026-06-10	    624863	12:08:43	SO4=	Sulfaat	=	83	mg/L
OW168900	2026-06-10	    624863	12:08:43	T	Temperatuur	=	19	°C
OW168900	2026-06-10	    624863	12:08:43	Te o	Telluur	<	2,5	µg/L
OW168900	2026-06-10	    624863	12:08:43	Te t	Telluur	<	2,5	µg/L
OW168900	2026-06-10	    624863	12:08:43	Ti o	Titaan	<	2	µg/L
OW168900	2026-06-10	    624863	12:08:43	Ti t	Titaan	=	16	µg/L
OW168900	2026-06-10	    624863	12:08:43	Tl o	Thallium	<	0,1	µg/L
OW168900	2026-06-10	    624863	12:08:43	Tl t	Thallium	<	0,1	µg/L
OW168900	2026-06-10	    624863	12:08:43	U o	Uranium	=	0,92	µg/L
OW168900	2026-06-10	    624863	12:08:43	U t	Uranium	=	1,04	µg/L
OW168900	2026-06-10	    624863	12:08:43	V o	Vanadium	<	3	µg/L
OW168900	2026-06-10	    624863	12:08:43	V t	Vanadium	=	5	µg/L
OW168900	2026-06-10	    624863	12:08:43	Zn o	Zink	<	11	µg/L
OW168900	2026-06-10	    624863	12:08:43	Zn t	Zink	=	23,5	µg/L
OW168900	2026-06-10	    624863	12:08:43	ZS	Zwevende stoffen	=	26	mg/L
OW168900	2026-07-08	   1107970	11:18:13	Ag o	Zilver	<	0,05	µg/L
OW168900	2026-07-08	   1107970	11:18:13	Ag t	Zilver	<	0,1	µg/L
OW168900	2026-07-08	   1107970	11:18:13	Al o	Aluminium	<	150	µg/L
OW168900	2026-07-08	   1107970	11:18:13	As o	Arseen	=	2,37	µg/L
OW168900	2026-07-08	   1107970	11:18:13	As t	Arseen	=	3,3	µg/L
OW168900	2026-07-08	   1107970	11:18:13	B o	Boor	=	91	µg/L
OW168900	2026-07-08	   1107970	11:18:13	B t	Boor	=	87	µg/L
OW168900	2026-07-08	   1107970	11:18:13	Ba o	Barium	=	34	µg/L
OW168900	2026-07-08	   1107970	11:18:13	Ba t	Barium	=	46	µg/L
OW168900	2026-07-08	   1107970	11:18:13	Be o	Beryllium	<	0,11	µg/L
OW168900	2026-07-08	   1107970	11:18:13	Be t	Beryllium	<	0,15	µg/L
OW168900	2026-07-08	   1107970	11:18:13	BZV5	Biochemisch zuurstofverbruik na 5d.	=	2,08	mgO2/L
OW168900	2026-07-08	   1107970	11:18:13	Ca o	Calcium	=	124000	µg/L
OW168900	2026-07-08	   1107970	11:18:13	Cd o	Cadmium	<	0,05	µg/L
OW168900	2026-07-08	   1107970	11:18:13	Cd t	Cadmium	<	0,2	µg/L
OW168900	2026-07-08	   1107970	11:18:13	Cl-	Chloride	=	91	mg/L
OW168900	2026-07-08	   1107970	11:18:13	Co o	Kobalt	=	0,43	µg/L
OW168900	2026-07-08	   1107970	11:18:13	Co t	Kobalt	=	1,17	µg/L
OW168900	2026-07-08	   1107970	11:18:13	Cr o	Chroom	<	1,5	µg/L
OW168900	2026-07-08	   1107970	11:18:13	Cr t	Chroom	=	7	µg/L
OW168900	2026-07-08	   1107970	11:18:13	Cu o	Koper	<	2	µg/L
OW168900	2026-07-08	   1107970	11:18:13	Cu t	Koper	=	5,3	µg/L
OW168900	2026-07-08	   1107970	11:18:13	CZV	Chemisch zuurstofverbruik	=	19,9	mgO2/L
OW168900	2026-07-08	   1107970	11:18:13	DOC	Koolstof	=	4,95	mgC/L
OW168900	2026-07-08	   1107970	11:18:13	EC 20	Geleidbaarheid (20°C)	=	865	µS/cm
OW168900	2026-07-08	   1107970	11:18:13	EC 25	Geleidbaarheid (25°C)	=	947,6075	µS/cm
OW168900	2026-07-08	   1107970	11:18:13	Fe o	Ijzer	<	12,5	µg/L
OW168900	2026-07-08	   1107970	11:18:13	Fe t	Ijzer	=	1630	µg/L
OW168900	2026-07-08	   1107970	11:18:13	H t	Hardheid	=	36,916666666666666714	°F
OW168900	2026-07-08	   1107970	11:18:13	Hg o	Kwik	<	0,025	µg/L
OW168900	2026-07-08	   1107970	11:18:13	Hg t	Kwik	<	0,05	µg/L
OW168900	2026-07-08	   1107970	11:18:13	K o	Kalium	=	18100	µg/L
OW168900	2026-07-08	   1107970	11:18:13	KjN	Kjeldahlstikstof	=	0,9286	mgN/L
OW168900	2026-07-08	   1107970	11:18:13	Mg o	Magnesium	=	14200	µg/L
OW168900	2026-07-08	   1107970	11:18:13	Mn o	Mangaan	<	3	µg/L
OW168900	2026-07-08	   1107970	11:18:13	Mn t	Mangaan	=	143	µg/L
OW168900	2026-07-08	   1107970	11:18:13	Mo o	Molybdeen	<	3	µg/L
OW168900	2026-07-08	   1107970	11:18:13	Mo t	Molybdeen	<	3	µg/L
OW168900	2026-07-08	   1107970	11:18:13	N t	Stikstof	=	3,74	mgN/L
OW168900	2026-07-08	   1107970	11:18:13	N+N	Nitraat+nitriet	=	2,8114	mgN/L
OW168900	2026-07-08	   1107970	11:18:13	N+N+N	Nitraat+nitriet+ammonium	<	2,8414	mgN/L
OW168900	2026-07-08	   1107970	11:18:13	Na o	Natrium	=	63000	µg/L
OW168900	2026-07-08	   1107970	11:18:13	NH4+	Ammonium	<	0,03	mgN/L
OW168900	2026-07-08	   1107970	11:18:13	Ni o	Nikkel	<	3,2	µg/L
OW168900	2026-07-08	   1107970	11:18:13	Ni t	Nikkel	=	4,2	µg/L
OW168900	2026-07-08	   1107970	11:18:13	NO2-	Nitriet	=	0,0414	mgN/L
OW168900	2026-07-08	   1107970	11:18:13	NO3-	Nitraat	=	2,77	mgN/L
OW168900	2026-07-08	   1107970	11:18:13	O2	Zuurstof	=	9,21	mg/L
OW168900	2026-07-08	   1107970	11:18:13	O2 verz	Zuurstof	=	110,9	%
OW168900	2026-07-08	   1107970	11:18:13	oPO4 f	Orthofosfaat	=	0,309	mgP/L
OW168900	2026-07-08	   1107970	11:18:13	P t	Fosfor	=	0,61	mgP/L
OW168900	2026-07-08	   1107970	11:18:13	Pb o	Lood	<	1,5	µg/L
OW168900	2026-07-08	   1107970	11:18:13	Pb t	Lood	=	5,3	µg/L
OW168900	2026-07-08	   1107970	11:18:13	pH	pH	=	8,28	-
OW168900	2026-07-08	   1107970	11:18:13	Sb o	Antimoon	<	1,5	µg/L
OW168900	2026-07-08	   1107970	11:18:13	Sb t	Antimoon	<	1,5	µg/L
OW168900	2026-07-08	   1107970	11:18:13	Se o	Seleen	<	1,5	µg/L
OW168900	2026-07-08	   1107970	11:18:13	Se t	Seleen	<	1,5	µg/L
OW168900	2026-07-08	   1107970	11:18:13	SiO2 o	Silicaat	<	0,52	mgSiO2/L
OW168900	2026-07-08	   1107970	11:18:13	Sn o	Tin	<	1,5	µg/L
OW168900	2026-07-08	   1107970	11:18:13	Sn t	Tin	<	1,5	µg/L
OW168900	2026-07-08	   1107970	11:18:13	SO4=	Sulfaat	=	89	mg/L
OW168900	2026-07-08	   1107970	11:18:13	T	Temperatuur	=	25,1	°C
OW168900	2026-07-08	   1107970	11:18:13	Te o	Telluur	<	2,5	µg/L
OW168900	2026-07-08	   1107970	11:18:13	Te t	Telluur	<	2,5	µg/L
OW168900	2026-07-08	   1107970	11:18:13	Ti o	Titaan	<	2	µg/L
OW168900	2026-07-08	   1107970	11:18:13	Ti t	Titaan	=	26	µg/L
OW168900	2026-07-08	   1107970	11:18:13	Tl o	Thallium	<	0,1	µg/L
OW168900	2026-07-08	   1107970	11:18:13	Tl t	Thallium	<	0,1	µg/L
OW168900	2026-07-08	   1107970	11:18:13	U o	Uranium	=	0,99	µg/L
OW168900	2026-07-08	   1107970	11:18:13	U t	Uranium	=	1,14	µg/L
OW168900	2026-07-08	   1107970	11:18:13	V o	Vanadium	<	3	µg/L
OW168900	2026-07-08	   1107970	11:18:13	V t	Vanadium	=	7,5	µg/L
OW168900	2026-07-08	   1107970	11:18:13	Zn o	Zink	<	11	µg/L
OW168900	2026-07-08	   1107970	11:18:13	Zn t	Zink	=	30,8	µg/L
OW168900	2026-07-08	   1107970	11:18:13	ZS	Zwevende stoffen	=	50	mg/L
OW168900	2026-07-24	   1124007	10:39:01	EC 20	Geleidbaarheid (20°C)	=	898	µS/cm
OW168900	2026-07-24	   1124007	10:39:01	EC 25	Geleidbaarheid (25°C)	=	983,759	µS/cm
OW168900	2026-07-24	   1124007	10:39:01	O2	Zuurstof	=	8,08	mg/L
OW168900	2026-07-24	   1124007	10:39:01	O2 verz	Zuurstof	=	95	%
OW168900	2026-07-24	   1124007	10:39:01	pH	pH	=	8,24	-
OW168900	2026-07-24	   1124007	10:39:01	T	Temperatuur	=	23,2	°C
OW168900	2026-08-12	   1109846	11:48:31	Ag o	Zilver	<	0,05	µg/L
OW168900	2026-08-12	   1109846	11:48:31	Ag t	Zilver	<	0,05	µg/L
OW168900	2026-08-12	   1109846	11:48:31	Al o	Aluminium	<	150	µg/L
OW168900	2026-08-12	   1109846	11:48:31	As o	Arseen	=	2,61	µg/L
OW168900	2026-08-12	   1109846	11:48:31	As t	Arseen	=	3,5	µg/L
OW168900	2026-08-12	   1109846	11:48:31	B o	Boor	=	94	µg/L
OW168900	2026-08-12	   1109846	11:48:31	B t	Boor	=	97	µg/L
OW168900	2026-08-12	   1109846	11:48:31	Ba o	Barium	=	36	µg/L
OW168900	2026-08-12	   1109846	11:48:31	Ba t	Barium	=	48	µg/L
OW168900	2026-08-12	   1109846	11:48:31	Be o	Beryllium	<	0,11	µg/L
OW168900	2026-08-12	   1109846	11:48:31	Be t	Beryllium	<	0,15	µg/L
OW168900	2026-08-12	   1109846	11:48:31	BZV5	Biochemisch zuurstofverbruik na 5d.	=	2,8	mgO2/L
OW168900	2026-08-12	   1109846	11:48:31	Ca o	Calcium	=	116000	µg/L
OW168900	2026-08-12	   1109846	11:48:31	Cd o	Cadmium	<	0,05	µg/L
OW168900	2026-08-12	   1109846	11:48:31	Cd t	Cadmium	<	0,2	µg/L
OW168900	2026-08-12	   1109846	11:48:31	Cl-	Chloride	=	115	mg/L
OW168900	2026-08-12	   1109846	11:48:31	Co o	Kobalt	=	0,48	µg/L
OW168900	2026-08-12	   1109846	11:48:31	Co t	Kobalt	=	1,2	µg/L
OW168900	2026-08-12	   1109846	11:48:31	Cr o	Chroom	<	1,5	µg/L
OW168900	2026-08-12	   1109846	11:48:31	Cr t	Chroom	=	5,4	µg/L
OW168900	2026-08-12	   1109846	11:48:31	Cu o	Koper	<	2	µg/L
OW168900	2026-08-12	   1109846	11:48:31	Cu t	Koper	=	4,7	µg/L
OW168900	2026-08-12	   1109846	11:48:31	CZV	Chemisch zuurstofverbruik	=	26	mgO2/L
OW168900	2026-08-12	   1109846	11:48:31	DOC	Koolstof	=	5,5	mgC/L
OW168900	2026-08-12	   1109846	11:48:31	EC 20	Geleidbaarheid (20°C)	=	922	µS/cm
OW168900	2026-08-12	   1109846	11:48:31	EC 25	Geleidbaarheid (25°C)	=	1010,051	µS/cm
OW168900	2026-08-12	   1109846	11:48:31	Fe o	Ijzer	<	12,5	µg/L
OW168900	2026-08-12	   1109846	11:48:31	Fe t	Ijzer	=	1490	µg/L
OW168900	2026-08-12	   1109846	11:48:31	H t	Hardheid	=	35,208333333333333383	°F
OW168900	2026-08-12	   1109846	11:48:31	Hg o	Kwik	<	0,025	µg/L
OW168900	2026-08-12	   1109846	11:48:31	Hg t	Kwik	<	0,025	µg/L
OW168900	2026-08-12	   1109846	11:48:31	K o	Kalium	=	21200	µg/L
OW168900	2026-08-12	   1109846	11:48:31	KjN	Kjeldahlstikstof	=	1,7293	mgN/L
OW168900	2026-08-12	   1109846	11:48:31	Mg o	Magnesium	=	14900	µg/L
OW168900	2026-08-12	   1109846	11:48:31	Mn o	Mangaan	<	3	µg/L
OW168900	2026-08-12	   1109846	11:48:31	Mn t	Mangaan	=	121	µg/L
OW168900	2026-08-12	   1109846	11:48:31	Mo o	Molybdeen	=	3,1	µg/L
OW168900	2026-08-12	   1109846	11:48:31	Mo t	Molybdeen	<	3	µg/L
OW168900	2026-08-12	   1109846	11:48:31	N t	Stikstof	=	3,4	mgN/L
OW168900	2026-08-12	   1109846	11:48:31	N+N	Nitraat+nitriet	=	1,6707	mgN/L
OW168900	2026-08-12	   1109846	11:48:31	N+N+N	Nitraat+nitriet+ammonium	<	1,7307	mgN/L
OW168900	2026-08-12	   1109846	11:48:31	Na o	Natrium	=	75000	µg/L
OW168900	2026-08-12	   1109846	11:48:31	NH4+	Ammonium	<	0,06	mgN/L
OW168900	2026-08-12	   1109846	11:48:31	Ni o	Nikkel	<	3,2	µg/L
OW168900	2026-08-12	   1109846	11:48:31	Ni t	Nikkel	=	4,3	µg/L
OW168900	2026-08-12	   1109846	11:48:31	NO2-	Nitriet	=	0,0207	mgN/L
OW168900	2026-08-12	   1109846	11:48:31	NO3-	Nitraat	=	1,65	mgN/L
OW168900	2026-08-12	   1109846	11:48:31	O2	Zuurstof	=	9,09	mg/L
OW168900	2026-08-12	   1109846	11:48:31	O2 verz	Zuurstof	=	107,6	%
OW168900	2026-08-12	   1109846	11:48:31	oPO4 f	Orthofosfaat	=	0,335	mgP/L
OW168900	2026-08-12	   1109846	11:48:31	P t	Fosfor	=	0,6	mgP/L
OW168900	2026-08-12	   1109846	11:48:31	Pb o	Lood	<	1,5	µg/L
OW168900	2026-08-12	   1109846	11:48:31	Pb t	Lood	=	4,6	µg/L
OW168900	2026-08-12	   1109846	11:48:31	pH	pH	=	8,35	-
OW168900	2026-08-12	   1109846	11:48:31	Sb o	Antimoon	<	1,5	µg/L
OW168900	2026-08-12	   1109846	11:48:31	Sb t	Antimoon	<	1,5	µg/L
OW168900	2026-08-12	   1109846	11:48:31	Se o	Seleen	<	1,5	µg/L
OW168900	2026-08-12	   1109846	11:48:31	Se t	Seleen	<	1,5	µg/L
OW168900	2026-08-12	   1109846	11:48:31	SiO2 o	Silicaat	=	1,72	mgSiO2/L
OW168900	2026-08-12	   1109846	11:48:31	Sn o	Tin	<	1,5	µg/L
OW168900	2026-08-12	   1109846	11:48:31	Sn t	Tin	<	1,5	µg/L
OW168900	2026-08-12	   1109846	11:48:31	SO4=	Sulfaat	=	99	mg/L
OW168900	2026-08-12	   1109846	11:48:31	T	Temperatuur	=	23,5	°C
OW168900	2026-08-12	   1109846	11:48:31	Te o	Telluur	<	2,5	µg/L
OW168900	2026-08-12	   1109846	11:48:31	Te t	Telluur	<	2,5	µg/L
OW168900	2026-08-12	   1109846	11:48:31	Ti o	Titaan	<	2	µg/L
OW168900	2026-08-12	   1109846	11:48:31	Ti t	Titaan	=	21	µg/L
OW168900	2026-08-12	   1109846	11:48:31	Tl o	Thallium	<	0,1	µg/L
OW168900	2026-08-12	   1109846	11:48:31	Tl t	Thallium	<	0,1	µg/L
OW168900	2026-08-12	   1109846	11:48:31	U o	Uranium	=	1,05	µg/L
OW168900	2026-08-12	   1109846	11:48:31	U t	Uranium	=	1,14	µg/L
OW168900	2026-08-12	   1109846	11:48:31	V o	Vanadium	=	3,4	µg/L
OW168900	2026-08-12	   1109846	11:48:31	V t	Vanadium	=	7,3	µg/L
OW168900	2026-08-12	   1109846	11:48:31	Zn o	Zink	<	11	µg/L
OW168900	2026-08-12	   1109846	11:48:31	Zn t	Zink	<	22	µg/L
OW168900	2026-08-12	   1109846	11:48:31	ZS	Zwevende stoffen	=	47	mg/L
OW168900	2026-09-09	   1114477	12:09:52	Ag o	Zilver	<	0,05	µg/L
OW168900	2026-09-09	   1114477	12:09:52	Al o	Aluminium	<	150	µg/L
OW168900	2026-09-09	   1114477	12:09:52	As o	Arseen	=	1,69	µg/L
OW168900	2026-09-09	   1114477	12:09:52	B o	Boor	=	81	µg/L
OW168900	2026-09-09	   1114477	12:09:52	Ba o	Barium	=	27	µg/L
OW168900	2026-09-09	   1114477	12:09:52	Be o	Beryllium	<	0,11	µg/L
OW168900	2026-09-09	   1114477	12:09:52	BZV5	Biochemisch zuurstofverbruik na 5d.	<	1	mgO2/L
OW168900	2026-09-09	   1114477	12:09:52	Ca o	Calcium	=	92000	µg/L
OW168900	2026-09-09	   1114477	12:09:52	Cd o	Cadmium	<	0,05	µg/L
OW168900	2026-09-09	   1114477	12:09:52	Cl-	Chloride	=	88	mg/L
OW168900	2026-09-09	   1114477	12:09:52	Co o	Kobalt	=	0,29	µg/L
OW168900	2026-09-09	   1114477	12:09:52	Cr o	Chroom	<	1,5	µg/L
OW168900	2026-09-09	   1114477	12:09:52	Cu o	Koper	<	2	µg/L
OW168900	2026-09-09	   1114477	12:09:52	CZV	Chemisch zuurstofverbruik	=	16,6	mgO2/L
OW168900	2026-09-09	   1114477	12:09:52	EC 20	Geleidbaarheid (20°C)	=	792	µS/cm
OW168900	2026-09-09	   1114477	12:09:52	EC 25	Geleidbaarheid (25°C)	=	867,636	µS/cm
OW168900	2026-09-09	   1114477	12:09:52	Fe o	Ijzer	<	12,5	µg/L
OW168900	2026-09-09	   1114477	12:09:52	H t	Hardheid	=	27,833333333333333372	°F
OW168900	2026-09-09	   1114477	12:09:52	Hg o	Kwik	<	0,025	µg/L
OW168900	2026-09-09	   1114477	12:09:52	K o	Kalium	=	15800	µg/L
OW168900	2026-09-09	   1114477	12:09:52	KjN	Kjeldahlstikstof	=	0,958	mgN/L
OW168900	2026-09-09	   1114477	12:09:52	Mg o	Magnesium	=	11600	µg/L
OW168900	2026-09-09	   1114477	12:09:52	Mn o	Mangaan	=	7,8	µg/L
OW168900	2026-09-09	   1114477	12:09:52	Mo o	Molybdeen	<	3	µg/L
OW168900	2026-09-09	   1114477	12:09:52	N t	Stikstof	=	3,97	mgN/L
OW168900	2026-09-09	   1114477	12:09:52	N+N	Nitraat+nitriet	=	3,012	mgN/L
OW168900	2026-09-09	   1114477	12:09:52	N+N+N	Nitraat+nitriet+ammonium	=	3,143	mgN/L
OW168900	2026-09-09	   1114477	12:09:52	Na o	Natrium	=	60000	µg/L
OW168900	2026-09-09	   1114477	12:09:52	NH4+	Ammonium	=	0,131	mgN/L
OW168900	2026-09-09	   1114477	12:09:52	Ni o	Nikkel	<	3,2	µg/L
OW168900	2026-09-09	   1114477	12:09:52	NO2-	Nitriet	=	0,212	mgN/L
OW168900	2026-09-09	   1114477	12:09:52	NO3-	Nitraat	=	2,8	mgN/L
OW168900	2026-09-09	   1114477	12:09:52	O2	Zuurstof	=	8,2	mg/L
OW168900	2026-09-09	   1114477	12:09:52	O2 verz	Zuurstof	=	91,8	%
OW168900	2026-09-09	   1114477	12:09:52	oPO4 f	Orthofosfaat	=	0,238	mgP/L
OW168900	2026-09-09	   1114477	12:09:52	Pb o	Lood	<	1,5	µg/L
OW168900	2026-09-09	   1114477	12:09:52	pH	pH	=	8,07	-
OW168900	2026-09-09	   1114477	12:09:52	Sb o	Antimoon	<	1,5	µg/L
OW168900	2026-09-09	   1114477	12:09:52	Se o	Seleen	<	1,5	µg/L
OW168900	2026-09-09	   1114477	12:09:52	SiO2 o	Silicaat	<	0,52	mgSiO2/L
OW168900	2026-09-09	   1114477	12:09:52	Sn o	Tin	<	1,5	µg/L
OW168900	2026-09-09	   1114477	12:09:52	SO4=	Sulfaat	=	84	mg/L
OW168900	2026-09-09	   1114477	12:09:52	T	Temperatuur	=	20,8	°C
OW168900	2026-09-09	   1114477	12:09:52	Te o	Telluur	<	2,5	µg/L
OW168900	2026-09-09	   1114477	12:09:52	Ti o	Titaan	<	2	µg/L
OW168900	2026-09-09	   1114477	12:09:52	Tl o	Thallium	<	0,1	µg/L
OW168900	2026-09-09	   1114477	12:09:52	U o	Uranium	=	0,73	µg/L
OW168900	2026-09-09	   1114477	12:09:52	V o	Vanadium	<	3	µg/L
OW168900	2026-09-09	   1114477	12:09:52	Zn o	Zink	<	11	µg/L
OW168900	2026-09-09	   1114477	12:09:52	ZS	Zwevende stoffen	=	50	mg/L
