Sample Point	Datum	Sample ID	Tijdstip	Parameter Symbool	Parameter omschrijving	Teken	Resultaat	Eenheid
OW571900	2022-01-24	21555360	09:53:00	BZV5	Biochemisch zuurstofverbruik na 5d.	<	2	mgO2/L
OW571900	2022-01-24	21555360	09:53:00	Cl-	Chloride	=	76	mg/L
OW571900	2022-01-24	21555360	09:53:00	CZV	Chemisch zuurstofverbruik	=	11,2	mgO2/L
OW571900	2022-01-24	21555360	09:53:00	EC 20	Geleidbaarheid (20°C)	=	903	µS/cm
OW571900	2022-01-24	21555360	09:53:00	EC 25	Geleidbaarheid (25°C)	=	989,2365	µS/cm
OW571900	2022-01-24	21555360	09:53:00	KjN	Kjeldahlstikstof	=	1,389	mgN/L
OW571900	2022-01-24	21555360	09:53:00	N t	Stikstof	=	8,3	mgN/L
OW571900	2022-01-24	21555360	09:53:00	N+N	Nitraat+nitriet	=	6,911	mgN/L
OW571900	2022-01-24	21555360	09:53:00	N+N+N	Nitraat+nitriet+ammonium	=	7,621	mgN/L
OW571900	2022-01-24	21555360	09:53:00	NH4+	Ammonium	=	0,71	mgN/L
OW571900	2022-01-24	21555360	09:53:00	NO2-	Nitriet	=	0,111	mgN/L
OW571900	2022-01-24	21555360	09:53:00	NO3-	Nitraat	=	6,8	mgN/L
OW571900	2022-01-24	21555360	09:53:00	O2	Zuurstof	=	8,94	mg/L
OW571900	2022-01-24	21555360	09:53:00	O2 verz	Zuurstof	=	69,9	%
OW571900	2022-01-24	21555360	09:53:00	oPO4 f	Orthofosfaat	=	0,219	mgP/L
OW571900	2022-01-24	21555360	09:53:00	P t	Fosfor	=	0,385	mgP/L
OW571900	2022-01-24	21555360	09:53:00	pH	pH	=	7,78	-
OW571900	2022-01-24	21555360	09:53:00	SiO2 o	Silicaat	=	13	mgSiO2/L
OW571900	2022-01-24	21555360	09:53:00	SO4=	Sulfaat	=	91	mg/L
OW571900	2022-01-24	21555360	09:53:00	T	Temperatuur	=	5,4	°C
OW571900	2022-01-24	21555360	09:53:00	ZS	Zwevende stoffen	=	18,2	mg/L
OW571900	2022-03-08	21557771	15:05:00	10:2 FTS	10:2 fluortelomeersulfonzuur (10:2 FTS)	<	3,95	ng/L
OW571900	2022-03-08	21557771	15:05:00	4:2 FTS	4:2 fluortelomeersulfonzuur (4:2 FTS)	<	1,8	ng/L
OW571900	2022-03-08	21557771	15:05:00	6:2 diPAP	6:2 fluortelomeerfosfaat diester (6:2 diPAP)	<	4,3	ng/L
OW571900	2022-03-08	21557771	15:05:00	6:2 FTS	6:2 fluortelomeersulfonzuur (6:2 FTS)	<	1,65	ng/L
OW571900	2022-03-08	21557771	15:05:00	6:2/8:2 diPAP	6:2/8:2 Fluortelomeerfosfaat diester	<	11,7	ng/L
OW571900	2022-03-08	21557771	15:05:00	8:2 diPAP	8:2 fluortelomeerfosfaat diester (8:2 diPAP)	<	3,8	ng/L
OW571900	2022-03-08	21557771	15:05:00	8:2 FTS	8:2 fluortelomeersulfonzuur (8:2 FTS)	<	1,85	ng/L
OW571900	2022-03-08	21557771	15:05:00	DONA	4,8-dioxa-3H-perfluornonaanzuur (DONA)	<	1,7	ng/L
OW571900	2022-03-08	21557771	15:05:00	EtPFOSA	N-ethylperfluoroctaan-1-sulfonamide (EtPFOSA)	<	3,7	ng/L
OW571900	2022-03-08	21557771	15:05:00	EtPFOSAA	N-ethylperfluoroctaansulfonamidoazijnzuur	<	3,55	ng/L
OW571900	2022-03-08	21557771	15:05:00	HFPO-DA	2,3,3,3-tetrafluor-2(heptafluorpropoxy)propionzuur	<	2,15	ng/L
OW571900	2022-03-08	21557771	15:05:00	MePFBSA	N-methylperfluorbutaansulfonamide (MePFBSA)	<	24	ng/L
OW571900	2022-03-08	21557771	15:05:00	MePFBSAA	N-methylperfluorbutaansulfonamidoazijnzuur	<	24	ng/L
OW571900	2022-03-08	21557771	15:05:00	MePFOSA	N-methylperfluoroctaan-1-sulfonamide (MePFOSA)	<	3,8	ng/L
OW571900	2022-03-08	21557771	15:05:00	MePFOSAA	N-methylperfluoroctaansulfonamidoazijnzuur	<	3	ng/L
OW571900	2022-03-08	21557771	15:05:00	PFAS-43	Som van de 43 PFAS	<	299,9	ng/L
OW571900	2022-03-08	21557771	15:05:00	PFBA	Perfluorbutaanzuur (PFBA)	<	4	ng/L
OW571900	2022-03-08	21557771	15:05:00	PFBS	Perfluorbutaansulfonzuur (PFBS)	<	5	ng/L
OW571900	2022-03-08	21557771	15:05:00	PFBSA	Perfluorbutaansulfonamide (PFBSA)	<	21	ng/L
OW571900	2022-03-08	21557771	15:05:00	PFDA	Perfluordecaanzuur (PFDA)	<	3,15	ng/L
OW571900	2022-03-08	21557771	15:05:00	PFDoDA	Perfluordodecaanzuur (PFDoDA)	<	2,65	ng/L
OW571900	2022-03-08	21557771	15:05:00	PFDoDS	Perfluordodecaansulfonzuur (PFDoDS)	<	7,65	ng/L
OW571900	2022-03-08	21557771	15:05:00	PFDS	Perfluordecaansulfonzuur (PFDS)	<	2,4	ng/L
OW571900	2022-03-08	21557771	15:05:00	PFECHS	Perfluor-4-ethylcyclohexaansulfonzuur (PFECHS)	<	1,85	ng/L
OW571900	2022-03-08	21557771	15:05:00	PFHpA	Perfluorheptaanzuur (PFHpA)	<	2,55	ng/L
OW571900	2022-03-08	21557771	15:05:00	PFHpS	Perfluorheptaansulfonzuur (PFHpS)	<	0,9	ng/L
OW571900	2022-03-08	21557771	15:05:00	PFHxA	Perfluorhexaanzuur (PFHxA)	=	6	ng/L
OW571900	2022-03-08	21557771	15:05:00	PFHxDA	Perfluorhexadecaanzuur (PFHxDA)	<	4,7	ng/L
OW571900	2022-03-08	21557771	15:05:00	PFHxS	Perfluorhexaansulfonzuur (PFHxS)	=	3,2	ng/L
OW571900	2022-03-08	21557771	15:05:00	PFHxSA	Perfluorhexaansulfonamide (PFHxSA)	<	22,5	ng/L
OW571900	2022-03-08	21557771	15:05:00	PFNA	Perfluornonaanzuur (PFNA)	<	1,7	ng/L
OW571900	2022-03-08	21557771	15:05:00	PFNS	Perfluornonaansulfonzuur (PFNS)	<	2,85	ng/L
OW571900	2022-03-08	21557771	15:05:00	PFOA	Perfluoroctaanzuur (PFOA)	<	2,55	ng/L
OW571900	2022-03-08	21557771	15:05:00	PFOA totaal	Totaal perfluoroctaanzuur (lineair + vertakt)	<	3,85	ng/L
OW571900	2022-03-08	21557771	15:05:00	PFODA	Perfluoroctadecaanzuur (PFODA)	<	24	ng/L
OW571900	2022-03-08	21557771	15:05:00	PFOS	Perfluoroctaansulfonzuur (PFOS)	<	2,55	ng/L
OW571900	2022-03-08	21557771	15:05:00	PFOS totaal	Totaal perfluoroctaansulfonzuur (lineair+vertakt)	=	8,4	ng/L
OW571900	2022-03-08	21557771	15:05:00	PFOSA	Perfluoroctaansulfonamide (PFOSA)	<	2,55	ng/L
OW571900	2022-03-08	21557771	15:05:00	PFOSA totaal	Totaal perfluoroctaansulfonamide (lineair+vertakt)	<	2,55	ng/L
OW571900	2022-03-08	21557771	15:05:00	PFPeA	Perfluorpentaanzuur (PFPeA)	<	4,5	ng/L
OW571900	2022-03-08	21557771	15:05:00	PFPeDA	Perfluorpentadecaanzuur (PFPeDA)	<	17,5	ng/L
OW571900	2022-03-08	21557771	15:05:00	PFPeS	Perfluorpentaansulfonzuur (PFPeS)	<	1,55	ng/L
OW571900	2022-03-08	21557771	15:05:00	PFTeDA	Perfluortetradecaanzuur (PFTeDA)	<	2,25	ng/L
OW571900	2022-03-08	21557771	15:05:00	PFTrDA	Perfluortridecaanzuur (PFTrDA)	<	2,6	ng/L
OW571900	2022-03-08	21557771	15:05:00	PFTrDS	Perfluor-1-tridecaansulfonzuur (PFTrS)	<	24	ng/L
OW571900	2022-03-08	21557771	15:05:00	PFUnDA	Perfluorundecaanzuur (PFUnDA)	<	1,65	ng/L
OW571900	2022-03-08	21557771	15:05:00	PFUnDS	Perfluor-1-undecaansulfonzuur (PFUnS)	<	20	ng/L
OW571900	2022-03-21	21558722	09:13:00	BZV5	Biochemisch zuurstofverbruik na 5d.	=	2,1	mgO2/L
OW571900	2022-03-21	21558722	09:13:00	Cl-	Chloride	=	101	mg/L
OW571900	2022-03-21	21558722	09:13:00	CZV	Chemisch zuurstofverbruik	=	12,5	mgO2/L
OW571900	2022-03-21	21558722	09:13:00	EC 20	Geleidbaarheid (20°C)	=	977	µS/cm
OW571900	2022-03-21	21558722	09:13:00	EC 25	Geleidbaarheid (25°C)	=	1070,3035	µS/cm
OW571900	2022-03-21	21558722	09:13:00	KjN	Kjeldahlstikstof	=	0,914	mgN/L
OW571900	2022-03-21	21558722	09:13:00	N t	Stikstof	=	7,2	mgN/L
OW571900	2022-03-21	21558722	09:13:00	N+N	Nitraat+nitriet	=	6,286	mgN/L
OW571900	2022-03-21	21558722	09:13:00	N+N+N	Nitraat+nitriet+ammonium	=	6,626	mgN/L
OW571900	2022-03-21	21558722	09:13:00	NH4+	Ammonium	=	0,34	mgN/L
OW571900	2022-03-21	21558722	09:13:00	NO2-	Nitriet	=	0,086	mgN/L
OW571900	2022-03-21	21558722	09:13:00	NO3-	Nitraat	=	6,2	mgN/L
OW571900	2022-03-21	21558722	09:13:00	O2	Zuurstof	=	10	mg/L
OW571900	2022-03-21	21558722	09:13:00	O2 verz	Zuurstof	=	85,5	%
OW571900	2022-03-21	21558722	09:13:00	oPO4 f	Orthofosfaat	=	0,186	mgP/L
OW571900	2022-03-21	21558722	09:13:00	P t	Fosfor	=	0,318	mgP/L
OW571900	2022-03-21	21558722	09:13:00	pH	pH	=	8,2	-
OW571900	2022-03-21	21558722	09:13:00	SiO2 o	Silicaat	=	8	mgSiO2/L
OW571900	2022-03-21	21558722	09:13:00	SO4=	Sulfaat	=	90	mg/L
OW571900	2022-03-21	21558722	09:13:00	T	Temperatuur	=	9,5	°C
OW571900	2022-03-21	21558722	09:13:00	ZS	Zwevende stoffen	=	15,5	mg/L
OW571900	2022-04-19	21559711	14:18:00	10:2 FTS	10:2 fluortelomeersulfonzuur (10:2 FTS)	<	3,95	ng/L
OW571900	2022-04-19	21559711	14:18:00	4:2 FTS	4:2 fluortelomeersulfonzuur (4:2 FTS)	<	1,8	ng/L
OW571900	2022-04-19	21559711	14:18:00	6:2 diPAP	6:2 fluortelomeerfosfaat diester (6:2 diPAP)	<	4,3	ng/L
OW571900	2022-04-19	21559711	14:18:00	6:2 FTS	6:2 fluortelomeersulfonzuur (6:2 FTS)	=	5,5	ng/L
OW571900	2022-04-19	21559711	14:18:00	6:2/8:2 diPAP	6:2/8:2 Fluortelomeerfosfaat diester	<	11,7	ng/L
OW571900	2022-04-19	21559711	14:18:00	8:2 diPAP	8:2 fluortelomeerfosfaat diester (8:2 diPAP)	<	3,8	ng/L
OW571900	2022-04-19	21559711	14:18:00	8:2 FTS	8:2 fluortelomeersulfonzuur (8:2 FTS)	<	1,85	ng/L
OW571900	2022-04-19	21559711	14:18:00	DONA	4,8-dioxa-3H-perfluornonaanzuur (DONA)	<	1,7	ng/L
OW571900	2022-04-19	21559711	14:18:00	EtPFOSA	N-ethylperfluoroctaan-1-sulfonamide (EtPFOSA)	<	3,7	ng/L
OW571900	2022-04-19	21559711	14:18:00	EtPFOSAA	N-ethylperfluoroctaansulfonamidoazijnzuur	<	3,55	ng/L
OW571900	2022-04-19	21559711	14:18:00	HFPO-DA	2,3,3,3-tetrafluor-2(heptafluorpropoxy)propionzuur	<	2,15	ng/L
OW571900	2022-04-19	21559711	14:18:00	MePFBSA	N-methylperfluorbutaansulfonamide (MePFBSA)	<	24	ng/L
OW571900	2022-04-19	21559711	14:18:00	MePFBSAA	N-methylperfluorbutaansulfonamidoazijnzuur	<	24	ng/L
OW571900	2022-04-19	21559711	14:18:00	MePFOSA	N-methylperfluoroctaan-1-sulfonamide (MePFOSA)	<	3,8	ng/L
OW571900	2022-04-19	21559711	14:18:00	MePFOSAA	N-methylperfluoroctaansulfonamidoazijnzuur	<	3	ng/L
OW571900	2022-04-19	21559711	14:18:00	PFAS-43	Som van de 43 PFAS	<	310,85	ng/L
OW571900	2022-04-19	21559711	14:18:00	PFBA	Perfluorbutaanzuur (PFBA)	<	4	ng/L
OW571900	2022-04-19	21559711	14:18:00	PFBS	Perfluorbutaansulfonzuur (PFBS)	<	5	ng/L
OW571900	2022-04-19	21559711	14:18:00	PFBSA	Perfluorbutaansulfonamide (PFBSA)	<	21	ng/L
OW571900	2022-04-19	21559711	14:18:00	PFDA	Perfluordecaanzuur (PFDA)	<	3,15	ng/L
OW571900	2022-04-19	21559711	14:18:00	PFDoDA	Perfluordodecaanzuur (PFDoDA)	<	2,65	ng/L
OW571900	2022-04-19	21559711	14:18:00	PFDoDS	Perfluordodecaansulfonzuur (PFDoDS)	<	7,65	ng/L
OW571900	2022-04-19	21559711	14:18:00	PFDS	Perfluordecaansulfonzuur (PFDS)	<	2,4	ng/L
OW571900	2022-04-19	21559711	14:18:00	PFECHS	Perfluor-4-ethylcyclohexaansulfonzuur (PFECHS)	<	1,85	ng/L
OW571900	2022-04-19	21559711	14:18:00	PFHpA	Perfluorheptaanzuur (PFHpA)	<	5,1	ng/L
OW571900	2022-04-19	21559711	14:18:00	PFHpS	Perfluorheptaansulfonzuur (PFHpS)	<	0,9	ng/L
OW571900	2022-04-19	21559711	14:18:00	PFHxA	Perfluorhexaanzuur (PFHxA)	=	8,4	ng/L
OW571900	2022-04-19	21559711	14:18:00	PFHxS	Perfluorhexaansulfonzuur (PFHxS)	=	3,7	ng/L
OW571900	2022-04-19	21559711	14:18:00	PFHxSA	Perfluorhexaansulfonamide (PFHxSA)	<	22,5	ng/L
OW571900	2022-04-19	21559711	14:18:00	PFNA	Perfluornonaanzuur (PFNA)	<	1,7	ng/L
OW571900	2022-04-19	21559711	14:18:00	PFNS	Perfluornonaansulfonzuur (PFNS)	<	2,85	ng/L
OW571900	2022-04-19	21559711	14:18:00	PFOA	Perfluoroctaanzuur (PFOA)	<	2,55	ng/L
OW571900	2022-04-19	21559711	14:18:00	PFOA totaal	Totaal perfluoroctaanzuur (lineair + vertakt)	=	9,7	ng/L
OW571900	2022-04-19	21559711	14:18:00	PFODA	Perfluoroctadecaanzuur (PFODA)	<	24	ng/L
OW571900	2022-04-19	21559711	14:18:00	PFOS	Perfluoroctaansulfonzuur (PFOS)	<	2,55	ng/L
OW571900	2022-04-19	21559711	14:18:00	PFOS totaal	Totaal perfluoroctaansulfonzuur (lineair+vertakt)	=	4,4	ng/L
OW571900	2022-04-19	21559711	14:18:00	PFOSA	Perfluoroctaansulfonamide (PFOSA)	<	2,55	ng/L
OW571900	2022-04-19	21559711	14:18:00	PFOSA totaal	Totaal perfluoroctaansulfonamide (lineair+vertakt)	<	2,55	ng/L
OW571900	2022-04-19	21559711	14:18:00	PFPeA	Perfluorpentaanzuur (PFPeA)	<	9	ng/L
OW571900	2022-04-19	21559711	14:18:00	PFPeDA	Perfluorpentadecaanzuur (PFPeDA)	<	17,5	ng/L
OW571900	2022-04-19	21559711	14:18:00	PFPeS	Perfluorpentaansulfonzuur (PFPeS)	<	1,55	ng/L
OW571900	2022-04-19	21559711	14:18:00	PFTeDA	Perfluortetradecaanzuur (PFTeDA)	<	2,25	ng/L
OW571900	2022-04-19	21559711	14:18:00	PFTrDA	Perfluortridecaanzuur (PFTrDA)	<	2,6	ng/L
OW571900	2022-04-19	21559711	14:18:00	PFTrDS	Perfluor-1-tridecaansulfonzuur (PFTrS)	<	24	ng/L
OW571900	2022-04-19	21559711	14:18:00	PFUnDA	Perfluorundecaanzuur (PFUnDA)	<	1,65	ng/L
OW571900	2022-04-19	21559711	14:18:00	PFUnDS	Perfluor-1-undecaansulfonzuur (PFUnS)	<	20	ng/L
OW571900	2022-04-21	21560294	09:15:00	Cl-	Chloride	=	99	mg/L
OW571900	2022-04-21	21560294	09:15:00	Clfyl a	Chlorofyl a	=	42	µg/L
OW571900	2022-04-21	21560294	09:15:00	CZV	Chemisch zuurstofverbruik	=	14,6	mgO2/L
OW571900	2022-04-21	21560294	09:15:00	EC 20	Geleidbaarheid (20°C)	=	969	µS/cm
OW571900	2022-04-21	21560294	09:15:00	EC 25	Geleidbaarheid (25°C)	=	1061,5395	µS/cm
OW571900	2022-04-21	21560294	09:15:00	Feofyt a	Feofytine a	=	9,6	µg/L
OW571900	2022-04-21	21560294	09:15:00	KjN	Kjeldahlstikstof	=	1,437	mgN/L
OW571900	2022-04-21	21560294	09:15:00	N t	Stikstof	=	6	mgN/L
OW571900	2022-04-21	21560294	09:15:00	N+N	Nitraat+nitriet	=	4,563	mgN/L
OW571900	2022-04-21	21560294	09:15:00	N+N+N	Nitraat+nitriet+ammonium	<	4,588	mgN/L
OW571900	2022-04-21	21560294	09:15:00	NH4+	Ammonium	<	0,025	mgN/L
OW571900	2022-04-21	21560294	09:15:00	NO2-	Nitriet	=	0,083	mgN/L
OW571900	2022-04-21	21560294	09:15:00	NO3-	Nitraat	=	4,48	mgN/L
OW571900	2022-04-21	21560294	09:15:00	O2	Zuurstof	=	12,56	mg/L
OW571900	2022-04-21	21560294	09:15:00	O2 verz	Zuurstof	=	125,2	%
OW571900	2022-04-21	21560294	09:15:00	oPO4 f	Orthofosfaat	=	0,128	mgP/L
OW571900	2022-04-21	21560294	09:15:00	P t	Fosfor	=	0,363	mgP/L
OW571900	2022-04-21	21560294	09:15:00	pH	pH	=	8,18	-
OW571900	2022-04-21	21560294	09:15:00	Secchi	Doorzichtigheid	>	30	cm
OW571900	2022-04-21	21560294	09:15:00	SiO2 o	Silicaat	=	4,6	mgSiO2/L
OW571900	2022-04-21	21560294	09:15:00	SO4=	Sulfaat	=	86	mg/L
OW571900	2022-04-21	21560294	09:15:00	T	Temperatuur	=	15,3	°C
OW571900	2022-04-21	21560294	09:15:00	ZS	Zwevende stoffen	=	24,7	mg/L
OW571900	2022-05-10	21561242	08:26:00	BZV5	Biochemisch zuurstofverbruik na 5d.	=	2,6	mgO2/L
OW571900	2022-05-10	21561242	08:26:00	Cl-	Chloride	=	123	mg/L
OW571900	2022-05-10	21561242	08:26:00	Clfyl a	Chlorofyl a	=	49	µg/L
OW571900	2022-05-10	21561242	08:26:00	CZV	Chemisch zuurstofverbruik	=	38	mgO2/L
OW571900	2022-05-10	21561242	08:26:00	EC 20	Geleidbaarheid (20°C)	=	987	µS/cm
OW571900	2022-05-10	21561242	08:26:00	EC 25	Geleidbaarheid (25°C)	=	1081,2585	µS/cm
OW571900	2022-05-10	21561242	08:26:00	Feofyt a	Feofytine a	=	31	µg/L
OW571900	2022-05-10	21561242	08:26:00	KjN	Kjeldahlstikstof	=	0,967	mgN/L
OW571900	2022-05-10	21561242	08:26:00	N t	Stikstof	=	4,1	mgN/L
OW571900	2022-05-10	21561242	08:26:00	N+N	Nitraat+nitriet	=	3,133	mgN/L
OW571900	2022-05-10	21561242	08:26:00	N+N+N	Nitraat+nitriet+ammonium	<	3,183	mgN/L
OW571900	2022-05-10	21561242	08:26:00	NH4+	Ammonium	<	0,05	mgN/L
OW571900	2022-05-10	21561242	08:26:00	NO2-	Nitriet	=	0,063	mgN/L
OW571900	2022-05-10	21561242	08:26:00	NO3-	Nitraat	=	3,07	mgN/L
OW571900	2022-05-10	21561242	08:26:00	O2	Zuurstof	=	16,43	mg/L
OW571900	2022-05-10	21561242	08:26:00	O2 verz	Zuurstof	=	173,1	%
OW571900	2022-05-10	21561242	08:26:00	oPO4 f	Orthofosfaat	=	0,062	mgP/L
OW571900	2022-05-10	21561242	08:26:00	P t	Fosfor	=	0,274	mgP/L
OW571900	2022-05-10	21561242	08:26:00	pH	pH	=	8,37	-
OW571900	2022-05-10	21561242	08:26:00	Secchi	Doorzichtigheid	=	40	cm
OW571900	2022-05-10	21561242	08:26:00	SiO2 o	Silicaat	<	0,25	mgSiO2/L
OW571900	2022-05-10	21561242	08:26:00	SO4=	Sulfaat	=	89	mg/L
OW571900	2022-05-10	21561242	08:26:00	T	Temperatuur	=	18	°C
OW571900	2022-05-10	21561242	08:26:00	ZS	Zwevende stoffen	=	27,6	mg/L
OW571900	2022-06-03	21563243	11:40:00	10:2 FTS	10:2 fluortelomeersulfonzuur (10:2 FTS)	<	3,95	ng/L
OW571900	2022-06-03	21563243	11:40:00	4:2 FTS	4:2 fluortelomeersulfonzuur (4:2 FTS)	<	1,8	ng/L
OW571900	2022-06-03	21563243	11:40:00	6:2 diPAP	6:2 fluortelomeerfosfaat diester (6:2 diPAP)	<	4,3	ng/L
OW571900	2022-06-03	21563243	11:40:00	6:2 FTS	6:2 fluortelomeersulfonzuur (6:2 FTS)	<	1,65	ng/L
OW571900	2022-06-03	21563243	11:40:00	6:2/8:2 diPAP	6:2/8:2 Fluortelomeerfosfaat diester	<	11,7	ng/L
OW571900	2022-06-03	21563243	11:40:00	8:2 diPAP	8:2 fluortelomeerfosfaat diester (8:2 diPAP)	<	3,8	ng/L
OW571900	2022-06-03	21563243	11:40:00	8:2 FTS	8:2 fluortelomeersulfonzuur (8:2 FTS)	<	1,85	ng/L
OW571900	2022-06-03	21563243	11:40:00	DONA	4,8-dioxa-3H-perfluornonaanzuur (DONA)	<	1,7	ng/L
OW571900	2022-06-03	21563243	11:40:00	EtPFOSA	N-ethylperfluoroctaan-1-sulfonamide (EtPFOSA)	<	3,7	ng/L
OW571900	2022-06-03	21563243	11:40:00	EtPFOSAA	N-ethylperfluoroctaansulfonamidoazijnzuur	<	7,1	ng/L
OW571900	2022-06-03	21563243	11:40:00	HFPO-DA	2,3,3,3-tetrafluor-2(heptafluorpropoxy)propionzuur	<	2,15	ng/L
OW571900	2022-06-03	21563243	11:40:00	MePFBSA	N-methylperfluorbutaansulfonamide (MePFBSA)	<	24	ng/L
OW571900	2022-06-03	21563243	11:40:00	MePFBSAA	N-methylperfluorbutaansulfonamidoazijnzuur	<	24	ng/L
OW571900	2022-06-03	21563243	11:40:00	MePFOSA	N-methylperfluoroctaan-1-sulfonamide (MePFOSA)	<	3,8	ng/L
OW571900	2022-06-03	21563243	11:40:00	MePFOSAA	N-methylperfluoroctaansulfonamidoazijnzuur	<	6	ng/L
OW571900	2022-06-03	21563243	11:40:00	PFAS-43	Som van de 43 PFAS	<	349,2	ng/L
OW571900	2022-06-03	21563243	11:40:00	PFBA	Perfluorbutaanzuur (PFBA)	=	16	ng/L
OW571900	2022-06-03	21563243	11:40:00	PFBS	Perfluorbutaansulfonzuur (PFBS)	=	5,8	ng/L
OW571900	2022-06-03	21563243	11:40:00	PFBSA	Perfluorbutaansulfonamide (PFBSA)	<	21	ng/L
OW571900	2022-06-03	21563243	11:40:00	PFDA	Perfluordecaanzuur (PFDA)	<	3,15	ng/L
OW571900	2022-06-03	21563243	11:40:00	PFDoDA	Perfluordodecaanzuur (PFDoDA)	<	2,65	ng/L
OW571900	2022-06-03	21563243	11:40:00	PFDoDS	Perfluordodecaansulfonzuur (PFDoDS)	<	7,65	ng/L
OW571900	2022-06-03	21563243	11:40:00	PFDS	Perfluordecaansulfonzuur (PFDS)	<	2,4	ng/L
OW571900	2022-06-03	21563243	11:40:00	PFECHS	Perfluor-4-ethylcyclohexaansulfonzuur (PFECHS)	<	1,85	ng/L
OW571900	2022-06-03	21563243	11:40:00	PFHpA	Perfluorheptaanzuur (PFHpA)	=	6,4	ng/L
OW571900	2022-06-03	21563243	11:40:00	PFHpS	Perfluorheptaansulfonzuur (PFHpS)	<	0,9	ng/L
OW571900	2022-06-03	21563243	11:40:00	PFHxA	Perfluorhexaanzuur (PFHxA)	=	15	ng/L
OW571900	2022-06-03	21563243	11:40:00	PFHxDA	Perfluorhexadecaanzuur (PFHxDA)	<	4,7	ng/L
OW571900	2022-06-03	21563243	11:40:00	PFHxS	Perfluorhexaansulfonzuur (PFHxS)	=	5,7	ng/L
OW571900	2022-06-03	21563243	11:40:00	PFHxSA	Perfluorhexaansulfonamide (PFHxSA)	<	22,5	ng/L
OW571900	2022-06-03	21563243	11:40:00	PFNA	Perfluornonaanzuur (PFNA)	<	3,4	ng/L
OW571900	2022-06-03	21563243	11:40:00	PFNS	Perfluornonaansulfonzuur (PFNS)	<	2,85	ng/L
OW571900	2022-06-03	21563243	11:40:00	PFOA	Perfluoroctaanzuur (PFOA)	<	2,55	ng/L
OW571900	2022-06-03	21563243	11:40:00	PFOA totaal	Totaal perfluoroctaanzuur (lineair + vertakt)	<	7,7	ng/L
OW571900	2022-06-03	21563243	11:40:00	PFODA	Perfluoroctadecaanzuur (PFODA)	<	24	ng/L
OW571900	2022-06-03	21563243	11:40:00	PFOS	Perfluoroctaansulfonzuur (PFOS)	<	2,55	ng/L
OW571900	2022-06-03	21563243	11:40:00	PFOS totaal	Totaal perfluoroctaansulfonzuur (lineair+vertakt)	=	7,4	ng/L
OW571900	2022-06-03	21563243	11:40:00	PFOSA	Perfluoroctaansulfonamide (PFOSA)	<	2,55	ng/L
OW571900	2022-06-03	21563243	11:40:00	PFOSA totaal	Totaal perfluoroctaansulfonamide (lineair+vertakt)	<	2,55	ng/L
OW571900	2022-06-03	21563243	11:40:00	PFPeA	Perfluorpentaanzuur (PFPeA)	=	13	ng/L
OW571900	2022-06-03	21563243	11:40:00	PFPeDA	Perfluorpentadecaanzuur (PFPeDA)	<	17,5	ng/L
OW571900	2022-06-03	21563243	11:40:00	PFPeS	Perfluorpentaansulfonzuur (PFPeS)	<	3,1	ng/L
OW571900	2022-06-03	21563243	11:40:00	PFTeDA	Perfluortetradecaanzuur (PFTeDA)	<	2,25	ng/L
OW571900	2022-06-03	21563243	11:40:00	PFTrDA	Perfluortridecaanzuur (PFTrDA)	<	2,6	ng/L
OW571900	2022-06-03	21563243	11:40:00	PFTrDS	Perfluor-1-tridecaansulfonzuur (PFTrS)	<	24	ng/L
OW571900	2022-06-03	21563243	11:40:00	PFUnDA	Perfluorundecaanzuur (PFUnDA)	<	1,65	ng/L
OW571900	2022-06-03	21563243	11:40:00	PFUnDS	Perfluor-1-undecaansulfonzuur (PFUnS)	<	20	ng/L
OW571900	2022-06-08	21562572	07:05:00	Cl-	Chloride	=	102	mg/L
OW571900	2022-06-08	21562572	07:05:00	Clfyl a	Chlorofyl a	=	38	µg/L
OW571900	2022-06-08	21562572	07:05:00	CZV	Chemisch zuurstofverbruik	=	20,4	mgO2/L
OW571900	2022-06-08	21562572	07:05:00	EC 20	Geleidbaarheid (20°C)	=	909	µS/cm
OW571900	2022-06-08	21562572	07:05:00	EC 25	Geleidbaarheid (25°C)	=	995,8095	µS/cm
OW571900	2022-06-08	21562572	07:05:00	Feofyt a	Feofytine a	=	9,2	µg/L
OW571900	2022-06-08	21562572	07:05:00	KjN	Kjeldahlstikstof	=	1,139	mgN/L
OW571900	2022-06-08	21562572	07:05:00	N t	Stikstof	=	4,6	mgN/L
OW571900	2022-06-08	21562572	07:05:00	N+N	Nitraat+nitriet	=	3,461	mgN/L
OW571900	2022-06-08	21562572	07:05:00	N+N+N	Nitraat+nitriet+ammonium	=	3,861	mgN/L
OW571900	2022-06-08	21562572	07:05:00	NH4+	Ammonium	=	0,4	mgN/L
OW571900	2022-06-08	21562572	07:05:00	NO2-	Nitriet	=	0,151	mgN/L
OW571900	2022-06-08	21562572	07:05:00	NO3-	Nitraat	=	3,31	mgN/L
OW571900	2022-06-08	21562572	07:05:00	O2	Zuurstof	=	6,25	mg/L
OW571900	2022-06-08	21562572	07:05:00	O2 verz	Zuurstof	=	66,5	%
OW571900	2022-06-08	21562572	07:05:00	oPO4 f	Orthofosfaat	=	0,309	mgP/L
OW571900	2022-06-08	21562572	07:05:00	P t	Fosfor	=	0,544	mgP/L
OW571900	2022-06-08	21562572	07:05:00	pH	pH	=	7,84	-
OW571900	2022-06-08	21562572	07:05:00	Secchi	Doorzichtigheid	=	30	cm
OW571900	2022-06-08	21562572	07:05:00	SiO2 o	Silicaat	=	4,8	mgSiO2/L
OW571900	2022-06-08	21562572	07:05:00	SO4=	Sulfaat	=	74	mg/L
OW571900	2022-06-08	21562572	07:05:00	T	Temperatuur	=	16,9	°C
OW571900	2022-06-08	21562572	07:05:00	ZS	Zwevende stoffen	=	34	mg/L
OW571900	2022-07-04	21563252	16:40:00	10:2 FTS	10:2 fluortelomeersulfonzuur (10:2 FTS)	<	3,95	ng/L
OW571900	2022-07-04	21563252	16:40:00	4:2 FTS	4:2 fluortelomeersulfonzuur (4:2 FTS)	<	1,8	ng/L
OW571900	2022-07-04	21563252	16:40:00	6:2 diPAP	6:2 fluortelomeerfosfaat diester (6:2 diPAP)	<	4,3	ng/L
OW571900	2022-07-04	21563252	16:40:00	6:2 FTS	6:2 fluortelomeersulfonzuur (6:2 FTS)	<	1,65	ng/L
OW571900	2022-07-04	21563252	16:40:00	6:2/8:2 diPAP	6:2/8:2 Fluortelomeerfosfaat diester	<	11,7	ng/L
OW571900	2022-07-04	21563252	16:40:00	8:2 FTS	8:2 fluortelomeersulfonzuur (8:2 FTS)	<	1,85	ng/L
OW571900	2022-07-04	21563252	16:40:00	DONA	4,8-dioxa-3H-perfluornonaanzuur (DONA)	<	1,7	ng/L
OW571900	2022-07-04	21563252	16:40:00	EtPFOSA	N-ethylperfluoroctaan-1-sulfonamide (EtPFOSA)	<	3,7	ng/L
OW571900	2022-07-04	21563252	16:40:00	EtPFOSAA	N-ethylperfluoroctaansulfonamidoazijnzuur	<	3,55	ng/L
OW571900	2022-07-04	21563252	16:40:00	HFPO-DA	2,3,3,3-tetrafluor-2(heptafluorpropoxy)propionzuur	<	2,15	ng/L
OW571900	2022-07-04	21563252	16:40:00	MePFBSA	N-methylperfluorbutaansulfonamide (MePFBSA)	<	24	ng/L
OW571900	2022-07-04	21563252	16:40:00	MePFBSAA	N-methylperfluorbutaansulfonamidoazijnzuur	<	24	ng/L
OW571900	2022-07-04	21563252	16:40:00	MePFOSA	N-methylperfluoroctaan-1-sulfonamide (MePFOSA)	<	3,8	ng/L
OW571900	2022-07-04	21563252	16:40:00	MePFOSAA	N-methylperfluoroctaansulfonamidoazijnzuur	<	6	ng/L
OW571900	2022-07-04	21563252	16:40:00	PFAS-43	Som van de 43 PFAS	<	331,8	ng/L
OW571900	2022-07-04	21563252	16:40:00	PFBA	Perfluorbutaanzuur (PFBA)	<	8	ng/L
OW571900	2022-07-04	21563252	16:40:00	PFBS	Perfluorbutaansulfonzuur (PFBS)	<	5	ng/L
OW571900	2022-07-04	21563252	16:40:00	PFBSA	Perfluorbutaansulfonamide (PFBSA)	<	21	ng/L
OW571900	2022-07-04	21563252	16:40:00	PFDA	Perfluordecaanzuur (PFDA)	<	3,15	ng/L
OW571900	2022-07-04	21563252	16:40:00	PFDoDA	Perfluordodecaanzuur (PFDoDA)	<	2,65	ng/L
OW571900	2022-07-04	21563252	16:40:00	PFDoDS	Perfluordodecaansulfonzuur (PFDoDS)	<	7,65	ng/L
OW571900	2022-07-04	21563252	16:40:00	PFDS	Perfluordecaansulfonzuur (PFDS)	<	2,4	ng/L
OW571900	2022-07-04	21563252	16:40:00	PFECHS	Perfluor-4-ethylcyclohexaansulfonzuur (PFECHS)	<	1,85	ng/L
OW571900	2022-07-04	21563252	16:40:00	PFHpA	Perfluorheptaanzuur (PFHpA)	=	5,5	ng/L
OW571900	2022-07-04	21563252	16:40:00	PFHpS	Perfluorheptaansulfonzuur (PFHpS)	<	0,9	ng/L
OW571900	2022-07-04	21563252	16:40:00	PFHxA	Perfluorhexaanzuur (PFHxA)	=	16	ng/L
OW571900	2022-07-04	21563252	16:40:00	PFHxDA	Perfluorhexadecaanzuur (PFHxDA)	<	4,7	ng/L
OW571900	2022-07-04	21563252	16:40:00	PFHxS	Perfluorhexaansulfonzuur (PFHxS)	=	4,1	ng/L
OW571900	2022-07-04	21563252	16:40:00	PFHxSA	Perfluorhexaansulfonamide (PFHxSA)	<	22,5	ng/L
OW571900	2022-07-04	21563252	16:40:00	PFNA	Perfluornonaanzuur (PFNA)	=	4,6	ng/L
OW571900	2022-07-04	21563252	16:40:00	PFNS	Perfluornonaansulfonzuur (PFNS)	<	2,85	ng/L
OW571900	2022-07-04	21563252	16:40:00	PFOA	Perfluoroctaanzuur (PFOA)	<	2,55	ng/L
OW571900	2022-07-04	21563252	16:40:00	PFOA totaal	Totaal perfluoroctaanzuur (lineair + vertakt)	<	7,7	ng/L
OW571900	2022-07-04	21563252	16:40:00	PFODA	Perfluoroctadecaanzuur (PFODA)	<	24	ng/L
OW571900	2022-07-04	21563252	16:40:00	PFOS	Perfluoroctaansulfonzuur (PFOS)	=	10	ng/L
OW571900	2022-07-04	21563252	16:40:00	PFOS totaal	Totaal perfluoroctaansulfonzuur (lineair+vertakt)	=	10	ng/L
OW571900	2022-07-04	21563252	16:40:00	PFOSA	Perfluoroctaansulfonamide (PFOSA)	<	2,55	ng/L
OW571900	2022-07-04	21563252	16:40:00	PFOSA totaal	Totaal perfluoroctaansulfonamide (lineair+vertakt)	<	2,55	ng/L
OW571900	2022-07-04	21563252	16:40:00	PFPeA	Perfluorpentaanzuur (PFPeA)	=	11	ng/L
OW571900	2022-07-04	21563252	16:40:00	PFPeDA	Perfluorpentadecaanzuur (PFPeDA)	<	17,5	ng/L
OW571900	2022-07-04	21563252	16:40:00	PFPeS	Perfluorpentaansulfonzuur (PFPeS)	<	1,55	ng/L
OW571900	2022-07-04	21563252	16:40:00	PFTeDA	Perfluortetradecaanzuur (PFTeDA)	<	2,25	ng/L
OW571900	2022-07-04	21563252	16:40:00	PFTrDA	Perfluortridecaanzuur (PFTrDA)	<	2,6	ng/L
OW571900	2022-07-04	21563252	16:40:00	PFTrDS	Perfluor-1-tridecaansulfonzuur (PFTrS)	<	24	ng/L
OW571900	2022-07-04	21563252	16:40:00	PFUnDA	Perfluorundecaanzuur (PFUnDA)	<	1,65	ng/L
OW571900	2022-07-04	21563252	16:40:00	PFUnDS	Perfluor-1-undecaansulfonzuur (PFUnS)	<	20	ng/L
OW571900	2022-07-05	21565874	08:44:00	BZV5	Biochemisch zuurstofverbruik na 5d.	=	2,7	mgO2/L
OW571900	2022-07-05	21565874	08:44:00	Cl-	Chloride	=	119	mg/L
OW571900	2022-07-05	21565874	08:44:00	Clfyl a	Chlorofyl a	=	29	µg/L
OW571900	2022-07-05	21565874	08:44:00	CZV	Chemisch zuurstofverbruik	=	11,9	mgO2/L
OW571900	2022-07-05	21565874	08:44:00	EC 20	Geleidbaarheid (20°C)	=	942	µS/cm
OW571900	2022-07-05	21565874	08:44:00	EC 25	Geleidbaarheid (25°C)	=	1031,961	µS/cm
OW571900	2022-07-05	21565874	08:44:00	Feofyt a	Feofytine a	=	16,3	µg/L
OW571900	2022-07-05	21565874	08:44:00	KjN	Kjeldahlstikstof	=	0,959	mgN/L
OW571900	2022-07-05	21565874	08:44:00	N t	Stikstof	=	2,97	mgN/L
OW571900	2022-07-05	21565874	08:44:00	N+N	Nitraat+nitriet	=	2,011	mgN/L
OW571900	2022-07-05	21565874	08:44:00	N+N+N	Nitraat+nitriet+ammonium	=	2,062	mgN/L
OW571900	2022-07-05	21565874	08:44:00	NH4+	Ammonium	=	0,051	mgN/L
OW571900	2022-07-05	21565874	08:44:00	NO2-	Nitriet	=	0,081	mgN/L
OW571900	2022-07-05	21565874	08:44:00	NO3-	Nitraat	=	1,93	mgN/L
OW571900	2022-07-05	21565874	08:44:00	O2	Zuurstof	=	8,42	mg/L
OW571900	2022-07-05	21565874	08:44:00	O2 verz	Zuurstof	=	93,1	%
OW571900	2022-07-05	21565874	08:44:00	oPO4 f	Orthofosfaat	=	0,258	mgP/L
OW571900	2022-07-05	21565874	08:44:00	P t	Fosfor	=	0,516	mgP/L
OW571900	2022-07-05	21565874	08:44:00	pH	pH	=	8,13	-
OW571900	2022-07-05	21565874	08:44:00	Secchi	Doorzichtigheid	=	40	cm
OW571900	2022-07-05	21565874	08:44:00	SiO2 o	Silicaat	=	0,53	mgSiO2/L
OW571900	2022-07-05	21565874	08:44:00	SO4=	Sulfaat	=	80	mg/L
OW571900	2022-07-05	21565874	08:44:00	T	Temperatuur	=	21,4	°C
OW571900	2022-07-05	21565874	08:44:00	ZS	Zwevende stoffen	=	28	mg/L
OW571900	2022-08-05	21563261	08:43:00	10:2 FTS	10:2 fluortelomeersulfonzuur (10:2 FTS)	<	3,95	ng/L
OW571900	2022-08-05	21563261	08:43:00	4:2 FTS	4:2 fluortelomeersulfonzuur (4:2 FTS)	<	1,8	ng/L
OW571900	2022-08-05	21563261	08:43:00	6:2 diPAP	6:2 fluortelomeerfosfaat diester (6:2 diPAP)	<	4,3	ng/L
OW571900	2022-08-05	21563261	08:43:00	6:2 FTS	6:2 fluortelomeersulfonzuur (6:2 FTS)	=	3,7	ng/L
OW571900	2022-08-05	21563261	08:43:00	6:2/8:2 diPAP	6:2/8:2 Fluortelomeerfosfaat diester	<	11,7	ng/L
OW571900	2022-08-05	21563261	08:43:00	8:2 FTS	8:2 fluortelomeersulfonzuur (8:2 FTS)	<	1,85	ng/L
OW571900	2022-08-05	21563261	08:43:00	DONA	4,8-dioxa-3H-perfluornonaanzuur (DONA)	<	1,7	ng/L
OW571900	2022-08-05	21563261	08:43:00	EtPFOSA	N-ethylperfluoroctaan-1-sulfonamide (EtPFOSA)	<	3,7	ng/L
OW571900	2022-08-05	21563261	08:43:00	EtPFOSAA	N-ethylperfluoroctaansulfonamidoazijnzuur	<	7,1	ng/L
OW571900	2022-08-05	21563261	08:43:00	HFPO-DA	2,3,3,3-tetrafluor-2(heptafluorpropoxy)propionzuur	<	2,15	ng/L
OW571900	2022-08-05	21563261	08:43:00	MePFBSA	N-methylperfluorbutaansulfonamide (MePFBSA)	<	24	ng/L
OW571900	2022-08-05	21563261	08:43:00	MePFBSAA	N-methylperfluorbutaansulfonamidoazijnzuur	<	24	ng/L
OW571900	2022-08-05	21563261	08:43:00	MePFOSA	N-methylperfluoroctaan-1-sulfonamide (MePFOSA)	<	3,8	ng/L
OW571900	2022-08-05	21563261	08:43:00	MePFOSAA	N-methylperfluoroctaansulfonamidoazijnzuur	=	9,5	ng/L
OW571900	2022-08-05	21563261	08:43:00	PFAS-43	Som van de 43 PFAS	<	357	ng/L
OW571900	2022-08-05	21563261	08:43:00	PFBA	Perfluorbutaanzuur (PFBA)	<	8	ng/L
OW571900	2022-08-05	21563261	08:43:00	PFBS	Perfluorbutaansulfonzuur (PFBS)	<	5	ng/L
OW571900	2022-08-05	21563261	08:43:00	PFBSA	Perfluorbutaansulfonamide (PFBSA)	<	21	ng/L
OW571900	2022-08-05	21563261	08:43:00	PFDA	Perfluordecaanzuur (PFDA)	<	3,15	ng/L
OW571900	2022-08-05	21563261	08:43:00	PFDoDA	Perfluordodecaanzuur (PFDoDA)	<	2,65	ng/L
OW571900	2022-08-05	21563261	08:43:00	PFDoDS	Perfluordodecaansulfonzuur (PFDoDS)	<	7,65	ng/L
OW571900	2022-08-05	21563261	08:43:00	PFDS	Perfluordecaansulfonzuur (PFDS)	<	2,4	ng/L
OW571900	2022-08-05	21563261	08:43:00	PFECHS	Perfluor-4-ethylcyclohexaansulfonzuur (PFECHS)	<	1,85	ng/L
OW571900	2022-08-05	21563261	08:43:00	PFHpA	Perfluorheptaanzuur (PFHpA)	=	11	ng/L
OW571900	2022-08-05	21563261	08:43:00	PFHpS	Perfluorheptaansulfonzuur (PFHpS)	<	0,9	ng/L
OW571900	2022-08-05	21563261	08:43:00	PFHxA	Perfluorhexaanzuur (PFHxA)	=	21	ng/L
OW571900	2022-08-05	21563261	08:43:00	PFHxS	Perfluorhexaansulfonzuur (PFHxS)	=	5,1	ng/L
OW571900	2022-08-05	21563261	08:43:00	PFHxSA	Perfluorhexaansulfonamide (PFHxSA)	<	22,5	ng/L
OW571900	2022-08-05	21563261	08:43:00	PFNA	Perfluornonaanzuur (PFNA)	=	4,6	ng/L
OW571900	2022-08-05	21563261	08:43:00	PFNS	Perfluornonaansulfonzuur (PFNS)	<	2,85	ng/L
OW571900	2022-08-05	21563261	08:43:00	PFOA	Perfluoroctaanzuur (PFOA)	<	2,55	ng/L
OW571900	2022-08-05	21563261	08:43:00	PFOA totaal	Totaal perfluoroctaanzuur (lineair + vertakt)	=	9,6	ng/L
OW571900	2022-08-05	21563261	08:43:00	PFODA	Perfluoroctadecaanzuur (PFODA)	<	24	ng/L
OW571900	2022-08-05	21563261	08:43:00	PFOS	Perfluoroctaansulfonzuur (PFOS)	<	2,55	ng/L
OW571900	2022-08-05	21563261	08:43:00	PFOS totaal	Totaal perfluoroctaansulfonzuur (lineair+vertakt)	=	9,4	ng/L
OW571900	2022-08-05	21563261	08:43:00	PFOSA	Perfluoroctaansulfonamide (PFOSA)	<	2,55	ng/L
OW571900	2022-08-05	21563261	08:43:00	PFOSA totaal	Totaal perfluoroctaansulfonamide (lineair+vertakt)	<	2,55	ng/L
OW571900	2022-08-05	21563261	08:43:00	PFPeA	Perfluorpentaanzuur (PFPeA)	=	19	ng/L
OW571900	2022-08-05	21563261	08:43:00	PFPeDA	Perfluorpentadecaanzuur (PFPeDA)	<	17,5	ng/L
OW571900	2022-08-05	21563261	08:43:00	PFPeS	Perfluorpentaansulfonzuur (PFPeS)	<	1,55	ng/L
OW571900	2022-08-05	21563261	08:43:00	PFTeDA	Perfluortetradecaanzuur (PFTeDA)	<	2,25	ng/L
OW571900	2022-08-05	21563261	08:43:00	PFTrDA	Perfluortridecaanzuur (PFTrDA)	<	2,6	ng/L
OW571900	2022-08-05	21563261	08:43:00	PFTrDS	Perfluor-1-tridecaansulfonzuur (PFTrS)	<	24	ng/L
OW571900	2022-08-05	21563261	08:43:00	PFUnDA	Perfluorundecaanzuur (PFUnDA)	<	1,65	ng/L
OW571900	2022-08-05	21563261	08:43:00	PFUnDS	Perfluor-1-undecaansulfonzuur (PFUnS)	<	20	ng/L
OW571900	2022-09-07	21569711	09:46:00	Cl-	Chloride	=	202	mg/L
OW571900	2022-09-07	21569711	09:46:00	Clfyl a	Chlorofyl a	=	46	µg/L
OW571900	2022-09-07	21569711	09:46:00	CZV	Chemisch zuurstofverbruik	=	31	mgO2/L
OW571900	2022-09-07	21569711	09:46:00	EC 20	Geleidbaarheid (20°C)	=	1233	µS/cm
OW571900	2022-09-07	21569711	09:46:00	EC 25	Geleidbaarheid (25°C)	=	1350,7515	µS/cm
OW571900	2022-09-07	21569711	09:46:00	Feofyt a	Feofytine a	=	19,8	µg/L
OW571900	2022-09-07	21569711	09:46:00	KjN	Kjeldahlstikstof	=	1,076	mgN/L
OW571900	2022-09-07	21569711	09:46:00	N t	Stikstof	=	2,86	mgN/L
OW571900	2022-09-07	21569711	09:46:00	N+N	Nitraat+nitriet	=	1,784	mgN/L
OW571900	2022-09-07	21569711	09:46:00	N+N+N	Nitraat+nitriet+ammonium	=	1,898	mgN/L
OW571900	2022-09-07	21569711	09:46:00	NH4+	Ammonium	=	0,114	mgN/L
OW571900	2022-09-07	21569711	09:46:00	NO2-	Nitriet	=	0,044	mgN/L
OW571900	2022-09-07	21569711	09:46:00	NO3-	Nitraat	=	1,74	mgN/L
OW571900	2022-09-07	21569711	09:46:00	O2	Zuurstof	=	8,12	mg/L
OW571900	2022-09-07	21569711	09:46:00	O2 verz	Zuurstof	=	91,1	%
OW571900	2022-09-07	21569711	09:46:00	oPO4 f	Orthofosfaat	=	0,311	mgP/L
OW571900	2022-09-07	21569711	09:46:00	P t	Fosfor	=	0,62	mgP/L
OW571900	2022-09-07	21569711	09:46:00	pH	pH	=	8,24	-
OW571900	2022-09-07	21569711	09:46:00	Secchi	Doorzichtigheid	=	40	cm
OW571900	2022-09-07	21569711	09:46:00	SiO2 o	Silicaat	=	0,58	mgSiO2/L
OW571900	2022-09-07	21569711	09:46:00	SO4=	Sulfaat	=	96	mg/L
OW571900	2022-09-07	21569711	09:46:00	T	Temperatuur	=	20,5	°C
OW571900	2022-09-07	21569711	09:46:00	ZS	Zwevende stoffen	=	36	mg/L
OW571900	2022-09-23	21563270	08:30:00	10:2 FTS	10:2 fluortelomeersulfonzuur (10:2 FTS)	<	3,95	ng/L
OW571900	2022-09-23	21563270	08:30:00	4:2 FTS	4:2 fluortelomeersulfonzuur (4:2 FTS)	<	1,8	ng/L
OW571900	2022-09-23	21563270	08:30:00	6:2 diPAP	6:2 fluortelomeerfosfaat diester (6:2 diPAP)	<	4,3	ng/L
OW571900	2022-09-23	21563270	08:30:00	6:2 FTS	6:2 fluortelomeersulfonzuur (6:2 FTS)	=	5,3	ng/L
OW571900	2022-09-23	21563270	08:30:00	6:2/8:2 diPAP	6:2/8:2 Fluortelomeerfosfaat diester	<	11,7	ng/L
OW571900	2022-09-23	21563270	08:30:00	8:2 diPAP	8:2 fluortelomeerfosfaat diester (8:2 diPAP)	<	3,8	ng/L
OW571900	2022-09-23	21563270	08:30:00	8:2 FTS	8:2 fluortelomeersulfonzuur (8:2 FTS)	<	1,85	ng/L
OW571900	2022-09-23	21563270	08:30:00	DONA	4,8-dioxa-3H-perfluornonaanzuur (DONA)	<	3,4	ng/L
OW571900	2022-09-23	21563270	08:30:00	EtPFOSA	N-ethylperfluoroctaan-1-sulfonamide (EtPFOSA)	<	3,7	ng/L
OW571900	2022-09-23	21563270	08:30:00	EtPFOSAA	N-ethylperfluoroctaansulfonamidoazijnzuur	<	3,55	ng/L
OW571900	2022-09-23	21563270	08:30:00	HFPO-DA	2,3,3,3-tetrafluor-2(heptafluorpropoxy)propionzuur	<	2,15	ng/L
OW571900	2022-09-23	21563270	08:30:00	MePFBSA	N-methylperfluorbutaansulfonamide (MePFBSA)	<	24	ng/L
OW571900	2022-09-23	21563270	08:30:00	MePFBSAA	N-methylperfluorbutaansulfonamidoazijnzuur	<	24	ng/L
OW571900	2022-09-23	21563270	08:30:00	MePFOSA	N-methylperfluoroctaan-1-sulfonamide (MePFOSA)	<	3,8	ng/L
OW571900	2022-09-23	21563270	08:30:00	MePFOSAA	N-methylperfluoroctaansulfonamidoazijnzuur	<	6	ng/L
OW571900	2022-09-23	21563270	08:30:00	PFAS-43	Som van de 43 PFAS	<	336,45	ng/L
OW571900	2022-09-23	21563270	08:30:00	PFBA	Perfluorbutaanzuur (PFBA)	<	4	ng/L
OW571900	2022-09-23	21563270	08:30:00	PFBS	Perfluorbutaansulfonzuur (PFBS)	<	5	ng/L
OW571900	2022-09-23	21563270	08:30:00	PFBSA	Perfluorbutaansulfonamide (PFBSA)	<	21	ng/L
OW571900	2022-09-23	21563270	08:30:00	PFDA	Perfluordecaanzuur (PFDA)	<	3,15	ng/L
OW571900	2022-09-23	21563270	08:30:00	PFDoDA	Perfluordodecaanzuur (PFDoDA)	<	2,65	ng/L
OW571900	2022-09-23	21563270	08:30:00	PFDoDS	Perfluordodecaansulfonzuur (PFDoDS)	<	7,65	ng/L
OW571900	2022-09-23	21563270	08:30:00	PFDS	Perfluordecaansulfonzuur (PFDS)	<	2,4	ng/L
OW571900	2022-09-23	21563270	08:30:00	PFECHS	Perfluor-4-ethylcyclohexaansulfonzuur (PFECHS)	<	1,85	ng/L
OW571900	2022-09-23	21563270	08:30:00	PFHpA	Perfluorheptaanzuur (PFHpA)	<	5,1	ng/L
OW571900	2022-09-23	21563270	08:30:00	PFHpS	Perfluorheptaansulfonzuur (PFHpS)	<	0,9	ng/L
OW571900	2022-09-23	21563270	08:30:00	PFHxA	Perfluorhexaanzuur (PFHxA)	=	15	ng/L
OW571900	2022-09-23	21563270	08:30:00	PFHxDA	Perfluorhexadecaanzuur (PFHxDA)	<	4,7	ng/L
OW571900	2022-09-23	21563270	08:30:00	PFHxS	Perfluorhexaansulfonzuur (PFHxS)	=	3,2	ng/L
OW571900	2022-09-23	21563270	08:30:00	PFHxSA	Perfluorhexaansulfonamide (PFHxSA)	<	22,5	ng/L
OW571900	2022-09-23	21563270	08:30:00	PFNA	Perfluornonaanzuur (PFNA)	<	3,4	ng/L
OW571900	2022-09-23	21563270	08:30:00	PFNS	Perfluornonaansulfonzuur (PFNS)	<	2,85	ng/L
OW571900	2022-09-23	21563270	08:30:00	PFOA	Perfluoroctaanzuur (PFOA)	<	7,7	ng/L
OW571900	2022-09-23	21563270	08:30:00	PFOA totaal	Totaal perfluoroctaanzuur (lineair + vertakt)	<	7,7	ng/L
OW571900	2022-09-23	21563270	08:30:00	PFOA vertakt	= PFOAtotaal - PFOA	<	7,7	ng/L
OW571900	2022-09-23	21563270	08:30:00	PFODA	Perfluoroctadecaanzuur (PFODA)	<	24	ng/L
OW571900	2022-09-23	21563270	08:30:00	PFOS	Perfluoroctaansulfonzuur (PFOS)	=	8,1	ng/L
OW571900	2022-09-23	21563270	08:30:00	PFOS totaal	Totaal perfluoroctaansulfonzuur (lineair+vertakt)	=	12	ng/L
OW571900	2022-09-23	21563270	08:30:00	PFOS vertakt	= PFOStotaal - PFOS	=	3,9	ng/L
OW571900	2022-09-23	21563270	08:30:00	PFOSA	Perfluoroctaansulfonamide (PFOSA)	<	2,55	ng/L
OW571900	2022-09-23	21563270	08:30:00	PFOSA totaal	Totaal perfluoroctaansulfonamide (lineair+vertakt)	<	2,55	ng/L
OW571900	2022-09-23	21563270	08:30:00	PFOSA vertakt	= PFOSAtotaal - PFOSA	<	2,55	ng/L
OW571900	2022-09-23	21563270	08:30:00	PFPeA	Perfluorpentaanzuur (PFPeA)	=	12	ng/L
OW571900	2022-09-23	21563270	08:30:00	PFPeDA	Perfluorpentadecaanzuur (PFPeDA)	<	17,5	ng/L
OW571900	2022-09-23	21563270	08:30:00	PFPeS	Perfluorpentaansulfonzuur (PFPeS)	<	1,55	ng/L
OW571900	2022-09-23	21563270	08:30:00	PFTeDA	Perfluortetradecaanzuur (PFTeDA)	<	2,25	ng/L
OW571900	2022-09-23	21563270	08:30:00	PFTrDA	Perfluortridecaanzuur (PFTrDA)	<	2,6	ng/L
OW571900	2022-09-23	21563270	08:30:00	PFTrDS	Perfluor-1-tridecaansulfonzuur (PFTrS)	<	24	ng/L
OW571900	2022-09-23	21563270	08:30:00	PFUnDA	Perfluorundecaanzuur (PFUnDA)	<	1,65	ng/L
OW571900	2022-09-23	21563270	08:30:00	PFUnDS	Perfluor-1-undecaansulfonzuur (PFUnS)	<	20	ng/L
OW571900	2022-09-29	21571303	09:54:00	BZV5	Biochemisch zuurstofverbruik na 5d.	=	2,1	mgO2/L
OW571900	2022-09-29	21571303	09:54:00	Cl-	Chloride	=	129	mg/L
OW571900	2022-09-29	21571303	09:54:00	Clfyl a	Chlorofyl a	=	21,6	µg/L
OW571900	2022-09-29	21571303	09:54:00	CZV	Chemisch zuurstofverbruik	=	19,1	mgO2/L
OW571900	2022-09-29	21571303	09:54:00	EC 20	Geleidbaarheid (20°C)	=	878	µS/cm
OW571900	2022-09-29	21571303	09:54:00	EC 25	Geleidbaarheid (25°C)	=	961,849	µS/cm
OW571900	2022-09-29	21571303	09:54:00	Feofyt a	Feofytine a	=	5,9	µg/L
OW571900	2022-09-29	21571303	09:54:00	KjN	Kjeldahlstikstof	=	0,624	mgN/L
OW571900	2022-09-29	21571303	09:54:00	N t	Stikstof	=	3,6	mgN/L
OW571900	2022-09-29	21571303	09:54:00	N+N	Nitraat+nitriet	=	2,976	mgN/L
OW571900	2022-09-29	21571303	09:54:00	N+N+N	Nitraat+nitriet+ammonium	=	3,316	mgN/L
OW571900	2022-09-29	21571303	09:54:00	NH4+	Ammonium	=	0,34	mgN/L
OW571900	2022-09-29	21571303	09:54:00	NO2-	Nitriet	=	0,206	mgN/L
OW571900	2022-09-29	21571303	09:54:00	NO3-	Nitraat	=	2,77	mgN/L
OW571900	2022-09-29	21571303	09:54:00	O2	Zuurstof	=	7,65	mg/L
OW571900	2022-09-29	21571303	09:54:00	O2 verz	Zuurstof	=	75,9	%
OW571900	2022-09-29	21571303	09:54:00	oPO4 f	Orthofosfaat	=	0,37	mgP/L
OW571900	2022-09-29	21571303	09:54:00	P t	Fosfor	=	0,571	mgP/L
OW571900	2022-09-29	21571303	09:54:00	pH	pH	=	7,9	-
OW571900	2022-09-29	21571303	09:54:00	Secchi	Doorzichtigheid	=	50	cm
OW571900	2022-09-29	21571303	09:54:00	SiO2 o	Silicaat	=	2,2	mgSiO2/L
OW571900	2022-09-29	21571303	09:54:00	SO4=	Sulfaat	=	76	mg/L
OW571900	2022-09-29	21571303	09:54:00	T	Temperatuur	=	14,6	°C
OW571900	2022-09-29	21571303	09:54:00	ZS	Zwevende stoffen	=	43	mg/L
OW571900	2022-10-17	21572400	09:08:00	Cl-	Chloride	=	110	mg/L
OW571900	2022-10-17	21572400	09:08:00	CZV	Chemisch zuurstofverbruik	=	19,6	mgO2/L
OW571900	2022-10-17	21572400	09:08:00	EC 20	Geleidbaarheid (20°C)	=	846	µS/cm
OW571900	2022-10-17	21572400	09:08:00	EC 25	Geleidbaarheid (25°C)	=	926,793	µS/cm
OW571900	2022-10-17	21572400	09:08:00	KjN	Kjeldahlstikstof	=	0,779	mgN/L
OW571900	2022-10-17	21572400	09:08:00	N t	Stikstof	=	3,05	mgN/L
OW571900	2022-10-17	21572400	09:08:00	N+N	Nitraat+nitriet	=	2,271	mgN/L
OW571900	2022-10-17	21572400	09:08:00	N+N+N	Nitraat+nitriet+ammonium	=	2,367	mgN/L
OW571900	2022-10-17	21572400	09:08:00	NH4+	Ammonium	=	0,096	mgN/L
OW571900	2022-10-17	21572400	09:08:00	NO2-	Nitriet	=	0,071	mgN/L
OW571900	2022-10-17	21572400	09:08:00	NO3-	Nitraat	=	2,2	mgN/L
OW571900	2022-10-17	21572400	09:08:00	O2	Zuurstof	=	7,85	mg/L
OW571900	2022-10-17	21572400	09:08:00	O2 verz	Zuurstof	=	78,1	%
OW571900	2022-10-17	21572400	09:08:00	oPO4 f	Orthofosfaat	=	0,25	mgP/L
OW571900	2022-10-17	21572400	09:08:00	P t	Fosfor	=	0,52	mgP/L
OW571900	2022-10-17	21572400	09:08:00	pH	pH	=	7,87	-
OW571900	2022-10-17	21572400	09:08:00	SiO2 o	Silicaat	=	2,2	mgSiO2/L
OW571900	2022-10-17	21572400	09:08:00	SO4=	Sulfaat	=	72	mg/L
OW571900	2022-10-17	21572400	09:08:00	T	Temperatuur	=	15,2	°C
OW571900	2022-10-17	21572400	09:08:00	ZS	Zwevende stoffen	=	33	mg/L
OW571900	2022-11-17	21574210	08:54:00	BZV5	Biochemisch zuurstofverbruik na 5d.	<	2	mgO2/L
OW571900	2022-11-17	21574210	08:54:00	Cl-	Chloride	=	106	mg/L
OW571900	2022-11-17	21574210	08:54:00	CZV	Chemisch zuurstofverbruik	=	13,1	mgO2/L
OW571900	2022-11-17	21574210	08:54:00	EC 20	Geleidbaarheid (20°C)	=	747	µS/cm
OW571900	2022-11-17	21574210	08:54:00	EC 25	Geleidbaarheid (25°C)	=	818,3385	µS/cm
OW571900	2022-11-17	21574210	08:54:00	KjN	Kjeldahlstikstof	=	0,527	mgN/L
OW571900	2022-11-17	21574210	08:54:00	N t	Stikstof	=	3,37	mgN/L
OW571900	2022-11-17	21574210	08:54:00	N+N	Nitraat+nitriet	=	2,843	mgN/L
OW571900	2022-11-17	21574210	08:54:00	N+N+N	Nitraat+nitriet+ammonium	=	3,363	mgN/L
OW571900	2022-11-17	21574210	08:54:00	NH4+	Ammonium	=	0,52	mgN/L
OW571900	2022-11-17	21574210	08:54:00	NO2-	Nitriet	=	0,103	mgN/L
OW571900	2022-11-17	21574210	08:54:00	NO3-	Nitraat	=	2,74	mgN/L
OW571900	2022-11-17	21574210	08:54:00	O2	Zuurstof	=	7,4	mg/L
OW571900	2022-11-17	21574210	08:54:00	O2 verz	Zuurstof	=	67,6	%
OW571900	2022-11-17	21574210	08:54:00	oPO4 f	Orthofosfaat	=	0,28	mgP/L
OW571900	2022-11-17	21574210	08:54:00	P t	Fosfor	=	0,425	mgP/L
OW571900	2022-11-17	21574210	08:54:00	pH	pH	=	7,79	-
OW571900	2022-11-17	21574210	08:54:00	SiO2 o	Silicaat	=	8	mgSiO2/L
OW571900	2022-11-17	21574210	08:54:00	SO4=	Sulfaat	=	63	mg/L
OW571900	2022-11-17	21574210	08:54:00	T	Temperatuur	=	10,1	°C
OW571900	2022-11-17	21574210	08:54:00	ZS	Zwevende stoffen	=	15,1	mg/L
OW571900	2022-12-12	21575190	09:22:00	Cl-	Chloride	=	99	mg/L
OW571900	2022-12-12	21575190	09:22:00	CZV	Chemisch zuurstofverbruik	=	14,1	mgO2/L
OW571900	2022-12-12	21575190	09:22:00	EC 20	Geleidbaarheid (20°C)	=	860	µS/cm
OW571900	2022-12-12	21575190	09:22:00	EC 25	Geleidbaarheid (25°C)	=	942,13	µS/cm
OW571900	2022-12-12	21575190	09:22:00	KjN	Kjeldahlstikstof	=	0,594	mgN/L
OW571900	2022-12-12	21575190	09:22:00	N t	Stikstof	=	6,5	mgN/L
OW571900	2022-12-12	21575190	09:22:00	N+N	Nitraat+nitriet	=	5,906	mgN/L
OW571900	2022-12-12	21575190	09:22:00	N+N+N	Nitraat+nitriet+ammonium	=	6,536	mgN/L
OW571900	2022-12-12	21575190	09:22:00	NH4+	Ammonium	=	0,63	mgN/L
OW571900	2022-12-12	21575190	09:22:00	NO2-	Nitriet	=	0,106	mgN/L
OW571900	2022-12-12	21575190	09:22:00	NO3-	Nitraat	=	5,8	mgN/L
OW571900	2022-12-12	21575190	09:22:00	O2	Zuurstof	=	7,18	mg/L
OW571900	2022-12-12	21575190	09:22:00	O2 verz	Zuurstof	=	54,8	%
OW571900	2022-12-12	21575190	09:22:00	oPO4 f	Orthofosfaat	=	0,258	mgP/L
OW571900	2022-12-12	21575190	09:22:00	P t	Fosfor	=	0,352	mgP/L
OW571900	2022-12-12	21575190	09:22:00	pH	pH	=	7,76	-
OW571900	2022-12-12	21575190	09:22:00	SiO2 o	Silicaat	=	12	mgSiO2/L
OW571900	2022-12-12	21575190	09:22:00	SO4=	Sulfaat	=	92	mg/L
OW571900	2022-12-12	21575190	09:22:00	T	Temperatuur	=	4,4	°C
OW571900	2022-12-12	21575190	09:22:00	ZS	Zwevende stoffen	=	4,3	mg/L
OW571900	2023-01-26	21577313	09:16:00	Ag o	Zilver	<	0,05	µg/L
OW571900	2023-01-26	21577313	09:16:00	Al o	Aluminium	<	150	µg/L
OW571900	2023-01-26	21577313	09:16:00	As o	Arseen	=	1,69	µg/L
OW571900	2023-01-26	21577313	09:16:00	B o	Boor	=	75	µg/L
OW571900	2023-01-26	21577313	09:16:00	Ba o	Barium	=	34	µg/L
OW571900	2023-01-26	21577313	09:16:00	Be o	Beryllium	<	0,15	µg/L
OW571900	2023-01-26	21577313	09:16:00	BZV5	Biochemisch zuurstofverbruik na 5d.	<	1	mgO2/L
OW571900	2023-01-26	21577313	09:16:00	Ca o	Calcium	=	122000	µg/L
OW571900	2023-01-26	21577313	09:16:00	Cd o	Cadmium	<	0,05	µg/L
OW571900	2023-01-26	21577313	09:16:00	Cl-	Chloride	=	63,7	mg/L
OW571900	2023-01-26	21577313	09:16:00	Co o	Kobalt	=	0,58	µg/L
OW571900	2023-01-26	21577313	09:16:00	Cr o	Chroom	<	1,5	µg/L
OW571900	2023-01-26	21577313	09:16:00	Cu o	Koper	<	2	µg/L
OW571900	2023-01-26	21577313	09:16:00	CZV	Chemisch zuurstofverbruik	=	17,7	mgO2/L
OW571900	2023-01-26	21577313	09:16:00	DOC	Koolstof	=	7,2	mgC/L
OW571900	2023-01-26	21577313	09:16:00	EC 20	Geleidbaarheid (20°C)	=	828	µS/cm
OW571900	2023-01-26	21577313	09:16:00	EC 25	Geleidbaarheid (25°C)	=	907,074	µS/cm
OW571900	2023-01-26	21577313	09:16:00	Fe o	Ijzer	=	29	µg/L
OW571900	2023-01-26	21577313	09:16:00	H t	Hardheid	=	35	°F
OW571900	2023-01-26	21577313	09:16:00	Hg o	Kwik	<	0,025	µg/L
OW571900	2023-01-26	21577313	09:16:00	K o	Kalium	=	14500	µg/L
OW571900	2023-01-26	21577313	09:16:00	KjN	Kjeldahlstikstof	=	0,812	mgN/L
OW571900	2023-01-26	21577313	09:16:00	Mg o	Magnesium	=	11600	µg/L
OW571900	2023-01-26	21577313	09:16:00	Mn o	Mangaan	=	100	µg/L
OW571900	2023-01-26	21577313	09:16:00	Mo o	Molybdeen	=	3,2	µg/L
OW571900	2023-01-26	21577313	09:16:00	N t	Stikstof	=	9	mgN/L
OW571900	2023-01-26	21577313	09:16:00	N+N	Nitraat+nitriet	=	8,188	mgN/L
OW571900	2023-01-26	21577313	09:16:00	N+N+N	Nitraat+nitriet+ammonium	=	8,718	mgN/L
OW571900	2023-01-26	21577313	09:16:00	Na o	Natrium	=	42000	µg/L
OW571900	2023-01-26	21577313	09:16:00	NH4+	Ammonium	=	0,53	mgN/L
OW571900	2023-01-26	21577313	09:16:00	Ni o	Nikkel	<	3,2	µg/L
OW571900	2023-01-26	21577313	09:16:00	NO2-	Nitriet	=	0,088	mgN/L
OW571900	2023-01-26	21577313	09:16:00	NO3-	Nitraat	=	8,1	mgN/L
OW571900	2023-01-26	21577313	09:16:00	O2	Zuurstof	=	10,3	mg/L
OW571900	2023-01-26	21577313	09:16:00	O2 verz	Zuurstof	=	80	%
OW571900	2023-01-26	21577313	09:16:00	oPO4 f	Orthofosfaat	=	0,202	mgP/L
OW571900	2023-01-26	21577313	09:16:00	P t	Fosfor	=	0,325	mgP/L
OW571900	2023-01-26	21577313	09:16:00	Pb o	Lood	<	1,25	µg/L
OW571900	2023-01-26	21577313	09:16:00	pH	pH	=	7,99	-
OW571900	2023-01-26	21577313	09:16:00	Sb o	Antimoon	<	1,5	µg/L
OW571900	2023-01-26	21577313	09:16:00	Se o	Seleen	<	1,5	µg/L
OW571900	2023-01-26	21577313	09:16:00	Sn o	Tin	<	1,5	µg/L
OW571900	2023-01-26	21577313	09:16:00	SO4=	Sulfaat	=	90	mg/L
OW571900	2023-01-26	21577313	09:16:00	T	Temperatuur	=	5,3	°C
OW571900	2023-01-26	21577313	09:16:00	TAM	Alkaliniteit met methyloranje	=	5,1	meq/L
OW571900	2023-01-26	21577313	09:16:00	Te o	Telluur	<	2,5	µg/L
OW571900	2023-01-26	21577313	09:16:00	Ti o	Titaan	<	2	µg/L
OW571900	2023-01-26	21577313	09:16:00	Tl o	Thallium	=	0,338	µg/L
OW571900	2023-01-26	21577313	09:16:00	U o	Uranium	=	1,48	µg/L
OW571900	2023-01-26	21577313	09:16:00	V o	Vanadium	<	1,5	µg/L
OW571900	2023-01-26	21577313	09:16:00	Zn o	Zink	<	15	µg/L
OW571900	2023-01-26	21577313	09:16:00	ZS	Zwevende stoffen	=	14,6	mg/L
OW571900	2023-02-21	21578813	08:49:00	Ag o	Zilver	<	0,05	µg/L
OW571900	2023-02-21	21578813	08:49:00	Al o	Aluminium	<	150	µg/L
OW571900	2023-02-21	21578813	08:49:00	As o	Arseen	=	1,54	µg/L
OW571900	2023-02-21	21578813	08:49:00	B o	Boor	=	87	µg/L
OW571900	2023-02-21	21578813	08:49:00	Ba o	Barium	=	37	µg/L
OW571900	2023-02-21	21578813	08:49:00	Be o	Beryllium	<	0,15	µg/L
OW571900	2023-02-21	21578813	08:49:00	Ca o	Calcium	=	137000	µg/L
OW571900	2023-02-21	21578813	08:49:00	Cd o	Cadmium	<	0,05	µg/L
OW571900	2023-02-21	21578813	08:49:00	Cl-	Chloride	=	105	mg/L
OW571900	2023-02-21	21578813	08:49:00	Co o	Kobalt	=	0,7	µg/L
OW571900	2023-02-21	21578813	08:49:00	Cr o	Chroom	<	1,5	µg/L
OW571900	2023-02-21	21578813	08:49:00	Cu o	Koper	<	2	µg/L
OW571900	2023-02-21	21578813	08:49:00	CZV	Chemisch zuurstofverbruik	=	14,1	mgO2/L
OW571900	2023-02-21	21578813	08:49:00	DOC	Koolstof	=	5,8	mgC/L
OW571900	2023-02-21	21578813	08:49:00	EC 20	Geleidbaarheid (20°C)	=	945	µS/cm
OW571900	2023-02-21	21578813	08:49:00	EC 25	Geleidbaarheid (25°C)	=	1035,2475	µS/cm
OW571900	2023-02-21	21578813	08:49:00	Fe o	Ijzer	<	25	µg/L
OW571900	2023-02-21	21578813	08:49:00	H t	Hardheid	=	40	°F
OW571900	2023-02-21	21578813	08:49:00	Hg o	Kwik	<	0,025	µg/L
OW571900	2023-02-21	21578813	08:49:00	K o	Kalium	=	21000	µg/L
OW571900	2023-02-21	21578813	08:49:00	KjN	Kjeldahlstikstof	=	1,02	mgN/L
OW571900	2023-02-21	21578813	08:49:00	Mg o	Magnesium	=	13200	µg/L
OW571900	2023-02-21	21578813	08:49:00	Mn o	Mangaan	=	102	µg/L
OW571900	2023-02-21	21578813	08:49:00	Mo o	Molybdeen	=	3,1	µg/L
OW571900	2023-02-21	21578813	08:49:00	N t	Stikstof	=	7	mgN/L
OW571900	2023-02-21	21578813	08:49:00	N+N	Nitraat+nitriet	=	5,98	mgN/L
OW571900	2023-02-21	21578813	08:49:00	N+N+N	Nitraat+nitriet+ammonium	=	6,59	mgN/L
OW571900	2023-02-21	21578813	08:49:00	Na o	Natrium	=	65000	µg/L
OW571900	2023-02-21	21578813	08:49:00	NH4+	Ammonium	=	0,61	mgN/L
OW571900	2023-02-21	21578813	08:49:00	Ni o	Nikkel	=	4,1	µg/L
OW571900	2023-02-21	21578813	08:49:00	NO2-	Nitriet	=	0,08	mgN/L
OW571900	2023-02-21	21578813	08:49:00	NO3-	Nitraat	=	5,9	mgN/L
OW571900	2023-02-21	21578813	08:49:00	O2	Zuurstof	=	8,67	mg/L
OW571900	2023-02-21	21578813	08:49:00	O2 verz	Zuurstof	=	75	%
OW571900	2023-02-21	21578813	08:49:00	oPO4 f	Orthofosfaat	=	0,175	mgP/L
OW571900	2023-02-21	21578813	08:49:00	P t	Fosfor	=	0,328	mgP/L
OW571900	2023-02-21	21578813	08:49:00	Pb o	Lood	<	1,25	µg/L
OW571900	2023-02-21	21578813	08:49:00	pH	pH	=	7,94	-
OW571900	2023-02-21	21578813	08:49:00	Sb o	Antimoon	<	1,5	µg/L
OW571900	2023-02-21	21578813	08:49:00	Se o	Seleen	<	1,5	µg/L
OW571900	2023-02-21	21578813	08:49:00	Sn o	Tin	<	1,5	µg/L
OW571900	2023-02-21	21578813	08:49:00	SO4=	Sulfaat	=	100	mg/L
OW571900	2023-02-21	21578813	08:49:00	T	Temperatuur	=	9,6	°C
OW571900	2023-02-21	21578813	08:49:00	TAM	Alkaliniteit met methyloranje	=	6,4	meq/L
OW571900	2023-02-21	21578813	08:49:00	Te o	Telluur	<	2,5	µg/L
OW571900	2023-02-21	21578813	08:49:00	Ti o	Titaan	<	2	µg/L
OW571900	2023-02-21	21578813	08:49:00	Tl o	Thallium	=	0,488	µg/L
OW571900	2023-02-21	21578813	08:49:00	U o	Uranium	=	1,3	µg/L
OW571900	2023-02-21	21578813	08:49:00	V o	Vanadium	<	3	µg/L
OW571900	2023-02-21	21578813	08:49:00	Zn o	Zink	<	15	µg/L
OW571900	2023-02-21	21578813	08:49:00	ZS	Zwevende stoffen	=	16,4	mg/L
OW571900	2023-03-09	21579828	08:51:00	1234CBz	1,2,3,4-Tetrachloorbenzeen	<	1	ng/L
OW571900	2023-03-09	21579828	08:51:00	1235+1245CBz	1,2,3,5+1,2,4,5-Tetrachloorbenzeen	<	1,5	ng/L
OW571900	2023-03-09	21579828	08:51:00	2356CNiBz	2,3,5,6-Tetrachloornitrobenzeen	<	2	ng/L
OW571900	2023-03-09	21579828	08:51:00	24-D	2,4-Dichloorfenoxyazijnzuur	<	25	ng/L
OW571900	2023-03-09	21579828	08:51:00	24-DB	2,4-Dichloorfenoxybutaanzuur	<	25	ng/L
OW571900	2023-03-09	21579828	08:51:00	24-DP	Dichloorprop	<	25	ng/L
OW571900	2023-03-09	21579828	08:51:00	245-T	2,4,5-Trichloorfenoxyazijnzuur	<	25	ng/L
OW571900	2023-03-09	21579828	08:51:00	24DDD	op'Dichloordifenyldichloorethaan	<	1	ng/L
OW571900	2023-03-09	21579828	08:51:00	24DDE	op'Dichloordifenyldichlooretheen	<	1	ng/L
OW571900	2023-03-09	21579828	08:51:00	24DDT	op'Dichloordifenyltrichloorethaan	<	1	ng/L
OW571900	2023-03-09	21579828	08:51:00	24NiFol	2,4-Dinitrofenol	<	25	ng/L
OW571900	2023-03-09	21579828	08:51:00	2hAtraz	2-Hydroxy-atrazine	<	10	ng/L
OW571900	2023-03-09	21579828	08:51:00	44DDD	pp'Dichloordifenyldichloorethaan	<	1	ng/L
OW571900	2023-03-09	21579828	08:51:00	44DDE	pp'Dichloordifenyldichlooretheen	<	1	ng/L
OW571900	2023-03-09	21579828	08:51:00	44DDT	pp'Dichloordifenyltrichloorethaan	<	1	ng/L
OW571900	2023-03-09	21579828	08:51:00	a+b+d+gHCHS	alfa+beta+gamma+delta Hexachloorcyclohexaan	<	3,75	ng/L
OW571900	2023-03-09	21579828	08:51:00	a+bEndoS	alfa+beta Endosulfan	<	2	ng/L
OW571900	2023-03-09	21579828	08:51:00	Acetamiprid	Acetamiprid	<	2,5	ng/L
OW571900	2023-03-09	21579828	08:51:00	Aclonifen	Aclonifen	<	2,5	ng/L
OW571900	2023-03-09	21579828	08:51:00	ADEIdrin	Aldrin+Dieldrin+Endrin+Isodrin	<	2,125	ng/L
OW571900	2023-03-09	21579828	08:51:00	aEndo	alfa-Endosulfan	<	1	ng/L
OW571900	2023-03-09	21579828	08:51:00	Ag o	Zilver	<	0,05	µg/L
OW571900	2023-03-09	21579828	08:51:00	aHCH	alfa-Hexachloorcyclohexaan	<	0,75	ng/L
OW571900	2023-03-09	21579828	08:51:00	Al o	Aluminium	<	150	µg/L
OW571900	2023-03-09	21579828	08:51:00	Alachloor	Alachloor	<	10	ng/L
OW571900	2023-03-09	21579828	08:51:00	Aldrin	Aldrin	<	0,375	ng/L
OW571900	2023-03-09	21579828	08:51:00	As o	Arseen	=	1,56	µg/L
OW571900	2023-03-09	21579828	08:51:00	Atraz	Atrazine	<	10	ng/L
OW571900	2023-03-09	21579828	08:51:00	AzinfosEy	Azinfos-ethyl	<	1,5	ng/L
OW571900	2023-03-09	21579828	08:51:00	AzinfosMy	Azinfos-methyl	<	1	ng/L
OW571900	2023-03-09	21579828	08:51:00	B o	Boor	=	88	µg/L
OW571900	2023-03-09	21579828	08:51:00	Ba o	Barium	=	34	µg/L
OW571900	2023-03-09	21579828	08:51:00	BAM	2,6-Dichloorbenzamide	<	10	ng/L
OW571900	2023-03-09	21579828	08:51:00	Be o	Beryllium	<	0,15	µg/L
OW571900	2023-03-09	21579828	08:51:00	bEndo	beta-Endosulfan	<	1	ng/L
OW571900	2023-03-09	21579828	08:51:00	Bentazone	Bentazone	<	50	ng/L
OW571900	2023-03-09	21579828	08:51:00	bHCH	beta-Hexachloorcyclohexaan	<	0,75	ng/L
OW571900	2023-03-09	21579828	08:51:00	Bifenox	Bifenox	<	2	ng/L
OW571900	2023-03-09	21579828	08:51:00	BrfosEy	Bromofos-ethyl	<	2,5	ng/L
OW571900	2023-03-09	21579828	08:51:00	BrfosMy	Bromofos-methyl	<	1,5	ng/L
OW571900	2023-03-09	21579828	08:51:00	Bromacil	Bromacil	<	10	ng/L
OW571900	2023-03-09	21579828	08:51:00	Bromoxyn	Bromoxynil	<	25	ng/L
OW571900	2023-03-09	21579828	08:51:00	BZV5	Biochemisch zuurstofverbruik na 5d.	<	2	mgO2/L
OW571900	2023-03-09	21579828	08:51:00	Ca o	Calcium	=	132000	µg/L
OW571900	2023-03-09	21579828	08:51:00	Carbdzim	Carbendazim	<	10	ng/L
OW571900	2023-03-09	21579828	08:51:00	Cartamid	Carbetamide	<	10	ng/L
OW571900	2023-03-09	21579828	08:51:00	Cbromuron	Chloorbromuron	<	15	ng/L
OW571900	2023-03-09	21579828	08:51:00	cCdaan	cis-Chloordaan	<	0,5	ng/L
OW571900	2023-03-09	21579828	08:51:00	Cd o	Cadmium	<	0,05	µg/L
OW571900	2023-03-09	21579828	08:51:00	Cdaan	Chloordaan	<	1	ng/L
OW571900	2023-03-09	21579828	08:51:00	Cdazon	Chloridazon	<	5	ng/L
OW571900	2023-03-09	21579828	08:51:00	Cfvinfos	Chloorfenvinfos	<	1,5	ng/L
OW571900	2023-03-09	21579828	08:51:00	cHpCEpx	cis-Heptachloorepoxyde	<	1	ng/L
OW571900	2023-03-09	21579828	08:51:00	Cl-	Chloride	=	124	mg/L
OW571900	2023-03-09	21579828	08:51:00	Clopyralid	Clopyralid	<	125	ng/L
OW571900	2023-03-09	21579828	08:51:00	Clotidine	Clothianidine	<	2,5	ng/L
OW571900	2023-03-09	21579828	08:51:00	Co o	Kobalt	=	0,73	µg/L
OW571900	2023-03-09	21579828	08:51:00	CpfosEy	Chloorpyrifos-ethyl	<	2	ng/L
OW571900	2023-03-09	21579828	08:51:00	CpfosMy	Chloorpyrifos-methyl	<	1,5	ng/L
OW571900	2023-03-09	21579828	08:51:00	Cprofam	Chloorprofam	<	2	ng/L
OW571900	2023-03-09	21579828	08:51:00	Cr o	Chroom	<	1,5	µg/L
OW571900	2023-03-09	21579828	08:51:00	Ctoluron	Chloortoluron	=	33	ng/L
OW571900	2023-03-09	21579828	08:51:00	Cu o	Koper	<	2	µg/L
OW571900	2023-03-09	21579828	08:51:00	Cumafos	Cumafos	<	2,5	ng/L
OW571900	2023-03-09	21579828	08:51:00	Cyanaz	Cyanazine	<	5	ng/L
OW571900	2023-03-09	21579828	08:51:00	Cybutrine	Cybutrine	<	1	ng/L
OW571900	2023-03-09	21579828	08:51:00	Cypmethrin	Cypermethrin	<	3	ng/L
OW571900	2023-03-09	21579828	08:51:00	CZV	Chemisch zuurstofverbruik	=	16,9	mgO2/L
OW571900	2023-03-09	21579828	08:51:00	DCvos	Dichloorvos	<	0,5	ng/L
OW571900	2023-03-09	21579828	08:51:00	DDT t	DDT, totaal	<	4	ng/L
OW571900	2023-03-09	21579828	08:51:00	Demeton	Demeton	<	4,5	ng/L
OW571900	2023-03-09	21579828	08:51:00	DEyatraz	Desethylatrazine	=	14	ng/L
OW571900	2023-03-09	21579828	08:51:00	DEytByaz	Desethylterbutylazine	<	10	ng/L
OW571900	2023-03-09	21579828	08:51:00	Dflucan	Diflufenican	=	14,6	ng/L
OW571900	2023-03-09	21579828	08:51:00	dHCH	delta-Hexachloorcyclohexaan	<	0,75	ng/L
OW571900	2023-03-09	21579828	08:51:00	Diazinon	Diazinon	<	2	ng/L
OW571900	2023-03-09	21579828	08:51:00	Dicamba	Dicamba	<	150	ng/L
OW571900	2023-03-09	21579828	08:51:00	Dieldrin	Dieldrin	<	1	ng/L
OW571900	2023-03-09	21579828	08:51:00	DiMetamid	Dimethenamid	=	12	ng/L
OW571900	2023-03-09	21579828	08:51:00	DiMetmorf	Dimethomorf	<	10	ng/L
OW571900	2023-03-09	21579828	08:51:00	DiPyatraz	Desisopropylatrazine	<	10	ng/L
OW571900	2023-03-09	21579828	08:51:00	Diuron	Diuron	<	5	ng/L
OW571900	2023-03-09	21579828	08:51:00	Dmetoat	Dimethoaat	<	3	ng/L
OW571900	2023-03-09	21579828	08:51:00	DNOC	4,6-Dinitro-o-cresol	<	25	ng/L
OW571900	2023-03-09	21579828	08:51:00	DOC	Koolstof	=	6,4	mgC/L
OW571900	2023-03-09	21579828	08:51:00	Dsulfoton	Disulfoton	<	4,5	ng/L
OW571900	2023-03-09	21579828	08:51:00	EC 20	Geleidbaarheid (20°C)	=	1019	µS/cm
OW571900	2023-03-09	21579828	08:51:00	EC 25	Geleidbaarheid (25°C)	=	1116,3145	µS/cm
OW571900	2023-03-09	21579828	08:51:00	EndoS	Endosulfansulfaat	<	1	ng/L
OW571900	2023-03-09	21579828	08:51:00	Endrin	Endrin	<	0,375	ng/L
OW571900	2023-03-09	21579828	08:51:00	Etfum	Ethofumesaat	<	5	ng/L
OW571900	2023-03-09	21579828	08:51:00	Ethopfos	Ethoprofos	<	2,5	ng/L
OW571900	2023-03-09	21579828	08:51:00	Fe o	Ijzer	=	28	µg/L
OW571900	2023-03-09	21579828	08:51:00	Fenithion	Fenitrothion	<	1,5	ng/L
OW571900	2023-03-09	21579828	08:51:00	Fenoprop	Fenoprop	<	25	ng/L
OW571900	2023-03-09	21579828	08:51:00	Fenthion	Fenthion	<	2,5	ng/L
OW571900	2023-03-09	21579828	08:51:00	Floxpyr	Fluroxypyr	<	25	ng/L
OW571900	2023-03-09	21579828	08:51:00	Flucet	Flufenacet	<	20	ng/L
OW571900	2023-03-09	21579828	08:51:00	Fonofos	Fonofos	<	2	ng/L
OW571900	2023-03-09	21579828	08:51:00	gHCH	gamma-Hexachloorcyclohexaan	<	1,5	ng/L
OW571900	2023-03-09	21579828	08:51:00	H t	Hardheid	=	38	°F
OW571900	2023-03-09	21579828	08:51:00	HCBdn	Hexachloorbutadieen	<	1	ng/L
OW571900	2023-03-09	21579828	08:51:00	HCBz	Hexachloorbenzeen	<	1,5	ng/L
OW571900	2023-03-09	21579828	08:51:00	HCH	Hexachloorcyclohexaan, alle isomeren	<	3,75	ng/L
OW571900	2023-03-09	21579828	08:51:00	Hexazinon	Hexazinon	<	10	ng/L
OW571900	2023-03-09	21579828	08:51:00	Hg o	Kwik	<	0,025	µg/L
OW571900	2023-03-09	21579828	08:51:00	HpC	Heptachloor	<	1	ng/L
OW571900	2023-03-09	21579828	08:51:00	HpC+Epx	Heptachloor+epoxyde	<	4	ng/L
OW571900	2023-03-09	21579828	08:51:00	Imcloprid	Imidacloprid	=	8	ng/L
OW571900	2023-03-09	21579828	08:51:00	Iproturon	Isoproturon	<	5	ng/L
OW571900	2023-03-09	21579828	08:51:00	Isodrin	Isodrin	<	0,375	ng/L
OW571900	2023-03-09	21579828	08:51:00	K o	Kalium	=	22000	µg/L
OW571900	2023-03-09	21579828	08:51:00	KjN	Kjeldahlstikstof	=	1,112	mgN/L
OW571900	2023-03-09	21579828	08:51:00	Lenacil	Lenacil	<	25	ng/L
OW571900	2023-03-09	21579828	08:51:00	Linuron	Linuron	<	5	ng/L
OW571900	2023-03-09	21579828	08:51:00	Malathion	Malathion	<	2,5	ng/L
OW571900	2023-03-09	21579828	08:51:00	Mbromuron	Metobromuron	<	10	ng/L
OW571900	2023-03-09	21579828	08:51:00	mBthiaz	Metabenzthiazuron	<	5	ng/L
OW571900	2023-03-09	21579828	08:51:00	MCPA	(4-Chloor-2-methylfenoxy)azijnzuur	<	25	ng/L
OW571900	2023-03-09	21579828	08:51:00	MCPB	4-(4-Chloor-2-methylfenoxy)boterzuur	<	25	ng/L
OW571900	2023-03-09	21579828	08:51:00	MCPP	Mecoprop	<	25	ng/L
OW571900	2023-03-09	21579828	08:51:00	Metaza	Metazachloor	<	5	ng/L
OW571900	2023-03-09	21579828	08:51:00	Metbuzin	Metribuzin	<	6	ng/L
OW571900	2023-03-09	21579828	08:51:00	Metcarb	Methiocarb	<	4,5	ng/L
OW571900	2023-03-09	21579828	08:51:00	Methidat	Methidation	<	3,5	ng/L
OW571900	2023-03-09	21579828	08:51:00	Metola	Metolachloor	<	5	ng/L
OW571900	2023-03-09	21579828	08:51:00	Metoxur	Metoxuron	<	5	ng/L
OW571900	2023-03-09	21579828	08:51:00	Mevinfos	Mevinfos	<	2	ng/L
OW571900	2023-03-09	21579828	08:51:00	Mg o	Magnesium	=	12400	µg/L
OW571900	2023-03-09	21579828	08:51:00	Mlinuron	Monolinuron	<	5	ng/L
OW571900	2023-03-09	21579828	08:51:00	Mmitron	Metamitron	<	5	ng/L
OW571900	2023-03-09	21579828	08:51:00	Mn o	Mangaan	=	89	µg/L
OW571900	2023-03-09	21579828	08:51:00	Mo o	Molybdeen	=	5,8	µg/L
OW571900	2023-03-09	21579828	08:51:00	MxyC	Methoxychloor	<	1	ng/L
OW571900	2023-03-09	21579828	08:51:00	N t	Stikstof	=	6,6	mgN/L
OW571900	2023-03-09	21579828	08:51:00	N+N	Nitraat+nitriet	=	5,488	mgN/L
OW571900	2023-03-09	21579828	08:51:00	N+N+N	Nitraat+nitriet+ammonium	=	6,288	mgN/L
OW571900	2023-03-09	21579828	08:51:00	Na o	Natrium	=	78000	µg/L
OW571900	2023-03-09	21579828	08:51:00	NH4+	Ammonium	=	0,8	mgN/L
OW571900	2023-03-09	21579828	08:51:00	Ni o	Nikkel	=	4,8	µg/L
OW571900	2023-03-09	21579828	08:51:00	NO2-	Nitriet	=	0,088	mgN/L
OW571900	2023-03-09	21579828	08:51:00	NO3-	Nitraat	=	5,4	mgN/L
OW571900	2023-03-09	21579828	08:51:00	O2	Zuurstof	=	9,69	mg/L
OW571900	2023-03-09	21579828	08:51:00	O2 verz	Zuurstof	=	79,4	%
OW571900	2023-03-09	21579828	08:51:00	OCP t	Organochloorpesticiden, totaal	<	16,625	ng/L
OW571900	2023-03-09	21579828	08:51:00	oPO4 f	Orthofosfaat	=	0,207	mgP/L
OW571900	2023-03-09	21579828	08:51:00	Oxadiazon	Oxadiazon	<	3	ng/L
OW571900	2023-03-09	21579828	08:51:00	P t	Fosfor	=	0,331	mgP/L
OW571900	2023-03-09	21579828	08:51:00	PathionEy	Parathion-ethyl	<	1	ng/L
OW571900	2023-03-09	21579828	08:51:00	PathionMy	Parathion-methyl	<	1,5	ng/L
OW571900	2023-03-09	21579828	08:51:00	Pb o	Lood	<	1,25	µg/L
OW571900	2023-03-09	21579828	08:51:00	PCB 101	2,2',4,5,5'-Pentachloorbifenyl (PCB101)	<	1	ng/L
OW571900	2023-03-09	21579828	08:51:00	PCB 118	2,3',4,4',5-Pentachloorbifenyl (PCB118)	<	1	ng/L
OW571900	2023-03-09	21579828	08:51:00	PCB 138	2,2',3,4,4',5'-Hexachloorbifenyl (PCB138)	=	1,12	ng/L
OW571900	2023-03-09	21579828	08:51:00	PCB 153	2,2',4,4',5,5'-Hexachloorbifenyl (PCB153)	=	1,14	ng/L
OW571900	2023-03-09	21579828	08:51:00	PCB 180	2,2',3,4,4',5,5'-Heptachloorbifenyl (PCB180)	<	1	ng/L
OW571900	2023-03-09	21579828	08:51:00	PCB 28	2,4,4'-Trichloorbifenyl (PCB28)	<	0,5	ng/L
OW571900	2023-03-09	21579828	08:51:00	PCB 52	2,2',5,5'-Tetrachloorbifenyl (PCB52)	<	1	ng/L
OW571900	2023-03-09	21579828	08:51:00	PCB t	Polychloorbifenyl, totaal	<	6,76	ng/L
OW571900	2023-03-09	21579828	08:51:00	PCBz	Pentachloorbenzeen	<	1,5	ng/L
OW571900	2023-03-09	21579828	08:51:00	PCNiBz	Pentachloornitrobenzeen	<	2	ng/L
OW571900	2023-03-09	21579828	08:51:00	Picarb	Pirimicarb	<	10	ng/L
OW571900	2023-03-09	21579828	08:51:00	PirfosMy	Pirimifos-methyl	<	3,5	ng/L
OW571900	2023-03-09	21579828	08:51:00	Prochloor	Propachloor	<	10	ng/L
OW571900	2023-03-09	21579828	08:51:00	Prometryn	Prometryn	<	10	ng/L
OW571900	2023-03-09	21579828	08:51:00	Propanil	Propanil	<	25	ng/L
OW571900	2023-03-09	21579828	08:51:00	Propaz	Propazine	<	10	ng/L
OW571900	2023-03-09	21579828	08:51:00	Proscarb	Prosulfocarb	<	100	ng/L
OW571900	2023-03-09	21579828	08:51:00	Quinofen	Quinoxyfen	<	1	ng/L
OW571900	2023-03-09	21579828	08:51:00	Sb o	Antimoon	<	1,5	µg/L
OW571900	2023-03-09	21579828	08:51:00	Se o	Seleen	<	1,5	µg/L
OW571900	2023-03-09	21579828	08:51:00	Sebutylaz	Sebutylazine	<	10	ng/L
OW571900	2023-03-09	21579828	08:51:00	Simaz	Simazine	<	5	ng/L
OW571900	2023-03-09	21579828	08:51:00	Sn o	Tin	<	1,5	µg/L
OW571900	2023-03-09	21579828	08:51:00	SO4=	Sulfaat	=	94	mg/L
OW571900	2023-03-09	21579828	08:51:00	T	Temperatuur	=	5,8	°C
OW571900	2023-03-09	21579828	08:51:00	TAM	Alkaliniteit met methyloranje	=	6,1	meq/L
OW571900	2023-03-09	21579828	08:51:00	tCdaan	trans-Chloordaan	<	0,5	ng/L
OW571900	2023-03-09	21579828	08:51:00	TclofosMy	Tolclofos-methyl	<	2,5	ng/L
OW571900	2023-03-09	21579828	08:51:00	Te o	Telluur	<	2,5	µg/L
OW571900	2023-03-09	21579828	08:51:00	Telodrin	Telodrin	<	1	ng/L
OW571900	2023-03-09	21579828	08:51:00	Terbufos	Terbufos	<	2,5	ng/L
OW571900	2023-03-09	21579828	08:51:00	Terbutryn	Terbutryn	<	10	ng/L
OW571900	2023-03-09	21579828	08:51:00	Tfluralin	Trifluralin	<	2	ng/L
OW571900	2023-03-09	21579828	08:51:00	Thiacloprid	Thiacloprid	<	2,5	ng/L
OW571900	2023-03-09	21579828	08:51:00	tHpCEpx	trans-Heptachloorepoxyde	<	2	ng/L
OW571900	2023-03-09	21579828	08:51:00	Ti o	Titaan	<	2	µg/L
OW571900	2023-03-09	21579828	08:51:00	Tl o	Thallium	=	0,514	µg/L
OW571900	2023-03-09	21579828	08:51:00	Tmethoxam	Thiamethoxam	<	5	ng/L
OW571900	2023-03-09	21579828	08:51:00	TrByaz	Terbutylazine	<	5	ng/L
OW571900	2023-03-09	21579828	08:51:00	Triazofos	Triazofos	<	2	ng/L
OW571900	2023-03-09	21579828	08:51:00	Triclopyr	Triclopyr	<	25	ng/L
OW571900	2023-03-09	21579828	08:51:00	U o	Uranium	=	1,15	µg/L
OW571900	2023-03-09	21579828	08:51:00	V o	Vanadium	<	3	µg/L
OW571900	2023-03-09	21579828	08:51:00	Zn o	Zink	<	15	µg/L
OW571900	2023-03-09	21579828	08:51:00	ZS	Zwevende stoffen	=	16,5	mg/L
OW571900	2023-04-11	21581099	08:57:00	1234CBz	1,2,3,4-Tetrachloorbenzeen	<	1	ng/L
OW571900	2023-04-11	21581099	08:57:00	1235+1245CBz	1,2,3,5+1,2,4,5-Tetrachloorbenzeen	<	1,5	ng/L
OW571900	2023-04-11	21581099	08:57:00	2356CNiBz	2,3,5,6-Tetrachloornitrobenzeen	<	2	ng/L
OW571900	2023-04-11	21581099	08:57:00	24-D	2,4-Dichloorfenoxyazijnzuur	<	25	ng/L
OW571900	2023-04-11	21581099	08:57:00	24-DB	2,4-Dichloorfenoxybutaanzuur	<	25	ng/L
OW571900	2023-04-11	21581099	08:57:00	24-DP	Dichloorprop	<	25	ng/L
OW571900	2023-04-11	21581099	08:57:00	245-T	2,4,5-Trichloorfenoxyazijnzuur	<	25	ng/L
OW571900	2023-04-11	21581099	08:57:00	24DDD	op'Dichloordifenyldichloorethaan	<	1	ng/L
OW571900	2023-04-11	21581099	08:57:00	24DDE	op'Dichloordifenyldichlooretheen	<	1	ng/L
OW571900	2023-04-11	21581099	08:57:00	24DDT	op'Dichloordifenyltrichloorethaan	<	1	ng/L
OW571900	2023-04-11	21581099	08:57:00	24NiFol	2,4-Dinitrofenol	<	25	ng/L
OW571900	2023-04-11	21581099	08:57:00	2hAtraz	2-Hydroxy-atrazine	=	15	ng/L
OW571900	2023-04-11	21581099	08:57:00	44DDD	pp'Dichloordifenyldichloorethaan	<	1	ng/L
OW571900	2023-04-11	21581099	08:57:00	44DDE	pp'Dichloordifenyldichlooretheen	<	1	ng/L
OW571900	2023-04-11	21581099	08:57:00	44DDT	pp'Dichloordifenyltrichloorethaan	<	1	ng/L
OW571900	2023-04-11	21581099	08:57:00	a+b+d+gHCHS	alfa+beta+gamma+delta Hexachloorcyclohexaan	<	3	ng/L
OW571900	2023-04-11	21581099	08:57:00	a+bEndoS	alfa+beta Endosulfan	<	2	ng/L
OW571900	2023-04-11	21581099	08:57:00	Acetamiprid	Acetamiprid	<	2,5	ng/L
OW571900	2023-04-11	21581099	08:57:00	Aclonifen	Aclonifen	<	2,5	ng/L
OW571900	2023-04-11	21581099	08:57:00	ADEIdrin	Aldrin+Dieldrin+Endrin+Isodrin	<	2,125	ng/L
OW571900	2023-04-11	21581099	08:57:00	aEndo	alfa-Endosulfan	<	1	ng/L
OW571900	2023-04-11	21581099	08:57:00	Ag o	Zilver	<	0,05	µg/L
OW571900	2023-04-11	21581099	08:57:00	aHCH	alfa-Hexachloorcyclohexaan	<	0,75	ng/L
OW571900	2023-04-11	21581099	08:57:00	Al o	Aluminium	<	150	µg/L
OW571900	2023-04-11	21581099	08:57:00	Alachloor	Alachloor	<	10	ng/L
OW571900	2023-04-11	21581099	08:57:00	Aldrin	Aldrin	<	0,375	ng/L
OW571900	2023-04-11	21581099	08:57:00	As o	Arseen	=	1,5	µg/L
OW571900	2023-04-11	21581099	08:57:00	Atraz	Atrazine	<	10	ng/L
OW571900	2023-04-11	21581099	08:57:00	AzinfosEy	Azinfos-ethyl	<	1,5	ng/L
OW571900	2023-04-11	21581099	08:57:00	AzinfosMy	Azinfos-methyl	<	1	ng/L
OW571900	2023-04-11	21581099	08:57:00	B o	Boor	=	74	µg/L
OW571900	2023-04-11	21581099	08:57:00	Ba o	Barium	=	32	µg/L
OW571900	2023-04-11	21581099	08:57:00	BAM	2,6-Dichloorbenzamide	=	131	ng/L
OW571900	2023-04-11	21581099	08:57:00	Be o	Beryllium	<	0,15	µg/L
OW571900	2023-04-11	21581099	08:57:00	bEndo	beta-Endosulfan	<	1	ng/L
OW571900	2023-04-11	21581099	08:57:00	Bentazone	Bentazone	<	50	ng/L
OW571900	2023-04-11	21581099	08:57:00	bHCH	beta-Hexachloorcyclohexaan	<	0,75	ng/L
OW571900	2023-04-11	21581099	08:57:00	Bifenox	Bifenox	<	2	ng/L
OW571900	2023-04-11	21581099	08:57:00	BrfosEy	Bromofos-ethyl	<	2,5	ng/L
OW571900	2023-04-11	21581099	08:57:00	BrfosMy	Bromofos-methyl	<	5	ng/L
OW571900	2023-04-11	21581099	08:57:00	Bromacil	Bromacil	<	10	ng/L
OW571900	2023-04-11	21581099	08:57:00	Bromoxyn	Bromoxynil	<	25	ng/L
OW571900	2023-04-11	21581099	08:57:00	Ca o	Calcium	=	118000	µg/L
OW571900	2023-04-11	21581099	08:57:00	Carbdzim	Carbendazim	=	10	ng/L
OW571900	2023-04-11	21581099	08:57:00	Cartamid	Carbetamide	<	10	ng/L
OW571900	2023-04-11	21581099	08:57:00	Cbromuron	Chloorbromuron	<	15	ng/L
OW571900	2023-04-11	21581099	08:57:00	cCdaan	cis-Chloordaan	<	0,5	ng/L
OW571900	2023-04-11	21581099	08:57:00	Cd o	Cadmium	<	0,05	µg/L
OW571900	2023-04-11	21581099	08:57:00	Cdaan	Chloordaan	<	1	ng/L
OW571900	2023-04-11	21581099	08:57:00	Cdazon	Chloridazon	<	5	ng/L
OW571900	2023-04-11	21581099	08:57:00	Cfvinfos	Chloorfenvinfos	<	1,5	ng/L
OW571900	2023-04-11	21581099	08:57:00	cHpCEpx	cis-Heptachloorepoxyde	<	1	ng/L
OW571900	2023-04-11	21581099	08:57:00	Cl-	Chloride	=	68	mg/L
OW571900	2023-04-11	21581099	08:57:00	Clfyl a	Chlorofyl a	=	6,5	µg/L
OW571900	2023-04-11	21581099	08:57:00	Clopyralid	Clopyralid	<	125	ng/L
OW571900	2023-04-11	21581099	08:57:00	Clotidine	Clothianidine	=	5	ng/L
OW571900	2023-04-11	21581099	08:57:00	Co o	Kobalt	=	0,56	µg/L
OW571900	2023-04-11	21581099	08:57:00	CpfosEy	Chloorpyrifos-ethyl	<	2	ng/L
OW571900	2023-04-11	21581099	08:57:00	CpfosMy	Chloorpyrifos-methyl	<	1,5	ng/L
OW571900	2023-04-11	21581099	08:57:00	Cprofam	Chloorprofam	<	2	ng/L
OW571900	2023-04-11	21581099	08:57:00	Cr o	Chroom	<	1,5	µg/L
OW571900	2023-04-11	21581099	08:57:00	Ctoluron	Chloortoluron	=	26	ng/L
OW571900	2023-04-11	21581099	08:57:00	Cu o	Koper	<	2	µg/L
OW571900	2023-04-11	21581099	08:57:00	Cumafos	Cumafos	<	2,5	ng/L
OW571900	2023-04-11	21581099	08:57:00	Cyanaz	Cyanazine	<	5	ng/L
OW571900	2023-04-11	21581099	08:57:00	Cybutrine	Cybutrine	<	1	ng/L
OW571900	2023-04-11	21581099	08:57:00	CZV	Chemisch zuurstofverbruik	=	18,5	mgO2/L
OW571900	2023-04-11	21581099	08:57:00	DCvos	Dichloorvos	<	0,5	ng/L
OW571900	2023-04-11	21581099	08:57:00	DDT t	DDT, totaal	<	4	ng/L
OW571900	2023-04-11	21581099	08:57:00	DEyatraz	Desethylatrazine	=	10	ng/L
OW571900	2023-04-11	21581099	08:57:00	DEytByaz	Desethylterbutylazine	<	10	ng/L
OW571900	2023-04-11	21581099	08:57:00	dHCH	delta-Hexachloorcyclohexaan	<	0,75	ng/L
OW571900	2023-04-11	21581099	08:57:00	Diazinon	Diazinon	<	2	ng/L
OW571900	2023-04-11	21581099	08:57:00	Dicamba	Dicamba	<	150	ng/L
OW571900	2023-04-11	21581099	08:57:00	Dieldrin	Dieldrin	<	1	ng/L
OW571900	2023-04-11	21581099	08:57:00	DiMetamid	Dimethenamid	=	10	ng/L
OW571900	2023-04-11	21581099	08:57:00	DiMetmorf	Dimethomorf	=	10	ng/L
OW571900	2023-04-11	21581099	08:57:00	DiPyatraz	Desisopropylatrazine	<	10	ng/L
OW571900	2023-04-11	21581099	08:57:00	Diuron	Diuron	=	29	ng/L
OW571900	2023-04-11	21581099	08:57:00	DNOC	4,6-Dinitro-o-cresol	<	25	ng/L
OW571900	2023-04-11	21581099	08:57:00	DOC	Koolstof	=	7,3	mgC/L
OW571900	2023-04-11	21581099	08:57:00	Dsulfoton	Disulfoton	<	4,5	ng/L
OW571900	2023-04-11	21581099	08:57:00	EC 20	Geleidbaarheid (20°C)	=	821	µS/cm
OW571900	2023-04-11	21581099	08:57:00	EC 25	Geleidbaarheid (25°C)	=	899,4055	µS/cm
OW571900	2023-04-11	21581099	08:57:00	EndoS	Endosulfansulfaat	<	1	ng/L
OW571900	2023-04-11	21581099	08:57:00	Endrin	Endrin	<	0,375	ng/L
OW571900	2023-04-11	21581099	08:57:00	Etfum	Ethofumesaat	=	9,6	ng/L
OW571900	2023-04-11	21581099	08:57:00	Ethopfos	Ethoprofos	<	2,5	ng/L
OW571900	2023-04-11	21581099	08:57:00	Fe o	Ijzer	=	28	µg/L
OW571900	2023-04-11	21581099	08:57:00	Fenithion	Fenitrothion	<	5	ng/L
OW571900	2023-04-11	21581099	08:57:00	Fenoprop	Fenoprop	<	25	ng/L
OW571900	2023-04-11	21581099	08:57:00	Fenthion	Fenthion	<	2,5	ng/L
OW571900	2023-04-11	21581099	08:57:00	Feofyt a	Feofytine a	=	5	µg/L
OW571900	2023-04-11	21581099	08:57:00	Floxpyr	Fluroxypyr	<	50	ng/L
OW571900	2023-04-11	21581099	08:57:00	Flucet	Flufenacet	<	20	ng/L
OW571900	2023-04-11	21581099	08:57:00	Fonofos	Fonofos	<	2	ng/L
OW571900	2023-04-11	21581099	08:57:00	gHCH	gamma-Hexachloorcyclohexaan	<	0,75	ng/L
OW571900	2023-04-11	21581099	08:57:00	H t	Hardheid	=	34	°F
OW571900	2023-04-11	21581099	08:57:00	HCBdn	Hexachloorbutadieen	<	1	ng/L
OW571900	2023-04-11	21581099	08:57:00	HCBz	Hexachloorbenzeen	<	1,5	ng/L
OW571900	2023-04-11	21581099	08:57:00	HCH	Hexachloorcyclohexaan, alle isomeren	<	3	ng/L
OW571900	2023-04-11	21581099	08:57:00	Hexazinon	Hexazinon	<	10	ng/L
OW571900	2023-04-11	21581099	08:57:00	Hg o	Kwik	<	0,025	µg/L
OW571900	2023-04-11	21581099	08:57:00	HpC	Heptachloor	<	1	ng/L
OW571900	2023-04-11	21581099	08:57:00	HpC+Epx	Heptachloor+epoxyde	<	4	ng/L
OW571900	2023-04-11	21581099	08:57:00	Imcloprid	Imidacloprid	=	6	ng/L
OW571900	2023-04-11	21581099	08:57:00	Iproturon	Isoproturon	<	10	ng/L
OW571900	2023-04-11	21581099	08:57:00	Isodrin	Isodrin	<	0,375	ng/L
OW571900	2023-04-11	21581099	08:57:00	K o	Kalium	=	14800	µg/L
OW571900	2023-04-11	21581099	08:57:00	KjN	Kjeldahlstikstof	<	0,4	mgN/L
OW571900	2023-04-11	21581099	08:57:00	Lenacil	Lenacil	<	25	ng/L
OW571900	2023-04-11	21581099	08:57:00	Linuron	Linuron	<	5	ng/L
OW571900	2023-04-11	21581099	08:57:00	Mbromuron	Metobromuron	<	10	ng/L
OW571900	2023-04-11	21581099	08:57:00	mBthiaz	Metabenzthiazuron	<	5	ng/L
OW571900	2023-04-11	21581099	08:57:00	MCPA	(4-Chloor-2-methylfenoxy)azijnzuur	=	100	ng/L
OW571900	2023-04-11	21581099	08:57:00	MCPB	4-(4-Chloor-2-methylfenoxy)boterzuur	<	25	ng/L
OW571900	2023-04-11	21581099	08:57:00	MCPP	Mecoprop	<	25	ng/L
OW571900	2023-04-11	21581099	08:57:00	Metaza	Metazachloor	=	17	ng/L
OW571900	2023-04-11	21581099	08:57:00	Metbuzin	Metribuzin	=	7,8	ng/L
OW571900	2023-04-11	21581099	08:57:00	Metcarb	Methiocarb	<	4,5	ng/L
OW571900	2023-04-11	21581099	08:57:00	Methidat	Methidation	<	3,5	ng/L
OW571900	2023-04-11	21581099	08:57:00	Metola	Metolachloor	=	13	ng/L
OW571900	2023-04-11	21581099	08:57:00	Metoxur	Metoxuron	<	5	ng/L
OW571900	2023-04-11	21581099	08:57:00	Mevinfos	Mevinfos	<	2	ng/L
OW571900	2023-04-11	21581099	08:57:00	Mg o	Magnesium	=	11800	µg/L
OW571900	2023-04-11	21581099	08:57:00	Mlinuron	Monolinuron	<	5	ng/L
OW571900	2023-04-11	21581099	08:57:00	Mmitron	Metamitron	<	5	ng/L
OW571900	2023-04-11	21581099	08:57:00	Mn o	Mangaan	=	81	µg/L
OW571900	2023-04-11	21581099	08:57:00	Mo o	Molybdeen	=	3,3	µg/L
OW571900	2023-04-11	21581099	08:57:00	MxyC	Methoxychloor	<	1	ng/L
OW571900	2023-04-11	21581099	08:57:00	N t	Stikstof	=	6,6	mgN/L
OW571900	2023-04-11	21581099	08:57:00	N+N	Nitraat+nitriet	=	6,205	mgN/L
OW571900	2023-04-11	21581099	08:57:00	N+N+N	Nitraat+nitriet+ammonium	=	6,655	mgN/L
OW571900	2023-04-11	21581099	08:57:00	Na o	Natrium	=	43000	µg/L
OW571900	2023-04-11	21581099	08:57:00	NH4+	Ammonium	=	0,45	mgN/L
OW571900	2023-04-11	21581099	08:57:00	Ni o	Nikkel	<	3,2	µg/L
OW571900	2023-04-11	21581099	08:57:00	NO2-	Nitriet	=	0,105	mgN/L
OW571900	2023-04-11	21581099	08:57:00	NO3-	Nitraat	=	6,1	mgN/L
OW571900	2023-04-11	21581099	08:57:00	O2	Zuurstof	=	7,8	mg/L
OW571900	2023-04-11	21581099	08:57:00	O2 verz	Zuurstof	=	71,1	%
OW571900	2023-04-11	21581099	08:57:00	OCP t	Organochloorpesticiden, totaal	<	15,875	ng/L
OW571900	2023-04-11	21581099	08:57:00	oPO4 f	Orthofosfaat	=	0,19	mgP/L
OW571900	2023-04-11	21581099	08:57:00	Oxadiazon	Oxadiazon	<	3	ng/L
OW571900	2023-04-11	21581099	08:57:00	P t	Fosfor	=	0,307	mgP/L
OW571900	2023-04-11	21581099	08:57:00	PathionEy	Parathion-ethyl	<	1	ng/L
OW571900	2023-04-11	21581099	08:57:00	PathionMy	Parathion-methyl	<	5	ng/L
OW571900	2023-04-11	21581099	08:57:00	Pb o	Lood	<	1,25	µg/L
OW571900	2023-04-11	21581099	08:57:00	PCB 101	2,2',4,5,5'-Pentachloorbifenyl (PCB101)	<	1	ng/L
OW571900	2023-04-11	21581099	08:57:00	PCB 118	2,3',4,4',5-Pentachloorbifenyl (PCB118)	<	1	ng/L
OW571900	2023-04-11	21581099	08:57:00	PCB 138	2,2',3,4,4',5'-Hexachloorbifenyl (PCB138)	=	1,24	ng/L
OW571900	2023-04-11	21581099	08:57:00	PCB 153	2,2',4,4',5,5'-Hexachloorbifenyl (PCB153)	=	1,44	ng/L
OW571900	2023-04-11	21581099	08:57:00	PCB 180	2,2',3,4,4',5,5'-Heptachloorbifenyl (PCB180)	<	1	ng/L
OW571900	2023-04-11	21581099	08:57:00	PCB 28	2,4,4'-Trichloorbifenyl (PCB28)	<	0,5	ng/L
OW571900	2023-04-11	21581099	08:57:00	PCB 52	2,2',5,5'-Tetrachloorbifenyl (PCB52)	<	1	ng/L
OW571900	2023-04-11	21581099	08:57:00	PCB t	Polychloorbifenyl, totaal	<	7,18	ng/L
OW571900	2023-04-11	21581099	08:57:00	PCBz	Pentachloorbenzeen	<	1,5	ng/L
OW571900	2023-04-11	21581099	08:57:00	PCNiBz	Pentachloornitrobenzeen	<	2	ng/L
OW571900	2023-04-11	21581099	08:57:00	pH	pH	=	8,01	-
OW571900	2023-04-11	21581099	08:57:00	Picarb	Pirimicarb	<	5	ng/L
OW571900	2023-04-11	21581099	08:57:00	PirfosMy	Pirimifos-methyl	<	3,5	ng/L
OW571900	2023-04-11	21581099	08:57:00	Prochloor	Propachloor	<	10	ng/L
OW571900	2023-04-11	21581099	08:57:00	Prometryn	Prometryn	<	10	ng/L
OW571900	2023-04-11	21581099	08:57:00	Propanil	Propanil	<	25	ng/L
OW571900	2023-04-11	21581099	08:57:00	Propaz	Propazine	<	10	ng/L
OW571900	2023-04-11	21581099	08:57:00	Proscarb	Prosulfocarb	<	100	ng/L
OW571900	2023-04-11	21581099	08:57:00	Quinofen	Quinoxyfen	<	1	ng/L
OW571900	2023-04-11	21581099	08:57:00	Sb o	Antimoon	<	1,5	µg/L
OW571900	2023-04-11	21581099	08:57:00	Se o	Seleen	<	1,5	µg/L
OW571900	2023-04-11	21581099	08:57:00	Sebutylaz	Sebutylazine	<	10	ng/L
OW571900	2023-04-11	21581099	08:57:00	Secchi	Doorzichtigheid	>	40	cm
OW571900	2023-04-11	21581099	08:57:00	Simaz	Simazine	<	5	ng/L
OW571900	2023-04-11	21581099	08:57:00	Sn o	Tin	<	1,5	µg/L
OW571900	2023-04-11	21581099	08:57:00	SO4=	Sulfaat	=	82	mg/L
OW571900	2023-04-11	21581099	08:57:00	T	Temperatuur	=	11,2	°C
OW571900	2023-04-11	21581099	08:57:00	TAM	Alkaliniteit met methyloranje	=	5,5	meq/L
OW571900	2023-04-11	21581099	08:57:00	tCdaan	trans-Chloordaan	<	0,5	ng/L
OW571900	2023-04-11	21581099	08:57:00	TclofosMy	Tolclofos-methyl	<	2,5	ng/L
OW571900	2023-04-11	21581099	08:57:00	Te o	Telluur	<	2,5	µg/L
OW571900	2023-04-11	21581099	08:57:00	Telodrin	Telodrin	<	1	ng/L
OW571900	2023-04-11	21581099	08:57:00	Terbufos	Terbufos	<	2,5	ng/L
OW571900	2023-04-11	21581099	08:57:00	Terbutryn	Terbutryn	<	10	ng/L
OW571900	2023-04-11	21581099	08:57:00	Tfluralin	Trifluralin	<	2	ng/L
OW571900	2023-04-11	21581099	08:57:00	Thiacloprid	Thiacloprid	<	2,5	ng/L
OW571900	2023-04-11	21581099	08:57:00	tHpCEpx	trans-Heptachloorepoxyde	<	2	ng/L
OW571900	2023-04-11	21581099	08:57:00	Ti o	Titaan	<	2	µg/L
OW571900	2023-04-11	21581099	08:57:00	Tl o	Thallium	=	0,455	µg/L
OW571900	2023-04-11	21581099	08:57:00	Tmethoxam	Thiamethoxam	<	5	ng/L
OW571900	2023-04-11	21581099	08:57:00	TrByaz	Terbutylazine	<	10	ng/L
OW571900	2023-04-11	21581099	08:57:00	Triazofos	Triazofos	<	2	ng/L
OW571900	2023-04-11	21581099	08:57:00	Triclopyr	Triclopyr	<	25	ng/L
OW571900	2023-04-11	21581099	08:57:00	U o	Uranium	=	1,42	µg/L
OW571900	2023-04-11	21581099	08:57:00	V o	Vanadium	<	3	µg/L
OW571900	2023-04-11	21581099	08:57:00	Zn o	Zink	<	7,5	µg/L
OW571900	2023-04-11	21581099	08:57:00	ZS	Zwevende stoffen	=	18,4	mg/L
OW571900	2023-05-10	21582219	09:30:00	1234CBz	1,2,3,4-Tetrachloorbenzeen	<	1	ng/L
OW571900	2023-05-10	21582219	09:30:00	1235+1245CBz	1,2,3,5+1,2,4,5-Tetrachloorbenzeen	<	1,5	ng/L
OW571900	2023-05-10	21582219	09:30:00	2356CNiBz	2,3,5,6-Tetrachloornitrobenzeen	<	2	ng/L
OW571900	2023-05-10	21582219	09:30:00	24-D	2,4-Dichloorfenoxyazijnzuur	<	50	ng/L
OW571900	2023-05-10	21582219	09:30:00	24-DB	2,4-Dichloorfenoxybutaanzuur	<	25	ng/L
OW571900	2023-05-10	21582219	09:30:00	24-DP	Dichloorprop	<	25	ng/L
OW571900	2023-05-10	21582219	09:30:00	245-T	2,4,5-Trichloorfenoxyazijnzuur	<	25	ng/L
OW571900	2023-05-10	21582219	09:30:00	24DDD	op'Dichloordifenyldichloorethaan	<	1	ng/L
OW571900	2023-05-10	21582219	09:30:00	24DDE	op'Dichloordifenyldichlooretheen	<	1	ng/L
OW571900	2023-05-10	21582219	09:30:00	24DDT	op'Dichloordifenyltrichloorethaan	<	1	ng/L
OW571900	2023-05-10	21582219	09:30:00	24NiFol	2,4-Dinitrofenol	=	57	ng/L
OW571900	2023-05-10	21582219	09:30:00	2hAtraz	2-Hydroxy-atrazine	=	30	ng/L
OW571900	2023-05-10	21582219	09:30:00	44DDD	pp'Dichloordifenyldichloorethaan	<	1	ng/L
OW571900	2023-05-10	21582219	09:30:00	44DDE	pp'Dichloordifenyldichlooretheen	<	1	ng/L
OW571900	2023-05-10	21582219	09:30:00	44DDT	pp'Dichloordifenyltrichloorethaan	<	1	ng/L
OW571900	2023-05-10	21582219	09:30:00	a+b+d+gHCHS	alfa+beta+gamma+delta Hexachloorcyclohexaan	<	3	ng/L
OW571900	2023-05-10	21582219	09:30:00	a+bEndoS	alfa+beta Endosulfan	<	2	ng/L
OW571900	2023-05-10	21582219	09:30:00	Acetamiprid	Acetamiprid	<	2,5	ng/L
OW571900	2023-05-10	21582219	09:30:00	Aclonifen	Aclonifen	=	6,9	ng/L
OW571900	2023-05-10	21582219	09:30:00	ADEIdrin	Aldrin+Dieldrin+Endrin+Isodrin	<	2,125	ng/L
OW571900	2023-05-10	21582219	09:30:00	aEndo	alfa-Endosulfan	<	1	ng/L
OW571900	2023-05-10	21582219	09:30:00	Ag o	Zilver	<	0,05	µg/L
OW571900	2023-05-10	21582219	09:30:00	aHCH	alfa-Hexachloorcyclohexaan	<	0,75	ng/L
OW571900	2023-05-10	21582219	09:30:00	Al o	Aluminium	<	150	µg/L
OW571900	2023-05-10	21582219	09:30:00	Alachloor	Alachloor	<	10	ng/L
OW571900	2023-05-10	21582219	09:30:00	Aldrin	Aldrin	<	0,375	ng/L
OW571900	2023-05-10	21582219	09:30:00	As o	Arseen	=	1,86	µg/L
OW571900	2023-05-10	21582219	09:30:00	Atraz	Atrazine	<	5	ng/L
OW571900	2023-05-10	21582219	09:30:00	AzinfosEy	Azinfos-ethyl	<	1,5	ng/L
OW571900	2023-05-10	21582219	09:30:00	AzinfosMy	Azinfos-methyl	<	1	ng/L
OW571900	2023-05-10	21582219	09:30:00	B o	Boor	=	79	µg/L
OW571900	2023-05-10	21582219	09:30:00	Ba o	Barium	=	32	µg/L
OW571900	2023-05-10	21582219	09:30:00	BAM	2,6-Dichloorbenzamide	=	360	ng/L
OW571900	2023-05-10	21582219	09:30:00	Be o	Beryllium	<	0,15	µg/L
OW571900	2023-05-10	21582219	09:30:00	bEndo	beta-Endosulfan	<	1	ng/L
OW571900	2023-05-10	21582219	09:30:00	Bentazone	Bentazone	<	50	ng/L
OW571900	2023-05-10	21582219	09:30:00	bHCH	beta-Hexachloorcyclohexaan	<	0,75	ng/L
OW571900	2023-05-10	21582219	09:30:00	Bifenox	Bifenox	<	2	ng/L
OW571900	2023-05-10	21582219	09:30:00	BrfosEy	Bromofos-ethyl	<	2,5	ng/L
OW571900	2023-05-10	21582219	09:30:00	BrfosMy	Bromofos-methyl	<	1,5	ng/L
OW571900	2023-05-10	21582219	09:30:00	Bromacil	Bromacil	<	10	ng/L
OW571900	2023-05-10	21582219	09:30:00	Bromoxyn	Bromoxynil	<	25	ng/L
OW571900	2023-05-10	21582219	09:30:00	BZV5	Biochemisch zuurstofverbruik na 5d.	<	2	mgO2/L
OW571900	2023-05-10	21582219	09:30:00	Ca o	Calcium	=	114000	µg/L
OW571900	2023-05-10	21582219	09:30:00	Carbdzim	Carbendazim	<	5	ng/L
OW571900	2023-05-10	21582219	09:30:00	Cartamid	Carbetamide	<	10	ng/L
OW571900	2023-05-10	21582219	09:30:00	Cbromuron	Chloorbromuron	<	15	ng/L
OW571900	2023-05-10	21582219	09:30:00	cCdaan	cis-Chloordaan	<	0,5	ng/L
OW571900	2023-05-10	21582219	09:30:00	Cd o	Cadmium	<	0,05	µg/L
OW571900	2023-05-10	21582219	09:30:00	Cdaan	Chloordaan	<	1	ng/L
OW571900	2023-05-10	21582219	09:30:00	Cdazon	Chloridazon	<	10	ng/L
OW571900	2023-05-10	21582219	09:30:00	Cfvinfos	Chloorfenvinfos	<	1,5	ng/L
OW571900	2023-05-10	21582219	09:30:00	cHpCEpx	cis-Heptachloorepoxyde	<	1	ng/L
OW571900	2023-05-10	21582219	09:30:00	Cl-	Chloride	=	79	mg/L
OW571900	2023-05-10	21582219	09:30:00	Clfyl a	Chlorofyl a	=	8,2	µg/L
OW571900	2023-05-10	21582219	09:30:00	Clopyralid	Clopyralid	<	125	ng/L
OW571900	2023-05-10	21582219	09:30:00	Clotidine	Clothianidine	<	2,5	ng/L
OW571900	2023-05-10	21582219	09:30:00	Co o	Kobalt	=	0,51	µg/L
OW571900	2023-05-10	21582219	09:30:00	CpfosEy	Chloorpyrifos-ethyl	<	4	ng/L
OW571900	2023-05-10	21582219	09:30:00	CpfosMy	Chloorpyrifos-methyl	<	1,5	ng/L
OW571900	2023-05-10	21582219	09:30:00	Cprofam	Chloorprofam	=	8,1	ng/L
OW571900	2023-05-10	21582219	09:30:00	Cr o	Chroom	<	1,5	µg/L
OW571900	2023-05-10	21582219	09:30:00	Ctoluron	Chloortoluron	=	18	ng/L
OW571900	2023-05-10	21582219	09:30:00	Cu o	Koper	<	2	µg/L
OW571900	2023-05-10	21582219	09:30:00	Cumafos	Cumafos	<	2,5	ng/L
OW571900	2023-05-10	21582219	09:30:00	Cyanaz	Cyanazine	<	5	ng/L
OW571900	2023-05-10	21582219	09:30:00	Cybutrine	Cybutrine	<	1	ng/L
OW571900	2023-05-10	21582219	09:30:00	Cypmethrin	Cypermethrin	<	3	ng/L
OW571900	2023-05-10	21582219	09:30:00	CZV	Chemisch zuurstofverbruik	=	16	mgO2/L
OW571900	2023-05-10	21582219	09:30:00	DCvos	Dichloorvos	<	0,5	ng/L
OW571900	2023-05-10	21582219	09:30:00	DDT t	DDT, totaal	<	4	ng/L
OW571900	2023-05-10	21582219	09:30:00	DEyatraz	Desethylatrazine	<	5	ng/L
OW571900	2023-05-10	21582219	09:30:00	DEytByaz	Desethylterbutylazine	<	10	ng/L
OW571900	2023-05-10	21582219	09:30:00	Dflucan	Diflufenican	=	35	ng/L
OW571900	2023-05-10	21582219	09:30:00	dHCH	delta-Hexachloorcyclohexaan	<	0,75	ng/L
OW571900	2023-05-10	21582219	09:30:00	Diazinon	Diazinon	<	2	ng/L
OW571900	2023-05-10	21582219	09:30:00	Dicamba	Dicamba	<	150	ng/L
OW571900	2023-05-10	21582219	09:30:00	Dieldrin	Dieldrin	<	1	ng/L
OW571900	2023-05-10	21582219	09:30:00	DiMetamid	Dimethenamid	=	32	ng/L
OW571900	2023-05-10	21582219	09:30:00	DiMetmorf	Dimethomorf	=	20	ng/L
OW571900	2023-05-10	21582219	09:30:00	DiPyatraz	Desisopropylatrazine	<	10	ng/L
OW571900	2023-05-10	21582219	09:30:00	Diuron	Diuron	<	5	ng/L
OW571900	2023-05-10	21582219	09:30:00	Dmetoat	Dimethoaat	<	3	ng/L
OW571900	2023-05-10	21582219	09:30:00	DNOC	4,6-Dinitro-o-cresol	<	25	ng/L
OW571900	2023-05-10	21582219	09:30:00	DOC	Koolstof	=	6,4	mgC/L
OW571900	2023-05-10	21582219	09:30:00	EC 20	Geleidbaarheid (20°C)	=	871	µS/cm
OW571900	2023-05-10	21582219	09:30:00	EC 25	Geleidbaarheid (25°C)	=	954,1805	µS/cm
OW571900	2023-05-10	21582219	09:30:00	EndoS	Endosulfansulfaat	<	1	ng/L
OW571900	2023-05-10	21582219	09:30:00	Endrin	Endrin	<	0,375	ng/L
OW571900	2023-05-10	21582219	09:30:00	Etfum	Ethofumesaat	=	50	ng/L
OW571900	2023-05-10	21582219	09:30:00	Ethopfos	Ethoprofos	<	2,5	ng/L
OW571900	2023-05-10	21582219	09:30:00	Fe o	Ijzer	=	30	µg/L
OW571900	2023-05-10	21582219	09:30:00	Fenithion	Fenitrothion	<	1,5	ng/L
OW571900	2023-05-10	21582219	09:30:00	Fenoprop	Fenoprop	<	25	ng/L
OW571900	2023-05-10	21582219	09:30:00	Fenthion	Fenthion	<	2,5	ng/L
OW571900	2023-05-10	21582219	09:30:00	Feofyt a	Feofytine a	=	6,6	µg/L
OW571900	2023-05-10	21582219	09:30:00	Floxpyr	Fluroxypyr	<	50	ng/L
OW571900	2023-05-10	21582219	09:30:00	Flucet	Flufenacet	<	10	ng/L
OW571900	2023-05-10	21582219	09:30:00	Fonofos	Fonofos	<	2	ng/L
OW571900	2023-05-10	21582219	09:30:00	gHCH	gamma-Hexachloorcyclohexaan	<	0,75	ng/L
OW571900	2023-05-10	21582219	09:30:00	H t	Hardheid	=	33	°F
OW571900	2023-05-10	21582219	09:30:00	HCBdn	Hexachloorbutadieen	<	1	ng/L
OW571900	2023-05-10	21582219	09:30:00	HCBz	Hexachloorbenzeen	<	1,5	ng/L
OW571900	2023-05-10	21582219	09:30:00	HCH	Hexachloorcyclohexaan, alle isomeren	<	3	ng/L
OW571900	2023-05-10	21582219	09:30:00	Hexazinon	Hexazinon	<	10	ng/L
OW571900	2023-05-10	21582219	09:30:00	Hg o	Kwik	<	0,025	µg/L
OW571900	2023-05-10	21582219	09:30:00	HpC	Heptachloor	<	1	ng/L
OW571900	2023-05-10	21582219	09:30:00	HpC+Epx	Heptachloor+epoxyde	<	4	ng/L
OW571900	2023-05-10	21582219	09:30:00	Imcloprid	Imidacloprid	=	6	ng/L
OW571900	2023-05-10	21582219	09:30:00	Iproturon	Isoproturon	<	5	ng/L
OW571900	2023-05-10	21582219	09:30:00	Isodrin	Isodrin	<	0,375	ng/L
OW571900	2023-05-10	21582219	09:30:00	K o	Kalium	=	18000	µg/L
OW571900	2023-05-10	21582219	09:30:00	KjN	Kjeldahlstikstof	=	1,255	mgN/L
OW571900	2023-05-10	21582219	09:30:00	Lenacil	Lenacil	<	25	ng/L
OW571900	2023-05-10	21582219	09:30:00	Linuron	Linuron	<	5	ng/L
OW571900	2023-05-10	21582219	09:30:00	Malathion	Malathion	<	2,5	ng/L
OW571900	2023-05-10	21582219	09:30:00	Mbromuron	Metobromuron	<	10	ng/L
OW571900	2023-05-10	21582219	09:30:00	mBthiaz	Metabenzthiazuron	<	5	ng/L
OW571900	2023-05-10	21582219	09:30:00	MCPA	(4-Chloor-2-methylfenoxy)azijnzuur	=	293	ng/L
OW571900	2023-05-10	21582219	09:30:00	MCPB	4-(4-Chloor-2-methylfenoxy)boterzuur	<	25	ng/L
OW571900	2023-05-10	21582219	09:30:00	MCPP	Mecoprop	<	50	ng/L
OW571900	2023-05-10	21582219	09:30:00	Metaza	Metazachloor	=	14	ng/L
OW571900	2023-05-10	21582219	09:30:00	Metbuzin	Metribuzin	=	32	ng/L
OW571900	2023-05-10	21582219	09:30:00	Metcarb	Methiocarb	<	4,5	ng/L
OW571900	2023-05-10	21582219	09:30:00	Methidat	Methidation	<	3,5	ng/L
OW571900	2023-05-10	21582219	09:30:00	Metola	Metolachloor	<	10	ng/L
OW571900	2023-05-10	21582219	09:30:00	Metoxur	Metoxuron	<	5	ng/L
OW571900	2023-05-10	21582219	09:30:00	Mevinfos	Mevinfos	<	2	ng/L
OW571900	2023-05-10	21582219	09:30:00	Mg o	Magnesium	=	11500	µg/L
OW571900	2023-05-10	21582219	09:30:00	Mlinuron	Monolinuron	<	5	ng/L
OW571900	2023-05-10	21582219	09:30:00	Mmitron	Metamitron	<	5	ng/L
OW571900	2023-05-10	21582219	09:30:00	Mn o	Mangaan	=	96	µg/L
OW571900	2023-05-10	21582219	09:30:00	Mo o	Molybdeen	=	3,9	µg/L
OW571900	2023-05-10	21582219	09:30:00	N t	Stikstof	=	5,8	mgN/L
OW571900	2023-05-10	21582219	09:30:00	N+N	Nitraat+nitriet	=	4,545	mgN/L
OW571900	2023-05-10	21582219	09:30:00	N+N+N	Nitraat+nitriet+ammonium	=	5,205	mgN/L
OW571900	2023-05-10	21582219	09:30:00	Na o	Natrium	=	52000	µg/L
OW571900	2023-05-10	21582219	09:30:00	NH4+	Ammonium	=	0,66	mgN/L
OW571900	2023-05-10	21582219	09:30:00	Ni o	Nikkel	=	3,3	µg/L
OW571900	2023-05-10	21582219	09:30:00	NO2-	Nitriet	=	0,175	mgN/L
OW571900	2023-05-10	21582219	09:30:00	NO3-	Nitraat	=	4,37	mgN/L
OW571900	2023-05-10	21582219	09:30:00	O2	Zuurstof	=	6,1	mg/L
OW571900	2023-05-10	21582219	09:30:00	O2 verz	Zuurstof	=	61,6	%
OW571900	2023-05-10	21582219	09:30:00	OCP t	Organochloorpesticiden, totaal	<	15,875	ng/L
OW571900	2023-05-10	21582219	09:30:00	oPO4 f	Orthofosfaat	=	0,198	mgP/L
OW571900	2023-05-10	21582219	09:30:00	Oxadiazon	Oxadiazon	<	6	ng/L
OW571900	2023-05-10	21582219	09:30:00	P t	Fosfor	=	0,373	mgP/L
OW571900	2023-05-10	21582219	09:30:00	PathionEy	Parathion-ethyl	<	1	ng/L
OW571900	2023-05-10	21582219	09:30:00	PathionMy	Parathion-methyl	<	1,5	ng/L
OW571900	2023-05-10	21582219	09:30:00	Pb o	Lood	<	1,25	µg/L
OW571900	2023-05-10	21582219	09:30:00	PCB 101	2,2',4,5,5'-Pentachloorbifenyl (PCB101)	<	1	ng/L
OW571900	2023-05-10	21582219	09:30:00	PCB 118	2,3',4,4',5-Pentachloorbifenyl (PCB118)	<	0,5	ng/L
OW571900	2023-05-10	21582219	09:30:00	PCB 138	2,2',3,4,4',5'-Hexachloorbifenyl (PCB138)	<	1	ng/L
OW571900	2023-05-10	21582219	09:30:00	PCB 153	2,2',4,4',5,5'-Hexachloorbifenyl (PCB153)	<	1	ng/L
OW571900	2023-05-10	21582219	09:30:00	PCB 180	2,2',3,4,4',5,5'-Heptachloorbifenyl (PCB180)	<	1	ng/L
OW571900	2023-05-10	21582219	09:30:00	PCB 28	2,4,4'-Trichloorbifenyl (PCB28)	<	0,5	ng/L
OW571900	2023-05-10	21582219	09:30:00	PCB 52	2,2',5,5'-Tetrachloorbifenyl (PCB52)	<	1	ng/L
OW571900	2023-05-10	21582219	09:30:00	PCB t	Polychloorbifenyl, totaal	<	6	ng/L
OW571900	2023-05-10	21582219	09:30:00	PCBz	Pentachloorbenzeen	<	1,5	ng/L
OW571900	2023-05-10	21582219	09:30:00	PCNiBz	Pentachloornitrobenzeen	<	2	ng/L
OW571900	2023-05-10	21582219	09:30:00	pH	pH	=	7,69	-
OW571900	2023-05-10	21582219	09:30:00	Picarb	Pirimicarb	<	10	ng/L
OW571900	2023-05-10	21582219	09:30:00	PirfosMy	Pirimifos-methyl	<	3,5	ng/L
OW571900	2023-05-10	21582219	09:30:00	Prochloor	Propachloor	<	10	ng/L
OW571900	2023-05-10	21582219	09:30:00	Prometryn	Prometryn	<	10	ng/L
OW571900	2023-05-10	21582219	09:30:00	Propanil	Propanil	<	25	ng/L
OW571900	2023-05-10	21582219	09:30:00	Propaz	Propazine	<	10	ng/L
OW571900	2023-05-10	21582219	09:30:00	Proscarb	Prosulfocarb	<	100	ng/L
OW571900	2023-05-10	21582219	09:30:00	Quinofen	Quinoxyfen	<	1	ng/L
OW571900	2023-05-10	21582219	09:30:00	Sb o	Antimoon	<	1,5	µg/L
OW571900	2023-05-10	21582219	09:30:00	Se o	Seleen	<	1,5	µg/L
OW571900	2023-05-10	21582219	09:30:00	Sebutylaz	Sebutylazine	<	10	ng/L
OW571900	2023-05-10	21582219	09:30:00	Secchi	Doorzichtigheid	=	30	cm
OW571900	2023-05-10	21582219	09:30:00	Simaz	Simazine	<	5	ng/L
OW571900	2023-05-10	21582219	09:30:00	Sn o	Tin	<	1,5	µg/L
OW571900	2023-05-10	21582219	09:30:00	SO4=	Sulfaat	=	78	mg/L
OW571900	2023-05-10	21582219	09:30:00	T	Temperatuur	=	15,7	°C
OW571900	2023-05-10	21582219	09:30:00	TAM	Alkaliniteit met methyloranje	=	5,7	meq/L
OW571900	2023-05-10	21582219	09:30:00	tCdaan	trans-Chloordaan	<	0,5	ng/L
OW571900	2023-05-10	21582219	09:30:00	TclofosMy	Tolclofos-methyl	<	2,5	ng/L
OW571900	2023-05-10	21582219	09:30:00	Te o	Telluur	<	2,5	µg/L
OW571900	2023-05-10	21582219	09:30:00	Telodrin	Telodrin	<	1	ng/L
OW571900	2023-05-10	21582219	09:30:00	Terbufos	Terbufos	<	2,5	ng/L
OW571900	2023-05-10	21582219	09:30:00	Terbutryn	Terbutryn	<	10	ng/L
OW571900	2023-05-10	21582219	09:30:00	Tfluralin	Trifluralin	<	2	ng/L
OW571900	2023-05-10	21582219	09:30:00	Thiacloprid	Thiacloprid	<	2,5	ng/L
OW571900	2023-05-10	21582219	09:30:00	tHpCEpx	trans-Heptachloorepoxyde	<	2	ng/L
OW571900	2023-05-10	21582219	09:30:00	Ti o	Titaan	<	2	µg/L
OW571900	2023-05-10	21582219	09:30:00	Tl o	Thallium	=	0,62	µg/L
OW571900	2023-05-10	21582219	09:30:00	Tmethoxam	Thiamethoxam	<	5	ng/L
OW571900	2023-05-10	21582219	09:30:00	TrByaz	Terbutylazine	<	5	ng/L
OW571900	2023-05-10	21582219	09:30:00	Triazofos	Triazofos	<	2	ng/L
OW571900	2023-05-10	21582219	09:30:00	Triclopyr	Triclopyr	<	25	ng/L
OW571900	2023-05-10	21582219	09:30:00	U o	Uranium	=	1,18	µg/L
OW571900	2023-05-10	21582219	09:30:00	V o	Vanadium	<	3	µg/L
OW571900	2023-05-10	21582219	09:30:00	Zn o	Zink	<	7,5	µg/L
OW571900	2023-05-10	21582219	09:30:00	ZS	Zwevende stoffen	=	19,5	mg/L
OW571900	2023-06-21	21584602	07:58:00	1234CBz	1,2,3,4-Tetrachloorbenzeen	<	1	ng/L
OW571900	2023-06-21	21584602	07:58:00	1235+1245CBz	1,2,3,5+1,2,4,5-Tetrachloorbenzeen	<	1,5	ng/L
OW571900	2023-06-21	21584602	07:58:00	2356CNiBz	2,3,5,6-Tetrachloornitrobenzeen	<	2	ng/L
OW571900	2023-06-21	21584602	07:58:00	24-D	2,4-Dichloorfenoxyazijnzuur	<	25	ng/L
OW571900	2023-06-21	21584602	07:58:00	24-DB	2,4-Dichloorfenoxybutaanzuur	<	25	ng/L
OW571900	2023-06-21	21584602	07:58:00	24-DP	Dichloorprop	<	25	ng/L
OW571900	2023-06-21	21584602	07:58:00	245-T	2,4,5-Trichloorfenoxyazijnzuur	<	25	ng/L
OW571900	2023-06-21	21584602	07:58:00	24DDD	op'Dichloordifenyldichloorethaan	<	1	ng/L
OW571900	2023-06-21	21584602	07:58:00	24DDE	op'Dichloordifenyldichlooretheen	<	1	ng/L
OW571900	2023-06-21	21584602	07:58:00	24DDT	op'Dichloordifenyltrichloorethaan	<	1	ng/L
OW571900	2023-06-21	21584602	07:58:00	24NiFol	2,4-Dinitrofenol	<	25	ng/L
OW571900	2023-06-21	21584602	07:58:00	2hAtraz	2-Hydroxy-atrazine	=	75	ng/L
OW571900	2023-06-21	21584602	07:58:00	44DDD	pp'Dichloordifenyldichloorethaan	<	1	ng/L
OW571900	2023-06-21	21584602	07:58:00	44DDE	pp'Dichloordifenyldichlooretheen	<	1	ng/L
OW571900	2023-06-21	21584602	07:58:00	44DDT	pp'Dichloordifenyltrichloorethaan	<	1	ng/L
OW571900	2023-06-21	21584602	07:58:00	a+b+d+gHCHS	alfa+beta+gamma+delta Hexachloorcyclohexaan	<	3	ng/L
OW571900	2023-06-21	21584602	07:58:00	a+bEndoS	alfa+beta Endosulfan	<	2	ng/L
OW571900	2023-06-21	21584602	07:58:00	Acetamiprid	Acetamiprid	<	5	ng/L
OW571900	2023-06-21	21584602	07:58:00	Aclonifen	Aclonifen	<	5	ng/L
OW571900	2023-06-21	21584602	07:58:00	ADEIdrin	Aldrin+Dieldrin+Endrin+Isodrin	<	2,125	ng/L
OW571900	2023-06-21	21584602	07:58:00	aEndo	alfa-Endosulfan	<	1	ng/L
OW571900	2023-06-21	21584602	07:58:00	Ag o	Zilver	<	0,05	µg/L
OW571900	2023-06-21	21584602	07:58:00	aHCH	alfa-Hexachloorcyclohexaan	<	0,75	ng/L
OW571900	2023-06-21	21584602	07:58:00	Al o	Aluminium	<	150	µg/L
OW571900	2023-06-21	21584602	07:58:00	Alachloor	Alachloor	<	10	ng/L
OW571900	2023-06-21	21584602	07:58:00	Aldrin	Aldrin	<	0,375	ng/L
OW571900	2023-06-21	21584602	07:58:00	As o	Arseen	=	3,4	µg/L
OW571900	2023-06-21	21584602	07:58:00	Atraz	Atrazine	<	10	ng/L
OW571900	2023-06-21	21584602	07:58:00	AzinfosEy	Azinfos-ethyl	<	1,5	ng/L
OW571900	2023-06-21	21584602	07:58:00	AzinfosMy	Azinfos-methyl	<	1	ng/L
OW571900	2023-06-21	21584602	07:58:00	B o	Boor	=	107	µg/L
OW571900	2023-06-21	21584602	07:58:00	Ba o	Barium	=	40	µg/L
OW571900	2023-06-21	21584602	07:58:00	BAM	2,6-Dichloorbenzamide	<	20	ng/L
OW571900	2023-06-21	21584602	07:58:00	Be o	Beryllium	<	0,15	µg/L
OW571900	2023-06-21	21584602	07:58:00	bEndo	beta-Endosulfan	<	1	ng/L
OW571900	2023-06-21	21584602	07:58:00	Bentazone	Bentazone	=	55	ng/L
OW571900	2023-06-21	21584602	07:58:00	bHCH	beta-Hexachloorcyclohexaan	<	0,75	ng/L
OW571900	2023-06-21	21584602	07:58:00	Bifenox	Bifenox	<	2	ng/L
OW571900	2023-06-21	21584602	07:58:00	BrfosEy	Bromofos-ethyl	<	2,5	ng/L
OW571900	2023-06-21	21584602	07:58:00	BrfosMy	Bromofos-methyl	<	1,5	ng/L
OW571900	2023-06-21	21584602	07:58:00	Bromacil	Bromacil	<	10	ng/L
OW571900	2023-06-21	21584602	07:58:00	Bromoxyn	Bromoxynil	<	25	ng/L
OW571900	2023-06-21	21584602	07:58:00	Ca o	Calcium	=	126000	µg/L
OW571900	2023-06-21	21584602	07:58:00	Carbdzim	Carbendazim	=	10	ng/L
OW571900	2023-06-21	21584602	07:58:00	Cartamid	Carbetamide	<	10	ng/L
OW571900	2023-06-21	21584602	07:58:00	Cbromuron	Chloorbromuron	<	15	ng/L
OW571900	2023-06-21	21584602	07:58:00	cCdaan	cis-Chloordaan	<	0,5	ng/L
OW571900	2023-06-21	21584602	07:58:00	Cd o	Cadmium	<	0,05	µg/L
OW571900	2023-06-21	21584602	07:58:00	Cdaan	Chloordaan	<	1	ng/L
OW571900	2023-06-21	21584602	07:58:00	Cdazon	Chloridazon	<	5	ng/L
OW571900	2023-06-21	21584602	07:58:00	Cfvinfos	Chloorfenvinfos	<	1,5	ng/L
OW571900	2023-06-21	21584602	07:58:00	cHpCEpx	cis-Heptachloorepoxyde	<	1	ng/L
OW571900	2023-06-21	21584602	07:58:00	Cl-	Chloride	=	129	mg/L
OW571900	2023-06-21	21584602	07:58:00	Clfyl a	Chlorofyl a	=	7,4	µg/L
OW571900	2023-06-21	21584602	07:58:00	Clopyralid	Clopyralid	<	125	ng/L
OW571900	2023-06-21	21584602	07:58:00	Clotidine	Clothianidine	<	2,5	ng/L
OW571900	2023-06-21	21584602	07:58:00	Co o	Kobalt	=	0,67	µg/L
OW571900	2023-06-21	21584602	07:58:00	CpfosEy	Chloorpyrifos-ethyl	<	2	ng/L
OW571900	2023-06-21	21584602	07:58:00	CpfosMy	Chloorpyrifos-methyl	<	1,5	ng/L
OW571900	2023-06-21	21584602	07:58:00	Cprofam	Chloorprofam	<	2	ng/L
OW571900	2023-06-21	21584602	07:58:00	Cr o	Chroom	<	1,5	µg/L
OW571900	2023-06-21	21584602	07:58:00	Ctoluron	Chloortoluron	<	16	ng/L
OW571900	2023-06-21	21584602	07:58:00	Cu o	Koper	<	2	µg/L
OW571900	2023-06-21	21584602	07:58:00	Cumafos	Cumafos	<	2,5	ng/L
OW571900	2023-06-21	21584602	07:58:00	Cyanaz	Cyanazine	<	5	ng/L
OW571900	2023-06-21	21584602	07:58:00	Cybutrine	Cybutrine	<	1	ng/L
OW571900	2023-06-21	21584602	07:58:00	Cypmethrin	Cypermethrin	<	3	ng/L
OW571900	2023-06-21	21584602	07:58:00	CZV	Chemisch zuurstofverbruik	=	23,3	mgO2/L
OW571900	2023-06-21	21584602	07:58:00	DCvos	Dichloorvos	<	0,5	ng/L
OW571900	2023-06-21	21584602	07:58:00	DDT t	DDT, totaal	<	4	ng/L
OW571900	2023-06-21	21584602	07:58:00	Demeton	Demeton	<	4,5	ng/L
OW571900	2023-06-21	21584602	07:58:00	DEyatraz	Desethylatrazine	=	20	ng/L
OW571900	2023-06-21	21584602	07:58:00	DEytByaz	Desethylterbutylazine	<	20	ng/L
OW571900	2023-06-21	21584602	07:58:00	Dflucan	Diflufenican	=	23	ng/L
OW571900	2023-06-21	21584602	07:58:00	dHCH	delta-Hexachloorcyclohexaan	<	0,75	ng/L
OW571900	2023-06-21	21584602	07:58:00	Diazinon	Diazinon	<	2	ng/L
OW571900	2023-06-21	21584602	07:58:00	Dicamba	Dicamba	<	150	ng/L
OW571900	2023-06-21	21584602	07:58:00	Dieldrin	Dieldrin	<	1	ng/L
OW571900	2023-06-21	21584602	07:58:00	DiMetamid	Dimethenamid	=	30	ng/L
OW571900	2023-06-21	21584602	07:58:00	DiMetmorf	Dimethomorf	<	5	ng/L
OW571900	2023-06-21	21584602	07:58:00	DiPyatraz	Desisopropylatrazine	<	10	ng/L
OW571900	2023-06-21	21584602	07:58:00	Diuron	Diuron	<	10	ng/L
OW571900	2023-06-21	21584602	07:58:00	Dmetoat	Dimethoaat	<	3	ng/L
OW571900	2023-06-21	21584602	07:58:00	DNOC	4,6-Dinitro-o-cresol	<	25	ng/L
OW571900	2023-06-21	21584602	07:58:00	DOC	Koolstof	=	6,1	mgC/L
OW571900	2023-06-21	21584602	07:58:00	Dsulfoton	Disulfoton	<	4,5	ng/L
OW571900	2023-06-21	21584602	07:58:00	EC 20	Geleidbaarheid (20°C)	=	1088	µS/cm
OW571900	2023-06-21	21584602	07:58:00	EC 25	Geleidbaarheid (25°C)	=	1191,904	µS/cm
OW571900	2023-06-21	21584602	07:58:00	EndoS	Endosulfansulfaat	<	1	ng/L
OW571900	2023-06-21	21584602	07:58:00	Endrin	Endrin	<	0,375	ng/L
OW571900	2023-06-21	21584602	07:58:00	Etfum	Ethofumesaat	=	92	ng/L
OW571900	2023-06-21	21584602	07:58:00	Ethopfos	Ethoprofos	<	2,5	ng/L
OW571900	2023-06-21	21584602	07:58:00	Fe o	Ijzer	<	12,5	µg/L
OW571900	2023-06-21	21584602	07:58:00	Fenithion	Fenitrothion	<	1,5	ng/L
OW571900	2023-06-21	21584602	07:58:00	Fenoprop	Fenoprop	<	25	ng/L
OW571900	2023-06-21	21584602	07:58:00	Fenthion	Fenthion	<	2,5	ng/L
OW571900	2023-06-21	21584602	07:58:00	Feofyt a	Feofytine a	=	7,3	µg/L
OW571900	2023-06-21	21584602	07:58:00	Floxpyr	Fluroxypyr	<	25	ng/L
OW571900	2023-06-21	21584602	07:58:00	Flucet	Flufenacet	<	10	ng/L
OW571900	2023-06-21	21584602	07:58:00	Fonofos	Fonofos	<	2	ng/L
OW571900	2023-06-21	21584602	07:58:00	gHCH	gamma-Hexachloorcyclohexaan	<	0,75	ng/L
OW571900	2023-06-21	21584602	07:58:00	H t	Hardheid	=	37	°F
OW571900	2023-06-21	21584602	07:58:00	HCBdn	Hexachloorbutadieen	<	1	ng/L
OW571900	2023-06-21	21584602	07:58:00	HCBz	Hexachloorbenzeen	<	1,5	ng/L
OW571900	2023-06-21	21584602	07:58:00	HCH	Hexachloorcyclohexaan, alle isomeren	<	3	ng/L
OW571900	2023-06-21	21584602	07:58:00	Hexazinon	Hexazinon	<	10	ng/L
OW571900	2023-06-21	21584602	07:58:00	Hg o	Kwik	<	0,025	µg/L
OW571900	2023-06-21	21584602	07:58:00	HpC	Heptachloor	<	1	ng/L
OW571900	2023-06-21	21584602	07:58:00	HpC+Epx	Heptachloor+epoxyde	<	4	ng/L
OW571900	2023-06-21	21584602	07:58:00	Imcloprid	Imidacloprid	=	10	ng/L
OW571900	2023-06-21	21584602	07:58:00	Iproturon	Isoproturon	<	5	ng/L
OW571900	2023-06-21	21584602	07:58:00	Isodrin	Isodrin	<	0,375	ng/L
OW571900	2023-06-21	21584602	07:58:00	K o	Kalium	=	28000	µg/L
OW571900	2023-06-21	21584602	07:58:00	KjN	Kjeldahlstikstof	=	1,162	mgN/L
OW571900	2023-06-21	21584602	07:58:00	Lenacil	Lenacil	<	25	ng/L
OW571900	2023-06-21	21584602	07:58:00	Linuron	Linuron	<	5	ng/L
OW571900	2023-06-21	21584602	07:58:00	Malathion	Malathion	<	2,5	ng/L
OW571900	2023-06-21	21584602	07:58:00	Mbromuron	Metobromuron	=	107	ng/L
OW571900	2023-06-21	21584602	07:58:00	mBthiaz	Metabenzthiazuron	<	5	ng/L
OW571900	2023-06-21	21584602	07:58:00	MCPA	(4-Chloor-2-methylfenoxy)azijnzuur	=	75	ng/L
OW571900	2023-06-21	21584602	07:58:00	MCPB	4-(4-Chloor-2-methylfenoxy)boterzuur	<	25	ng/L
OW571900	2023-06-21	21584602	07:58:00	MCPP	Mecoprop	<	50	ng/L
OW571900	2023-06-21	21584602	07:58:00	Metaza	Metazachloor	<	5	ng/L
OW571900	2023-06-21	21584602	07:58:00	Metbuzin	Metribuzin	=	21	ng/L
OW571900	2023-06-21	21584602	07:58:00	Metcarb	Methiocarb	<	4,5	ng/L
OW571900	2023-06-21	21584602	07:58:00	Methidat	Methidation	<	3,5	ng/L
OW571900	2023-06-21	21584602	07:58:00	Metola	Metolachloor	=	52	ng/L
OW571900	2023-06-21	21584602	07:58:00	Metoxur	Metoxuron	<	5	ng/L
OW571900	2023-06-21	21584602	07:58:00	Mevinfos	Mevinfos	<	2	ng/L
OW571900	2023-06-21	21584602	07:58:00	Mg o	Magnesium	=	12200	µg/L
OW571900	2023-06-21	21584602	07:58:00	Mlinuron	Monolinuron	<	5	ng/L
OW571900	2023-06-21	21584602	07:58:00	Mmitron	Metamitron	<	5	ng/L
OW571900	2023-06-21	21584602	07:58:00	Mn o	Mangaan	=	77	µg/L
OW571900	2023-06-21	21584602	07:58:00	Mo o	Molybdeen	=	8	µg/L
OW571900	2023-06-21	21584602	07:58:00	MxyC	Methoxychloor	<	1	ng/L
OW571900	2023-06-21	21584602	07:58:00	N t	Stikstof	=	4,3	mgN/L
OW571900	2023-06-21	21584602	07:58:00	N+N	Nitraat+nitriet	=	3,138	mgN/L
OW571900	2023-06-21	21584602	07:58:00	N+N+N	Nitraat+nitriet+ammonium	=	3,728	mgN/L
OW571900	2023-06-21	21584602	07:58:00	Na o	Natrium	=	90000	µg/L
OW571900	2023-06-21	21584602	07:58:00	NH4+	Ammonium	=	0,59	mgN/L
OW571900	2023-06-21	21584602	07:58:00	Ni o	Nikkel	=	4,2	µg/L
OW571900	2023-06-21	21584602	07:58:00	NO2-	Nitriet	=	0,258	mgN/L
OW571900	2023-06-21	21584602	07:58:00	NO3-	Nitraat	=	2,88	mgN/L
OW571900	2023-06-21	21584602	07:58:00	O2	Zuurstof	=	4,07	mg/L
OW571900	2023-06-21	21584602	07:58:00	O2 verz	Zuurstof	=	47,4	%
OW571900	2023-06-21	21584602	07:58:00	OCP t	Organochloorpesticiden, totaal	<	15,875	ng/L
OW571900	2023-06-21	21584602	07:58:00	oPO4 f	Orthofosfaat	=	0,321	mgP/L
OW571900	2023-06-21	21584602	07:58:00	Oxadiazon	Oxadiazon	<	6	ng/L
OW571900	2023-06-21	21584602	07:58:00	P t	Fosfor	=	0,496	mgP/L
OW571900	2023-06-21	21584602	07:58:00	PathionEy	Parathion-ethyl	<	1	ng/L
OW571900	2023-06-21	21584602	07:58:00	PathionMy	Parathion-methyl	<	1,5	ng/L
OW571900	2023-06-21	21584602	07:58:00	Pb o	Lood	<	1,25	µg/L
OW571900	2023-06-21	21584602	07:58:00	PCB 101	2,2',4,5,5'-Pentachloorbifenyl (PCB101)	<	1	ng/L
OW571900	2023-06-21	21584602	07:58:00	PCB 118	2,3',4,4',5-Pentachloorbifenyl (PCB118)	<	0,5	ng/L
OW571900	2023-06-21	21584602	07:58:00	PCB 138	2,2',3,4,4',5'-Hexachloorbifenyl (PCB138)	<	1	ng/L
OW571900	2023-06-21	21584602	07:58:00	PCB 153	2,2',4,4',5,5'-Hexachloorbifenyl (PCB153)	<	1	ng/L
OW571900	2023-06-21	21584602	07:58:00	PCB 180	2,2',3,4,4',5,5'-Heptachloorbifenyl (PCB180)	<	0,5	ng/L
OW571900	2023-06-21	21584602	07:58:00	PCB 28	2,4,4'-Trichloorbifenyl (PCB28)	<	0,5	ng/L
OW571900	2023-06-21	21584602	07:58:00	PCB 52	2,2',5,5'-Tetrachloorbifenyl (PCB52)	<	1	ng/L
OW571900	2023-06-21	21584602	07:58:00	PCB t	Polychloorbifenyl, totaal	<	5,5	ng/L
OW571900	2023-06-21	21584602	07:58:00	PCBz	Pentachloorbenzeen	<	1,5	ng/L
OW571900	2023-06-21	21584602	07:58:00	PCNiBz	Pentachloornitrobenzeen	<	2	ng/L
OW571900	2023-06-21	21584602	07:58:00	pH	pH	=	7,77	-
OW571900	2023-06-21	21584602	07:58:00	Picarb	Pirimicarb	=	12	ng/L
OW571900	2023-06-21	21584602	07:58:00	PirfosMy	Pirimifos-methyl	<	3,5	ng/L
OW571900	2023-06-21	21584602	07:58:00	Prochloor	Propachloor	<	10	ng/L
OW571900	2023-06-21	21584602	07:58:00	Prometryn	Prometryn	<	10	ng/L
OW571900	2023-06-21	21584602	07:58:00	Propanil	Propanil	<	25	ng/L
OW571900	2023-06-21	21584602	07:58:00	Propaz	Propazine	<	10	ng/L
OW571900	2023-06-21	21584602	07:58:00	Quinofen	Quinoxyfen	<	1	ng/L
OW571900	2023-06-21	21584602	07:58:00	Sb o	Antimoon	<	3	µg/L
OW571900	2023-06-21	21584602	07:58:00	Se o	Seleen	<	1,5	µg/L
OW571900	2023-06-21	21584602	07:58:00	Sebutylaz	Sebutylazine	<	10	ng/L
OW571900	2023-06-21	21584602	07:58:00	Secchi	Doorzichtigheid	=	40	cm
OW571900	2023-06-21	21584602	07:58:00	Simaz	Simazine	<	10	ng/L
OW571900	2023-06-21	21584602	07:58:00	Sn o	Tin	<	1,5	µg/L
OW571900	2023-06-21	21584602	07:58:00	SO4=	Sulfaat	=	89	mg/L
OW571900	2023-06-21	21584602	07:58:00	T	Temperatuur	=	22,2	°C
OW571900	2023-06-21	21584602	07:58:00	TAM	Alkaliniteit met methyloranje	=	6,3	meq/L
OW571900	2023-06-21	21584602	07:58:00	tCdaan	trans-Chloordaan	<	0,5	ng/L
OW571900	2023-06-21	21584602	07:58:00	TclofosMy	Tolclofos-methyl	<	2,5	ng/L
OW571900	2023-06-21	21584602	07:58:00	Te o	Telluur	<	2,5	µg/L
OW571900	2023-06-21	21584602	07:58:00	Telodrin	Telodrin	<	1	ng/L
OW571900	2023-06-21	21584602	07:58:00	Terbufos	Terbufos	<	2,5	ng/L
OW571900	2023-06-21	21584602	07:58:00	Terbutryn	Terbutryn	<	10	ng/L
OW571900	2023-06-21	21584602	07:58:00	Tfluralin	Trifluralin	<	2	ng/L
OW571900	2023-06-21	21584602	07:58:00	Thiacloprid	Thiacloprid	<	2,5	ng/L
OW571900	2023-06-21	21584602	07:58:00	tHpCEpx	trans-Heptachloorepoxyde	<	2	ng/L
OW571900	2023-06-21	21584602	07:58:00	Ti o	Titaan	<	2	µg/L
OW571900	2023-06-21	21584602	07:58:00	Tl o	Thallium	=	0,76	µg/L
OW571900	2023-06-21	21584602	07:58:00	Tmethoxam	Thiamethoxam	<	10	ng/L
OW571900	2023-06-21	21584602	07:58:00	TrByaz	Terbutylazine	=	24	ng/L
OW571900	2023-06-21	21584602	07:58:00	Triazofos	Triazofos	<	2	ng/L
OW571900	2023-06-21	21584602	07:58:00	Triclopyr	Triclopyr	<	25	ng/L
OW571900	2023-06-21	21584602	07:58:00	U o	Uranium	=	1	µg/L
OW571900	2023-06-21	21584602	07:58:00	V o	Vanadium	<	3	µg/L
OW571900	2023-06-21	21584602	07:58:00	Zn o	Zink	<	7,5	µg/L
OW571900	2023-06-21	21584602	07:58:00	ZS	Zwevende stoffen	=	22,6	mg/L
OW571900	2023-09-13	21589656	08:52:00	1234CBz	1,2,3,4-Tetrachloorbenzeen	<	1	ng/L
OW571900	2023-09-13	21589656	08:52:00	1235+1245CBz	1,2,3,5+1,2,4,5-Tetrachloorbenzeen	<	1,5	ng/L
OW571900	2023-09-13	21589656	08:52:00	2356CNiBz	2,3,5,6-Tetrachloornitrobenzeen	<	2	ng/L
OW571900	2023-09-13	21589656	08:52:00	24-D	2,4-Dichloorfenoxyazijnzuur	<	50	ng/L
OW571900	2023-09-13	21589656	08:52:00	24-DB	2,4-Dichloorfenoxybutaanzuur	<	25	ng/L
OW571900	2023-09-13	21589656	08:52:00	24-DP	Dichloorprop	<	25	ng/L
OW571900	2023-09-13	21589656	08:52:00	245-T	2,4,5-Trichloorfenoxyazijnzuur	<	25	ng/L
OW571900	2023-09-13	21589656	08:52:00	24DDD	op'Dichloordifenyldichloorethaan	<	1	ng/L
OW571900	2023-09-13	21589656	08:52:00	24DDE	op'Dichloordifenyldichlooretheen	<	1	ng/L
OW571900	2023-09-13	21589656	08:52:00	24DDT	op'Dichloordifenyltrichloorethaan	<	1	ng/L
OW571900	2023-09-13	21589656	08:52:00	24NiFol	2,4-Dinitrofenol	<	25	ng/L
OW571900	2023-09-13	21589656	08:52:00	2hAtraz	2-Hydroxy-atrazine	=	80	ng/L
OW571900	2023-09-13	21589656	08:52:00	44DDD	pp'Dichloordifenyldichloorethaan	<	1	ng/L
OW571900	2023-09-13	21589656	08:52:00	44DDE	pp'Dichloordifenyldichlooretheen	<	1	ng/L
OW571900	2023-09-13	21589656	08:52:00	44DDT	pp'Dichloordifenyltrichloorethaan	<	1	ng/L
OW571900	2023-09-13	21589656	08:52:00	a+b+d+gHCHS	alfa+beta+gamma+delta Hexachloorcyclohexaan	<	3	ng/L
OW571900	2023-09-13	21589656	08:52:00	a+bEndoS	alfa+beta Endosulfan	<	2	ng/L
OW571900	2023-09-13	21589656	08:52:00	Acetamiprid	Acetamiprid	<	5	ng/L
OW571900	2023-09-13	21589656	08:52:00	Aclonifen	Aclonifen	<	2,5	ng/L
OW571900	2023-09-13	21589656	08:52:00	ADEIdrin	Aldrin+Dieldrin+Endrin+Isodrin	<	2,125	ng/L
OW571900	2023-09-13	21589656	08:52:00	aEndo	alfa-Endosulfan	<	1	ng/L
OW571900	2023-09-13	21589656	08:52:00	Ag o	Zilver	<	0,05	µg/L
OW571900	2023-09-13	21589656	08:52:00	aHCH	alfa-Hexachloorcyclohexaan	<	0,75	ng/L
OW571900	2023-09-13	21589656	08:52:00	Al o	Aluminium	<	150	µg/L
OW571900	2023-09-13	21589656	08:52:00	Alachloor	Alachloor	<	10	ng/L
OW571900	2023-09-13	21589656	08:52:00	Aldrin	Aldrin	<	0,375	ng/L
OW571900	2023-09-13	21589656	08:52:00	As o	Arseen	=	3,5	µg/L
OW571900	2023-09-13	21589656	08:52:00	Atraz	Atrazine	<	10	ng/L
OW571900	2023-09-13	21589656	08:52:00	AzinfosEy	Azinfos-ethyl	<	3	ng/L
OW571900	2023-09-13	21589656	08:52:00	AzinfosMy	Azinfos-methyl	<	1	ng/L
OW571900	2023-09-13	21589656	08:52:00	B o	Boor	=	78	µg/L
OW571900	2023-09-13	21589656	08:52:00	Ba o	Barium	=	32	µg/L
OW571900	2023-09-13	21589656	08:52:00	BAM	2,6-Dichloorbenzamide	=	56	ng/L
OW571900	2023-09-13	21589656	08:52:00	Be o	Beryllium	<	0,15	µg/L
OW571900	2023-09-13	21589656	08:52:00	bEndo	beta-Endosulfan	<	1	ng/L
OW571900	2023-09-13	21589656	08:52:00	Bentazone	Bentazone	=	97	ng/L
OW571900	2023-09-13	21589656	08:52:00	bHCH	beta-Hexachloorcyclohexaan	<	0,75	ng/L
OW571900	2023-09-13	21589656	08:52:00	Bifenox	Bifenox	<	2	ng/L
OW571900	2023-09-13	21589656	08:52:00	BrfosEy	Bromofos-ethyl	<	2,5	ng/L
OW571900	2023-09-13	21589656	08:52:00	BrfosMy	Bromofos-methyl	<	1,5	ng/L
OW571900	2023-09-13	21589656	08:52:00	Bromacil	Bromacil	<	10	ng/L
OW571900	2023-09-13	21589656	08:52:00	Bromoxyn	Bromoxynil	<	25	ng/L
OW571900	2023-09-13	21589656	08:52:00	Ca o	Calcium	=	79000	µg/L
OW571900	2023-09-13	21589656	08:52:00	Carbdzim	Carbendazim	=	26	ng/L
OW571900	2023-09-13	21589656	08:52:00	Cartamid	Carbetamide	<	10	ng/L
OW571900	2023-09-13	21589656	08:52:00	Cbromuron	Chloorbromuron	<	15	ng/L
OW571900	2023-09-13	21589656	08:52:00	cCdaan	cis-Chloordaan	<	0,5	ng/L
OW571900	2023-09-13	21589656	08:52:00	Cd o	Cadmium	<	0,05	µg/L
OW571900	2023-09-13	21589656	08:52:00	Cdaan	Chloordaan	<	1	ng/L
OW571900	2023-09-13	21589656	08:52:00	Cdazon	Chloridazon	<	5	ng/L
OW571900	2023-09-13	21589656	08:52:00	Cfvinfos	Chloorfenvinfos	<	1,5	ng/L
OW571900	2023-09-13	21589656	08:52:00	cHpCEpx	cis-Heptachloorepoxyde	<	1	ng/L
OW571900	2023-09-13	21589656	08:52:00	Cl-	Chloride	=	77	mg/L
OW571900	2023-09-13	21589656	08:52:00	Clfyl a	Chlorofyl a	=	18,4	µg/L
OW571900	2023-09-13	21589656	08:52:00	Clopyralid	Clopyralid	<	125	ng/L
OW571900	2023-09-13	21589656	08:52:00	Clotidine	Clothianidine	<	2,5	ng/L
OW571900	2023-09-13	21589656	08:52:00	Co o	Kobalt	=	0,38	µg/L
OW571900	2023-09-13	21589656	08:52:00	CpfosEy	Chloorpyrifos-ethyl	<	2	ng/L
OW571900	2023-09-13	21589656	08:52:00	CpfosMy	Chloorpyrifos-methyl	<	1,5	ng/L
OW571900	2023-09-13	21589656	08:52:00	Cprofam	Chloorprofam	<	4	ng/L
OW571900	2023-09-13	21589656	08:52:00	Cr o	Chroom	<	1,5	µg/L
OW571900	2023-09-13	21589656	08:52:00	Ctoluron	Chloortoluron	<	16	ng/L
OW571900	2023-09-13	21589656	08:52:00	Cu o	Koper	<	2	µg/L
OW571900	2023-09-13	21589656	08:52:00	Cumafos	Cumafos	<	2,5	ng/L
OW571900	2023-09-13	21589656	08:52:00	Cyanaz	Cyanazine	<	5	ng/L
OW571900	2023-09-13	21589656	08:52:00	Cybutrine	Cybutrine	<	1	ng/L
OW571900	2023-09-13	21589656	08:52:00	Cypmethrin	Cypermethrin	<	3	ng/L
OW571900	2023-09-13	21589656	08:52:00	CZV	Chemisch zuurstofverbruik	=	19,4	mgO2/L
OW571900	2023-09-13	21589656	08:52:00	DCvos	Dichloorvos	<	0,5	ng/L
OW571900	2023-09-13	21589656	08:52:00	DDT t	DDT, totaal	<	4	ng/L
OW571900	2023-09-13	21589656	08:52:00	Demeton	Demeton	<	4,5	ng/L
OW571900	2023-09-13	21589656	08:52:00	DEyatraz	Desethylatrazine	=	10	ng/L
OW571900	2023-09-13	21589656	08:52:00	DEytByaz	Desethylterbutylazine	=	20	ng/L
OW571900	2023-09-13	21589656	08:52:00	dHCH	delta-Hexachloorcyclohexaan	<	0,75	ng/L
OW571900	2023-09-13	21589656	08:52:00	Diazinon	Diazinon	<	2	ng/L
OW571900	2023-09-13	21589656	08:52:00	Dicamba	Dicamba	<	150	ng/L
OW571900	2023-09-13	21589656	08:52:00	Dieldrin	Dieldrin	<	1	ng/L
OW571900	2023-09-13	21589656	08:52:00	DiMetamid	Dimethenamid	=	46	ng/L
OW571900	2023-09-13	21589656	08:52:00	DiMetmorf	Dimethomorf	=	92	ng/L
OW571900	2023-09-13	21589656	08:52:00	DiPyatraz	Desisopropylatrazine	<	10	ng/L
OW571900	2023-09-13	21589656	08:52:00	Diuron	Diuron	=	25	ng/L
OW571900	2023-09-13	21589656	08:52:00	Dmetoat	Dimethoaat	<	3	ng/L
OW571900	2023-09-13	21589656	08:52:00	DNOC	4,6-Dinitro-o-cresol	<	25	ng/L
OW571900	2023-09-13	21589656	08:52:00	DOC	Koolstof	=	5,8	mgC/L
OW571900	2023-09-13	21589656	08:52:00	Dsulfoton	Disulfoton	<	4,5	ng/L
OW571900	2023-09-13	21589656	08:52:00	EC 20	Geleidbaarheid (20°C)	=	727	µS/cm
OW571900	2023-09-13	21589656	08:52:00	EC 25	Geleidbaarheid (25°C)	=	796,4285	µS/cm
OW571900	2023-09-13	21589656	08:52:00	EndoS	Endosulfansulfaat	<	1	ng/L
OW571900	2023-09-13	21589656	08:52:00	Endrin	Endrin	<	0,375	ng/L
OW571900	2023-09-13	21589656	08:52:00	Etfum	Ethofumesaat	=	20	ng/L
OW571900	2023-09-13	21589656	08:52:00	Ethopfos	Ethoprofos	<	2,5	ng/L
OW571900	2023-09-13	21589656	08:52:00	Fe o	Ijzer	<	12,5	µg/L
OW571900	2023-09-13	21589656	08:52:00	Fenithion	Fenitrothion	<	1,5	ng/L
OW571900	2023-09-13	21589656	08:52:00	Fenoprop	Fenoprop	<	25	ng/L
OW571900	2023-09-13	21589656	08:52:00	Fenthion	Fenthion	<	2,5	ng/L
OW571900	2023-09-13	21589656	08:52:00	Feofyt a	Feofytine a	=	10,3	µg/L
OW571900	2023-09-13	21589656	08:52:00	Fipronil	Fipronil	=	2,3	ng/L
OW571900	2023-09-13	21589656	08:52:00	Floxpyr	Fluroxypyr	=	59	ng/L
OW571900	2023-09-13	21589656	08:52:00	Flucet	Flufenacet	=	29	ng/L
OW571900	2023-09-13	21589656	08:52:00	Fonofos	Fonofos	<	2	ng/L
OW571900	2023-09-13	21589656	08:52:00	gHCH	gamma-Hexachloorcyclohexaan	<	0,75	ng/L
OW571900	2023-09-13	21589656	08:52:00	H t	Hardheid	=	23	°F
OW571900	2023-09-13	21589656	08:52:00	HCBdn	Hexachloorbutadieen	<	1	ng/L
OW571900	2023-09-13	21589656	08:52:00	HCBz	Hexachloorbenzeen	<	1,5	ng/L
OW571900	2023-09-13	21589656	08:52:00	HCH	Hexachloorcyclohexaan, alle isomeren	<	3	ng/L
OW571900	2023-09-13	21589656	08:52:00	Hexazinon	Hexazinon	<	10	ng/L
OW571900	2023-09-13	21589656	08:52:00	Hg o	Kwik	<	0,025	µg/L
OW571900	2023-09-13	21589656	08:52:00	HpC	Heptachloor	<	1	ng/L
OW571900	2023-09-13	21589656	08:52:00	HpC+Epx	Heptachloor+epoxyde	<	4	ng/L
OW571900	2023-09-13	21589656	08:52:00	Imcloprid	Imidacloprid	=	9	ng/L
OW571900	2023-09-13	21589656	08:52:00	Iproturon	Isoproturon	<	10	ng/L
OW571900	2023-09-13	21589656	08:52:00	Isodrin	Isodrin	<	0,375	ng/L
OW571900	2023-09-13	21589656	08:52:00	K o	Kalium	=	21000	µg/L
OW571900	2023-09-13	21589656	08:52:00	KjN	Kjeldahlstikstof	=	1,235	mgN/L
OW571900	2023-09-13	21589656	08:52:00	Lenacil	Lenacil	<	25	ng/L
OW571900	2023-09-13	21589656	08:52:00	Linuron	Linuron	<	5	ng/L
OW571900	2023-09-13	21589656	08:52:00	Malathion	Malathion	<	2,5	ng/L
OW571900	2023-09-13	21589656	08:52:00	Mbromuron	Metobromuron	<	20	ng/L
OW571900	2023-09-13	21589656	08:52:00	mBthiaz	Metabenzthiazuron	<	5	ng/L
OW571900	2023-09-13	21589656	08:52:00	MCPA	(4-Chloor-2-methylfenoxy)azijnzuur	=	69	ng/L
OW571900	2023-09-13	21589656	08:52:00	MCPB	4-(4-Chloor-2-methylfenoxy)boterzuur	<	25	ng/L
OW571900	2023-09-13	21589656	08:52:00	MCPP	Mecoprop	<	50	ng/L
OW571900	2023-09-13	21589656	08:52:00	Metaza	Metazachloor	=	25	ng/L
OW571900	2023-09-13	21589656	08:52:00	Metbuzin	Metribuzin	=	13,3	ng/L
OW571900	2023-09-13	21589656	08:52:00	Metcarb	Methiocarb	<	4,5	ng/L
OW571900	2023-09-13	21589656	08:52:00	Methidat	Methidation	<	3,5	ng/L
OW571900	2023-09-13	21589656	08:52:00	Metola	Metolachloor	=	26	ng/L
OW571900	2023-09-13	21589656	08:52:00	Metoxur	Metoxuron	<	5	ng/L
OW571900	2023-09-13	21589656	08:52:00	Mevinfos	Mevinfos	<	2	ng/L
OW571900	2023-09-13	21589656	08:52:00	Mg o	Magnesium	=	8000	µg/L
OW571900	2023-09-13	21589656	08:52:00	Mlinuron	Monolinuron	<	5	ng/L
OW571900	2023-09-13	21589656	08:52:00	Mmitron	Metamitron	<	5	ng/L
OW571900	2023-09-13	21589656	08:52:00	Mn o	Mangaan	=	24	µg/L
OW571900	2023-09-13	21589656	08:52:00	Mo o	Molybdeen	=	5,5	µg/L
OW571900	2023-09-13	21589656	08:52:00	MxyC	Methoxychloor	<	1	ng/L
OW571900	2023-09-13	21589656	08:52:00	N t	Stikstof	=	2,98	mgN/L
OW571900	2023-09-13	21589656	08:52:00	N+N	Nitraat+nitriet	=	1,745	mgN/L
OW571900	2023-09-13	21589656	08:52:00	N+N+N	Nitraat+nitriet+ammonium	=	2,015	mgN/L
OW571900	2023-09-13	21589656	08:52:00	Na o	Natrium	=	56000	µg/L
OW571900	2023-09-13	21589656	08:52:00	NH4+	Ammonium	=	0,27	mgN/L
OW571900	2023-09-13	21589656	08:52:00	Ni o	Nikkel	=	3,8	µg/L
OW571900	2023-09-13	21589656	08:52:00	NO2-	Nitriet	=	0,085	mgN/L
OW571900	2023-09-13	21589656	08:52:00	NO3-	Nitraat	=	1,66	mgN/L
OW571900	2023-09-13	21589656	08:52:00	O2	Zuurstof	=	4,83	mg/L
OW571900	2023-09-13	21589656	08:52:00	O2 verz	Zuurstof	=	55,6	%
OW571900	2023-09-13	21589656	08:52:00	OCP t	Organochloorpesticiden, totaal	<	15,875	ng/L
OW571900	2023-09-13	21589656	08:52:00	oPO4 f	Orthofosfaat	=	0,293	mgP/L
OW571900	2023-09-13	21589656	08:52:00	Oxadiazon	Oxadiazon	<	3	ng/L
OW571900	2023-09-13	21589656	08:52:00	P t	Fosfor	=	0,508	mgP/L
OW571900	2023-09-13	21589656	08:52:00	PathionEy	Parathion-ethyl	<	1	ng/L
OW571900	2023-09-13	21589656	08:52:00	PathionMy	Parathion-methyl	<	1,5	ng/L
OW571900	2023-09-13	21589656	08:52:00	Pb o	Lood	<	1,25	µg/L
OW571900	2023-09-13	21589656	08:52:00	PCB 101	2,2',4,5,5'-Pentachloorbifenyl (PCB101)	<	1	ng/L
OW571900	2023-09-13	21589656	08:52:00	PCB 118	2,3',4,4',5-Pentachloorbifenyl (PCB118)	<	1	ng/L
OW571900	2023-09-13	21589656	08:52:00	PCB 180	2,2',3,4,4',5,5'-Heptachloorbifenyl (PCB180)	<	1	ng/L
OW571900	2023-09-13	21589656	08:52:00	PCB 28	2,4,4'-Trichloorbifenyl (PCB28)	<	0,5	ng/L
OW571900	2023-09-13	21589656	08:52:00	PCB 52	2,2',5,5'-Tetrachloorbifenyl (PCB52)	<	1	ng/L
OW571900	2023-09-13	21589656	08:52:00	PCB t	Polychloorbifenyl, totaal	<	4,5	ng/L
OW571900	2023-09-13	21589656	08:52:00	PCBz	Pentachloorbenzeen	<	1,5	ng/L
OW571900	2023-09-13	21589656	08:52:00	PCNiBz	Pentachloornitrobenzeen	<	2	ng/L
OW571900	2023-09-13	21589656	08:52:00	pH	pH	=	7,64	-
OW571900	2023-09-13	21589656	08:52:00	Picarb	Pirimicarb	<	10	ng/L
OW571900	2023-09-13	21589656	08:52:00	PirfosMy	Pirimifos-methyl	<	3,5	ng/L
OW571900	2023-09-13	21589656	08:52:00	Prochloor	Propachloor	<	10	ng/L
OW571900	2023-09-13	21589656	08:52:00	Prometryn	Prometryn	<	10	ng/L
OW571900	2023-09-13	21589656	08:52:00	Propanil	Propanil	<	25	ng/L
OW571900	2023-09-13	21589656	08:52:00	Propaz	Propazine	<	10	ng/L
OW571900	2023-09-13	21589656	08:52:00	Quinofen	Quinoxyfen	<	1	ng/L
OW571900	2023-09-13	21589656	08:52:00	Sb o	Antimoon	<	3	µg/L
OW571900	2023-09-13	21589656	08:52:00	Se o	Seleen	<	1,5	µg/L
OW571900	2023-09-13	21589656	08:52:00	Sebutylaz	Sebutylazine	<	10	ng/L
OW571900	2023-09-13	21589656	08:52:00	Secchi	Doorzichtigheid	=	20	cm
OW571900	2023-09-13	21589656	08:52:00	Simaz	Simazine	<	10	ng/L
OW571900	2023-09-13	21589656	08:52:00	Sn o	Tin	<	1,5	µg/L
OW571900	2023-09-13	21589656	08:52:00	SO4=	Sulfaat	=	61	mg/L
OW571900	2023-09-13	21589656	08:52:00	T	Temperatuur	=	21,8	°C
OW571900	2023-09-13	21589656	08:52:00	TAM	Alkaliniteit met methyloranje	=	3,7	meq/L
OW571900	2023-09-13	21589656	08:52:00	tCdaan	trans-Chloordaan	<	0,5	ng/L
OW571900	2023-09-13	21589656	08:52:00	TclofosMy	Tolclofos-methyl	<	2,5	ng/L
OW571900	2023-09-13	21589656	08:52:00	Te o	Telluur	<	2,5	µg/L
OW571900	2023-09-13	21589656	08:52:00	Telodrin	Telodrin	<	1	ng/L
OW571900	2023-09-13	21589656	08:52:00	Terbufos	Terbufos	<	2,5	ng/L
OW571900	2023-09-13	21589656	08:52:00	Terbutryn	Terbutryn	<	10	ng/L
OW571900	2023-09-13	21589656	08:52:00	Tfluralin	Trifluralin	<	2	ng/L
OW571900	2023-09-13	21589656	08:52:00	Thiacloprid	Thiacloprid	<	2,5	ng/L
OW571900	2023-09-13	21589656	08:52:00	tHpCEpx	trans-Heptachloorepoxyde	<	2	ng/L
OW571900	2023-09-13	21589656	08:52:00	Ti o	Titaan	<	2	µg/L
OW571900	2023-09-13	21589656	08:52:00	Tl o	Thallium	=	0,515	µg/L
OW571900	2023-09-13	21589656	08:52:00	Tmethoxam	Thiamethoxam	<	5	ng/L
OW571900	2023-09-13	21589656	08:52:00	TrByaz	Terbutylazine	=	43	ng/L
OW571900	2023-09-13	21589656	08:52:00	Triazofos	Triazofos	<	2	ng/L
OW571900	2023-09-13	21589656	08:52:00	Triclopyr	Triclopyr	<	50	ng/L
OW571900	2023-09-13	21589656	08:52:00	U o	Uranium	=	0,53	µg/L
OW571900	2023-09-13	21589656	08:52:00	V o	Vanadium	=	3,1	µg/L
OW571900	2023-09-13	21589656	08:52:00	Zn o	Zink	<	7,5	µg/L
OW571900	2023-09-13	21589656	08:52:00	ZS	Zwevende stoffen	=	57	mg/L
OW571900	2023-09-28	21590613	09:14:00	1234CBz	1,2,3,4-Tetrachloorbenzeen	<	1	ng/L
OW571900	2023-09-28	21590613	09:14:00	1235+1245CBz	1,2,3,5+1,2,4,5-Tetrachloorbenzeen	<	1,5	ng/L
OW571900	2023-09-28	21590613	09:14:00	2356CNiBz	2,3,5,6-Tetrachloornitrobenzeen	<	2	ng/L
OW571900	2023-09-28	21590613	09:14:00	24-D	2,4-Dichloorfenoxyazijnzuur	<	50	ng/L
OW571900	2023-09-28	21590613	09:14:00	24-DB	2,4-Dichloorfenoxybutaanzuur	<	25	ng/L
OW571900	2023-09-28	21590613	09:14:00	24-DP	Dichloorprop	<	25	ng/L
OW571900	2023-09-28	21590613	09:14:00	245-T	2,4,5-Trichloorfenoxyazijnzuur	<	25	ng/L
OW571900	2023-09-28	21590613	09:14:00	24DDD	op'Dichloordifenyldichloorethaan	<	1	ng/L
OW571900	2023-09-28	21590613	09:14:00	24DDE	op'Dichloordifenyldichlooretheen	<	1	ng/L
OW571900	2023-09-28	21590613	09:14:00	24DDT	op'Dichloordifenyltrichloorethaan	<	2,5	ng/L
OW571900	2023-09-28	21590613	09:14:00	24NiFol	2,4-Dinitrofenol	<	25	ng/L
OW571900	2023-09-28	21590613	09:14:00	2hAtraz	2-Hydroxy-atrazine	=	71	ng/L
OW571900	2023-09-28	21590613	09:14:00	44DDD	pp'Dichloordifenyldichloorethaan	<	1	ng/L
OW571900	2023-09-28	21590613	09:14:00	44DDE	pp'Dichloordifenyldichlooretheen	<	1	ng/L
OW571900	2023-09-28	21590613	09:14:00	44DDT	pp'Dichloordifenyltrichloorethaan	<	5	ng/L
OW571900	2023-09-28	21590613	09:14:00	a+b+d+gHCHS	alfa+beta+gamma+delta Hexachloorcyclohexaan	<	3	ng/L
OW571900	2023-09-28	21590613	09:14:00	a+bEndoS	alfa+beta Endosulfan	<	2	ng/L
OW571900	2023-09-28	21590613	09:14:00	Acetamiprid	Acetamiprid	<	5	ng/L
OW571900	2023-09-28	21590613	09:14:00	Aclonifen	Aclonifen	<	2,5	ng/L
OW571900	2023-09-28	21590613	09:14:00	ADEIdrin	Aldrin+Dieldrin+Endrin+Isodrin	<	2,5	ng/L
OW571900	2023-09-28	21590613	09:14:00	aEndo	alfa-Endosulfan	<	1	ng/L
OW571900	2023-09-28	21590613	09:14:00	Ag o	Zilver	<	0,05	µg/L
OW571900	2023-09-28	21590613	09:14:00	aHCH	alfa-Hexachloorcyclohexaan	<	0,75	ng/L
OW571900	2023-09-28	21590613	09:14:00	Al o	Aluminium	<	150	µg/L
OW571900	2023-09-28	21590613	09:14:00	Alachloor	Alachloor	<	10	ng/L
OW571900	2023-09-28	21590613	09:14:00	Aldrin	Aldrin	<	0,375	ng/L
OW571900	2023-09-28	21590613	09:14:00	As o	Arseen	=	2,96	µg/L
OW571900	2023-09-28	21590613	09:14:00	Atraz	Atrazine	<	10	ng/L
OW571900	2023-09-28	21590613	09:14:00	AzinfosEy	Azinfos-ethyl	<	1,5	ng/L
OW571900	2023-09-28	21590613	09:14:00	AzinfosMy	Azinfos-methyl	<	1	ng/L
OW571900	2023-09-28	21590613	09:14:00	B o	Boor	=	104	µg/L
OW571900	2023-09-28	21590613	09:14:00	Ba o	Barium	=	36	µg/L
OW571900	2023-09-28	21590613	09:14:00	BAM	2,6-Dichloorbenzamide	=	27	ng/L
OW571900	2023-09-28	21590613	09:14:00	Be o	Beryllium	<	0,15	µg/L
OW571900	2023-09-28	21590613	09:14:00	bEndo	beta-Endosulfan	<	1	ng/L
OW571900	2023-09-28	21590613	09:14:00	Bentazone	Bentazone	<	50	ng/L
OW571900	2023-09-28	21590613	09:14:00	bHCH	beta-Hexachloorcyclohexaan	<	0,75	ng/L
OW571900	2023-09-28	21590613	09:14:00	Bifenox	Bifenox	<	2	ng/L
OW571900	2023-09-28	21590613	09:14:00	BrfosEy	Bromofos-ethyl	<	2,5	ng/L
OW571900	2023-09-28	21590613	09:14:00	BrfosMy	Bromofos-methyl	<	1,5	ng/L
OW571900	2023-09-28	21590613	09:14:00	Bromacil	Bromacil	<	10	ng/L
OW571900	2023-09-28	21590613	09:14:00	Bromoxyn	Bromoxynil	<	25	ng/L
OW571900	2023-09-28	21590613	09:14:00	BZV5	Biochemisch zuurstofverbruik na 5d.	=	2,1	mgO2/L
OW571900	2023-09-28	21590613	09:14:00	Ca o	Calcium	=	99000	µg/L
OW571900	2023-09-28	21590613	09:14:00	Carbdzim	Carbendazim	=	16	ng/L
OW571900	2023-09-28	21590613	09:14:00	Cartamid	Carbetamide	<	10	ng/L
OW571900	2023-09-28	21590613	09:14:00	Cbromuron	Chloorbromuron	<	15	ng/L
OW571900	2023-09-28	21590613	09:14:00	cCdaan	cis-Chloordaan	<	0,5	ng/L
OW571900	2023-09-28	21590613	09:14:00	Cd o	Cadmium	<	0,05	µg/L
OW571900	2023-09-28	21590613	09:14:00	Cdaan	Chloordaan	<	1	ng/L
OW571900	2023-09-28	21590613	09:14:00	Cdazon	Chloridazon	<	5	ng/L
OW571900	2023-09-28	21590613	09:14:00	Cfvinfos	Chloorfenvinfos	<	1,5	ng/L
OW571900	2023-09-28	21590613	09:14:00	cHpCEpx	cis-Heptachloorepoxyde	<	1	ng/L
OW571900	2023-09-28	21590613	09:14:00	Cl-	Chloride	=	121	mg/L
OW571900	2023-09-28	21590613	09:14:00	Clfyl a	Chlorofyl a	=	48	µg/L
OW571900	2023-09-28	21590613	09:14:00	Clopyralid	Clopyralid	<	125	ng/L
OW571900	2023-09-28	21590613	09:14:00	Clotidine	Clothianidine	<	2,5	ng/L
OW571900	2023-09-28	21590613	09:14:00	Co o	Kobalt	=	0,52	µg/L
OW571900	2023-09-28	21590613	09:14:00	CpfosEy	Chloorpyrifos-ethyl	<	2	ng/L
OW571900	2023-09-28	21590613	09:14:00	CpfosMy	Chloorpyrifos-methyl	<	1,5	ng/L
OW571900	2023-09-28	21590613	09:14:00	Cprofam	Chloorprofam	<	4	ng/L
OW571900	2023-09-28	21590613	09:14:00	Cr o	Chroom	<	1,5	µg/L
OW571900	2023-09-28	21590613	09:14:00	Ctoluron	Chloortoluron	=	28	ng/L
OW571900	2023-09-28	21590613	09:14:00	Cu o	Koper	<	2	µg/L
OW571900	2023-09-28	21590613	09:14:00	Cyanaz	Cyanazine	<	5	ng/L
OW571900	2023-09-28	21590613	09:14:00	Cybutrine	Cybutrine	<	1	ng/L
OW571900	2023-09-28	21590613	09:14:00	Cypmethrin	Cypermethrin	<	3	ng/L
OW571900	2023-09-28	21590613	09:14:00	CZV	Chemisch zuurstofverbruik	=	14,4	mgO2/L
OW571900	2023-09-28	21590613	09:14:00	DCvos	Dichloorvos	<	0,5	ng/L
OW571900	2023-09-28	21590613	09:14:00	DDT t	DDT, totaal	<	9,5	ng/L
OW571900	2023-09-28	21590613	09:14:00	Demeton	Demeton	<	4,5	ng/L
OW571900	2023-09-28	21590613	09:14:00	DEyatraz	Desethylatrazine	=	12	ng/L
OW571900	2023-09-28	21590613	09:14:00	DEytByaz	Desethylterbutylazine	<	10	ng/L
OW571900	2023-09-28	21590613	09:14:00	dHCH	delta-Hexachloorcyclohexaan	<	0,75	ng/L
OW571900	2023-09-28	21590613	09:14:00	Diazinon	Diazinon	<	2	ng/L
OW571900	2023-09-28	21590613	09:14:00	Dicamba	Dicamba	<	150	ng/L
OW571900	2023-09-28	21590613	09:14:00	Dieldrin	Dieldrin	<	1	ng/L
OW571900	2023-09-28	21590613	09:14:00	DiMetamid	Dimethenamid	=	15	ng/L
OW571900	2023-09-28	21590613	09:14:00	DiMetmorf	Dimethomorf	<	10	ng/L
OW571900	2023-09-28	21590613	09:14:00	DiPyatraz	Desisopropylatrazine	<	10	ng/L
OW571900	2023-09-28	21590613	09:14:00	Diuron	Diuron	=	21	ng/L
OW571900	2023-09-28	21590613	09:14:00	Dmetoat	Dimethoaat	<	3	ng/L
OW571900	2023-09-28	21590613	09:14:00	DNOC	4,6-Dinitro-o-cresol	<	25	ng/L
OW571900	2023-09-28	21590613	09:14:00	DOC	Koolstof	=	6,5	mgC/L
OW571900	2023-09-28	21590613	09:14:00	Dsulfoton	Disulfoton	<	4,5	ng/L
OW571900	2023-09-28	21590613	09:14:00	EC 20	Geleidbaarheid (20°C)	=	912	µS/cm
OW571900	2023-09-28	21590613	09:14:00	EC 25	Geleidbaarheid (25°C)	=	999,096	µS/cm
OW571900	2023-09-28	21590613	09:14:00	EndoS	Endosulfansulfaat	<	1	ng/L
OW571900	2023-09-28	21590613	09:14:00	Endrin	Endrin	<	0,75	ng/L
OW571900	2023-09-28	21590613	09:14:00	Etfum	Ethofumesaat	=	20	ng/L
OW571900	2023-09-28	21590613	09:14:00	Ethopfos	Ethoprofos	<	2,5	ng/L
OW571900	2023-09-28	21590613	09:14:00	Fe o	Ijzer	<	12,5	µg/L
OW571900	2023-09-28	21590613	09:14:00	Fenithion	Fenitrothion	<	1,5	ng/L
OW571900	2023-09-28	21590613	09:14:00	Fenoprop	Fenoprop	<	25	ng/L
OW571900	2023-09-28	21590613	09:14:00	Fenthion	Fenthion	<	2,5	ng/L
OW571900	2023-09-28	21590613	09:14:00	Feofyt a	Feofytine a	=	9,4	µg/L
OW571900	2023-09-28	21590613	09:14:00	Fipronil	Fipronil	=	3,3	ng/L
OW571900	2023-09-28	21590613	09:14:00	Floxpyr	Fluroxypyr	<	50	ng/L
OW571900	2023-09-28	21590613	09:14:00	Flucet	Flufenacet	<	10	ng/L
OW571900	2023-09-28	21590613	09:14:00	Fonofos	Fonofos	<	2	ng/L
OW571900	2023-09-28	21590613	09:14:00	gHCH	gamma-Hexachloorcyclohexaan	<	0,75	ng/L
OW571900	2023-09-28	21590613	09:14:00	H t	Hardheid	=	29	°F
OW571900	2023-09-28	21590613	09:14:00	HCBdn	Hexachloorbutadieen	<	1	ng/L
OW571900	2023-09-28	21590613	09:14:00	HCBz	Hexachloorbenzeen	<	1,5	ng/L
OW571900	2023-09-28	21590613	09:14:00	HCH	Hexachloorcyclohexaan, alle isomeren	<	3	ng/L
OW571900	2023-09-28	21590613	09:14:00	Hexazinon	Hexazinon	<	10	ng/L
OW571900	2023-09-28	21590613	09:14:00	Hg o	Kwik	<	0,025	µg/L
OW571900	2023-09-28	21590613	09:14:00	HpC	Heptachloor	<	1	ng/L
OW571900	2023-09-28	21590613	09:14:00	HpC+Epx	Heptachloor+epoxyde	<	4	ng/L
OW571900	2023-09-28	21590613	09:14:00	Imcloprid	Imidacloprid	=	12	ng/L
OW571900	2023-09-28	21590613	09:14:00	Iproturon	Isoproturon	<	5	ng/L
OW571900	2023-09-28	21590613	09:14:00	Isodrin	Isodrin	<	0,375	ng/L
OW571900	2023-09-28	21590613	09:14:00	K o	Kalium	=	24000	µg/L
OW571900	2023-09-28	21590613	09:14:00	KjN	Kjeldahlstikstof	=	1,156	mgN/L
OW571900	2023-09-28	21590613	09:14:00	Lenacil	Lenacil	<	25	ng/L
OW571900	2023-09-28	21590613	09:14:00	Linuron	Linuron	<	5	ng/L
OW571900	2023-09-28	21590613	09:14:00	Malathion	Malathion	<	2,5	ng/L
OW571900	2023-09-28	21590613	09:14:00	Mbromuron	Metobromuron	<	20	ng/L
OW571900	2023-09-28	21590613	09:14:00	mBthiaz	Metabenzthiazuron	<	5	ng/L
OW571900	2023-09-28	21590613	09:14:00	MCPA	(4-Chloor-2-methylfenoxy)azijnzuur	=	88	ng/L
OW571900	2023-09-28	21590613	09:14:00	MCPB	4-(4-Chloor-2-methylfenoxy)boterzuur	<	25	ng/L
OW571900	2023-09-28	21590613	09:14:00	MCPP	Mecoprop	<	50	ng/L
OW571900	2023-09-28	21590613	09:14:00	Metaza	Metazachloor	=	24	ng/L
OW571900	2023-09-28	21590613	09:14:00	Metbuzin	Metribuzin	<	6	ng/L
OW571900	2023-09-28	21590613	09:14:00	Metcarb	Methiocarb	<	4,5	ng/L
OW571900	2023-09-28	21590613	09:14:00	Methidat	Methidation	<	3,5	ng/L
OW571900	2023-09-28	21590613	09:14:00	Metola	Metolachloor	=	16	ng/L
OW571900	2023-09-28	21590613	09:14:00	Metoxur	Metoxuron	<	5	ng/L
OW571900	2023-09-28	21590613	09:14:00	Mevinfos	Mevinfos	<	2	ng/L
OW571900	2023-09-28	21590613	09:14:00	Mg o	Magnesium	=	9600	µg/L
OW571900	2023-09-28	21590613	09:14:00	Mlinuron	Monolinuron	<	5	ng/L
OW571900	2023-09-28	21590613	09:14:00	Mmitron	Metamitron	<	5	ng/L
OW571900	2023-09-28	21590613	09:14:00	Mn o	Mangaan	=	24,2	µg/L
OW571900	2023-09-28	21590613	09:14:00	Mo o	Molybdeen	=	7	µg/L
OW571900	2023-09-28	21590613	09:14:00	MxyC	Methoxychloor	<	5	ng/L
OW571900	2023-09-28	21590613	09:14:00	N t	Stikstof	=	3,12	mgN/L
OW571900	2023-09-28	21590613	09:14:00	N+N	Nitraat+nitriet	=	1,964	mgN/L
OW571900	2023-09-28	21590613	09:14:00	N+N+N	Nitraat+nitriet+ammonium	=	2,314	mgN/L
OW571900	2023-09-28	21590613	09:14:00	Na o	Natrium	=	80000	µg/L
OW571900	2023-09-28	21590613	09:14:00	NH4+	Ammonium	=	0,35	mgN/L
OW571900	2023-09-28	21590613	09:14:00	Ni o	Nikkel	=	4	µg/L
OW571900	2023-09-28	21590613	09:14:00	NO2-	Nitriet	=	0,134	mgN/L
OW571900	2023-09-28	21590613	09:14:00	NO3-	Nitraat	=	1,83	mgN/L
OW571900	2023-09-28	21590613	09:14:00	O2	Zuurstof	=	7,59	mg/L
OW571900	2023-09-28	21590613	09:14:00	O2 verz	Zuurstof	=	79,9	%
OW571900	2023-09-28	21590613	09:14:00	OCP t	Organochloorpesticiden, totaal	<	21,75	ng/L
OW571900	2023-09-28	21590613	09:14:00	oPO4 f	Orthofosfaat	=	0,259	mgP/L
OW571900	2023-09-28	21590613	09:14:00	Oxadiazon	Oxadiazon	<	3	ng/L
OW571900	2023-09-28	21590613	09:14:00	P t	Fosfor	=	0,453	mgP/L
OW571900	2023-09-28	21590613	09:14:00	PathionEy	Parathion-ethyl	<	1	ng/L
OW571900	2023-09-28	21590613	09:14:00	PathionMy	Parathion-methyl	<	1,5	ng/L
OW571900	2023-09-28	21590613	09:14:00	Pb o	Lood	<	1,25	µg/L
OW571900	2023-09-28	21590613	09:14:00	PCB 101	2,2',4,5,5'-Pentachloorbifenyl (PCB101)	=	1,1	ng/L
OW571900	2023-09-28	21590613	09:14:00	PCB 118	2,3',4,4',5-Pentachloorbifenyl (PCB118)	<	1	ng/L
OW571900	2023-09-28	21590613	09:14:00	PCB 138	2,2',3,4,4',5'-Hexachloorbifenyl (PCB138)	=	1,09	ng/L
OW571900	2023-09-28	21590613	09:14:00	PCB 153	2,2',4,4',5,5'-Hexachloorbifenyl (PCB153)	=	1,27	ng/L
OW571900	2023-09-28	21590613	09:14:00	PCB 180	2,2',3,4,4',5,5'-Heptachloorbifenyl (PCB180)	<	1	ng/L
OW571900	2023-09-28	21590613	09:14:00	PCB 28	2,4,4'-Trichloorbifenyl (PCB28)	<	0,5	ng/L
OW571900	2023-09-28	21590613	09:14:00	PCB 52	2,2',5,5'-Tetrachloorbifenyl (PCB52)	<	1	ng/L
OW571900	2023-09-28	21590613	09:14:00	PCB t	Polychloorbifenyl, totaal	<	6,96	ng/L
OW571900	2023-09-28	21590613	09:14:00	PCBz	Pentachloorbenzeen	<	1,5	ng/L
OW571900	2023-09-28	21590613	09:14:00	PCNiBz	Pentachloornitrobenzeen	<	2	ng/L
OW571900	2023-09-28	21590613	09:14:00	pH	pH	=	7,97	-
OW571900	2023-09-28	21590613	09:14:00	Picarb	Pirimicarb	<	5	ng/L
OW571900	2023-09-28	21590613	09:14:00	PirfosMy	Pirimifos-methyl	<	3,5	ng/L
OW571900	2023-09-28	21590613	09:14:00	Prochloor	Propachloor	<	10	ng/L
OW571900	2023-09-28	21590613	09:14:00	Prometryn	Prometryn	<	10	ng/L
OW571900	2023-09-28	21590613	09:14:00	Propanil	Propanil	<	25	ng/L
OW571900	2023-09-28	21590613	09:14:00	Propaz	Propazine	<	10	ng/L
OW571900	2023-09-28	21590613	09:14:00	Proscarb	Prosulfocarb	<	100	ng/L
OW571900	2023-09-28	21590613	09:14:00	Quinofen	Quinoxyfen	<	1	ng/L
OW571900	2023-09-28	21590613	09:14:00	Sb o	Antimoon	<	3	µg/L
OW571900	2023-09-28	21590613	09:14:00	Se o	Seleen	<	1,5	µg/L
OW571900	2023-09-28	21590613	09:14:00	Sebutylaz	Sebutylazine	<	10	ng/L
OW571900	2023-09-28	21590613	09:14:00	Secchi	Doorzichtigheid	=	40	cm
OW571900	2023-09-28	21590613	09:14:00	Simaz	Simazine	<	10	ng/L
OW571900	2023-09-28	21590613	09:14:00	Sn o	Tin	<	1,5	µg/L
OW571900	2023-09-28	21590613	09:14:00	SO4=	Sulfaat	=	74	mg/L
OW571900	2023-09-28	21590613	09:14:00	T	Temperatuur	=	18,1	°C
OW571900	2023-09-28	21590613	09:14:00	TAM	Alkaliniteit met methyloranje	=	5	meq/L
OW571900	2023-09-28	21590613	09:14:00	tCdaan	trans-Chloordaan	<	0,5	ng/L
OW571900	2023-09-28	21590613	09:14:00	TclofosMy	Tolclofos-methyl	<	2,5	ng/L
OW571900	2023-09-28	21590613	09:14:00	Te o	Telluur	<	2,5	µg/L
OW571900	2023-09-28	21590613	09:14:00	Telodrin	Telodrin	<	1	ng/L
OW571900	2023-09-28	21590613	09:14:00	Terbufos	Terbufos	<	2,5	ng/L
OW571900	2023-09-28	21590613	09:14:00	Terbutryn	Terbutryn	<	10	ng/L
OW571900	2023-09-28	21590613	09:14:00	Tfluralin	Trifluralin	<	2	ng/L
OW571900	2023-09-28	21590613	09:14:00	Thiacloprid	Thiacloprid	<	2,5	ng/L
OW571900	2023-09-28	21590613	09:14:00	tHpCEpx	trans-Heptachloorepoxyde	<	2	ng/L
OW571900	2023-09-28	21590613	09:14:00	Ti o	Titaan	<	2	µg/L
OW571900	2023-09-28	21590613	09:14:00	Tl o	Thallium	=	0,402	µg/L
OW571900	2023-09-28	21590613	09:14:00	Tmethoxam	Thiamethoxam	<	5	ng/L
OW571900	2023-09-28	21590613	09:14:00	TrByaz	Terbutylazine	=	13	ng/L
OW571900	2023-09-28	21590613	09:14:00	Triazofos	Triazofos	<	2	ng/L
OW571900	2023-09-28	21590613	09:14:00	Triclopyr	Triclopyr	<	50	ng/L
OW571900	2023-09-28	21590613	09:14:00	U o	Uranium	=	0,69	µg/L
OW571900	2023-09-28	21590613	09:14:00	V o	Vanadium	<	3	µg/L
OW571900	2023-09-28	21590613	09:14:00	Zn o	Zink	<	7,5	µg/L
OW571900	2023-09-28	21590613	09:14:00	ZS	Zwevende stoffen	=	25	mg/L
OW571900	2023-10-19	21591458	09:29:00	1234CBz	1,2,3,4-Tetrachloorbenzeen	<	1	ng/L
OW571900	2023-10-19	21591458	09:29:00	1235+1245CBz	1,2,3,5+1,2,4,5-Tetrachloorbenzeen	<	1,5	ng/L
OW571900	2023-10-19	21591458	09:29:00	2356CNiBz	2,3,5,6-Tetrachloornitrobenzeen	<	2	ng/L
OW571900	2023-10-19	21591458	09:29:00	24-D	2,4-Dichloorfenoxyazijnzuur	<	25	ng/L
OW571900	2023-10-19	21591458	09:29:00	24-DB	2,4-Dichloorfenoxybutaanzuur	<	25	ng/L
OW571900	2023-10-19	21591458	09:29:00	24-DP	Dichloorprop	<	25	ng/L
OW571900	2023-10-19	21591458	09:29:00	245-T	2,4,5-Trichloorfenoxyazijnzuur	<	25	ng/L
OW571900	2023-10-19	21591458	09:29:00	24DDD	op'Dichloordifenyldichloorethaan	<	1	ng/L
OW571900	2023-10-19	21591458	09:29:00	24DDE	op'Dichloordifenyldichlooretheen	<	1	ng/L
OW571900	2023-10-19	21591458	09:29:00	24DDT	op'Dichloordifenyltrichloorethaan	<	1	ng/L
OW571900	2023-10-19	21591458	09:29:00	24NiFol	2,4-Dinitrofenol	<	25	ng/L
OW571900	2023-10-19	21591458	09:29:00	2hAtraz	2-Hydroxy-atrazine	=	17	ng/L
OW571900	2023-10-19	21591458	09:29:00	44DDD	pp'Dichloordifenyldichloorethaan	<	1	ng/L
OW571900	2023-10-19	21591458	09:29:00	44DDE	pp'Dichloordifenyldichlooretheen	<	1	ng/L
OW571900	2023-10-19	21591458	09:29:00	44DDT	pp'Dichloordifenyltrichloorethaan	<	1	ng/L
OW571900	2023-10-19	21591458	09:29:00	a+b+d+gHCHS	alfa+beta+gamma+delta Hexachloorcyclohexaan	<	3	ng/L
OW571900	2023-10-19	21591458	09:29:00	a+bEndoS	alfa+beta Endosulfan	<	2	ng/L
OW571900	2023-10-19	21591458	09:29:00	Acetamiprid	Acetamiprid	<	5	ng/L
OW571900	2023-10-19	21591458	09:29:00	Aclonifen	Aclonifen	<	2,5	ng/L
OW571900	2023-10-19	21591458	09:29:00	ADEIdrin	Aldrin+Dieldrin+Endrin+Isodrin	<	2,125	ng/L
OW571900	2023-10-19	21591458	09:29:00	aEndo	alfa-Endosulfan	<	1	ng/L
OW571900	2023-10-19	21591458	09:29:00	Ag o	Zilver	<	0,05	µg/L
OW571900	2023-10-19	21591458	09:29:00	aHCH	alfa-Hexachloorcyclohexaan	<	0,75	ng/L
OW571900	2023-10-19	21591458	09:29:00	Al o	Aluminium	<	150	µg/L
OW571900	2023-10-19	21591458	09:29:00	Alachloor	Alachloor	<	10	ng/L
OW571900	2023-10-19	21591458	09:29:00	Aldrin	Aldrin	<	0,375	ng/L
OW571900	2023-10-19	21591458	09:29:00	As o	Arseen	=	2,7	µg/L
OW571900	2023-10-19	21591458	09:29:00	Atraz	Atrazine	<	10	ng/L
OW571900	2023-10-19	21591458	09:29:00	AzinfosEy	Azinfos-ethyl	<	1,5	ng/L
OW571900	2023-10-19	21591458	09:29:00	AzinfosMy	Azinfos-methyl	<	1	ng/L
OW571900	2023-10-19	21591458	09:29:00	B o	Boor	=	112	µg/L
OW571900	2023-10-19	21591458	09:29:00	Ba o	Barium	=	36	µg/L
OW571900	2023-10-19	21591458	09:29:00	BAM	2,6-Dichloorbenzamide	=	30	ng/L
OW571900	2023-10-19	21591458	09:29:00	Be o	Beryllium	<	0,15	µg/L
OW571900	2023-10-19	21591458	09:29:00	bEndo	beta-Endosulfan	<	1	ng/L
OW571900	2023-10-19	21591458	09:29:00	Bentazone	Bentazone	<	50	ng/L
OW571900	2023-10-19	21591458	09:29:00	bHCH	beta-Hexachloorcyclohexaan	<	0,75	ng/L
OW571900	2023-10-19	21591458	09:29:00	Bifenox	Bifenox	<	2	ng/L
OW571900	2023-10-19	21591458	09:29:00	BrfosEy	Bromofos-ethyl	<	2,5	ng/L
OW571900	2023-10-19	21591458	09:29:00	BrfosMy	Bromofos-methyl	<	1,5	ng/L
OW571900	2023-10-19	21591458	09:29:00	Bromacil	Bromacil	<	10	ng/L
OW571900	2023-10-19	21591458	09:29:00	Bromoxyn	Bromoxynil	<	25	ng/L
OW571900	2023-10-19	21591458	09:29:00	Ca o	Calcium	=	105000	µg/L
OW571900	2023-10-19	21591458	09:29:00	Carbdzim	Carbendazim	=	28	ng/L
OW571900	2023-10-19	21591458	09:29:00	Cartamid	Carbetamide	<	10	ng/L
OW571900	2023-10-19	21591458	09:29:00	Cbromuron	Chloorbromuron	<	15	ng/L
OW571900	2023-10-19	21591458	09:29:00	cCdaan	cis-Chloordaan	<	0,5	ng/L
OW571900	2023-10-19	21591458	09:29:00	Cd o	Cadmium	<	0,05	µg/L
OW571900	2023-10-19	21591458	09:29:00	Cdaan	Chloordaan	<	1	ng/L
OW571900	2023-10-19	21591458	09:29:00	Cdazon	Chloridazon	<	5	ng/L
OW571900	2023-10-19	21591458	09:29:00	Cfvinfos	Chloorfenvinfos	<	1,5	ng/L
OW571900	2023-10-19	21591458	09:29:00	cHpCEpx	cis-Heptachloorepoxyde	<	1	ng/L
OW571900	2023-10-19	21591458	09:29:00	Cl-	Chloride	=	142	mg/L
OW571900	2023-10-19	21591458	09:29:00	Clopyralid	Clopyralid	<	125	ng/L
OW571900	2023-10-19	21591458	09:29:00	Clotidine	Clothianidine	<	2,5	ng/L
OW571900	2023-10-19	21591458	09:29:00	Co o	Kobalt	=	0,7	µg/L
OW571900	2023-10-19	21591458	09:29:00	CpfosEy	Chloorpyrifos-ethyl	<	2	ng/L
OW571900	2023-10-19	21591458	09:29:00	CpfosMy	Chloorpyrifos-methyl	<	1,5	ng/L
OW571900	2023-10-19	21591458	09:29:00	Cprofam	Chloorprofam	<	2	ng/L
OW571900	2023-10-19	21591458	09:29:00	Cr o	Chroom	<	1,5	µg/L
OW571900	2023-10-19	21591458	09:29:00	Ctoluron	Chloortoluron	=	48	ng/L
OW571900	2023-10-19	21591458	09:29:00	Cu o	Koper	<	2	µg/L
OW571900	2023-10-19	21591458	09:29:00	Cumafos	Cumafos	<	2,5	ng/L
OW571900	2023-10-19	21591458	09:29:00	Cyanaz	Cyanazine	<	5	ng/L
OW571900	2023-10-19	21591458	09:29:00	Cybutrine	Cybutrine	<	1	ng/L
OW571900	2023-10-19	21591458	09:29:00	Cypmethrin	Cypermethrin	<	3	ng/L
OW571900	2023-10-19	21591458	09:29:00	CZV	Chemisch zuurstofverbruik	=	19	mgO2/L
OW571900	2023-10-19	21591458	09:29:00	DCvos	Dichloorvos	<	0,5	ng/L
OW571900	2023-10-19	21591458	09:29:00	DDT t	DDT, totaal	<	4	ng/L
OW571900	2023-10-19	21591458	09:29:00	Demeton	Demeton	<	4,5	ng/L
OW571900	2023-10-19	21591458	09:29:00	DEyatraz	Desethylatrazine	=	13	ng/L
OW571900	2023-10-19	21591458	09:29:00	DEytByaz	Desethylterbutylazine	<	10	ng/L
OW571900	2023-10-19	21591458	09:29:00	dHCH	delta-Hexachloorcyclohexaan	<	0,75	ng/L
OW571900	2023-10-19	21591458	09:29:00	Diazinon	Diazinon	<	2	ng/L
OW571900	2023-10-19	21591458	09:29:00	Dicamba	Dicamba	<	150	ng/L
OW571900	2023-10-19	21591458	09:29:00	Dieldrin	Dieldrin	<	1	ng/L
OW571900	2023-10-19	21591458	09:29:00	DiMetamid	Dimethenamid	<	10	ng/L
OW571900	2023-10-19	21591458	09:29:00	DiMetmorf	Dimethomorf	=	10	ng/L
OW571900	2023-10-19	21591458	09:29:00	DiPyatraz	Desisopropylatrazine	<	10	ng/L
OW571900	2023-10-19	21591458	09:29:00	Diuron	Diuron	=	17	ng/L
OW571900	2023-10-19	21591458	09:29:00	Dmetoat	Dimethoaat	<	3	ng/L
OW571900	2023-10-19	21591458	09:29:00	DNOC	4,6-Dinitro-o-cresol	<	25	ng/L
OW571900	2023-10-19	21591458	09:29:00	DOC	Koolstof	=	6,1	mgC/L
OW571900	2023-10-19	21591458	09:29:00	Dsulfoton	Disulfoton	<	4,5	ng/L
OW571900	2023-10-19	21591458	09:29:00	EC 20	Geleidbaarheid (20°C)	=	1008	µS/cm
OW571900	2023-10-19	21591458	09:29:00	EC 25	Geleidbaarheid (25°C)	=	1104,264	µS/cm
OW571900	2023-10-19	21591458	09:29:00	EndoS	Endosulfansulfaat	<	1	ng/L
OW571900	2023-10-19	21591458	09:29:00	Endrin	Endrin	<	0,375	ng/L
OW571900	2023-10-19	21591458	09:29:00	Ethopfos	Ethoprofos	<	2,5	ng/L
OW571900	2023-10-19	21591458	09:29:00	Fe o	Ijzer	<	25	µg/L
OW571900	2023-10-19	21591458	09:29:00	Fenithion	Fenitrothion	<	1,5	ng/L
OW571900	2023-10-19	21591458	09:29:00	Fenoprop	Fenoprop	<	25	ng/L
OW571900	2023-10-19	21591458	09:29:00	Fenthion	Fenthion	<	2,5	ng/L
OW571900	2023-10-19	21591458	09:29:00	Fipronil	Fipronil	=	4,9	ng/L
OW571900	2023-10-19	21591458	09:29:00	Floxpyr	Fluroxypyr	<	25	ng/L
OW571900	2023-10-19	21591458	09:29:00	Flucet	Flufenacet	<	10	ng/L
OW571900	2023-10-19	21591458	09:29:00	Fonofos	Fonofos	<	2	ng/L
OW571900	2023-10-19	21591458	09:29:00	gHCH	gamma-Hexachloorcyclohexaan	<	0,75	ng/L
OW571900	2023-10-19	21591458	09:29:00	H t	Hardheid	=	31	°F
OW571900	2023-10-19	21591458	09:29:00	HCBdn	Hexachloorbutadieen	<	1	ng/L
OW571900	2023-10-19	21591458	09:29:00	HCBz	Hexachloorbenzeen	<	1,5	ng/L
OW571900	2023-10-19	21591458	09:29:00	HCH	Hexachloorcyclohexaan, alle isomeren	<	3	ng/L
OW571900	2023-10-19	21591458	09:29:00	Hexazinon	Hexazinon	<	10	ng/L
OW571900	2023-10-19	21591458	09:29:00	Hg o	Kwik	<	0,025	µg/L
OW571900	2023-10-19	21591458	09:29:00	HpC	Heptachloor	<	1	ng/L
OW571900	2023-10-19	21591458	09:29:00	HpC+Epx	Heptachloor+epoxyde	<	4	ng/L
OW571900	2023-10-19	21591458	09:29:00	Imcloprid	Imidacloprid	=	13	ng/L
OW571900	2023-10-19	21591458	09:29:00	Iproturon	Isoproturon	<	5	ng/L
OW571900	2023-10-19	21591458	09:29:00	Isodrin	Isodrin	<	0,375	ng/L
OW571900	2023-10-19	21591458	09:29:00	K o	Kalium	=	30000	µg/L
OW571900	2023-10-19	21591458	09:29:00	KjN	Kjeldahlstikstof	=	1,462	mgN/L
OW571900	2023-10-19	21591458	09:29:00	Lenacil	Lenacil	<	25	ng/L
OW571900	2023-10-19	21591458	09:29:00	Linuron	Linuron	<	5	ng/L
OW571900	2023-10-19	21591458	09:29:00	Malathion	Malathion	<	2,5	ng/L
OW571900	2023-10-19	21591458	09:29:00	Mbromuron	Metobromuron	<	10	ng/L
OW571900	2023-10-19	21591458	09:29:00	mBthiaz	Metabenzthiazuron	<	5	ng/L
OW571900	2023-10-19	21591458	09:29:00	MCPA	(4-Chloor-2-methylfenoxy)azijnzuur	=	65	ng/L
OW571900	2023-10-19	21591458	09:29:00	MCPB	4-(4-Chloor-2-methylfenoxy)boterzuur	<	25	ng/L
OW571900	2023-10-19	21591458	09:29:00	MCPP	Mecoprop	<	50	ng/L
OW571900	2023-10-19	21591458	09:29:00	Metaza	Metazachloor	=	23	ng/L
OW571900	2023-10-19	21591458	09:29:00	Metcarb	Methiocarb	<	4,5	ng/L
OW571900	2023-10-19	21591458	09:29:00	Methidat	Methidation	<	3,5	ng/L
OW571900	2023-10-19	21591458	09:29:00	Metola	Metolachloor	<	5	ng/L
OW571900	2023-10-19	21591458	09:29:00	Metoxur	Metoxuron	<	5	ng/L
OW571900	2023-10-19	21591458	09:29:00	Mevinfos	Mevinfos	<	2	ng/L
OW571900	2023-10-19	21591458	09:29:00	Mg o	Magnesium	=	11300	µg/L
OW571900	2023-10-19	21591458	09:29:00	Mlinuron	Monolinuron	<	5	ng/L
OW571900	2023-10-19	21591458	09:29:00	Mmitron	Metamitron	<	5	ng/L
OW571900	2023-10-19	21591458	09:29:00	Mn o	Mangaan	=	51	µg/L
OW571900	2023-10-19	21591458	09:29:00	Mo o	Molybdeen	=	8,4	µg/L
OW571900	2023-10-19	21591458	09:29:00	MxyC	Methoxychloor	<	1	ng/L
OW571900	2023-10-19	21591458	09:29:00	N t	Stikstof	=	4,2	mgN/L
OW571900	2023-10-19	21591458	09:29:00	N+N	Nitraat+nitriet	=	2,738	mgN/L
OW571900	2023-10-19	21591458	09:29:00	N+N+N	Nitraat+nitriet+ammonium	=	3,208	mgN/L
OW571900	2023-10-19	21591458	09:29:00	Na o	Natrium	=	99000	µg/L
OW571900	2023-10-19	21591458	09:29:00	NH4+	Ammonium	=	0,47	mgN/L
OW571900	2023-10-19	21591458	09:29:00	Ni o	Nikkel	=	4,9	µg/L
OW571900	2023-10-19	21591458	09:29:00	NO2-	Nitriet	=	0,108	mgN/L
OW571900	2023-10-19	21591458	09:29:00	NO3-	Nitraat	=	2,63	mgN/L
OW571900	2023-10-19	21591458	09:29:00	O2	Zuurstof	=	6,99	mg/L
OW571900	2023-10-19	21591458	09:29:00	O2 verz	Zuurstof	=	69,8	%
OW571900	2023-10-19	21591458	09:29:00	OCP t	Organochloorpesticiden, totaal	<	15,875	ng/L
OW571900	2023-10-19	21591458	09:29:00	oPO4 f	Orthofosfaat	=	0,276	mgP/L
OW571900	2023-10-19	21591458	09:29:00	Oxadiazon	Oxadiazon	<	6	ng/L
OW571900	2023-10-19	21591458	09:29:00	P t	Fosfor	=	0,487	mgP/L
OW571900	2023-10-19	21591458	09:29:00	PathionEy	Parathion-ethyl	<	1	ng/L
OW571900	2023-10-19	21591458	09:29:00	PathionMy	Parathion-methyl	<	1,5	ng/L
OW571900	2023-10-19	21591458	09:29:00	Pb o	Lood	<	1,25	µg/L
OW571900	2023-10-19	21591458	09:29:00	PCB 101	2,2',4,5,5'-Pentachloorbifenyl (PCB101)	<	1	ng/L
OW571900	2023-10-19	21591458	09:29:00	PCB 118	2,3',4,4',5-Pentachloorbifenyl (PCB118)	<	0,5	ng/L
OW571900	2023-10-19	21591458	09:29:00	PCB 138	2,2',3,4,4',5'-Hexachloorbifenyl (PCB138)	<	1	ng/L
OW571900	2023-10-19	21591458	09:29:00	PCB 153	2,2',4,4',5,5'-Hexachloorbifenyl (PCB153)	<	1	ng/L
OW571900	2023-10-19	21591458	09:29:00	PCB 180	2,2',3,4,4',5,5'-Heptachloorbifenyl (PCB180)	<	0,5	ng/L
OW571900	2023-10-19	21591458	09:29:00	PCB 28	2,4,4'-Trichloorbifenyl (PCB28)	<	0,5	ng/L
OW571900	2023-10-19	21591458	09:29:00	PCB 52	2,2',5,5'-Tetrachloorbifenyl (PCB52)	<	1	ng/L
OW571900	2023-10-19	21591458	09:29:00	PCB t	Polychloorbifenyl, totaal	<	5,5	ng/L
OW571900	2023-10-19	21591458	09:29:00	PCBz	Pentachloorbenzeen	<	1,5	ng/L
OW571900	2023-10-19	21591458	09:29:00	PCNiBz	Pentachloornitrobenzeen	<	2	ng/L
OW571900	2023-10-19	21591458	09:29:00	pH	pH	=	7,94	-
OW571900	2023-10-19	21591458	09:29:00	Picarb	Pirimicarb	<	10	ng/L
OW571900	2023-10-19	21591458	09:29:00	PirfosMy	Pirimifos-methyl	<	3,5	ng/L
OW571900	2023-10-19	21591458	09:29:00	Prochloor	Propachloor	<	10	ng/L
OW571900	2023-10-19	21591458	09:29:00	Prometryn	Prometryn	<	10	ng/L
OW571900	2023-10-19	21591458	09:29:00	Propanil	Propanil	<	25	ng/L
OW571900	2023-10-19	21591458	09:29:00	Propaz	Propazine	<	10	ng/L
OW571900	2023-10-19	21591458	09:29:00	Quinofen	Quinoxyfen	<	1	ng/L
OW571900	2023-10-19	21591458	09:29:00	Sb o	Antimoon	<	3	µg/L
OW571900	2023-10-19	21591458	09:29:00	Se o	Seleen	<	0,75	µg/L
OW571900	2023-10-19	21591458	09:29:00	Sebutylaz	Sebutylazine	<	10	ng/L
OW571900	2023-10-19	21591458	09:29:00	Simaz	Simazine	<	5	ng/L
OW571900	2023-10-19	21591458	09:29:00	Sn o	Tin	<	1,5	µg/L
OW571900	2023-10-19	21591458	09:29:00	SO4=	Sulfaat	=	88	mg/L
OW571900	2023-10-19	21591458	09:29:00	T	Temperatuur	=	14,2	°C
OW571900	2023-10-19	21591458	09:29:00	TAM	Alkaliniteit met methyloranje	=	5,5	meq/L
OW571900	2023-10-19	21591458	09:29:00	tCdaan	trans-Chloordaan	<	0,5	ng/L
OW571900	2023-10-19	21591458	09:29:00	TclofosMy	Tolclofos-methyl	<	2,5	ng/L
OW571900	2023-10-19	21591458	09:29:00	Te o	Telluur	<	2,5	µg/L
OW571900	2023-10-19	21591458	09:29:00	Telodrin	Telodrin	<	1	ng/L
OW571900	2023-10-19	21591458	09:29:00	Terbufos	Terbufos	<	2,5	ng/L
OW571900	2023-10-19	21591458	09:29:00	Terbutryn	Terbutryn	<	10	ng/L
OW571900	2023-10-19	21591458	09:29:00	Tfluralin	Trifluralin	<	2	ng/L
OW571900	2023-10-19	21591458	09:29:00	Thiacloprid	Thiacloprid	<	2,5	ng/L
OW571900	2023-10-19	21591458	09:29:00	tHpCEpx	trans-Heptachloorepoxyde	<	2	ng/L
OW571900	2023-10-19	21591458	09:29:00	Ti o	Titaan	<	2	µg/L
OW571900	2023-10-19	21591458	09:29:00	Tl o	Thallium	=	0,415	µg/L
OW571900	2023-10-19	21591458	09:29:00	Tmethoxam	Thiamethoxam	<	5	ng/L
OW571900	2023-10-19	21591458	09:29:00	TrByaz	Terbutylazine	<	10	ng/L
OW571900	2023-10-19	21591458	09:29:00	Triazofos	Triazofos	<	2	ng/L
OW571900	2023-10-19	21591458	09:29:00	Triclopyr	Triclopyr	<	25	ng/L
OW571900	2023-10-19	21591458	09:29:00	U o	Uranium	=	0,72	µg/L
OW571900	2023-10-19	21591458	09:29:00	V o	Vanadium	<	3	µg/L
OW571900	2023-10-19	21591458	09:29:00	Zn o	Zink	<	7,5	µg/L
OW571900	2023-10-19	21591458	09:29:00	ZS	Zwevende stoffen	=	28	mg/L
OW571900	2023-11-08	21592373	08:47:00	1234CBz	1,2,3,4-Tetrachloorbenzeen	<	1	ng/L
OW571900	2023-11-08	21592373	08:47:00	1235+1245CBz	1,2,3,5+1,2,4,5-Tetrachloorbenzeen	<	1,5	ng/L
OW571900	2023-11-08	21592373	08:47:00	2356CNiBz	2,3,5,6-Tetrachloornitrobenzeen	<	2	ng/L
OW571900	2023-11-08	21592373	08:47:00	24-D	2,4-Dichloorfenoxyazijnzuur	<	25	ng/L
OW571900	2023-11-08	21592373	08:47:00	24-DB	2,4-Dichloorfenoxybutaanzuur	<	25	ng/L
OW571900	2023-11-08	21592373	08:47:00	24-DP	Dichloorprop	<	25	ng/L
OW571900	2023-11-08	21592373	08:47:00	245-T	2,4,5-Trichloorfenoxyazijnzuur	<	25	ng/L
OW571900	2023-11-08	21592373	08:47:00	24DDD	op'Dichloordifenyldichloorethaan	<	1	ng/L
OW571900	2023-11-08	21592373	08:47:00	24DDE	op'Dichloordifenyldichlooretheen	<	1	ng/L
OW571900	2023-11-08	21592373	08:47:00	24DDT	op'Dichloordifenyltrichloorethaan	<	1	ng/L
OW571900	2023-11-08	21592373	08:47:00	24NiFol	2,4-Dinitrofenol	<	25	ng/L
OW571900	2023-11-08	21592373	08:47:00	2hAtraz	2-Hydroxy-atrazine	=	43	ng/L
OW571900	2023-11-08	21592373	08:47:00	44DDD	pp'Dichloordifenyldichloorethaan	<	1	ng/L
OW571900	2023-11-08	21592373	08:47:00	44DDE	pp'Dichloordifenyldichlooretheen	<	1	ng/L
OW571900	2023-11-08	21592373	08:47:00	44DDT	pp'Dichloordifenyltrichloorethaan	<	1	ng/L
OW571900	2023-11-08	21592373	08:47:00	a+b+d+gHCHS	alfa+beta+gamma+delta Hexachloorcyclohexaan	<	3	ng/L
OW571900	2023-11-08	21592373	08:47:00	a+bEndoS	alfa+beta Endosulfan	<	2	ng/L
OW571900	2023-11-08	21592373	08:47:00	Acetamiprid	Acetamiprid	<	2,5	ng/L
OW571900	2023-11-08	21592373	08:47:00	Aclonifen	Aclonifen	<	5	ng/L
OW571900	2023-11-08	21592373	08:47:00	ADEIdrin	Aldrin+Dieldrin+Endrin+Isodrin	<	2,125	ng/L
OW571900	2023-11-08	21592373	08:47:00	aEndo	alfa-Endosulfan	<	1	ng/L
OW571900	2023-11-08	21592373	08:47:00	Ag o	Zilver	<	0,05	µg/L
OW571900	2023-11-08	21592373	08:47:00	aHCH	alfa-Hexachloorcyclohexaan	<	0,75	ng/L
OW571900	2023-11-08	21592373	08:47:00	Al o	Aluminium	<	150	µg/L
OW571900	2023-11-08	21592373	08:47:00	Alachloor	Alachloor	<	10	ng/L
OW571900	2023-11-08	21592373	08:47:00	Aldrin	Aldrin	<	0,375	ng/L
OW571900	2023-11-08	21592373	08:47:00	As o	Arseen	=	2,23	µg/L
OW571900	2023-11-08	21592373	08:47:00	Atraz	Atrazine	<	5	ng/L
OW571900	2023-11-08	21592373	08:47:00	AzinfosMy	Azinfos-methyl	<	1	ng/L
OW571900	2023-11-08	21592373	08:47:00	B o	Boor	=	64	µg/L
OW571900	2023-11-08	21592373	08:47:00	Ba o	Barium	=	26	µg/L
OW571900	2023-11-08	21592373	08:47:00	BAM	2,6-Dichloorbenzamide	=	190	ng/L
OW571900	2023-11-08	21592373	08:47:00	Be o	Beryllium	<	0,15	µg/L
OW571900	2023-11-08	21592373	08:47:00	bEndo	beta-Endosulfan	<	1	ng/L
OW571900	2023-11-08	21592373	08:47:00	Bentazone	Bentazone	=	66	ng/L
OW571900	2023-11-08	21592373	08:47:00	bHCH	beta-Hexachloorcyclohexaan	<	0,75	ng/L
OW571900	2023-11-08	21592373	08:47:00	Bifenox	Bifenox	<	2	ng/L
OW571900	2023-11-08	21592373	08:47:00	BrfosEy	Bromofos-ethyl	<	2,5	ng/L
OW571900	2023-11-08	21592373	08:47:00	BrfosMy	Bromofos-methyl	<	1,5	ng/L
OW571900	2023-11-08	21592373	08:47:00	Bromacil	Bromacil	<	10	ng/L
OW571900	2023-11-08	21592373	08:47:00	Bromoxyn	Bromoxynil	<	25	ng/L
OW571900	2023-11-08	21592373	08:47:00	BZV5	Biochemisch zuurstofverbruik na 5d.	=	3,2	mgO2/L
OW571900	2023-11-08	21592373	08:47:00	Ca o	Calcium	=	82000	µg/L
OW571900	2023-11-08	21592373	08:47:00	Carbdzim	Carbendazim	<	10	ng/L
OW571900	2023-11-08	21592373	08:47:00	Cartamid	Carbetamide	<	10	ng/L
OW571900	2023-11-08	21592373	08:47:00	Cbromuron	Chloorbromuron	<	15	ng/L
OW571900	2023-11-08	21592373	08:47:00	cCdaan	cis-Chloordaan	<	0,5	ng/L
OW571900	2023-11-08	21592373	08:47:00	Cd o	Cadmium	<	0,05	µg/L
OW571900	2023-11-08	21592373	08:47:00	Cdaan	Chloordaan	<	1	ng/L
OW571900	2023-11-08	21592373	08:47:00	Cdazon	Chloridazon	<	5	ng/L
OW571900	2023-11-08	21592373	08:47:00	Cfvinfos	Chloorfenvinfos	<	1,5	ng/L
OW571900	2023-11-08	21592373	08:47:00	cHpCEpx	cis-Heptachloorepoxyde	<	1	ng/L
OW571900	2023-11-08	21592373	08:47:00	Cl-	Chloride	=	41	mg/L
OW571900	2023-11-08	21592373	08:47:00	Clopyralid	Clopyralid	<	125	ng/L
OW571900	2023-11-08	21592373	08:47:00	Clotidine	Clothianidine	<	5	ng/L
OW571900	2023-11-08	21592373	08:47:00	Co o	Kobalt	=	0,45	µg/L
OW571900	2023-11-08	21592373	08:47:00	CpfosEy	Chloorpyrifos-ethyl	<	2	ng/L
OW571900	2023-11-08	21592373	08:47:00	CpfosMy	Chloorpyrifos-methyl	<	1,5	ng/L
OW571900	2023-11-08	21592373	08:47:00	Cprofam	Chloorprofam	=	4,7	ng/L
OW571900	2023-11-08	21592373	08:47:00	Cr o	Chroom	<	1,5	µg/L
OW571900	2023-11-08	21592373	08:47:00	Ctoluron	Chloortoluron	=	127	ng/L
OW571900	2023-11-08	21592373	08:47:00	Cu o	Koper	<	4	µg/L
OW571900	2023-11-08	21592373	08:47:00	Cumafos	Cumafos	<	2,5	ng/L
OW571900	2023-11-08	21592373	08:47:00	Cyanaz	Cyanazine	<	5	ng/L
OW571900	2023-11-08	21592373	08:47:00	Cybutrine	Cybutrine	<	1	ng/L
OW571900	2023-11-08	21592373	08:47:00	Cypmethrin	Cypermethrin	<	3	ng/L
OW571900	2023-11-08	21592373	08:47:00	CZV	Chemisch zuurstofverbruik	=	27	mgO2/L
OW571900	2023-11-08	21592373	08:47:00	DCvos	Dichloorvos	<	1	ng/L
OW571900	2023-11-08	21592373	08:47:00	DDT t	DDT, totaal	<	4	ng/L
OW571900	2023-11-08	21592373	08:47:00	DEyatraz	Desethylatrazine	<	5	ng/L
OW571900	2023-11-08	21592373	08:47:00	DEytByaz	Desethylterbutylazine	=	26	ng/L
OW571900	2023-11-08	21592373	08:47:00	Dflucan	Diflufenican	=	22	ng/L
OW571900	2023-11-08	21592373	08:47:00	dHCH	delta-Hexachloorcyclohexaan	<	0,75	ng/L
OW571900	2023-11-08	21592373	08:47:00	Diazinon	Diazinon	<	2	ng/L
OW571900	2023-11-08	21592373	08:47:00	Dicamba	Dicamba	<	150	ng/L
OW571900	2023-11-08	21592373	08:47:00	Dieldrin	Dieldrin	<	1	ng/L
OW571900	2023-11-08	21592373	08:47:00	DiMetamid	Dimethenamid	=	31	ng/L
OW571900	2023-11-08	21592373	08:47:00	DiMetmorf	Dimethomorf	=	88	ng/L
OW571900	2023-11-08	21592373	08:47:00	DiPyatraz	Desisopropylatrazine	<	10	ng/L
OW571900	2023-11-08	21592373	08:47:00	Diuron	Diuron	=	10	ng/L
OW571900	2023-11-08	21592373	08:47:00	Dmetoat	Dimethoaat	<	3	ng/L
OW571900	2023-11-08	21592373	08:47:00	DNOC	4,6-Dinitro-o-cresol	<	25	ng/L
OW571900	2023-11-08	21592373	08:47:00	DOC	Koolstof	=	9,5	mgC/L
OW571900	2023-11-08	21592373	08:47:00	Dsulfoton	Disulfoton	<	4,5	ng/L
OW571900	2023-11-08	21592373	08:47:00	EC 20	Geleidbaarheid (20°C)	=	568	µS/cm
OW571900	2023-11-08	21592373	08:47:00	EC 25	Geleidbaarheid (25°C)	=	622,244	µS/cm
OW571900	2023-11-08	21592373	08:47:00	EndoS	Endosulfansulfaat	<	1	ng/L
OW571900	2023-11-08	21592373	08:47:00	Endrin	Endrin	<	0,375	ng/L
OW571900	2023-11-08	21592373	08:47:00	Etfum	Ethofumesaat	=	8,4	ng/L
OW571900	2023-11-08	21592373	08:47:00	Ethopfos	Ethoprofos	<	2,5	ng/L
OW571900	2023-11-08	21592373	08:47:00	Fe o	Ijzer	=	39	µg/L
OW571900	2023-11-08	21592373	08:47:00	Fenithion	Fenitrothion	<	1,5	ng/L
OW571900	2023-11-08	21592373	08:47:00	Fenoprop	Fenoprop	<	25	ng/L
OW571900	2023-11-08	21592373	08:47:00	Fenthion	Fenthion	<	2,5	ng/L
OW571900	2023-11-08	21592373	08:47:00	Fipronil	Fipronil	=	2,1	ng/L
OW571900	2023-11-08	21592373	08:47:00	Floxpyr	Fluroxypyr	<	25	ng/L
OW571900	2023-11-08	21592373	08:47:00	Flucet	Flufenacet	=	91	ng/L
OW571900	2023-11-08	21592373	08:47:00	Fonofos	Fonofos	<	2	ng/L
OW571900	2023-11-08	21592373	08:47:00	gHCH	gamma-Hexachloorcyclohexaan	<	0,75	ng/L
OW571900	2023-11-08	21592373	08:47:00	H t	Hardheid	=	24	°F
OW571900	2023-11-08	21592373	08:47:00	HCBdn	Hexachloorbutadieen	<	1	ng/L
OW571900	2023-11-08	21592373	08:47:00	HCBz	Hexachloorbenzeen	<	1,5	ng/L
OW571900	2023-11-08	21592373	08:47:00	HCH	Hexachloorcyclohexaan, alle isomeren	<	3	ng/L
OW571900	2023-11-08	21592373	08:47:00	Hexazinon	Hexazinon	<	10	ng/L
OW571900	2023-11-08	21592373	08:47:00	Hg o	Kwik	<	0,025	µg/L
OW571900	2023-11-08	21592373	08:47:00	HpC	Heptachloor	<	1	ng/L
OW571900	2023-11-08	21592373	08:47:00	HpC+Epx	Heptachloor+epoxyde	<	4	ng/L
OW571900	2023-11-08	21592373	08:47:00	Imcloprid	Imidacloprid	=	7	ng/L
OW571900	2023-11-08	21592373	08:47:00	Iproturon	Isoproturon	<	5	ng/L
OW571900	2023-11-08	21592373	08:47:00	Isodrin	Isodrin	<	0,375	ng/L
OW571900	2023-11-08	21592373	08:47:00	K o	Kalium	=	13400	µg/L
OW571900	2023-11-08	21592373	08:47:00	KjN	Kjeldahlstikstof	=	1,475	mgN/L
OW571900	2023-11-08	21592373	08:47:00	Lenacil	Lenacil	<	25	ng/L
OW571900	2023-11-08	21592373	08:47:00	Linuron	Linuron	<	5	ng/L
OW571900	2023-11-08	21592373	08:47:00	Malathion	Malathion	<	2,5	ng/L
OW571900	2023-11-08	21592373	08:47:00	Mbromuron	Metobromuron	=	47	ng/L
OW571900	2023-11-08	21592373	08:47:00	mBthiaz	Metabenzthiazuron	<	5	ng/L
OW571900	2023-11-08	21592373	08:47:00	MCPA	(4-Chloor-2-methylfenoxy)azijnzuur	<	50	ng/L
OW571900	2023-11-08	21592373	08:47:00	MCPB	4-(4-Chloor-2-methylfenoxy)boterzuur	<	25	ng/L
OW571900	2023-11-08	21592373	08:47:00	MCPP	Mecoprop	<	25	ng/L
OW571900	2023-11-08	21592373	08:47:00	Metaza	Metazachloor	=	17	ng/L
OW571900	2023-11-08	21592373	08:47:00	Metbuzin	Metribuzin	=	22	ng/L
OW571900	2023-11-08	21592373	08:47:00	Metcarb	Methiocarb	<	4,5	ng/L
OW571900	2023-11-08	21592373	08:47:00	Methidat	Methidation	<	3,5	ng/L
OW571900	2023-11-08	21592373	08:47:00	Metola	Metolachloor	=	42	ng/L
OW571900	2023-11-08	21592373	08:47:00	Metoxur	Metoxuron	<	5	ng/L
OW571900	2023-11-08	21592373	08:47:00	Mevinfos	Mevinfos	<	2	ng/L
OW571900	2023-11-08	21592373	08:47:00	Mg o	Magnesium	=	8700	µg/L
OW571900	2023-11-08	21592373	08:47:00	Mlinuron	Monolinuron	<	5	ng/L
OW571900	2023-11-08	21592373	08:47:00	Mmitron	Metamitron	=	12	ng/L
OW571900	2023-11-08	21592373	08:47:00	Mn o	Mangaan	=	41	µg/L
OW571900	2023-11-08	21592373	08:47:00	Mo o	Molybdeen	=	2,7	µg/L
OW571900	2023-11-08	21592373	08:47:00	MxyC	Methoxychloor	<	1	ng/L
OW571900	2023-11-08	21592373	08:47:00	N t	Stikstof	=	7	mgN/L
OW571900	2023-11-08	21592373	08:47:00	N+N	Nitraat+nitriet	=	5,525	mgN/L
OW571900	2023-11-08	21592373	08:47:00	N+N+N	Nitraat+nitriet+ammonium	=	5,955	mgN/L
OW571900	2023-11-08	21592373	08:47:00	Na o	Natrium	=	26600	µg/L
OW571900	2023-11-08	21592373	08:47:00	NH4+	Ammonium	=	0,43	mgN/L
OW571900	2023-11-08	21592373	08:47:00	Ni o	Nikkel	<	3,2	µg/L
OW571900	2023-11-08	21592373	08:47:00	NO2-	Nitriet	=	0,125	mgN/L
OW571900	2023-11-08	21592373	08:47:00	NO3-	Nitraat	=	5,4	mgN/L
OW571900	2023-11-08	21592373	08:47:00	O2	Zuurstof	=	7,99	mg/L
OW571900	2023-11-08	21592373	08:47:00	O2 verz	Zuurstof	=	70,8	%
OW571900	2023-11-08	21592373	08:47:00	OCP t	Organochloorpesticiden, totaal	<	15,875	ng/L
OW571900	2023-11-08	21592373	08:47:00	oPO4 f	Orthofosfaat	=	0,295	mgP/L
OW571900	2023-11-08	21592373	08:47:00	Oxadiazon	Oxadiazon	<	3	ng/L
OW571900	2023-11-08	21592373	08:47:00	P t	Fosfor	=	0,66	mgP/L
OW571900	2023-11-08	21592373	08:47:00	PathionEy	Parathion-ethyl	<	1	ng/L
OW571900	2023-11-08	21592373	08:47:00	PathionMy	Parathion-methyl	<	1,5	ng/L
OW571900	2023-11-08	21592373	08:47:00	Pb o	Lood	<	1,25	µg/L
OW571900	2023-11-08	21592373	08:47:00	PCB 101	2,2',4,5,5'-Pentachloorbifenyl (PCB101)	<	1	ng/L
OW571900	2023-11-08	21592373	08:47:00	PCB 118	2,3',4,4',5-Pentachloorbifenyl (PCB118)	<	0,5	ng/L
OW571900	2023-11-08	21592373	08:47:00	PCB 138	2,2',3,4,4',5'-Hexachloorbifenyl (PCB138)	<	1	ng/L
OW571900	2023-11-08	21592373	08:47:00	PCB 153	2,2',4,4',5,5'-Hexachloorbifenyl (PCB153)	=	1,23	ng/L
OW571900	2023-11-08	21592373	08:47:00	PCB 180	2,2',3,4,4',5,5'-Heptachloorbifenyl (PCB180)	<	1	ng/L
OW571900	2023-11-08	21592373	08:47:00	PCB 28	2,4,4'-Trichloorbifenyl (PCB28)	<	0,5	ng/L
OW571900	2023-11-08	21592373	08:47:00	PCB 52	2,2',5,5'-Tetrachloorbifenyl (PCB52)	<	1	ng/L
OW571900	2023-11-08	21592373	08:47:00	PCB t	Polychloorbifenyl, totaal	<	6,23	ng/L
OW571900	2023-11-08	21592373	08:47:00	PCBz	Pentachloorbenzeen	<	1,5	ng/L
OW571900	2023-11-08	21592373	08:47:00	PCNiBz	Pentachloornitrobenzeen	<	2	ng/L
OW571900	2023-11-08	21592373	08:47:00	pH	pH	=	7,7	-
OW571900	2023-11-08	21592373	08:47:00	Picarb	Pirimicarb	<	10	ng/L
OW571900	2023-11-08	21592373	08:47:00	PirfosMy	Pirimifos-methyl	<	3,5	ng/L
OW571900	2023-11-08	21592373	08:47:00	Prochloor	Propachloor	<	10	ng/L
OW571900	2023-11-08	21592373	08:47:00	Prometryn	Prometryn	<	10	ng/L
OW571900	2023-11-08	21592373	08:47:00	Propanil	Propanil	<	25	ng/L
OW571900	2023-11-08	21592373	08:47:00	Propaz	Propazine	<	10	ng/L
OW571900	2023-11-08	21592373	08:47:00	Quinofen	Quinoxyfen	<	1	ng/L
OW571900	2023-11-08	21592373	08:47:00	Sb o	Antimoon	<	1,5	µg/L
OW571900	2023-11-08	21592373	08:47:00	Se o	Seleen	<	1,5	µg/L
OW571900	2023-11-08	21592373	08:47:00	Sebutylaz	Sebutylazine	<	10	ng/L
OW571900	2023-11-08	21592373	08:47:00	Simaz	Simazine	<	5	ng/L
OW571900	2023-11-08	21592373	08:47:00	Sn o	Tin	<	1,5	µg/L
OW571900	2023-11-08	21592373	08:47:00	SO4=	Sulfaat	=	55	mg/L
OW571900	2023-11-08	21592373	08:47:00	T	Temperatuur	=	10,1	°C
OW571900	2023-11-08	21592373	08:47:00	TAM	Alkaliniteit met methyloranje	=	3,6	meq/L
OW571900	2023-11-08	21592373	08:47:00	tCdaan	trans-Chloordaan	<	0,5	ng/L
OW571900	2023-11-08	21592373	08:47:00	TclofosMy	Tolclofos-methyl	<	2,5	ng/L
OW571900	2023-11-08	21592373	08:47:00	Te o	Telluur	<	2,5	µg/L
OW571900	2023-11-08	21592373	08:47:00	Telodrin	Telodrin	<	1	ng/L
OW571900	2023-11-08	21592373	08:47:00	Terbufos	Terbufos	<	2,5	ng/L
OW571900	2023-11-08	21592373	08:47:00	Terbutryn	Terbutryn	<	10	ng/L
OW571900	2023-11-08	21592373	08:47:00	Tfluralin	Trifluralin	<	2	ng/L
OW571900	2023-11-08	21592373	08:47:00	Thiacloprid	Thiacloprid	<	2,5	ng/L
OW571900	2023-11-08	21592373	08:47:00	tHpCEpx	trans-Heptachloorepoxyde	<	2	ng/L
OW571900	2023-11-08	21592373	08:47:00	Ti o	Titaan	<	2	µg/L
OW571900	2023-11-08	21592373	08:47:00	Tl o	Thallium	=	0,329	µg/L
OW571900	2023-11-08	21592373	08:47:00	Tmethoxam	Thiamethoxam	<	5	ng/L
OW571900	2023-11-08	21592373	08:47:00	TrByaz	Terbutylazine	=	28	ng/L
OW571900	2023-11-08	21592373	08:47:00	Triazofos	Triazofos	<	2	ng/L
OW571900	2023-11-08	21592373	08:47:00	Triclopyr	Triclopyr	<	25	ng/L
OW571900	2023-11-08	21592373	08:47:00	U o	Uranium	=	0,91	µg/L
OW571900	2023-11-08	21592373	08:47:00	V o	Vanadium	<	3	µg/L
OW571900	2023-11-08	21592373	08:47:00	Zn o	Zink	<	15	µg/L
OW571900	2023-11-08	21592373	08:47:00	ZS	Zwevende stoffen	=	59	mg/L
OW571900	2023-12-05	21594751	09:43:00	Ag o	Zilver	<	0,05	µg/L
OW571900	2023-12-05	21594751	09:43:00	Al o	Aluminium	<	150	µg/L
OW571900	2023-12-05	21594751	09:43:00	As o	Arseen	=	1,71	µg/L
OW571900	2023-12-05	21594751	09:43:00	B o	Boor	=	78	µg/L
OW571900	2023-12-05	21594751	09:43:00	Ba o	Barium	=	34	µg/L
OW571900	2023-12-05	21594751	09:43:00	Be o	Beryllium	<	0,15	µg/L
OW571900	2023-12-05	21594751	09:43:00	Ca o	Calcium	=	122000	µg/L
OW571900	2023-12-05	21594751	09:43:00	Cd o	Cadmium	<	0,05	µg/L
OW571900	2023-12-05	21594751	09:43:00	Cl-	Chloride	=	59	mg/L
OW571900	2023-12-05	21594751	09:43:00	Co o	Kobalt	=	0,57	µg/L
OW571900	2023-12-05	21594751	09:43:00	Cr o	Chroom	<	1,5	µg/L
OW571900	2023-12-05	21594751	09:43:00	Cu o	Koper	<	2	µg/L
OW571900	2023-12-05	21594751	09:43:00	CZV	Chemisch zuurstofverbruik	=	16,9	mgO2/L
OW571900	2023-12-05	21594751	09:43:00	DOC	Koolstof	=	7,1	mgC/L
OW571900	2023-12-05	21594751	09:43:00	EC 20	Geleidbaarheid (20°C)	=	785	µS/cm
OW571900	2023-12-05	21594751	09:43:00	EC 25	Geleidbaarheid (25°C)	=	859,9675	µS/cm
OW571900	2023-12-05	21594751	09:43:00	Fe o	Ijzer	=	40	µg/L
OW571900	2023-12-05	21594751	09:43:00	H t	Hardheid	=	35	°F
OW571900	2023-12-05	21594751	09:43:00	Hg o	Kwik	<	0,025	µg/L
OW571900	2023-12-05	21594751	09:43:00	K o	Kalium	=	13100	µg/L
OW571900	2023-12-05	21594751	09:43:00	KjN	Kjeldahlstikstof	=	0,694	mgN/L
OW571900	2023-12-05	21594751	09:43:00	Mg o	Magnesium	=	11900	µg/L
OW571900	2023-12-05	21594751	09:43:00	Mn o	Mangaan	=	115	µg/L
OW571900	2023-12-05	21594751	09:43:00	Mo o	Molybdeen	=	3,3	µg/L
OW571900	2023-12-05	21594751	09:43:00	N t	Stikstof	=	6,8	mgN/L
OW571900	2023-12-05	21594751	09:43:00	N+N	Nitraat+nitriet	=	6,106	mgN/L
OW571900	2023-12-05	21594751	09:43:00	N+N+N	Nitraat+nitriet+ammonium	=	6,806	mgN/L
OW571900	2023-12-05	21594751	09:43:00	Na o	Natrium	=	36000	µg/L
OW571900	2023-12-05	21594751	09:43:00	NH4+	Ammonium	=	0,7	mgN/L
OW571900	2023-12-05	21594751	09:43:00	Ni o	Nikkel	=	3,3	µg/L
OW571900	2023-12-05	21594751	09:43:00	NO2-	Nitriet	=	0,106	mgN/L
OW571900	2023-12-05	21594751	09:43:00	NO3-	Nitraat	=	6	mgN/L
OW571900	2023-12-05	21594751	09:43:00	O2	Zuurstof	=	9,75	mg/L
OW571900	2023-12-05	21594751	09:43:00	O2 verz	Zuurstof	=	77,6	%
OW571900	2023-12-05	21594751	09:43:00	oPO4 f	Orthofosfaat	=	0,209	mgP/L
OW571900	2023-12-05	21594751	09:43:00	P t	Fosfor	=	0,354	mgP/L
OW571900	2023-12-05	21594751	09:43:00	Pb o	Lood	<	1,25	µg/L
OW571900	2023-12-05	21594751	09:43:00	pH	pH	=	7,81	-
OW571900	2023-12-05	21594751	09:43:00	Sb o	Antimoon	<	1,5	µg/L
OW571900	2023-12-05	21594751	09:43:00	Se o	Seleen	<	1,5	µg/L
OW571900	2023-12-05	21594751	09:43:00	Sn o	Tin	<	1,5	µg/L
OW571900	2023-12-05	21594751	09:43:00	SO4=	Sulfaat	=	75	mg/L
OW571900	2023-12-05	21594751	09:43:00	T	Temperatuur	=	5,4	°C
OW571900	2023-12-05	21594751	09:43:00	TAM	Alkaliniteit met methyloranje	=	5,5	meq/L
OW571900	2023-12-05	21594751	09:43:00	Te o	Telluur	<	2,5	µg/L
OW571900	2023-12-05	21594751	09:43:00	Ti o	Titaan	<	2	µg/L
OW571900	2023-12-05	21594751	09:43:00	Tl o	Thallium	=	0,232	µg/L
OW571900	2023-12-05	21594751	09:43:00	U o	Uranium	=	1,49	µg/L
OW571900	2023-12-05	21594751	09:43:00	V o	Vanadium	<	3	µg/L
OW571900	2023-12-05	21594751	09:43:00	Zn o	Zink	<	7,5	µg/L
OW571900	2023-12-05	21594751	09:43:00	ZS	Zwevende stoffen	=	12	mg/L
OW571900	2024-01-18	      2071	08:20:20	Cl-	Chloride	=	57,8	mg/L
OW571900	2024-01-18	      2071	08:20:20	CZV	Chemisch zuurstofverbruik	=	8,8	mgO2/L
OW571900	2024-01-18	      2071	08:20:20	EC 20	Geleidbaarheid (20°C)	=	789	µS/cm
OW571900	2024-01-18	      2071	08:20:20	EC 25	Geleidbaarheid (25°C)	=	864,3495	µS/cm
OW571900	2024-01-18	      2071	08:20:20	KjN	Kjeldahlstikstof	=	0,611	mgN/L
OW571900	2024-01-18	      2071	08:20:20	N t	Stikstof	=	6,9	mgN/L
OW571900	2024-01-18	      2071	08:20:20	N+N	Nitraat+nitriet	=	6,289	mgN/L
OW571900	2024-01-18	      2071	08:20:20	N+N+N	Nitraat+nitriet+ammonium	=	6,979	mgN/L
OW571900	2024-01-18	      2071	08:20:20	NH4+	Ammonium	=	0,69	mgN/L
OW571900	2024-01-18	      2071	08:20:20	NO2-	Nitriet	=	0,089	mgN/L
OW571900	2024-01-18	      2071	08:20:20	NO3-	Nitraat	=	6,2	mgN/L
OW571900	2024-01-18	      2071	08:20:20	O2	Zuurstof	=	10,44	mg/L
OW571900	2024-01-18	      2071	08:20:20	O2 verz	Zuurstof	=	82,3	%
OW571900	2024-01-18	      2071	08:20:20	oPO4 f	Orthofosfaat	=	0,171	mgP/L
OW571900	2024-01-18	      2071	08:20:20	P t	Fosfor	=	0,301	mgP/L
OW571900	2024-01-18	      2071	08:20:20	pH	pH	=	7,88	-
OW571900	2024-01-18	      2071	08:20:20	SO4=	Sulfaat	=	78	mg/L
OW571900	2024-01-18	      2071	08:20:20	T	Temperatuur	=	4,8	°C
OW571900	2024-01-18	      2071	08:20:20	ZS	Zwevende stoffen	=	11,2	mg/L
OW571900	2024-02-19	      6319	11:39:01	BZV5	Biochemisch zuurstofverbruik na 5d.	=	3,6	mgO2/L
OW571900	2024-02-19	      6319	11:39:01	Cl-	Chloride	=	57,9	mg/L
OW571900	2024-02-19	      6319	11:39:01	CZV	Chemisch zuurstofverbruik	=	21,6	mgO2/L
OW571900	2024-02-19	      6319	11:39:01	DBySn	Dibutyltin	<	2	ngSn/L
OW571900	2024-02-19	      6319	11:39:01	DBySn som	Dibutyltinverbindingen	<	2	ngSn/L
OW571900	2024-02-19	      6319	11:39:01	KjN	Kjeldahlstikstof	=	0,875	mgN/L
OW571900	2024-02-19	      6319	11:39:01	N t	Stikstof	=	7	mgN/L
OW571900	2024-02-19	      6319	11:39:01	N+N	Nitraat+nitriet	=	6,125	mgN/L
OW571900	2024-02-19	      6319	11:39:01	N+N+N	Nitraat+nitriet+ammonium	=	6,895	mgN/L
OW571900	2024-02-19	      6319	11:39:01	NH4+	Ammonium	=	0,77	mgN/L
OW571900	2024-02-19	      6319	11:39:01	NO2-	Nitriet	=	0,125	mgN/L
OW571900	2024-02-19	      6319	11:39:01	NO3-	Nitraat	=	6	mgN/L
OW571900	2024-02-19	      6319	11:39:01	oPO4 f	Orthofosfaat	=	0,159	mgP/L
OW571900	2024-02-19	      6319	11:39:01	P t	Fosfor	=	0,295	mgP/L
OW571900	2024-02-19	      6319	11:39:01	SO4=	Sulfaat	=	74	mg/L
OW571900	2024-02-19	      6319	11:39:01	TBySn	Tributyltin	=	0,35	ngSn/L
OW571900	2024-02-19	      6319	11:39:01	TFySn	Trifenyltin	<	0,017	ngSn/L
OW571900	2024-02-19	      6319	11:39:01	TFySn som	Trifenyltinacetaat, chloride, hydroxide	<	0,017	ngSn/L
OW571900	2024-02-19	      6319	11:39:01	TtBySn	Tetrabutyltin	<	0,34	ngSn/L
OW571900	2024-02-19	      6319	11:39:01	ZS	Zwevende stoffen	=	14,4	mg/L
OW571900	2024-03-14	     11457	09:54:12	Cl-	Chloride	=	44,8	mg/L
OW571900	2024-03-14	     11457	09:54:12	CZV	Chemisch zuurstofverbruik	=	15,9	mgO2/L
OW571900	2024-03-14	     11457	09:54:12	EC 20	Geleidbaarheid (20°C)	=	689	µS/cm
OW571900	2024-03-14	     11457	09:54:12	EC 25	Geleidbaarheid (25°C)	=	754,7995	µS/cm
OW571900	2024-03-14	     11457	09:54:12	KjN	Kjeldahlstikstof	=	1,291	mgN/L
OW571900	2024-03-14	     11457	09:54:12	N t	Stikstof	=	6,4	mgN/L
OW571900	2024-03-14	     11457	09:54:12	N+N	Nitraat+nitriet	=	5,109	mgN/L
OW571900	2024-03-14	     11457	09:54:12	N+N+N	Nitraat+nitriet+ammonium	=	5,849	mgN/L
OW571900	2024-03-14	     11457	09:54:12	NH4+	Ammonium	=	0,74	mgN/L
OW571900	2024-03-14	     11457	09:54:12	NO2-	Nitriet	=	0,109	mgN/L
OW571900	2024-03-14	     11457	09:54:12	NO3-	Nitraat	=	5	mgN/L
OW571900	2024-03-14	     11457	09:54:12	O2	Zuurstof	=	8,22	mg/L
OW571900	2024-03-14	     11457	09:54:12	O2 verz	Zuurstof	=	72,9	%
OW571900	2024-03-14	     11457	09:54:12	oPO4 f	Orthofosfaat	=	0,199	mgP/L
OW571900	2024-03-14	     11457	09:54:12	P t	Fosfor	=	0,363	mgP/L
OW571900	2024-03-14	     11457	09:54:12	pH	pH	=	7,8	-
OW571900	2024-03-14	     11457	09:54:12	SO4=	Sulfaat	=	68	mg/L
OW571900	2024-03-14	     11457	09:54:12	T	Temperatuur	=	10,4	°C
OW571900	2024-03-14	     11457	09:54:12	ZS	Zwevende stoffen	=	35	mg/L
OW571900	2024-04-18	     12738	09:46:58	BZV5	Biochemisch zuurstofverbruik na 5d.	=	4,5	mgO2/L
OW571900	2024-04-18	     12738	09:46:58	Cl-	Chloride	=	69	mg/L
OW571900	2024-04-18	     12738	09:46:58	Clfyl a	Chlorofyl a	=	26	µg/L
OW571900	2024-04-18	     12738	09:46:58	CZV	Chemisch zuurstofverbruik	=	19,1	mgO2/L
OW571900	2024-04-18	     12738	09:46:58	EC 20	Geleidbaarheid (20°C)	=	802	µS/cm
OW571900	2024-04-18	     12738	09:46:58	EC 25	Geleidbaarheid (25°C)	=	878,591	µS/cm
OW571900	2024-04-18	     12738	09:46:58	Feofyt a	Feofytine a	<	8,92	µg/L
OW571900	2024-04-18	     12738	09:46:58	KjN	Kjeldahlstikstof	=	1,222	mgN/L
OW571900	2024-04-18	     12738	09:46:58	N t	Stikstof	=	6,4	mgN/L
OW571900	2024-04-18	     12738	09:46:58	N+N	Nitraat+nitriet	=	5,178	mgN/L
OW571900	2024-04-18	     12738	09:46:58	N+N+N	Nitraat+nitriet+ammonium	=	5,958	mgN/L
OW571900	2024-04-18	     12738	09:46:58	NH4+	Ammonium	=	0,78	mgN/L
OW571900	2024-04-18	     12738	09:46:58	NO2-	Nitriet	=	0,178	mgN/L
OW571900	2024-04-18	     12738	09:46:58	NO3-	Nitraat	=	5	mgN/L
OW571900	2024-04-18	     12738	09:46:58	O2	Zuurstof	=	7,8	mg/L
OW571900	2024-04-18	     12738	09:46:58	O2 verz	Zuurstof	=	71,6	%
OW571900	2024-04-18	     12738	09:46:58	oPO4 f	Orthofosfaat	=	0,142	mgP/L
OW571900	2024-04-18	     12738	09:46:58	P t	Fosfor	=	0,327	mgP/L
OW571900	2024-04-18	     12738	09:46:58	pH	pH	=	7,84	-
OW571900	2024-04-18	     12738	09:46:58	Secchi	Doorzichtigheid	=	60	cm
OW571900	2024-04-18	     12738	09:46:58	SO4=	Sulfaat	=	74	mg/L
OW571900	2024-04-18	     12738	09:46:58	T	Temperatuur	=	12	°C
OW571900	2024-04-18	     12738	09:46:58	ZS	Zwevende stoffen	=	24	mg/L
OW571900	2024-05-16	     19802	07:49:26	Cl-	Chloride	=	70	mg/L
OW571900	2024-05-16	     19802	07:49:26	Clfyl a	Chlorofyl a	=	53	µg/L
OW571900	2024-05-16	     19802	07:49:26	CZV	Chemisch zuurstofverbruik	=	22,1	mgO2/L
OW571900	2024-05-16	     19802	07:49:26	DBySn	Dibutyltin	<	2,1	ngSn/L
OW571900	2024-05-16	     19802	07:49:26	DBySn som	Dibutyltinverbindingen	<	2,1	ngSn/L
OW571900	2024-05-16	     19802	07:49:26	EC 20	Geleidbaarheid (20°C)	=	824	µS/cm
OW571900	2024-05-16	     19802	07:49:26	EC 25	Geleidbaarheid (25°C)	=	902,692	µS/cm
OW571900	2024-05-16	     19802	07:49:26	Feofyt a	Feofytine a	=	10,9	µg/L
OW571900	2024-05-16	     19802	07:49:26	KjN	Kjeldahlstikstof	=	1,2	mgN/L
OW571900	2024-05-16	     19802	07:49:26	N t	Stikstof	=	6,4	mgN/L
OW571900	2024-05-16	     19802	07:49:26	N+N	Nitraat+nitriet	=	5,2	mgN/L
OW571900	2024-05-16	     19802	07:49:26	N+N+N	Nitraat+nitriet+ammonium	=	5,65	mgN/L
OW571900	2024-05-16	     19802	07:49:26	NH4+	Ammonium	=	0,45	mgN/L
OW571900	2024-05-16	     19802	07:49:26	NO2-	Nitriet	=	0,2	mgN/L
OW571900	2024-05-16	     19802	07:49:26	NO3-	Nitraat	=	5	mgN/L
OW571900	2024-05-16	     19802	07:49:26	O2	Zuurstof	=	7,76	mg/L
OW571900	2024-05-16	     19802	07:49:26	O2 verz	Zuurstof	=	83,8	%
OW571900	2024-05-16	     19802	07:49:26	oPO4 f	Orthofosfaat	=	0,162	mgP/L
OW571900	2024-05-16	     19802	07:49:26	P t	Fosfor	=	0,305	mgP/L
OW571900	2024-05-16	     19802	07:49:26	pH	pH	=	7,89	-
OW571900	2024-05-16	     19802	07:49:26	Secchi	Doorzichtigheid	=	40	cm
OW571900	2024-05-16	     19802	07:49:26	SO4=	Sulfaat	=	81	mg/L
OW571900	2024-05-16	     19802	07:49:26	T	Temperatuur	=	18,6	°C
OW571900	2024-05-16	     19802	07:49:26	TBySn	Tributyltin	=	0,4	ngSn/L
OW571900	2024-05-16	     19802	07:49:26	TFySn	Trifenyltin	=	0,021	ngSn/L
OW571900	2024-05-16	     19802	07:49:26	TFySn som	Trifenyltinacetaat, chloride, hydroxide	=	0,021	ngSn/L
OW571900	2024-05-16	     19802	07:49:26	TtBySn	Tetrabutyltin	<	0,34	ngSn/L
OW571900	2024-05-16	     19802	07:49:26	ZS	Zwevende stoffen	=	21,4	mg/L
OW571900	2024-06-11	     26039	10:35:55	BZV5	Biochemisch zuurstofverbruik na 5d.	=	2,1	mgO2/L
OW571900	2024-06-11	     26039	10:35:55	Cl-	Chloride	=	85	mg/L
OW571900	2024-06-11	     26039	10:35:55	Clfyl a	Chlorofyl a	=	41	µg/L
OW571900	2024-06-11	     26039	10:35:55	CZV	Chemisch zuurstofverbruik	=	15,3	mgO2/L
OW571900	2024-06-11	     26039	10:35:55	EC 20	Geleidbaarheid (20°C)	=	853	µS/cm
OW571900	2024-06-11	     26039	10:35:55	EC 25	Geleidbaarheid (25°C)	=	934,4615	µS/cm
OW571900	2024-06-11	     26039	10:35:55	Feofyt a	Feofytine a	<	8,92	µg/L
OW571900	2024-06-11	     26039	10:35:55	KjN	Kjeldahlstikstof	=	0,502	mgN/L
OW571900	2024-06-11	     26039	10:35:55	N t	Stikstof	=	5,5	mgN/L
OW571900	2024-06-11	     26039	10:35:55	N+N	Nitraat+nitriet	=	4,998	mgN/L
OW571900	2024-06-11	     26039	10:35:55	N+N+N	Nitraat+nitriet+ammonium	=	5,278	mgN/L
OW571900	2024-06-11	     26039	10:35:55	NH4+	Ammonium	=	0,28	mgN/L
OW571900	2024-06-11	     26039	10:35:55	NO2-	Nitriet	=	0,208	mgN/L
OW571900	2024-06-11	     26039	10:35:55	NO3-	Nitraat	=	4,79	mgN/L
OW571900	2024-06-11	     26039	10:35:55	O2	Zuurstof	=	8,19	mg/L
OW571900	2024-06-11	     26039	10:35:55	O2 verz	Zuurstof	=	85,8	%
OW571900	2024-06-11	     26039	10:35:55	oPO4 f	Orthofosfaat	=	0,17	mgP/L
OW571900	2024-06-11	     26039	10:35:55	P t	Fosfor	=	0,377	mgP/L
OW571900	2024-06-11	     26039	10:35:55	pH	pH	=	7,93	-
OW571900	2024-06-11	     26039	10:35:55	Secchi	Doorzichtigheid	=	40	cm
OW571900	2024-06-11	     26039	10:35:55	SO4=	Sulfaat	=	80	mg/L
OW571900	2024-06-11	     26039	10:35:55	T	Temperatuur	=	17,8	°C
OW571900	2024-06-11	     26039	10:35:55	ZS	Zwevende stoffen	=	25,5	mg/L
OW571900	2024-07-16	     29754	09:50:58	Cl-	Chloride	=	100	mg/L
OW571900	2024-07-16	     29754	09:50:58	Clfyl a	Chlorofyl a	=	44	µg/L
OW571900	2024-07-16	     29754	09:50:58	CZV	Chemisch zuurstofverbruik	=	19,2	mgO2/L
OW571900	2024-07-16	     29754	09:50:58	EC 20	Geleidbaarheid (20°C)	=	920	µS/cm
OW571900	2024-07-16	     29754	09:50:58	EC 25	Geleidbaarheid (25°C)	=	1007,86	µS/cm
OW571900	2024-07-16	     29754	09:50:58	Feofyt a	Feofytine a	=	11	µg/L
OW571900	2024-07-16	     29754	09:50:58	KjN	Kjeldahlstikstof	=	0,775	mgN/L
OW571900	2024-07-16	     29754	09:50:58	N t	Stikstof	=	4,9	mgN/L
OW571900	2024-07-16	     29754	09:50:58	N+N	Nitraat+nitriet	=	4,125	mgN/L
OW571900	2024-07-16	     29754	09:50:58	N+N+N	Nitraat+nitriet+ammonium	=	4,326	mgN/L
OW571900	2024-07-16	     29754	09:50:58	NH4+	Ammonium	=	0,201	mgN/L
OW571900	2024-07-16	     29754	09:50:58	NO2-	Nitriet	=	0,185	mgN/L
OW571900	2024-07-16	     29754	09:50:58	NO3-	Nitraat	=	3,94	mgN/L
OW571900	2024-07-16	     29754	09:50:58	O2	Zuurstof	=	8,03	mg/L
OW571900	2024-07-16	     29754	09:50:58	O2 verz	Zuurstof	=	88,7	%
OW571900	2024-07-16	     29754	09:50:58	oPO4 f	Orthofosfaat	=	0,231	mgP/L
OW571900	2024-07-16	     29754	09:50:58	P t	Fosfor	=	0,376	mgP/L
OW571900	2024-07-16	     29754	09:50:58	pH	pH	=	7,96	-
OW571900	2024-07-16	     29754	09:50:58	Secchi	Doorzichtigheid	=	60	cm
OW571900	2024-07-16	     29754	09:50:58	SO4=	Sulfaat	=	83	mg/L
OW571900	2024-07-16	     29754	09:50:58	T	Temperatuur	=	20,2	°C
OW571900	2024-07-16	     29754	09:50:58	ZS	Zwevende stoffen	=	22,7	mg/L
OW571900	2024-08-21	     35856	09:42:35	BZV5	Biochemisch zuurstofverbruik na 5d.	=	7,2	mgO2/L
OW571900	2024-08-21	     35856	09:42:35	Cl-	Chloride	=	92	mg/L
OW571900	2024-08-21	     35856	09:42:35	Clfyl a	Chlorofyl a	=	52	µg/L
OW571900	2024-08-21	     35856	09:42:35	CZV	Chemisch zuurstofverbruik	=	15,6	mgO2/L
OW571900	2024-08-21	     35856	09:42:35	DBySn	Dibutyltin	<	2,1	ngSn/L
OW571900	2024-08-21	     35856	09:42:35	DBySn som	Dibutyltinverbindingen	<	2,1	ngSn/L
OW571900	2024-08-21	     35856	09:42:35	EC 20	Geleidbaarheid (20°C)	=	658	µS/cm
OW571900	2024-08-21	     35856	09:42:35	EC 25	Geleidbaarheid (25°C)	=	720,839	µS/cm
OW571900	2024-08-21	     35856	09:42:35	Feofyt a	Feofytine a	=	19,3	µg/L
OW571900	2024-08-21	     35856	09:42:35	KjN	Kjeldahlstikstof	=	1,96	mgN/L
OW571900	2024-08-21	     35856	09:42:35	N t	Stikstof	=	4,6	mgN/L
OW571900	2024-08-21	     35856	09:42:35	N+N	Nitraat+nitriet	=	2,64	mgN/L
OW571900	2024-08-21	     35856	09:42:35	N+N+N	Nitraat+nitriet+ammonium	=	2,847	mgN/L
OW571900	2024-08-21	     35856	09:42:35	NH4+	Ammonium	=	0,207	mgN/L
OW571900	2024-08-21	     35856	09:42:35	NO2-	Nitriet	=	0,08	mgN/L
OW571900	2024-08-21	     35856	09:42:35	NO3-	Nitraat	=	2,56	mgN/L
OW571900	2024-08-21	     35856	09:42:35	O2	Zuurstof	=	8,65	mg/L
OW571900	2024-08-21	     35856	09:42:35	O2 verz	Zuurstof	=	97,3	%
OW571900	2024-08-21	     35856	09:42:35	oPO4 f	Orthofosfaat	=	0,188	mgP/L
OW571900	2024-08-21	     35856	09:42:35	P t	Fosfor	=	0,488	mgP/L
OW571900	2024-08-21	     35856	09:42:35	pH	pH	=	8,17	-
OW571900	2024-08-21	     35856	09:42:35	Secchi	Doorzichtigheid	=	60	cm
OW571900	2024-08-21	     35856	09:42:35	SO4=	Sulfaat	=	72	mg/L
OW571900	2024-08-21	     35856	09:42:35	T	Temperatuur	=	21,2	°C
OW571900	2024-08-21	     35856	09:42:35	TBySn	Tributyltin	=	0,57	ngSn/L
OW571900	2024-08-21	     35856	09:42:35	TFySn	Trifenyltin	<	0,017	ngSn/L
OW571900	2024-08-21	     35856	09:42:35	TFySn som	Trifenyltinacetaat, chloride, hydroxide	<	0,017	ngSn/L
OW571900	2024-08-21	     35856	09:42:35	TtBySn	Tetrabutyltin	<	0,34	ngSn/L
OW571900	2024-08-21	     35856	09:42:35	ZS	Zwevende stoffen	=	42	mg/L
OW571900	2024-09-24	     41414	10:10:11	Cl-	Chloride	=	93	mg/L
OW571900	2024-09-24	     41414	10:10:11	Clfyl a	Chlorofyl a	=	20	µg/L
OW571900	2024-09-24	     41414	10:10:11	CZV	Chemisch zuurstofverbruik	=	14,2	mgO2/L
OW571900	2024-09-24	     41414	10:10:11	EC 20	Geleidbaarheid (20°C)	=	782	µS/cm
OW571900	2024-09-24	     41414	10:10:11	EC 25	Geleidbaarheid (25°C)	=	856,681	µS/cm
OW571900	2024-09-24	     41414	10:10:11	Feofyt a	Feofytine a	=	29	µg/L
OW571900	2024-09-24	     41414	10:10:11	KjN	Kjeldahlstikstof	=	0,63	mgN/L
OW571900	2024-09-24	     41414	10:10:11	N t	Stikstof	=	3,57	mgN/L
OW571900	2024-09-24	     41414	10:10:11	N+N	Nitraat+nitriet	=	2,94	mgN/L
OW571900	2024-09-24	     41414	10:10:11	N+N+N	Nitraat+nitriet+ammonium	=	3,066	mgN/L
OW571900	2024-09-24	     41414	10:10:11	NH4+	Ammonium	=	0,126	mgN/L
OW571900	2024-09-24	     41414	10:10:11	NO2-	Nitriet	=	0,13	mgN/L
OW571900	2024-09-24	     41414	10:10:11	NO3-	Nitraat	=	2,81	mgN/L
OW571900	2024-09-24	     41414	10:10:11	O2	Zuurstof	=	7,81	mg/L
OW571900	2024-09-24	     41414	10:10:11	O2 verz	Zuurstof	=	83,8	%
OW571900	2024-09-24	     41414	10:10:11	oPO4 f	Orthofosfaat	=	0,156	mgP/L
OW571900	2024-09-24	     41414	10:10:11	P t	Fosfor	=	0,314	mgP/L
OW571900	2024-09-24	     41414	10:10:11	pH	pH	=	7,99	-
OW571900	2024-09-24	     41414	10:10:11	Secchi	Doorzichtigheid	=	40	cm
OW571900	2024-09-24	     41414	10:10:11	SO4=	Sulfaat	=	66	mg/L
OW571900	2024-09-24	     41414	10:10:11	T	Temperatuur	=	18,3	°C
OW571900	2024-09-24	     41414	10:10:11	ZS	Zwevende stoffen	=	19,1	mg/L
OW571900	2024-10-01	     52706	00:00:00	EC 20	Geleidbaarheid (20°C)	=	917	µS/cm
OW571900	2024-10-01	     52706	00:00:00	EC 25	Geleidbaarheid (25°C)	=	1004,5735	µS/cm
OW571900	2024-10-01	     52706	00:00:00	O2	Zuurstof	=	6,73	mg/L
OW571900	2024-10-01	     52706	00:00:00	O2 verz	Zuurstof	=	66,6	%
OW571900	2024-10-01	     52706	00:00:00	pH	pH	=	7,79	-
OW571900	2024-10-01	     52706	00:00:00	T	Temperatuur	=	14,8	°C
OW571900	2024-10-14	     47662	10:08:26	BZV5	Biochemisch zuurstofverbruik na 5d.	=	2,1	mgO2/L
OW571900	2024-10-14	     47662	10:08:26	Cl-	Chloride	=	108	mg/L
OW571900	2024-10-14	     47662	10:08:26	CZV	Chemisch zuurstofverbruik	=	16,7	mgO2/L
OW571900	2024-10-14	     47662	10:08:26	EC 20	Geleidbaarheid (20°C)	=	923	µS/cm
OW571900	2024-10-14	     47662	10:08:26	EC 25	Geleidbaarheid (25°C)	=	1011,1465	µS/cm
OW571900	2024-10-14	     47662	10:08:26	KjN	Kjeldahlstikstof	=	1,05	mgN/L
OW571900	2024-10-14	     47662	10:08:26	N t	Stikstof	=	5,5	mgN/L
OW571900	2024-10-14	     47662	10:08:26	N+N	Nitraat+nitriet	=	4,45	mgN/L
OW571900	2024-10-14	     47662	10:08:26	N+N+N	Nitraat+nitriet+ammonium	=	4,98	mgN/L
OW571900	2024-10-14	     47662	10:08:26	NH4+	Ammonium	=	0,53	mgN/L
OW571900	2024-10-14	     47662	10:08:26	NO2-	Nitriet	=	0,21	mgN/L
OW571900	2024-10-14	     47662	10:08:26	NO3-	Nitraat	=	4,24	mgN/L
OW571900	2024-10-14	     47662	10:08:26	O2	Zuurstof	=	7	mg/L
OW571900	2024-10-14	     47662	10:08:26	O2 verz	Zuurstof	=	65,3	%
OW571900	2024-10-14	     47662	10:08:26	oPO4 f	Orthofosfaat	=	0,18	mgP/L
OW571900	2024-10-14	     47662	10:08:26	P t	Fosfor	=	0,369	mgP/L
OW571900	2024-10-14	     47662	10:08:26	pH	pH	=	7,76	-
OW571900	2024-10-14	     47662	10:08:26	SO4=	Sulfaat	=	78	mg/L
OW571900	2024-10-14	     47662	10:08:26	T	Temperatuur	=	12,6	°C
OW571900	2024-10-14	     47662	10:08:26	ZS	Zwevende stoffen	=	24	mg/L
OW571900	2024-11-28	     52158	08:39:46	Cl-	Chloride	=	63,1	mg/L
OW571900	2024-11-28	     52158	08:39:46	CZV	Chemisch zuurstofverbruik	=	17	mgO2/L
OW571900	2024-11-28	     52158	08:39:46	DBySn	Dibutyltin	<	2,1	ngSn/L
OW571900	2024-11-28	     52158	08:39:46	DBySn som	Dibutyltinverbindingen	<	2,1	ngSn/L
OW571900	2024-11-28	     52158	08:39:46	EC 20	Geleidbaarheid (20°C)	=	810	µS/cm
OW571900	2024-11-28	     52158	08:39:46	EC 25	Geleidbaarheid (25°C)	=	887,355	µS/cm
OW571900	2024-11-28	     52158	08:39:46	KjN	Kjeldahlstikstof	=	0,877	mgN/L
OW571900	2024-11-28	     52158	08:39:46	N t	Stikstof	=	7,3	mgN/L
OW571900	2024-11-28	     52158	08:39:46	N+N	Nitraat+nitriet	=	6,423	mgN/L
OW571900	2024-11-28	     52158	08:39:46	N+N+N	Nitraat+nitriet+ammonium	=	7,233	mgN/L
OW571900	2024-11-28	     52158	08:39:46	NH4+	Ammonium	=	0,81	mgN/L
OW571900	2024-11-28	     52158	08:39:46	NO2-	Nitriet	=	0,123	mgN/L
OW571900	2024-11-28	     52158	08:39:46	NO3-	Nitraat	=	6,3	mgN/L
OW571900	2024-11-28	     52158	08:39:46	O2	Zuurstof	=	8,41	mg/L
OW571900	2024-11-28	     52158	08:39:46	O2 verz	Zuurstof	=	69,8	%
OW571900	2024-11-28	     52158	08:39:46	oPO4 f	Orthofosfaat	=	0,248	mgP/L
OW571900	2024-11-28	     52158	08:39:46	P t	Fosfor	=	0,379	mgP/L
OW571900	2024-11-28	     52158	08:39:46	pH	pH	=	7,56	-
OW571900	2024-11-28	     52158	08:39:46	SO4=	Sulfaat	=	75	mg/L
OW571900	2024-11-28	     52158	08:39:46	T	Temperatuur	=	7,7	°C
OW571900	2024-11-28	     52158	08:39:46	TBySn	Tributyltin	=	0,34	ngSn/L
OW571900	2024-11-28	     52158	08:39:46	TFySn	Trifenyltin	<	0,017	ngSn/L
OW571900	2024-11-28	     52158	08:39:46	TFySn som	Trifenyltinacetaat, chloride, hydroxide	<	0,017	ngSn/L
OW571900	2024-11-28	     52158	08:39:46	TtBySn	Tetrabutyltin	<	0,34	ngSn/L
OW571900	2024-11-28	     52158	08:39:46	ZS	Zwevende stoffen	=	12,8	mg/L
OW571900	2024-12-12	     57333	09:18:53	BZV5	Biochemisch zuurstofverbruik na 5d.	=	3,4	mgO2/L
OW571900	2024-12-12	     57333	09:18:53	Cl-	Chloride	=	55,4	mg/L
OW571900	2024-12-12	     57333	09:18:53	CZV	Chemisch zuurstofverbruik	=	15,8	mgO2/L
OW571900	2024-12-12	     57333	09:18:53	EC 20	Geleidbaarheid (20°C)	=	704	µS/cm
OW571900	2024-12-12	     57333	09:18:53	EC 25	Geleidbaarheid (25°C)	=	771,232	µS/cm
OW571900	2024-12-12	     57333	09:18:53	KjN	Kjeldahlstikstof	=	0,905	mgN/L
OW571900	2024-12-12	     57333	09:18:53	N t	Stikstof	=	6,9	mgN/L
OW571900	2024-12-12	     57333	09:18:53	N+N	Nitraat+nitriet	=	5,995	mgN/L
OW571900	2024-12-12	     57333	09:18:53	N+N+N	Nitraat+nitriet+ammonium	=	6,585	mgN/L
OW571900	2024-12-12	     57333	09:18:53	NH4+	Ammonium	=	0,59	mgN/L
OW571900	2024-12-12	     57333	09:18:53	NO2-	Nitriet	=	0,095	mgN/L
OW571900	2024-12-12	     57333	09:18:53	NO3-	Nitraat	=	5,9	mgN/L
OW571900	2024-12-12	     57333	09:18:53	O2	Zuurstof	=	9,69	mg/L
OW571900	2024-12-12	     57333	09:18:53	O2 verz	Zuurstof	=	77,8	%
OW571900	2024-12-12	     57333	09:18:53	oPO4 f	Orthofosfaat	=	0,195	mgP/L
OW571900	2024-12-12	     57333	09:18:53	P t	Fosfor	=	0,359	mgP/L
OW571900	2024-12-12	     57333	09:18:53	pH	pH	=	7,79	-
OW571900	2024-12-12	     57333	09:18:53	SO4=	Sulfaat	=	63	mg/L
OW571900	2024-12-12	     57333	09:18:53	T	Temperatuur	=	6,9	°C
OW571900	2024-12-12	     57333	09:18:53	ZS	Zwevende stoffen	=	22,3	mg/L
OW571900	2025-01-15	     67727	09:24:46	Cl-	Chloride	=	70	mg/L
OW571900	2025-01-15	     67727	09:24:46	CZV	Chemisch zuurstofverbruik	=	13,9	mgO2/L
OW571900	2025-01-15	     67727	09:24:46	EC 20	Geleidbaarheid (20°C)	=	795	µS/cm
OW571900	2025-01-15	     67727	09:24:46	EC 25	Geleidbaarheid (25°C)	=	870,9225	µS/cm
OW571900	2025-01-15	     67727	09:24:46	KjN	Kjeldahlstikstof	=	1,427	mgN/L
OW571900	2025-01-15	     67727	09:24:46	N t	Stikstof	=	7,9	mgN/L
OW571900	2025-01-15	     67727	09:24:46	N+N	Nitraat+nitriet	=	6,473	mgN/L
OW571900	2025-01-15	     67727	09:24:46	N+N+N	Nitraat+nitriet+ammonium	=	7,303	mgN/L
OW571900	2025-01-15	     67727	09:24:46	NH4+	Ammonium	=	0,83	mgN/L
OW571900	2025-01-15	     67727	09:24:46	NO2-	Nitriet	=	0,073	mgN/L
OW571900	2025-01-15	     67727	09:24:46	NO3-	Nitraat	=	6,4	mgN/L
OW571900	2025-01-15	     67727	09:24:46	O2	Zuurstof	=	9,86	mg/L
OW571900	2025-01-15	     67727	09:24:46	O2 verz	Zuurstof	=	76,8	%
OW571900	2025-01-15	     67727	09:24:46	oPO4 f	Orthofosfaat	=	0,193	mgP/L
OW571900	2025-01-15	     67727	09:24:46	P t	Fosfor	=	0,313	mgP/L
OW571900	2025-01-15	     67727	09:24:46	pH	pH	=	7,69	-
OW571900	2025-01-15	     67727	09:24:46	SO4=	Sulfaat	=	73	mg/L
OW571900	2025-01-15	     67727	09:24:46	T	Temperatuur	=	4,7	°C
OW571900	2025-01-15	     67727	09:24:46	ZS	Zwevende stoffen	=	13,4	mg/L
OW571900	2025-02-06	     69440	09:23:33	BZV5	Biochemisch zuurstofverbruik na 5d.	=	2,67	mgO2/L
OW571900	2025-02-06	     69440	09:23:33	Cl-	Chloride	=	62	mg/L
OW571900	2025-02-06	     69440	09:23:33	CZV	Chemisch zuurstofverbruik	=	17,2	mgO2/L
OW571900	2025-02-06	     69440	09:23:33	EC 20	Geleidbaarheid (20°C)	=	778	µS/cm
OW571900	2025-02-06	     69440	09:23:33	EC 25	Geleidbaarheid (25°C)	=	852,299	µS/cm
OW571900	2025-02-06	     69440	09:23:33	KjN	Kjeldahlstikstof	=	1,127	mgN/L
OW571900	2025-02-06	     69440	09:23:33	N t	Stikstof	=	6,8	mgN/L
OW571900	2025-02-06	     69440	09:23:33	N+N	Nitraat+nitriet	=	5,673	mgN/L
OW571900	2025-02-06	     69440	09:23:33	N+N+N	Nitraat+nitriet+ammonium	=	6,243	mgN/L
OW571900	2025-02-06	     69440	09:23:33	NH4+	Ammonium	=	0,57	mgN/L
OW571900	2025-02-06	     69440	09:23:33	NO2-	Nitriet	=	0,073	mgN/L
OW571900	2025-02-06	     69440	09:23:33	NO3-	Nitraat	=	5,6	mgN/L
OW571900	2025-02-06	     69440	09:23:33	O2	Zuurstof	=	10,32	mg/L
OW571900	2025-02-06	     69440	09:23:33	O2 verz	Zuurstof	=	79,5	%
OW571900	2025-02-06	     69440	09:23:33	oPO4 f	Orthofosfaat	=	0,167	mgP/L
OW571900	2025-02-06	     69440	09:23:33	P t	Fosfor	=	0,305	mgP/L
OW571900	2025-02-06	     69440	09:23:33	pH	pH	=	7,71	-
OW571900	2025-02-06	     69440	09:23:33	SO4=	Sulfaat	=	73	mg/L
OW571900	2025-02-06	     69440	09:23:33	T	Temperatuur	=	5,3	°C
OW571900	2025-02-06	     69440	09:23:33	ZS	Zwevende stoffen	=	10,9	mg/L
OW571900	2025-03-13	     75662	09:24:19	Cl-	Chloride	=	86	mg/L
OW571900	2025-03-13	     75662	09:24:19	CZV	Chemisch zuurstofverbruik	=	11,3	mgO2/L
OW571900	2025-03-13	     75662	09:24:19	EC 20	Geleidbaarheid (20°C)	=	931	µS/cm
OW571900	2025-03-13	     75662	09:24:19	EC 25	Geleidbaarheid (25°C)	=	1019,9105	µS/cm
OW571900	2025-03-13	     75662	09:24:19	KjN	Kjeldahlstikstof	=	0,913	mgN/L
OW571900	2025-03-13	     75662	09:24:19	N t	Stikstof	=	7,3	mgN/L
OW571900	2025-03-13	     75662	09:24:19	N+N	Nitraat+nitriet	=	6,387	mgN/L
OW571900	2025-03-13	     75662	09:24:19	N+N+N	Nitraat+nitriet+ammonium	=	6,884	mgN/L
OW571900	2025-03-13	     75662	09:24:19	NH4+	Ammonium	=	0,497	mgN/L
OW571900	2025-03-13	     75662	09:24:19	NO2-	Nitriet	=	0,087	mgN/L
OW571900	2025-03-13	     75662	09:24:19	NO3-	Nitraat	=	6,3	mgN/L
OW571900	2025-03-13	     75662	09:24:19	O2	Zuurstof	=	9,66	mg/L
OW571900	2025-03-13	     75662	09:24:19	O2 verz	Zuurstof	=	83,7	%
OW571900	2025-03-13	     75662	09:24:19	oPO4 f	Orthofosfaat	=	0,124	mgP/L
OW571900	2025-03-13	     75662	09:24:19	P t	Fosfor	=	0,237	mgP/L
OW571900	2025-03-13	     75662	09:24:19	pH	pH	=	7,89	-
OW571900	2025-03-13	     75662	09:24:19	SO4=	Sulfaat	=	88	mg/L
OW571900	2025-03-13	     75662	09:24:19	T	Temperatuur	=	8,1	°C
OW571900	2025-03-13	     75662	09:24:19	ZS	Zwevende stoffen	=	11	mg/L
OW571900	2025-04-24	     80082	09:14:07	BZV5	Biochemisch zuurstofverbruik na 5d.	=	3,2	mgO2/L
OW571900	2025-04-24	     80082	09:14:07	Cl-	Chloride	=	102	mg/L
OW571900	2025-04-24	     80082	09:14:07	Clfyl a	Chlorofyl a	=	87	µg/L
OW571900	2025-04-24	     80082	09:14:07	CZV	Chemisch zuurstofverbruik	=	13,5	mgO2/L
OW571900	2025-04-24	     80082	09:14:07	EC 20	Geleidbaarheid (20°C)	=	962	µS/cm
OW571900	2025-04-24	     80082	09:14:07	EC 25	Geleidbaarheid (25°C)	=	1053,871	µS/cm
OW571900	2025-04-24	     80082	09:14:07	Feofyt a	Feofytine a	=	25	µg/L
OW571900	2025-04-24	     80082	09:14:07	KjN	Kjeldahlstikstof	=	0,9	mgN/L
OW571900	2025-04-24	     80082	09:14:07	N t	Stikstof	=	6	mgN/L
OW571900	2025-04-24	     80082	09:14:07	N+N	Nitraat+nitriet	=	5,1	mgN/L
OW571900	2025-04-24	     80082	09:14:07	N+N+N	Nitraat+nitriet+ammonium	<	5,16	mgN/L
OW571900	2025-04-24	     80082	09:14:07	NH4+	Ammonium	<	0,06	mgN/L
OW571900	2025-04-24	     80082	09:14:07	NO2-	Nitriet	=	0,1	mgN/L
OW571900	2025-04-24	     80082	09:14:07	NO3-	Nitraat	=	5	mgN/L
OW571900	2025-04-24	     80082	09:14:07	O2	Zuurstof	=	11,46	mg/L
OW571900	2025-04-24	     80082	09:14:07	O2 verz	Zuurstof	=	110,6	%
OW571900	2025-04-24	     80082	09:14:07	oPO4 f	Orthofosfaat	=	0,074	mgP/L
OW571900	2025-04-24	     80082	09:14:07	P t	Fosfor	=	0,33	mgP/L
OW571900	2025-04-24	     80082	09:14:07	pH	pH	=	8,19	-
OW571900	2025-04-24	     80082	09:14:07	Secchi	Doorzichtigheid	=	40	cm
OW571900	2025-04-24	     80082	09:14:07	SO4=	Sulfaat	=	84	mg/L
OW571900	2025-04-24	     80082	09:14:07	T	Temperatuur	=	14,2	°C
OW571900	2025-04-24	     80082	09:14:07	ZS	Zwevende stoffen	=	28	mg/L
OW571900	2025-05-21	     86433	09:21:37	Cl-	Chloride	=	113	mg/L
OW571900	2025-05-21	     86433	09:21:37	Clfyl a	Chlorofyl a	=	8,6	µg/L
OW571900	2025-05-21	     86433	09:21:37	CZV	Chemisch zuurstofverbruik	=	13,8	mgO2/L
OW571900	2025-05-21	     86433	09:21:37	EC 20	Geleidbaarheid (20°C)	=	1003	µS/cm
OW571900	2025-05-21	     86433	09:21:37	EC 25	Geleidbaarheid (25°C)	=	1098,7865	µS/cm
OW571900	2025-05-21	     86433	09:21:37	Feofyt a	Feofytine a	=	13	µg/L
OW571900	2025-05-21	     86433	09:21:37	KjN	Kjeldahlstikstof	=	0,888	mgN/L
OW571900	2025-05-21	     86433	09:21:37	N t	Stikstof	=	2,81	mgN/L
OW571900	2025-05-21	     86433	09:21:37	N+N	Nitraat+nitriet	=	1,922	mgN/L
OW571900	2025-05-21	     86433	09:21:37	N+N+N	Nitraat+nitriet+ammonium	=	2,23	mgN/L
OW571900	2025-05-21	     86433	09:21:37	NH4+	Ammonium	=	0,308	mgN/L
OW571900	2025-05-21	     86433	09:21:37	NO2-	Nitriet	=	0,092	mgN/L
OW571900	2025-05-21	     86433	09:21:37	NO3-	Nitraat	=	1,83	mgN/L
OW571900	2025-05-21	     86433	09:21:37	O2	Zuurstof	=	4,37	mg/L
OW571900	2025-05-21	     86433	09:21:37	O2 verz	Zuurstof	=	45,7	%
OW571900	2025-05-21	     86433	09:21:37	oPO4 f	Orthofosfaat	=	0,288	mgP/L
OW571900	2025-05-21	     86433	09:21:37	P t	Fosfor	=	0,45	mgP/L
OW571900	2025-05-21	     86433	09:21:37	pH	pH	=	7,86	-
OW571900	2025-05-21	     86433	09:21:37	Secchi	Doorzichtigheid	=	40	cm
OW571900	2025-05-21	     86433	09:21:37	SO4=	Sulfaat	=	82	mg/L
OW571900	2025-05-21	     86433	09:21:37	T	Temperatuur	=	17,7	°C
OW571900	2025-05-21	     86433	09:21:37	ZS	Zwevende stoffen	=	20,7	mg/L
OW571900	2025-06-19	     92467	09:24:22	BZV5	Biochemisch zuurstofverbruik na 5d.	<	2	mgO2/L
OW571900	2025-06-19	     92467	09:24:22	Cl-	Chloride	=	116	mg/L
OW571900	2025-06-19	     92467	09:24:22	Clfyl a	Chlorofyl a	=	12,1	µg/L
OW571900	2025-06-19	     92467	09:24:22	CZV	Chemisch zuurstofverbruik	=	14,2	mgO2/L
OW571900	2025-06-19	     92467	09:24:22	EC 20	Geleidbaarheid (20°C)	=	939	µS/cm
OW571900	2025-06-19	     92467	09:24:22	EC 25	Geleidbaarheid (25°C)	=	1028,6745	µS/cm
OW571900	2025-06-19	     92467	09:24:22	Feofyt a	Feofytine a	=	10,5	µg/L
OW571900	2025-06-19	     92467	09:24:22	KjN	Kjeldahlstikstof	=	0,742	mgN/L
OW571900	2025-06-19	     92467	09:24:22	N t	Stikstof	=	2,72	mgN/L
OW571900	2025-06-19	     92467	09:24:22	N+N	Nitraat+nitriet	=	1,978	mgN/L
OW571900	2025-06-19	     92467	09:24:22	N+N+N	Nitraat+nitriet+ammonium	=	2,295	mgN/L
OW571900	2025-06-19	     92467	09:24:22	NH4+	Ammonium	=	0,317	mgN/L
OW571900	2025-06-19	     92467	09:24:22	NO2-	Nitriet	=	0,088	mgN/L
OW571900	2025-06-19	     92467	09:24:22	NO3-	Nitraat	=	1,89	mgN/L
OW571900	2025-06-19	     92467	09:24:22	O2	Zuurstof	=	4,52	mg/L
OW571900	2025-06-19	     92467	09:24:22	O2 verz	Zuurstof	=	52,4	%
OW571900	2025-06-19	     92467	09:24:22	oPO4 f	Orthofosfaat	=	0,341	mgP/L
OW571900	2025-06-19	     92467	09:24:22	P t	Fosfor	=	0,45	mgP/L
OW571900	2025-06-19	     92467	09:24:22	pH	pH	=	7,77	-
OW571900	2025-06-19	     92467	09:24:22	Secchi	Doorzichtigheid	=	50	cm
OW571900	2025-06-19	     92467	09:24:22	SO4=	Sulfaat	=	78	mg/L
OW571900	2025-06-19	     92467	09:24:22	T	Temperatuur	=	24	°C
OW571900	2025-06-19	     92467	09:24:22	ZS	Zwevende stoffen	=	20,3	mg/L
OW571900	2025-07-24	     99088	10:22:08	Cl-	Chloride	=	110	mg/L
OW571900	2025-07-24	     99088	10:22:08	Clfyl a	Chlorofyl a	=	62	µg/L
OW571900	2025-07-24	     99088	10:22:08	CZV	Chemisch zuurstofverbruik	=	20,7	mgO2/L
OW571900	2025-07-24	    117808	10:33:26	EC 20	Geleidbaarheid (20°C)	=	908	µS/cm
OW571900	2025-07-24	     99088	10:22:08	EC 20	Geleidbaarheid (20°C)	=	895	µS/cm
OW571900	2025-07-24	     99088	10:22:08	EC 25	Geleidbaarheid (25°C)	=	980,4725	µS/cm
OW571900	2025-07-24	    117808	10:33:26	EC 25	Geleidbaarheid (25°C)	=	994,714	µS/cm
OW571900	2025-07-24	     99088	10:22:08	Feofyt a	Feofytine a	=	15	µg/L
OW571900	2025-07-24	     99088	10:22:08	KjN	Kjeldahlstikstof	=	1,3175	mgN/L
OW571900	2025-07-24	     99088	10:22:08	N t	Stikstof	=	2,8	mgN/L
OW571900	2025-07-24	     99088	10:22:08	N+N	Nitraat+nitriet	=	1,4825	mgN/L
OW571900	2025-07-24	     99088	10:22:08	N+N+N	Nitraat+nitriet+ammonium	<	1,5125	mgN/L
OW571900	2025-07-24	     99088	10:22:08	NH4+	Ammonium	<	0,03	mgN/L
OW571900	2025-07-24	     99088	10:22:08	NO2-	Nitriet	=	0,0525	mgN/L
OW571900	2025-07-24	     99088	10:22:08	NO3-	Nitraat	=	1,43	mgN/L
OW571900	2025-07-24	    117808	10:33:26	O2	Zuurstof	=	10,1	mg/L
OW571900	2025-07-24	     99088	10:22:08	O2	Zuurstof	=	9,08	mg/L
OW571900	2025-07-24	    117808	10:33:26	O2 verz	Zuurstof	=	114,7	%
OW571900	2025-07-24	     99088	10:22:08	O2 verz	Zuurstof	=	103,6	%
OW571900	2025-07-24	     99088	10:22:08	oPO4 f	Orthofosfaat	=	0,202	mgP/L
OW571900	2025-07-24	     99088	10:22:08	P t	Fosfor	=	0,49	mgP/L
OW571900	2025-07-24	    117808	10:33:26	pH	pH	=	8,31	-
OW571900	2025-07-24	     99088	10:22:08	pH	pH	=	8,23	-
OW571900	2025-07-24	     99088	10:22:08	Secchi	Doorzichtigheid	=	30	cm
OW571900	2025-07-24	     99088	10:22:08	SO4=	Sulfaat	=	75	mg/L
OW571900	2025-07-24	    117808	10:33:26	T	Temperatuur	=	21,8	°C
OW571900	2025-07-24	     99088	10:22:08	T	Temperatuur	=	22,2	°C
OW571900	2025-07-24	     99088	10:22:08	ZS	Zwevende stoffen	=	30	mg/L
OW571900	2025-08-12	     99087	08:44:02	BZV5	Biochemisch zuurstofverbruik na 5d.	=	3,3	mgO2/L
OW571900	2025-08-12	     99087	08:44:02	Cl-	Chloride	=	126	mg/L
OW571900	2025-08-12	     99087	08:44:02	Clfyl a	Chlorofyl a	=	88	µg/L
OW571900	2025-08-12	     99087	08:44:02	CZV	Chemisch zuurstofverbruik	=	17,3	mgO2/L
OW571900	2025-08-12	     99087	08:44:02	EC 20	Geleidbaarheid (20°C)	=	941	µS/cm
OW571900	2025-08-12	     99087	08:44:02	EC 25	Geleidbaarheid (25°C)	=	1030,8655	µS/cm
OW571900	2025-08-12	     99087	08:44:02	Feofyt a	Feofytine a	=	23	µg/L
OW571900	2025-08-12	     99087	08:44:02	KjN	Kjeldahlstikstof	=	1,0311	mgN/L
OW571900	2025-08-12	     99087	08:44:02	N t	Stikstof	=	2,5	mgN/L
OW571900	2025-08-12	     99087	08:44:02	N+N	Nitraat+nitriet	=	1,4689	mgN/L
OW571900	2025-08-12	     99087	08:44:02	N+N+N	Nitraat+nitriet+ammonium	<	1,4989	mgN/L
OW571900	2025-08-12	     99087	08:44:02	NH4+	Ammonium	<	0,03	mgN/L
OW571900	2025-08-12	     99087	08:44:02	NO2-	Nitriet	=	0,0389	mgN/L
OW571900	2025-08-12	     99087	08:44:02	NO3-	Nitraat	=	1,43	mgN/L
OW571900	2025-08-12	     99087	08:44:02	O2	Zuurstof	=	10,32	mg/L
OW571900	2025-08-12	     99087	08:44:02	O2 verz	Zuurstof	=	118,1	%
OW571900	2025-08-12	     99087	08:44:02	oPO4 f	Orthofosfaat	=	0,179	mgP/L
OW571900	2025-08-12	     99087	08:44:02	P t	Fosfor	=	0,44	mgP/L
OW571900	2025-08-12	     99087	08:44:02	pH	pH	=	8,31	-
OW571900	2025-08-12	     99087	08:44:02	Secchi	Doorzichtigheid	=	30	cm
OW571900	2025-08-12	     99087	08:44:02	SO4=	Sulfaat	=	75	mg/L
OW571900	2025-08-12	     99087	08:44:02	T	Temperatuur	=	22,4	°C
OW571900	2025-08-12	     99087	08:44:02	ZS	Zwevende stoffen	=	35	mg/L
OW571900	2025-09-22	    121218	09:16:49	Cl-	Chloride	=	137	mg/L
OW571900	2025-09-22	    121218	09:16:49	Clfyl a	Chlorofyl a	=	36	µg/L
OW571900	2025-09-22	    121218	09:16:49	CZV	Chemisch zuurstofverbruik	=	16,5	mgO2/L
OW571900	2025-09-22	    121218	09:16:49	EC 20	Geleidbaarheid (20°C)	=	948	µS/cm
OW571900	2025-09-22	    121218	09:16:49	EC 25	Geleidbaarheid (25°C)	=	1038,534	µS/cm
OW571900	2025-09-22	    121218	09:16:49	Feofyt a	Feofytine a	=	17	µg/L
OW571900	2025-09-22	    121218	09:16:49	KjN	Kjeldahlstikstof	=	0,829	mgN/L
OW571900	2025-09-22	    121218	09:16:49	N t	Stikstof	=	3,4	mgN/L
OW571900	2025-09-22	    121218	09:16:49	N+N	Nitraat+nitriet	=	2,571	mgN/L
OW571900	2025-09-22	    121218	09:16:49	N+N+N	Nitraat+nitriet+ammonium	=	2,954	mgN/L
OW571900	2025-09-22	    121218	09:16:49	NH4+	Ammonium	=	0,383	mgN/L
OW571900	2025-09-22	    121218	09:16:49	NO2-	Nitriet	=	0,181	mgN/L
OW571900	2025-09-22	    121218	09:16:49	NO3-	Nitraat	=	2,39	mgN/L
OW571900	2025-09-22	    121218	09:16:49	O2	Zuurstof	=	7,55	mg/L
OW571900	2025-09-22	    121218	09:16:49	O2 verz	Zuurstof	=	76,6	%
OW571900	2025-09-22	    121218	09:16:49	oPO4 f	Orthofosfaat	=	0,207	mgP/L
OW571900	2025-09-22	    121218	09:16:49	P t	Fosfor	=	0,4	mgP/L
OW571900	2025-09-22	    121218	09:16:49	pH	pH	=	7,99	-
OW571900	2025-09-22	    121218	09:16:49	Secchi	Doorzichtigheid	=	30	cm
OW571900	2025-09-22	    121218	09:16:49	SO4=	Sulfaat	=	80	mg/L
OW571900	2025-09-22	    121218	09:16:49	T	Temperatuur	=	16,5	°C
OW571900	2025-09-22	    121218	09:16:49	ZS	Zwevende stoffen	=	37	mg/L
OW571900	2025-10-20	    128458	09:31:28	BZV5	Biochemisch zuurstofverbruik na 5d.	=	3,2	mgO2/L
OW571900	2025-10-20	    128458	09:31:28	Cl-	Chloride	=	148	mg/L
OW571900	2025-10-20	    128458	09:31:28	CZV	Chemisch zuurstofverbruik	=	29	mgO2/L
OW571900	2025-10-20	    128458	09:31:28	EC 20	Geleidbaarheid (20°C)	=	966	µS/cm
OW571900	2025-10-20	    128458	09:31:28	EC 25	Geleidbaarheid (25°C)	=	1058,253	µS/cm
OW571900	2025-10-20	    128458	09:31:28	KjN	Kjeldahlstikstof	=	1,323	mgN/L
OW571900	2025-10-20	    128458	09:31:28	N t	Stikstof	=	3,77	mgN/L
OW571900	2025-10-20	    128458	09:31:28	N+N	Nitraat+nitriet	=	2,447	mgN/L
OW571900	2025-10-20	    128458	09:31:28	N+N+N	Nitraat+nitriet+ammonium	<	2,477	mgN/L
OW571900	2025-10-20	    128458	09:31:28	NH4+	Ammonium	<	0,03	mgN/L
OW571900	2025-10-20	    128458	09:31:28	NO2-	Nitriet	=	0,077	mgN/L
OW571900	2025-10-20	    128458	09:31:28	NO3-	Nitraat	=	2,37	mgN/L
OW571900	2025-10-20	    128458	09:31:28	O2	Zuurstof	=	10,81	mg/L
OW571900	2025-10-20	    128458	09:31:28	O2 verz	Zuurstof	=	107,2	%
OW571900	2025-10-20	    128458	09:31:28	oPO4 f	Orthofosfaat	=	0,2	mgP/L
OW571900	2025-10-20	    128458	09:31:28	P t	Fosfor	=	0,47	mgP/L
OW571900	2025-10-20	    128458	09:31:28	pH	pH	=	8,16	-
OW571900	2025-10-20	    128458	09:31:28	SO4=	Sulfaat	=	78	mg/L
OW571900	2025-10-20	    128458	09:31:28	T	Temperatuur	=	14,4	°C
OW571900	2025-10-20	    128458	09:31:28	ZS	Zwevende stoffen	=	24,7	mg/L
OW571900	2025-11-06	    133832	09:18:42	Cl-	Chloride	=	89	mg/L
OW571900	2025-11-06	    133832	09:18:42	CZV	Chemisch zuurstofverbruik	=	14	mgO2/L
OW571900	2025-11-06	    133832	09:18:42	EC 20	Geleidbaarheid (20°C)	=	723	µS/cm
OW571900	2025-11-06	    133832	09:18:42	EC 25	Geleidbaarheid (25°C)	=	792,0465	µS/cm
OW571900	2025-11-06	    133832	09:18:42	KjN	Kjeldahlstikstof	=	1,099	mgN/L
OW571900	2025-11-06	    133832	09:18:42	N t	Stikstof	=	4,7	mgN/L
OW571900	2025-11-06	    133832	09:18:42	N+N	Nitraat+nitriet	=	3,601	mgN/L
OW571900	2025-11-06	    133832	09:18:42	N+N+N	Nitraat+nitriet+ammonium	=	4,251	mgN/L
OW571900	2025-11-06	    133832	09:18:42	NH4+	Ammonium	=	0,65	mgN/L
OW571900	2025-11-06	    133832	09:18:42	NO2-	Nitriet	=	0,141	mgN/L
OW571900	2025-11-06	    133832	09:18:42	NO3-	Nitraat	=	3,46	mgN/L
OW571900	2025-11-06	    133832	09:18:42	O2	Zuurstof	=	6,51	mg/L
OW571900	2025-11-06	    133832	09:18:42	O2 verz	Zuurstof	=	60,4	%
OW571900	2025-11-06	    133832	09:18:42	oPO4 f	Orthofosfaat	=	0,272	mgP/L
OW571900	2025-11-06	    133832	09:18:42	P t	Fosfor	=	0,38	mgP/L
OW571900	2025-11-06	    133832	09:18:42	pH	pH	=	7,69	-
OW571900	2025-11-06	    133832	09:18:42	SO4=	Sulfaat	=	62	mg/L
OW571900	2025-11-06	    133832	09:18:42	T	Temperatuur	=	12	°C
OW571900	2025-11-06	    133832	09:18:42	ZS	Zwevende stoffen	=	13,5	mg/L
OW571900	2025-12-01	    134544	09:34:07	BZV5	Biochemisch zuurstofverbruik na 5d.	<	2	mgO2/L
OW571900	2025-12-01	    134544	09:34:07	Cl-	Chloride	=	92	mg/L
OW571900	2025-12-01	    134544	09:34:07	CZV	Chemisch zuurstofverbruik	=	14,5	mgO2/L
OW571900	2025-12-01	    134544	09:34:07	EC 20	Geleidbaarheid (20°C)	=	770	µS/cm
OW571900	2025-12-01	    134544	09:34:07	EC 25	Geleidbaarheid (25°C)	=	843,535	µS/cm
OW571900	2025-12-01	    134544	09:34:07	KjN	Kjeldahlstikstof	=	1,198	mgN/L
OW571900	2025-12-01	    134544	09:34:07	N t	Stikstof	=	6,2	mgN/L
OW571900	2025-12-01	    134544	09:34:07	N+N	Nitraat+nitriet	=	5,002	mgN/L
OW571900	2025-12-01	    134544	09:34:07	N+N+N	Nitraat+nitriet+ammonium	=	6,012	mgN/L
OW571900	2025-12-01	    134544	09:34:07	NH4+	Ammonium	=	1,01	mgN/L
OW571900	2025-12-01	    134544	09:34:07	NO2-	Nitriet	=	0,102	mgN/L
OW571900	2025-12-01	    134544	09:34:07	NO3-	Nitraat	=	4,9	mgN/L
OW571900	2025-12-01	    134544	09:34:07	O2	Zuurstof	=	8,35	mg/L
OW571900	2025-12-01	    134544	09:34:07	O2 verz	Zuurstof	=	68	%
OW571900	2025-12-01	    134544	09:34:07	oPO4 f	Orthofosfaat	=	0,217	mgP/L
OW571900	2025-12-01	    134544	09:34:07	P t	Fosfor	=	0,33	mgP/L
OW571900	2025-12-01	    134544	09:34:07	pH	pH	=	7,66	-
OW571900	2025-12-01	    134544	09:34:07	SO4=	Sulfaat	=	73	mg/L
OW571900	2025-12-01	    134544	09:34:07	T	Temperatuur	=	6,7	°C
OW571900	2025-12-01	    134544	09:34:07	ZS	Zwevende stoffen	=	11,7	mg/L
OW571900	2026-01-19	    595647	13:41:57	Ag o	Zilver	<	0,05	µg/L
OW571900	2026-01-19	    595647	13:41:57	Al o	Aluminium	<	150	µg/L
OW571900	2026-01-19	    595647	13:41:57	As o	Arseen	=	1,41	µg/L
OW571900	2026-01-19	    595647	13:41:57	B o	Boor	=	68	µg/L
OW571900	2026-01-19	    595647	13:41:57	Ba o	Barium	=	29	µg/L
OW571900	2026-01-19	    595647	13:41:57	Be o	Beryllium	<	0,11	µg/L
OW571900	2026-01-19	    595647	13:41:57	Ca o	Calcium	=	116000	µg/L
OW571900	2026-01-19	    595647	13:41:57	Cd o	Cadmium	<	0,05	µg/L
OW571900	2026-01-19	    595647	13:41:57	Cl-	Chloride	=	76	mg/L
OW571900	2026-01-19	    595647	13:41:57	Co o	Kobalt	=	0,61	µg/L
OW571900	2026-01-19	    595647	13:41:57	Cr o	Chroom	<	1,5	µg/L
OW571900	2026-01-19	    595647	13:41:57	Cu o	Koper	<	2	µg/L
OW571900	2026-01-19	    595647	13:41:57	CZV	Chemisch zuurstofverbruik	=	18,6	mgO2/L
OW571900	2026-01-19	    595647	13:41:57	DOC	Koolstof	=	6,3	mgC/L
OW571900	2026-01-19	    595647	13:41:57	EC 20	Geleidbaarheid (20°C)	=	807	µS/cm
OW571900	2026-01-19	    595647	13:41:57	EC 25	Geleidbaarheid (25°C)	=	884,0685	µS/cm
OW571900	2026-01-19	    595647	13:41:57	Fe o	Ijzer	=	31,3	µg/L
OW571900	2026-01-19	    595647	13:41:57	H t	Hardheid	=	33,791666666666666705	°F
OW571900	2026-01-19	    595647	13:41:57	Hg o	Kwik	<	0,025	µg/L
OW571900	2026-01-19	    595647	13:41:57	K o	Kalium	=	14000	µg/L
OW571900	2026-01-19	    595647	13:41:57	KjN	Kjeldahlstikstof	<	0,22	mgN/L
OW571900	2026-01-19	    595647	13:41:57	Mg o	Magnesium	=	11500	µg/L
OW571900	2026-01-19	    595647	13:41:57	Mn o	Mangaan	=	120	µg/L
OW571900	2026-01-19	    595647	13:41:57	Mo o	Molybdeen	<	3	µg/L
OW571900	2026-01-19	    595647	13:41:57	N t	Stikstof	=	8,7	mgN/L
OW571900	2026-01-19	    595647	13:41:57	N+N	Nitraat+nitriet	=	8,616	mgN/L
OW571900	2026-01-19	    595647	13:41:57	N+N+N	Nitraat+nitriet+ammonium	=	9,336	mgN/L
OW571900	2026-01-19	    595647	13:41:57	Na o	Natrium	=	45000	µg/L
OW571900	2026-01-19	    595647	13:41:57	NH4+	Ammonium	=	0,72	mgN/L
OW571900	2026-01-19	    595647	13:41:57	Ni o	Nikkel	<	1,6	µg/L
OW571900	2026-01-19	    595647	13:41:57	NO2-	Nitriet	=	0,116	mgN/L
OW571900	2026-01-19	    595647	13:41:57	NO3-	Nitraat	=	8,5	mgN/L
OW571900	2026-01-19	    595647	13:41:57	O2	Zuurstof	=	8,87	mg/L
OW571900	2026-01-19	    595647	13:41:57	O2 verz	Zuurstof	=	72,7	%
OW571900	2026-01-19	    595647	13:41:57	oPO4 f	Orthofosfaat	=	0,186	mgP/L
OW571900	2026-01-19	    595647	13:41:57	P t	Fosfor	=	0,288	mgP/L
OW571900	2026-01-19	    595647	13:41:57	Pb o	Lood	<	1,5	µg/L
OW571900	2026-01-19	    595647	13:41:57	pH	pH	=	7,73	-
OW571900	2026-01-19	    595647	13:41:57	Sb o	Antimoon	<	1,5	µg/L
OW571900	2026-01-19	    595647	13:41:57	Se o	Seleen	=	1,55	µg/L
OW571900	2026-01-19	    595647	13:41:57	Sn o	Tin	<	1,5	µg/L
OW571900	2026-01-19	    595647	13:41:57	SO4=	Sulfaat	=	88	mg/L
OW571900	2026-01-19	    595647	13:41:57	T	Temperatuur	=	7,1	°C
OW571900	2026-01-19	    595647	13:41:57	Te o	Telluur	<	2,5	µg/L
OW571900	2026-01-19	    595647	13:41:57	Ti o	Titaan	<	2	µg/L
OW571900	2026-01-19	    595647	13:41:57	Tl o	Thallium	=	0,3	µg/L
OW571900	2026-01-19	    595647	13:41:57	U o	Uranium	=	1,25	µg/L
OW571900	2026-01-19	    595647	13:41:57	V o	Vanadium	<	1,5	µg/L
OW571900	2026-01-19	    595647	13:41:57	Zn o	Zink	<	11	µg/L
OW571900	2026-01-19	    595647	13:41:57	ZS	Zwevende stoffen	=	13,2	mg/L
OW571900	2026-02-23	    596000	09:49:51	10:2 FTS	10:2 fluortelomeersulfonzuur (10:2 FTS)	<	5	ng/L
OW571900	2026-02-23	    596000	09:49:51	2+3+4MyFol	som 2-methylfenol, 3-methylfenol en 4-methylfenol	<	150	ng/L
OW571900	2026-02-23	    596000	09:49:51	2345CFol	2,3,4,5-Tetrachloorfenol	<	50	ng/L
OW571900	2026-02-23	    596000	09:49:51	2346CFol	2,3,4,6-Tetrachloorfenol	<	50	ng/L
OW571900	2026-02-23	    596000	09:49:51	234CFol	2,3,4-Trichloorfenol	<	50	ng/L
OW571900	2026-02-23	    596000	09:49:51	2356CFol	2,3,5,6-Tetrachloorfenol	<	50	ng/L
OW571900	2026-02-23	    596000	09:49:51	235CFol	2,3,5-Trichloorfenol	<	50	ng/L
OW571900	2026-02-23	    596000	09:49:51	235MyFol	2,3,5-Trimethylfenol	<	50	ng/L
OW571900	2026-02-23	    596000	09:49:51	236CFol	2,3,6-Trichloorfenol	<	50	ng/L
OW571900	2026-02-23	    596000	09:49:51	23CFol	2,3-Dichloorfenol	<	50	ng/L
OW571900	2026-02-23	    596000	09:49:51	23MyFol	2,3-Dimethylfenol	<	50	ng/L
OW571900	2026-02-23	    596000	09:49:51	24+25-CFol	2,4+2,5-Dichloorfenol	<	100	ng/L
OW571900	2026-02-23	    596000	09:49:51	245CFol	2,4,5-Trichloorfenol	<	50	ng/L
OW571900	2026-02-23	    596000	09:49:51	246CFol	2,4,6-Trichloorfenol	<	50	ng/L
OW571900	2026-02-23	    596000	09:49:51	24MyFol	2,4-Dimethylfenol	<	50	ng/L
OW571900	2026-02-23	    596000	09:49:51	25MyFol	2,5-Dimethylfenol	<	50	ng/L
OW571900	2026-02-23	    596000	09:49:51	26CFol	2,6-Dichloorfenol	<	50	ng/L
OW571900	2026-02-23	    596000	09:49:51	26MyFol	2,6-Dimethylfenol	<	50	ng/L
OW571900	2026-02-23	    596000	09:49:51	2CFol	2-Chloorfenol	<	50	ng/L
OW571900	2026-02-23	    596000	09:49:51	2EyFol	2-Ethylfenol	<	50	ng/L
OW571900	2026-02-23	    596000	09:49:51	2iPyFol	2-Isopropylfenol	<	50	ng/L
OW571900	2026-02-23	    596000	09:49:51	2MyFol	2-Methylfenol	<	50	ng/L
OW571900	2026-02-23	    596000	09:49:51	345CFol	3,4,5-Trichloorfenol	<	50	ng/L
OW571900	2026-02-23	    596000	09:49:51	34CFol	3,4-Dichloorfenol	<	50	ng/L
OW571900	2026-02-23	    596000	09:49:51	34MyFol	3,4-Dimethylfenol	<	50	ng/L
OW571900	2026-02-23	    596000	09:49:51	35CFol	3,5-Dichloorfenol	<	50	ng/L
OW571900	2026-02-23	    596000	09:49:51	3CFol	3-Chloorfenol	<	50	ng/L
OW571900	2026-02-23	    596000	09:49:51	3EyFol	3-Ethylfenol	<	50	ng/L
OW571900	2026-02-23	    596000	09:49:51	3MyFol	3-Methylfenol	<	50	ng/L
OW571900	2026-02-23	    596000	09:49:51	4:2 FTS	4:2 fluortelomeersulfonzuur (4:2 FTS)	<	5	ng/L
OW571900	2026-02-23	    596000	09:49:51	4C35MyFol	4-Chloor-3,5-dimethylfenol	<	50	ng/L
OW571900	2026-02-23	    596000	09:49:51	4C3MyFol	4-Chloor-3-methylfenol	<	50	ng/L
OW571900	2026-02-23	    596000	09:49:51	4CFol	4-Chloorfenol	<	50	ng/L
OW571900	2026-02-23	    596000	09:49:51	4EyFol + 35MyFol	4-ethylfenol + 3,5 dimethylfenol	<	100	ng/L
OW571900	2026-02-23	    596000	09:49:51	4MyFol	4-Methylfenol	<	50	ng/L
OW571900	2026-02-23	    596000	09:49:51	4tOyFol	4-tert-Octylfenol	<	15	ng/L
OW571900	2026-02-23	    596000	09:49:51	6:2 diPAP	6:2 fluortelomeerfosfaat diester (6:2 diPAP)	<	5	ng/L
OW571900	2026-02-23	    596000	09:49:51	6:2 FTS	6:2 fluortelomeersulfonzuur (6:2 FTS)	=	2,3	ng/L
OW571900	2026-02-23	    596000	09:49:51	Ag o	Zilver	<	0,05	µg/L
OW571900	2026-02-23	    596000	09:49:51	Al o	Aluminium	<	150	µg/L
OW571900	2026-02-23	    596000	09:49:51	As o	Arseen	=	1,42	µg/L
OW571900	2026-02-23	    596000	09:49:51	B o	Boor	=	63	µg/L
OW571900	2026-02-23	    596000	09:49:51	Ba o	Barium	=	28	µg/L
OW571900	2026-02-23	    596000	09:49:51	Be o	Beryllium	<	0,11	µg/L
OW571900	2026-02-23	    596000	09:49:51	bFol-A	Bisfenol-A	=	122	ng/L
OW571900	2026-02-23	    596000	09:49:51	Ca o	Calcium	=	101000	µg/L
OW571900	2026-02-23	    596000	09:49:51	Cd o	Cadmium	<	0,05	µg/L
OW571900	2026-02-23	    596000	09:49:51	CFolS	Chloorfenolen	<	150	ng/L
OW571900	2026-02-23	    596000	09:49:51	Cl-	Chloride	=	52	mg/L
OW571900	2026-02-23	    596000	09:49:51	Co o	Kobalt	=	0,45	µg/L
OW571900	2026-02-23	    596000	09:49:51	Cr o	Chroom	<	1,5	µg/L
OW571900	2026-02-23	    596000	09:49:51	Cu o	Koper	<	4	µg/L
OW571900	2026-02-23	    596000	09:49:51	CZV	Chemisch zuurstofverbruik	=	22	mgO2/L
OW571900	2026-02-23	    596000	09:49:51	DMyFol som	Som van de dimethylfenolen	<	250	ng/L
OW571900	2026-02-23	    596000	09:49:51	DOC	Koolstof	=	6,9	mgC/L
OW571900	2026-02-23	    596000	09:49:51	DONA	4,8-dioxa-3H-perfluornonaanzuur (DONA)	<	2,5	ng/L
OW571900	2026-02-23	    596000	09:49:51	EC 20	Geleidbaarheid (20°C)	=	683	µS/cm
OW571900	2026-02-23	    596000	09:49:51	EC 25	Geleidbaarheid (25°C)	=	748,2265	µS/cm
OW571900	2026-02-23	    596000	09:49:51	EtPFOSA	N-ethylperfluoroctaan-1-sulfonamide (EtPFOSA)	<	0,5	ng/L
OW571900	2026-02-23	    596000	09:49:51	EtPFOSA totaal	Totaal N-ethylperfluoroctaansulfonamide (lin+vert)	<	5	ng/L
OW571900	2026-02-23	    596000	09:49:51	EtPFOSA vertakt	= EtPFOSAtotaal - EtPFOSA	<	5	ng/L
OW571900	2026-02-23	    596000	09:49:51	EtPFOSAA	N-ethylperfluoroctaansulfonamidoazijnzuur	<	0,5	ng/L
OW571900	2026-02-23	    596000	09:49:51	Fe o	Ijzer	=	41	µg/L
OW571900	2026-02-23	    596000	09:49:51	Fol	Fenol	<	250	ng/L
OW571900	2026-02-23	    596000	09:49:51	H t	Hardheid	=	29,458333333333333367	°F
OW571900	2026-02-23	    596000	09:49:51	HFPO-DA	2,3,3,3-tetrafluor-2(heptafluorpropoxy)propionzuur	<	0,5	ng/L
OW571900	2026-02-23	    596000	09:49:51	Hg o	Kwik	<	0,025	µg/L
OW571900	2026-02-23	    596000	09:49:51	K o	Kalium	=	11600	µg/L
OW571900	2026-02-23	    596000	09:49:51	KjN	Kjeldahlstikstof	=	1,005	mgN/L
OW571900	2026-02-23	    596000	09:49:51	MePFBSAA	N-methylperfluorbutaansulfonamidoazijnzuur	<	0,5	ng/L
OW571900	2026-02-23	    596000	09:49:51	MePFOSA	N-methylperfluoroctaan-1-sulfonamide (MePFOSA)	<	2,5	ng/L
OW571900	2026-02-23	    596000	09:49:51	MePFOSA totaal	Totaal N-methylperfluoroctaansulfonamide (lin+ver)	<	5	ng/L
OW571900	2026-02-23	    596000	09:49:51	MePFOSA vertakt	= MePFOSAtotaal - MePFOSA	<	5	ng/L
OW571900	2026-02-23	    596000	09:49:51	MePFOSAA	N-methylperfluoroctaansulfonamidoazijnzuur	<	0,5	ng/L
OW571900	2026-02-23	    596000	09:49:51	Mg o	Magnesium	=	10100	µg/L
OW571900	2026-02-23	    596000	09:49:51	Mn o	Mangaan	=	63	µg/L
OW571900	2026-02-23	    596000	09:49:51	Mo o	Molybdeen	<	3	µg/L
OW571900	2026-02-23	    596000	09:49:51	N t	Stikstof	=	7,2	mgN/L
OW571900	2026-02-23	    596000	09:49:51	N+N	Nitraat+nitriet	=	6,195	mgN/L
OW571900	2026-02-23	    596000	09:49:51	N+N+N	Nitraat+nitriet+ammonium	=	6,725	mgN/L
OW571900	2026-02-23	    596000	09:49:51	Na o	Natrium	=	33200	µg/L
OW571900	2026-02-23	    596000	09:49:51	NH4+	Ammonium	=	0,53	mgN/L
OW571900	2026-02-23	    596000	09:49:51	Ni o	Nikkel	<	3,2	µg/L
OW571900	2026-02-23	    596000	09:49:51	NO2-	Nitriet	=	0,095	mgN/L
OW571900	2026-02-23	    596000	09:49:51	NO3-	Nitraat	=	6,1	mgN/L
OW571900	2026-02-23	    596000	09:49:51	NyFol	Nonylfenol	<	300	ng/L
OW571900	2026-02-23	    596000	09:49:51	NyFolsom	Nonylfenolen	<	300	ng/L
OW571900	2026-02-23	    596000	09:49:51	O2	Zuurstof	=	8,99	mg/L
OW571900	2026-02-23	    596000	09:49:51	O2 verz	Zuurstof	=	77,3	%
OW571900	2026-02-23	    596000	09:49:51	oPO4 f	Orthofosfaat	=	0,216	mgP/L
OW571900	2026-02-23	    596000	09:49:51	OyFolsom	Octylfenolen	<	15	ng/L
OW571900	2026-02-23	    596000	09:49:51	P t	Fosfor	=	0,37	mgP/L
OW571900	2026-02-23	    596000	09:49:51	Pb o	Lood	<	1,5	µg/L
OW571900	2026-02-23	    596000	09:49:51	PCFol	Pentachloorfenol	<	50	ng/L
OW571900	2026-02-23	    596000	09:49:51	PFAS-43	Som van de 43 PFAS	<	120,9	ng/L
OW571900	2026-02-23	    596000	09:49:51	PFBA	Perfluorbutaanzuur (PFBA)	<	10	ng/L
OW571900	2026-02-23	    596000	09:49:51	PFBS	Perfluorbutaansulfonzuur (PFBS)	<	2,5	ng/L
OW571900	2026-02-23	    596000	09:49:51	PFBSA	Perfluorbutaansulfonamide (PFBSA)	<	2,5	ng/L
OW571900	2026-02-23	    596000	09:49:51	PFDA	Perfluordecaanzuur (PFDA)	<	5	ng/L
OW571900	2026-02-23	    596000	09:49:51	PFDoDA	Perfluordodecaanzuur (PFDoDA)	<	1	ng/L
OW571900	2026-02-23	    596000	09:49:51	PFDoDS	Perfluordodecaansulfonzuur (PFDoDS)	<	5	ng/L
OW571900	2026-02-23	    596000	09:49:51	PFDS	Perfluordecaansulfonzuur (PFDS)	<	1	ng/L
OW571900	2026-02-23	    596000	09:49:51	PFECHS	Perfluor-4-ethylcyclohexaansulfonzuur (PFECHS)	<	0,5	ng/L
OW571900	2026-02-23	    596000	09:49:51	PFHpA	Perfluorheptaanzuur (PFHpA)	<	5	ng/L
OW571900	2026-02-23	    596000	09:49:51	PFHpS	Perfluorheptaansulfonzuur (PFHpS)	<	2,5	ng/L
OW571900	2026-02-23	    596000	09:49:51	PFHxA	Perfluorhexaanzuur (PFHxA)	=	5,1	ng/L
OW571900	2026-02-23	    596000	09:49:51	PFHxS	Perfluorhexaansulfonzuur (PFHxS)	<	2,5	ng/L
OW571900	2026-02-23	    596000	09:49:51	PFHxS totaal	Totaal perfluorhexaansulfonzuur (lineair+vertakt)	<	5	ng/L
OW571900	2026-02-23	    596000	09:49:51	PFHxS vertakt	= PFHxStotaal - PFHxS	<	5	ng/L
OW571900	2026-02-23	    596000	09:49:51	PFHxSA	Perfluorhexaansulfonamide (PFHxSA)	<	0,5	ng/L
OW571900	2026-02-23	    596000	09:49:51	PFNA	Perfluornonaanzuur (PFNA)	<	5	ng/L
OW571900	2026-02-23	    596000	09:49:51	PFNS	Perfluornonaansulfonzuur (PFNS)	<	0,5	ng/L
OW571900	2026-02-23	    596000	09:49:51	PFOA	Perfluoroctaanzuur (PFOA)	<	5	ng/L
OW571900	2026-02-23	    596000	09:49:51	PFOA totaal	Totaal perfluoroctaanzuur (lineair + vertakt)	<	5	ng/L
OW571900	2026-02-23	    596000	09:49:51	PFOA vertakt	= PFOAtotaal - PFOA	<	5	ng/L
OW571900	2026-02-23	    596000	09:49:51	PFOS	Perfluoroctaansulfonzuur (PFOS)	<	2,5	ng/L
OW571900	2026-02-23	    596000	09:49:51	PFOS totaal	Totaal perfluoroctaansulfonzuur (lineair+vertakt)	<	5	ng/L
OW571900	2026-02-23	    596000	09:49:51	PFOS vertakt	= PFOStotaal - PFOS	<	5	ng/L
OW571900	2026-02-23	    596000	09:49:51	PFOSA	Perfluoroctaansulfonamide (PFOSA)	<	0,5	ng/L
OW571900	2026-02-23	    596000	09:49:51	PFOSA totaal	Totaal perfluoroctaansulfonamide (lineair+vertakt)	<	5	ng/L
OW571900	2026-02-23	    596000	09:49:51	PFOSA vertakt	= PFOSAtotaal - PFOSA	<	5	ng/L
OW571900	2026-02-23	    596000	09:49:51	PFPeA	Perfluorpentaanzuur (PFPeA)	<	5	ng/L
OW571900	2026-02-23	    596000	09:49:51	PFPeS	Perfluorpentaansulfonzuur (PFPeS)	<	0,5	ng/L
OW571900	2026-02-23	    596000	09:49:51	PFTeDA	Perfluortetradecaanzuur (PFTeDA)	<	5	ng/L
OW571900	2026-02-23	    596000	09:49:51	PFTrDA	Perfluortridecaanzuur (PFTrDA)	<	5	ng/L
OW571900	2026-02-23	    596000	09:49:51	PFUnDA	Perfluorundecaanzuur (PFUnDA)	<	2,5	ng/L
OW571900	2026-02-23	    596000	09:49:51	PFUnDS	Perfluor-1-undecaansulfonzuur (PFUnS)	<	5	ng/L
OW571900	2026-02-23	    596000	09:49:51	pH	pH	=	7,73	-
OW571900	2026-02-23	    596000	09:49:51	Sb o	Antimoon	<	1,5	µg/L
OW571900	2026-02-23	    596000	09:49:51	Se o	Seleen	=	1,55	µg/L
OW571900	2026-02-23	    596000	09:49:51	Sn o	Tin	<	1,5	µg/L
OW571900	2026-02-23	    596000	09:49:51	SO4=	Sulfaat	=	72	mg/L
OW571900	2026-02-23	    596000	09:49:51	T	Temperatuur	=	9	°C
OW571900	2026-02-23	    596000	09:49:51	Te o	Telluur	<	2,5	µg/L
OW571900	2026-02-23	    596000	09:49:51	Ti o	Titaan	<	2	µg/L
OW571900	2026-02-23	    596000	09:49:51	Tl o	Thallium	=	0,26	µg/L
OW571900	2026-02-23	    596000	09:49:51	triCFolsom	Trichloorfenolen	<	300	ng/L
OW571900	2026-02-23	    596000	09:49:51	U o	Uranium	=	1,15	µg/L
OW571900	2026-02-23	    596000	09:49:51	V o	Vanadium	<	1,5	µg/L
OW571900	2026-02-23	    596000	09:49:51	Zn o	Zink	<	22	µg/L
OW571900	2026-02-23	    596000	09:49:51	ZS	Zwevende stoffen	=	20,7	mg/L
OW571900	2026-03-10	    607203	11:53:57	1234CBz	1,2,3,4-Tetrachloorbenzeen	<	1	ng/L
OW571900	2026-03-10	    607203	11:53:57	1235+1245CBz	1,2,3,5+1,2,4,5-Tetrachloorbenzeen	<	1,5	ng/L
OW571900	2026-03-10	    607203	11:53:57	2356CNiBz	2,3,5,6-Tetrachloornitrobenzeen	<	2	ng/L
OW571900	2026-03-10	    607203	11:53:57	24-D	2,4-Dichloorfenoxyazijnzuur	<	25	ng/L
OW571900	2026-03-10	    607203	11:53:57	24-DB	2,4-Dichloorfenoxybutaanzuur	<	25	ng/L
OW571900	2026-03-10	    607203	11:53:57	24-DP	Dichloorprop	<	25	ng/L
OW571900	2026-03-10	    607203	11:53:57	245-T	2,4,5-Trichloorfenoxyazijnzuur	<	25	ng/L
OW571900	2026-03-10	    607203	11:53:57	24DDD	op'Dichloordifenyldichloorethaan	<	1	ng/L
OW571900	2026-03-10	    607203	11:53:57	24DDE	op'Dichloordifenyldichlooretheen	<	1	ng/L
OW571900	2026-03-10	    607203	11:53:57	24DDT	op'Dichloordifenyltrichloorethaan	<	1	ng/L
OW571900	2026-03-10	    607203	11:53:57	2hAtraz	2-Hydroxy-atrazine	=	14	ng/L
OW571900	2026-03-10	    607203	11:53:57	44DDD	pp'Dichloordifenyldichloorethaan	<	1	ng/L
OW571900	2026-03-10	    607203	11:53:57	44DDE	pp'Dichloordifenyldichlooretheen	<	1	ng/L
OW571900	2026-03-10	    607203	11:53:57	44DDT	pp'Dichloordifenyltrichloorethaan	<	1	ng/L
OW571900	2026-03-10	    607203	11:53:57	a+b+d+gHCHS	alfa+beta+gamma+delta Hexachloorcyclohexaan	<	3,75	ng/L
OW571900	2026-03-10	    607203	11:53:57	a+bEndoS	alfa+beta Endosulfan	<	2	ng/L
OW571900	2026-03-10	    607203	11:53:57	Acetamiprid	Acetamiprid	<	2,5	ng/L
OW571900	2026-03-10	    607203	11:53:57	Aclonifen	Aclonifen	<	2	ng/L
OW571900	2026-03-10	    607203	11:53:57	ADEIdrin	Aldrin+Dieldrin+Endrin+Isodrin	<	2,125	ng/L
OW571900	2026-03-10	    607203	11:53:57	aEndo	alfa-Endosulfan	<	1	ng/L
OW571900	2026-03-10	    607203	11:53:57	Ag o	Zilver	<	0,05	µg/L
OW571900	2026-03-10	    607203	11:53:57	aHCH	alfa-Hexachloorcyclohexaan	<	0,75	ng/L
OW571900	2026-03-10	    607203	11:53:57	Al o	Aluminium	<	150	µg/L
OW571900	2026-03-10	    607203	11:53:57	Alachloor	Alachloor	<	10	ng/L
OW571900	2026-03-10	    607203	11:53:57	Aldrin	Aldrin	<	0,375	ng/L
OW571900	2026-03-10	    607203	11:53:57	As o	Arseen	=	1,47	µg/L
OW571900	2026-03-10	    607203	11:53:57	Atraz	Atrazine	<	5	ng/L
OW571900	2026-03-10	    607203	11:53:57	AzinfosEy	Azinfos-ethyl	<	2	ng/L
OW571900	2026-03-10	    607203	11:53:57	AzinfosMy	Azinfos-methyl	<	1	ng/L
OW571900	2026-03-10	    607203	11:53:57	B o	Boor	=	79	µg/L
OW571900	2026-03-10	    607203	11:53:57	Ba o	Barium	=	35	µg/L
OW571900	2026-03-10	    607203	11:53:57	BAM	2,6-Dichloorbenzamide	=	133	ng/L
OW571900	2026-03-10	    607203	11:53:57	Be o	Beryllium	<	0,11	µg/L
OW571900	2026-03-10	    607203	11:53:57	bEndo	beta-Endosulfan	<	1	ng/L
OW571900	2026-03-10	    607203	11:53:57	Bentazone	Bentazone	<	50	ng/L
OW571900	2026-03-10	    607203	11:53:57	bHCH	beta-Hexachloorcyclohexaan	<	0,75	ng/L
OW571900	2026-03-10	    607203	11:53:57	Bifenox	Bifenox	<	2	ng/L
OW571900	2026-03-10	    607203	11:53:57	Boscalid	Boscalid	=	19,1	ng/L
OW571900	2026-03-10	    607203	11:53:57	BrfosEy	Bromofos-ethyl	<	1	ng/L
OW571900	2026-03-10	    607203	11:53:57	BrfosMy	Bromofos-methyl	<	1	ng/L
OW571900	2026-03-10	    607203	11:53:57	Bromacil	Bromacil	<	10	ng/L
OW571900	2026-03-10	    607203	11:53:57	Bromoxyn	Bromoxynil	<	25	ng/L
OW571900	2026-03-10	    607203	11:53:57	Ca o	Calcium	=	132000	µg/L
OW571900	2026-03-10	    607203	11:53:57	Carbdzim	Carbendazim	<	5	ng/L
OW571900	2026-03-10	    607203	11:53:57	Cartamid	Carbetamide	<	10	ng/L
OW571900	2026-03-10	    607203	11:53:57	Cbromuron	Chloorbromuron	<	15	ng/L
OW571900	2026-03-10	    607203	11:53:57	cCdaan	cis-Chloordaan	<	0,5	ng/L
OW571900	2026-03-10	    607203	11:53:57	Cd o	Cadmium	<	0,05	µg/L
OW571900	2026-03-10	    607203	11:53:57	Cdaan	Chloordaan	<	1	ng/L
OW571900	2026-03-10	    607203	11:53:57	Cdazon	Chloridazon	<	5	ng/L
OW571900	2026-03-10	    607203	11:53:57	Cfvinfos	Chloorfenvinfos	<	1	ng/L
OW571900	2026-03-10	    607203	11:53:57	cHpCEpx	cis-Heptachloorepoxyde	<	1	ng/L
OW571900	2026-03-10	    607203	11:53:57	Cl-	Chloride	=	71	mg/L
OW571900	2026-03-10	    607203	11:53:57	Clopyralid	Clopyralid	<	125	ng/L
OW571900	2026-03-10	    607203	11:53:57	Clotidine	Clothianidine	<	2,5	ng/L
OW571900	2026-03-10	    607203	11:53:57	Co o	Kobalt	=	0,51	µg/L
OW571900	2026-03-10	    607203	11:53:57	CpfosEy	Chloorpyrifos-ethyl	<	2	ng/L
OW571900	2026-03-10	    607203	11:53:57	CpfosMy	Chloorpyrifos-methyl	<	2	ng/L
OW571900	2026-03-10	    607203	11:53:57	Cprofam	Chloorprofam	<	2	ng/L
OW571900	2026-03-10	    607203	11:53:57	Cr o	Chroom	<	1,5	µg/L
OW571900	2026-03-10	    607203	11:53:57	Ctoluron	Chloortoluron	<	16	ng/L
OW571900	2026-03-10	    607203	11:53:57	Cu o	Koper	<	2	µg/L
OW571900	2026-03-10	    607203	11:53:57	Cumafos	Cumafos	<	1	ng/L
OW571900	2026-03-10	    607203	11:53:57	Cyanaz	Cyanazine	<	5	ng/L
OW571900	2026-03-10	    607203	11:53:57	Cybutrine	Cybutrine	<	1	ng/L
OW571900	2026-03-10	    607203	11:53:57	CZV	Chemisch zuurstofverbruik	=	7,2	mgO2/L
OW571900	2026-03-10	    607203	11:53:57	DCvos	Dichloorvos	<	1	ng/L
OW571900	2026-03-10	    607203	11:53:57	DDT t	DDT, totaal	<	4	ng/L
OW571900	2026-03-10	    607203	11:53:57	Demeton	Demeton	<	25	ng/L
OW571900	2026-03-10	    607203	11:53:57	Demeton-O	Demeton-O	<	16	ng/L
OW571900	2026-03-10	    607203	11:53:57	Demeton-S	Demeton-S	<	9	ng/L
OW571900	2026-03-10	    607203	11:53:57	DEyatraz	Desethylatrazine	<	10	ng/L
OW571900	2026-03-10	    607203	11:53:57	DEytByaz	Desethylterbutylazine	<	10	ng/L
OW571900	2026-03-10	    607203	11:53:57	Dflucan	Diflufenican	<	14	ng/L
OW571900	2026-03-10	    607203	11:53:57	dHCH	delta-Hexachloorcyclohexaan	<	0,75	ng/L
OW571900	2026-03-10	    607203	11:53:57	Diazinon	Diazinon	<	2	ng/L
OW571900	2026-03-10	    607203	11:53:57	Dicamba	Dicamba	<	150	ng/L
OW571900	2026-03-10	    607203	11:53:57	Dieldrin	Dieldrin	<	1	ng/L
OW571900	2026-03-10	    607203	11:53:57	DiMetamid	Dimethenamid	<	10	ng/L
OW571900	2026-03-10	    607203	11:53:57	DiMetmorf	Dimethomorf	<	5	ng/L
OW571900	2026-03-10	    607203	11:53:57	DiPyatraz	Desisopropylatrazine	<	10	ng/L
OW571900	2026-03-10	    607203	11:53:57	Diuron	Diuron	<	10	ng/L
OW571900	2026-03-10	    607203	11:53:57	Dmetoat	Dimethoaat	<	2	ng/L
OW571900	2026-03-10	    607203	11:53:57	DNOC	4,6-Dinitro-o-cresol	<	25	ng/L
OW571900	2026-03-10	    607203	11:53:57	DOC	Koolstof	=	5,6	mgC/L
OW571900	2026-03-10	    607203	11:53:57	Dsulfoton	Disulfoton	<	16	ng/L
OW571900	2026-03-10	    607203	11:53:57	EC 20	Geleidbaarheid (20°C)	=	870	µS/cm
OW571900	2026-03-10	    607203	11:53:57	EC 25	Geleidbaarheid (25°C)	=	953,085	µS/cm
OW571900	2026-03-10	    607203	11:53:57	EndoS	Endosulfansulfaat	<	1	ng/L
OW571900	2026-03-10	    607203	11:53:57	Endrin	Endrin	<	0,375	ng/L
OW571900	2026-03-10	    607203	11:53:57	Etfum	Ethofumesaat	<	4	ng/L
OW571900	2026-03-10	    607203	11:53:57	Ethopfos	Ethoprofos	<	1	ng/L
OW571900	2026-03-10	    607203	11:53:57	Fe o	Ijzer	<	25	µg/L
OW571900	2026-03-10	    607203	11:53:57	Fenithion	Fenitrothion	<	2	ng/L
OW571900	2026-03-10	    607203	11:53:57	Fenoprop	Fenoprop	<	25	ng/L
OW571900	2026-03-10	    607203	11:53:57	Fenthion	Fenthion	<	1	ng/L
OW571900	2026-03-10	    607203	11:53:57	Floxpyr	Fluroxypyr	<	25	ng/L
OW571900	2026-03-10	    607203	11:53:57	Flucet	Flufenacet	<	20	ng/L
OW571900	2026-03-10	    607203	11:53:57	Fluopic	Fluopicolide	=	24	ng/L
OW571900	2026-03-10	    607203	11:53:57	Fluopyram	Fluopyram	=	88	ng/L
OW571900	2026-03-10	    607203	11:53:57	Flurtamone	Flurtamone	<	0,005	µg/L
OW571900	2026-03-10	    607203	11:53:57	Fonofos	Fonofos	<	2	ng/L
OW571900	2026-03-10	    607203	11:53:57	gHCH	gamma-Hexachloorcyclohexaan	<	1,5	ng/L
OW571900	2026-03-10	    607203	11:53:57	H t	Hardheid	=	38,375000000000000043	°F
OW571900	2026-03-10	    607203	11:53:57	HCBdn	Hexachloorbutadieen	<	1	ng/L
OW571900	2026-03-10	    607203	11:53:57	HCBz	Hexachloorbenzeen	<	1,5	ng/L
OW571900	2026-03-10	    607203	11:53:57	HCH	Hexachloorcyclohexaan, alle isomeren	<	3,75	ng/L
OW571900	2026-03-10	    607203	11:53:57	Hexazinon	Hexazinon	<	10	ng/L
OW571900	2026-03-10	    607203	11:53:57	Hg o	Kwik	<	0,025	µg/L
OW571900	2026-03-10	    607203	11:53:57	HpC	Heptachloor	<	1	ng/L
OW571900	2026-03-10	    607203	11:53:57	HpC+Epx	Heptachloor+epoxyde	<	4	ng/L
OW571900	2026-03-10	    607203	11:53:57	Imcloprid	Imidacloprid	<	5	ng/L
OW571900	2026-03-10	    607203	11:53:57	Iproturon	Isoproturon	<	5	ng/L
OW571900	2026-03-10	    607203	11:53:57	Isodrin	Isodrin	<	0,375	ng/L
OW571900	2026-03-10	    607203	11:53:57	K o	Kalium	=	15200	µg/L
OW571900	2026-03-10	    607203	11:53:57	KjN	Kjeldahlstikstof	=	0,593	mgN/L
OW571900	2026-03-10	    607203	11:53:57	Lenacil	Lenacil	<	25	ng/L
OW571900	2026-03-10	    607203	11:53:57	Linuron	Linuron	<	5	ng/L
OW571900	2026-03-10	    607203	11:53:57	Malathion	Malathion	<	2	ng/L
OW571900	2026-03-10	    607203	11:53:57	Mbromuron	Metobromuron	<	10	ng/L
OW571900	2026-03-10	    607203	11:53:57	mBthiaz	Metabenzthiazuron	<	5	ng/L
OW571900	2026-03-10	    607203	11:53:57	MCPA	(4-Chloor-2-methylfenoxy)azijnzuur	<	25	ng/L
OW571900	2026-03-10	    607203	11:53:57	MCPB	4-(4-Chloor-2-methylfenoxy)boterzuur	<	25	ng/L
OW571900	2026-03-10	    607203	11:53:57	MCPP	Mecoprop	<	25	ng/L
OW571900	2026-03-10	    607203	11:53:57	Metaza	Metazachloor	<	5	ng/L
OW571900	2026-03-10	    607203	11:53:57	Metbuzin	Metribuzin	<	4	ng/L
OW571900	2026-03-10	    607203	11:53:57	Metola	Metolachloor	<	5	ng/L
OW571900	2026-03-10	    607203	11:53:57	Metoxur	Metoxuron	<	5	ng/L
OW571900	2026-03-10	    607203	11:53:57	Mevinfos	Mevinfos	<	1	ng/L
OW571900	2026-03-10	    607203	11:53:57	Mg o	Magnesium	=	12900	µg/L
OW571900	2026-03-10	    607203	11:53:57	Mlinuron	Monolinuron	<	5	ng/L
OW571900	2026-03-10	    607203	11:53:57	Mmitron	Metamitron	<	5	ng/L
OW571900	2026-03-10	    607203	11:53:57	Mn o	Mangaan	=	93	µg/L
OW571900	2026-03-10	    607203	11:53:57	Mo o	Molybdeen	<	3	µg/L
OW571900	2026-03-10	    607203	11:53:57	MxyC	Methoxychloor	<	1	ng/L
OW571900	2026-03-10	    607203	11:53:57	N t	Stikstof	=	6,9	mgN/L
OW571900	2026-03-10	    607203	11:53:57	N+N	Nitraat+nitriet	=	6,307	mgN/L
OW571900	2026-03-10	    607203	11:53:57	N+N+N	Nitraat+nitriet+ammonium	=	6,789	mgN/L
OW571900	2026-03-10	    607203	11:53:57	Na o	Natrium	=	49000	µg/L
OW571900	2026-03-10	    607203	11:53:57	NH4+	Ammonium	=	0,482	mgN/L
OW571900	2026-03-10	    607203	11:53:57	Ni o	Nikkel	<	3,2	µg/L
OW571900	2026-03-10	    607203	11:53:57	NO2-	Nitriet	=	0,107	mgN/L
OW571900	2026-03-10	    607203	11:53:57	NO3-	Nitraat	=	6,2	mgN/L
OW571900	2026-03-10	    607203	11:53:57	O2	Zuurstof	=	7,51	mg/L
OW571900	2026-03-10	    607203	11:53:57	O2 verz	Zuurstof	=	68,3	%
OW571900	2026-03-10	    607203	11:53:57	OCP t	Organochloorpesticiden, totaal	<	16,625	ng/L
OW571900	2026-03-10	    607203	11:53:57	oPO4 f	Orthofosfaat	=	0,141	mgP/L
OW571900	2026-03-10	    607203	11:53:57	Oxadiazon	Oxadiazon	<	2	ng/L
OW571900	2026-03-10	    607203	11:53:57	P t	Fosfor	=	0,265	mgP/L
OW571900	2026-03-10	    607203	11:53:57	PathionEy	Parathion-ethyl	<	1	ng/L
OW571900	2026-03-10	    607203	11:53:57	PathionMy	Parathion-methyl	<	2	ng/L
OW571900	2026-03-10	    607203	11:53:57	Pb o	Lood	<	1,5	µg/L
OW571900	2026-03-10	    607203	11:53:57	PCB 101	2,2',4,5,5'-Pentachloorbifenyl (PCB101)	<	0,5	ng/L
OW571900	2026-03-10	    607203	11:53:57	PCB 118	2,3',4,4',5-Pentachloorbifenyl (PCB118)	<	0,5	ng/L
OW571900	2026-03-10	    607203	11:53:57	PCB 138	2,2',3,4,4',5'-Hexachloorbifenyl (PCB138)	<	0,5	ng/L
OW571900	2026-03-10	    607203	11:53:57	PCB 153	2,2',4,4',5,5'-Hexachloorbifenyl (PCB153)	<	0,5	ng/L
OW571900	2026-03-10	    607203	11:53:57	PCB 180	2,2',3,4,4',5,5'-Heptachloorbifenyl (PCB180)	<	0,5	ng/L
OW571900	2026-03-10	    607203	11:53:57	PCB 28	2,4,4'-Trichloorbifenyl (PCB28)	<	0,5	ng/L
OW571900	2026-03-10	    607203	11:53:57	PCB 52	2,2',5,5'-Tetrachloorbifenyl (PCB52)	<	0,5	ng/L
OW571900	2026-03-10	    607203	11:53:57	PCB t	Polychloorbifenyl, totaal	<	3,5	ng/L
OW571900	2026-03-10	    607203	11:53:57	PCBz	Pentachloorbenzeen	<	1,5	ng/L
OW571900	2026-03-10	    607203	11:53:57	PCNiBz	Pentachloornitrobenzeen	<	2	ng/L
OW571900	2026-03-10	    607203	11:53:57	pH	pH	=	7,74	-
OW571900	2026-03-10	    607203	11:53:57	Picarb	Pirimicarb	<	5	ng/L
OW571900	2026-03-10	    607203	11:53:57	PirfosMy	Pirimifos-methyl	<	1	ng/L
OW571900	2026-03-10	    607203	11:53:57	Prochloor	Propachloor	<	10	ng/L
OW571900	2026-03-10	    607203	11:53:57	Prometryn	Prometryn	<	10	ng/L
OW571900	2026-03-10	    607203	11:53:57	Propanil	Propanil	<	25	ng/L
OW571900	2026-03-10	    607203	11:53:57	Propaz	Propazine	<	10	ng/L
OW571900	2026-03-10	    607203	11:53:57	Quinofen	Quinoxyfen	<	1	ng/L
OW571900	2026-03-10	    607203	11:53:57	Sb o	Antimoon	<	1,5	µg/L
OW571900	2026-03-10	    607203	11:53:57	Se o	Seleen	<	1,5	µg/L
OW571900	2026-03-10	    607203	11:53:57	Sebutylaz	Sebutylazine	<	10	ng/L
OW571900	2026-03-10	    607203	11:53:57	Simaz	Simazine	<	5	ng/L
OW571900	2026-03-10	    607203	11:53:57	Sn o	Tin	<	1,5	µg/L
OW571900	2026-03-10	    607203	11:53:57	SO4=	Sulfaat	=	90	mg/L
OW571900	2026-03-10	    607203	11:53:57	T	Temperatuur	=	11,6	°C
OW571900	2026-03-10	    607203	11:53:57	tCdaan	trans-Chloordaan	<	0,5	ng/L
OW571900	2026-03-10	    607203	11:53:57	TclofosMy	Tolclofos-methyl	<	2	ng/L
OW571900	2026-03-10	    607203	11:53:57	Te o	Telluur	<	2,5	µg/L
OW571900	2026-03-10	    607203	11:53:57	Telodrin	Telodrin	<	1	ng/L
OW571900	2026-03-10	    607203	11:53:57	Terbufos	Terbufos	<	2	ng/L
OW571900	2026-03-10	    607203	11:53:57	Terbutryn	Terbutryn	<	10	ng/L
OW571900	2026-03-10	    607203	11:53:57	Tfluralin	Trifluralin	<	2	ng/L
OW571900	2026-03-10	    607203	11:53:57	Thiacloprid	Thiacloprid	<	2,5	ng/L
OW571900	2026-03-10	    607203	11:53:57	tHpCEpx	trans-Heptachloorepoxyde	<	2	ng/L
OW571900	2026-03-10	    607203	11:53:57	Ti o	Titaan	<	2	µg/L
OW571900	2026-03-10	    607203	11:53:57	Tl o	Thallium	=	0,31	µg/L
OW571900	2026-03-10	    607203	11:53:57	Tmethoxam	Thiamethoxam	<	5	ng/L
OW571900	2026-03-10	    607203	11:53:57	TrByaz	Terbutylazine	<	5	ng/L
OW571900	2026-03-10	    607203	11:53:57	Triazofos	Triazofos	<	1	ng/L
OW571900	2026-03-10	    607203	11:53:57	Triclopyr	Triclopyr	<	25	ng/L
OW571900	2026-03-10	    607203	11:53:57	U o	Uranium	=	1,43	µg/L
OW571900	2026-03-10	    607203	11:53:57	V o	Vanadium	<	1,5	µg/L
OW571900	2026-03-10	    607203	11:53:57	Zn o	Zink	<	11	µg/L
OW571900	2026-03-10	    607203	11:53:57	ZS	Zwevende stoffen	=	13,6	mg/L
OW571900	2026-04-01	    607200	09:45:12	10:2 FTS	10:2 fluortelomeersulfonzuur (10:2 FTS)	<	5	ng/L
OW571900	2026-04-01	    607200	09:45:12	1234CBz	1,2,3,4-Tetrachloorbenzeen	<	1	ng/L
OW571900	2026-04-01	    607200	09:45:12	1235+1245CBz	1,2,3,5+1,2,4,5-Tetrachloorbenzeen	<	1,5	ng/L
OW571900	2026-04-01	    607200	09:45:12	2+3+4MyFol	som 2-methylfenol, 3-methylfenol en 4-methylfenol	<	200	ng/L
OW571900	2026-04-01	    607200	09:45:12	2345CFol	2,3,4,5-Tetrachloorfenol	<	50	ng/L
OW571900	2026-04-01	    607200	09:45:12	2346CFol	2,3,4,6-Tetrachloorfenol	<	50	ng/L
OW571900	2026-04-01	    607200	09:45:12	234CFol	2,3,4-Trichloorfenol	<	50	ng/L
OW571900	2026-04-01	    607200	09:45:12	2356CFol	2,3,5,6-Tetrachloorfenol	<	50	ng/L
OW571900	2026-04-01	    607200	09:45:12	2356CNiBz	2,3,5,6-Tetrachloornitrobenzeen	<	2	ng/L
OW571900	2026-04-01	    607200	09:45:12	235CFol	2,3,5-Trichloorfenol	<	50	ng/L
OW571900	2026-04-01	    607200	09:45:12	235MyFol	2,3,5-Trimethylfenol	<	50	ng/L
OW571900	2026-04-01	    607200	09:45:12	236CFol	2,3,6-Trichloorfenol	<	50	ng/L
OW571900	2026-04-01	    607200	09:45:12	23CFol	2,3-Dichloorfenol	<	50	ng/L
OW571900	2026-04-01	    607200	09:45:12	23MyFol	2,3-Dimethylfenol	<	50	ng/L
OW571900	2026-04-01	    607200	09:45:12	24-D	2,4-Dichloorfenoxyazijnzuur	=	53	ng/L
OW571900	2026-04-01	    607200	09:45:12	24-DB	2,4-Dichloorfenoxybutaanzuur	<	25	ng/L
OW571900	2026-04-01	    607200	09:45:12	24-DP	Dichloorprop	<	25	ng/L
OW571900	2026-04-01	    607200	09:45:12	24+25-CFol	2,4+2,5-Dichloorfenol	<	100	ng/L
OW571900	2026-04-01	    607200	09:45:12	245-T	2,4,5-Trichloorfenoxyazijnzuur	<	25	ng/L
OW571900	2026-04-01	    607200	09:45:12	245CFol	2,4,5-Trichloorfenol	<	50	ng/L
OW571900	2026-04-01	    607200	09:45:12	246CFol	2,4,6-Trichloorfenol	<	50	ng/L
OW571900	2026-04-01	    607200	09:45:12	24DDD	op'Dichloordifenyldichloorethaan	<	1	ng/L
OW571900	2026-04-01	    607200	09:45:12	24DDE	op'Dichloordifenyldichlooretheen	<	1	ng/L
OW571900	2026-04-01	    607200	09:45:12	24DDT	op'Dichloordifenyltrichloorethaan	<	1	ng/L
OW571900	2026-04-01	    607200	09:45:12	24MyFol	2,4-Dimethylfenol	<	50	ng/L
OW571900	2026-04-01	    607200	09:45:12	24NiFol	2,4-Dinitrofenol	<	50	ng/L
OW571900	2026-04-01	    607200	09:45:12	25MyFol	2,5-Dimethylfenol	<	50	ng/L
OW571900	2026-04-01	    607200	09:45:12	26CFol	2,6-Dichloorfenol	<	50	ng/L
OW571900	2026-04-01	    607200	09:45:12	26MyFol	2,6-Dimethylfenol	<	50	ng/L
OW571900	2026-04-01	    607200	09:45:12	2CFol	2-Chloorfenol	<	50	ng/L
OW571900	2026-04-01	    607200	09:45:12	2EyFol	2-Ethylfenol	<	50	ng/L
OW571900	2026-04-01	    607200	09:45:12	2hAtraz	2-Hydroxy-atrazine	=	15	ng/L
OW571900	2026-04-01	    607200	09:45:12	2iPyFol	2-Isopropylfenol	<	50	ng/L
OW571900	2026-04-01	    607200	09:45:12	2MyFol	2-Methylfenol	<	50	ng/L
OW571900	2026-04-01	    607200	09:45:12	345CFol	3,4,5-Trichloorfenol	<	50	ng/L
OW571900	2026-04-01	    607200	09:45:12	34CFol	3,4-Dichloorfenol	<	50	ng/L
OW571900	2026-04-01	    607200	09:45:12	34MyFol	3,4-Dimethylfenol	<	50	ng/L
OW571900	2026-04-01	    607200	09:45:12	35CFol	3,5-Dichloorfenol	<	50	ng/L
OW571900	2026-04-01	    607200	09:45:12	3CFol	3-Chloorfenol	<	50	ng/L
OW571900	2026-04-01	    607200	09:45:12	3EyFol	3-Ethylfenol	<	50	ng/L
OW571900	2026-04-01	    607200	09:45:12	3MyFol	3-Methylfenol	<	50	ng/L
OW571900	2026-04-01	    607200	09:45:12	4:2 FTS	4:2 fluortelomeersulfonzuur (4:2 FTS)	<	5	ng/L
OW571900	2026-04-01	    607200	09:45:12	44DDD	pp'Dichloordifenyldichloorethaan	<	1	ng/L
OW571900	2026-04-01	    607200	09:45:12	44DDE	pp'Dichloordifenyldichlooretheen	<	1	ng/L
OW571900	2026-04-01	    607200	09:45:12	44DDT	pp'Dichloordifenyltrichloorethaan	<	1	ng/L
OW571900	2026-04-01	    607200	09:45:12	4C35MyFol	4-Chloor-3,5-dimethylfenol	<	50	ng/L
OW571900	2026-04-01	    607200	09:45:12	4C3MyFol	4-Chloor-3-methylfenol	<	50	ng/L
OW571900	2026-04-01	    607200	09:45:12	4CFol	4-Chloorfenol	<	50	ng/L
OW571900	2026-04-01	    607200	09:45:12	4EyFol + 35MyFol	4-ethylfenol + 3,5 dimethylfenol	<	100	ng/L
OW571900	2026-04-01	    607200	09:45:12	4MyFol	4-Methylfenol	<	100	ng/L
OW571900	2026-04-01	    607200	09:45:12	4tOyFol	4-tert-Octylfenol	<	15	ng/L
OW571900	2026-04-01	    607200	09:45:12	6:2 FTS	6:2 fluortelomeersulfonzuur (6:2 FTS)	<	5	ng/L
OW571900	2026-04-01	    607200	09:45:12	a+b+d+gHCHS	alfa+beta+gamma+delta Hexachloorcyclohexaan	<	3,18	ng/L
OW571900	2026-04-01	    607200	09:45:12	a+bEndoS	alfa+beta Endosulfan	<	2	ng/L
OW571900	2026-04-01	    607200	09:45:12	Acetamiprid	Acetamiprid	<	2,5	ng/L
OW571900	2026-04-01	    607200	09:45:12	Aclonifen	Aclonifen	<	2	ng/L
OW571900	2026-04-01	    607200	09:45:12	ADEIdrin	Aldrin+Dieldrin+Endrin+Isodrin	<	2,125	ng/L
OW571900	2026-04-01	    607200	09:45:12	aEndo	alfa-Endosulfan	<	1	ng/L
OW571900	2026-04-01	    607200	09:45:12	Ag o	Zilver	<	0,05	µg/L
OW571900	2026-04-01	    607200	09:45:12	Al o	Aluminium	<	150	µg/L
OW571900	2026-04-01	    607200	09:45:12	Alachloor	Alachloor	<	10	ng/L
OW571900	2026-04-01	    607200	09:45:12	Aldrin	Aldrin	<	0,375	ng/L
OW571900	2026-04-01	    607200	09:45:12	As o	Arseen	=	1,59	µg/L
OW571900	2026-04-01	    607200	09:45:12	Atraz	Atrazine	<	10	ng/L
OW571900	2026-04-01	    607200	09:45:12	AzinfosEy	Azinfos-ethyl	<	2	ng/L
OW571900	2026-04-01	    607200	09:45:12	B o	Boor	=	88	µg/L
OW571900	2026-04-01	    607200	09:45:12	Ba o	Barium	=	33	µg/L
OW571900	2026-04-01	    607200	09:45:12	BAM	2,6-Dichloorbenzamide	=	76	ng/L
OW571900	2026-04-01	    607200	09:45:12	Be o	Beryllium	<	0,11	µg/L
OW571900	2026-04-01	    607200	09:45:12	bEndo	beta-Endosulfan	<	1	ng/L
OW571900	2026-04-01	    607200	09:45:12	Bentazone	Bentazone	<	50	ng/L
OW571900	2026-04-01	    607200	09:45:12	bFol-A	Bisfenol-A	<	100	ng/L
OW571900	2026-04-01	    607200	09:45:12	bHCH	beta-Hexachloorcyclohexaan	<	0,75	ng/L
OW571900	2026-04-01	    607200	09:45:12	Bifenox	Bifenox	<	4	ng/L
OW571900	2026-04-01	    607200	09:45:12	Boscalid	Boscalid	=	16,6	ng/L
OW571900	2026-04-01	    607200	09:45:12	BrfosEy	Bromofos-ethyl	<	1	ng/L
OW571900	2026-04-01	    607200	09:45:12	BrfosMy	Bromofos-methyl	<	1	ng/L
OW571900	2026-04-01	    607200	09:45:12	Bromacil	Bromacil	<	10	ng/L
OW571900	2026-04-01	    607200	09:45:12	Bromoxyn	Bromoxynil	<	25	ng/L
OW571900	2026-04-01	    607200	09:45:12	BZV5	Biochemisch zuurstofverbruik na 5d.	=	3,2	mgO2/L
OW571900	2026-04-01	    607200	09:45:12	Ca o	Calcium	=	127000	µg/L
OW571900	2026-04-01	    607200	09:45:12	Carbdzim	Carbendazim	<	5	ng/L
OW571900	2026-04-01	    607200	09:45:12	Cartamid	Carbetamide	<	10	ng/L
OW571900	2026-04-01	    607200	09:45:12	Cbromuron	Chloorbromuron	<	15	ng/L
OW571900	2026-04-01	    607200	09:45:12	cCdaan	cis-Chloordaan	<	0,5	ng/L
OW571900	2026-04-01	    607200	09:45:12	Cd o	Cadmium	<	0,05	µg/L
OW571900	2026-04-01	    607200	09:45:12	Cdaan	Chloordaan	<	1	ng/L
OW571900	2026-04-01	    607200	09:45:12	Cdazon	Chloridazon	=	40	ng/L
OW571900	2026-04-01	    607200	09:45:12	CFolS	Chloorfenolen	<	150	ng/L
OW571900	2026-04-01	    607200	09:45:12	cHpCEpx	cis-Heptachloorepoxyde	<	1	ng/L
OW571900	2026-04-01	    607200	09:45:12	Cl-	Chloride	=	97	mg/L
OW571900	2026-04-01	    607200	09:45:12	Clfyl a	Chlorofyl a	=	17,9	µg/L
OW571900	2026-04-01	    607200	09:45:12	Clopyralid	Clopyralid	<	125	ng/L
OW571900	2026-04-01	    607200	09:45:12	Clotidine	Clothianidine	<	2,5	ng/L
OW571900	2026-04-01	    607200	09:45:12	Co o	Kobalt	=	0,59	µg/L
OW571900	2026-04-01	    607200	09:45:12	CpfosEy	Chloorpyrifos-ethyl	<	2	ng/L
OW571900	2026-04-01	    607200	09:45:12	CpfosMy	Chloorpyrifos-methyl	<	2	ng/L
OW571900	2026-04-01	    607200	09:45:12	Cprofam	Chloorprofam	=	15,5	ng/L
OW571900	2026-04-01	    607200	09:45:12	Cr o	Chroom	<	1,5	µg/L
OW571900	2026-04-01	    607200	09:45:12	Ctoluron	Chloortoluron	=	32	ng/L
OW571900	2026-04-01	    607200	09:45:12	Cu o	Koper	<	2	µg/L
OW571900	2026-04-01	    607200	09:45:12	Cyanaz	Cyanazine	<	5	ng/L
OW571900	2026-04-01	    607200	09:45:12	Cybutrine	Cybutrine	<	1	ng/L
OW571900	2026-04-01	    607200	09:45:12	Cypmethrin	Cypermethrin	<	3	ng/L
OW571900	2026-04-01	    607200	09:45:12	CZV	Chemisch zuurstofverbruik	=	10,5	mgO2/L
OW571900	2026-04-01	    607200	09:45:12	DCvos	Dichloorvos	<	1	ng/L
OW571900	2026-04-01	    607200	09:45:12	DDT t	DDT, totaal	<	4	ng/L
OW571900	2026-04-01	    607200	09:45:12	DEyatraz	Desethylatrazine	=	15	ng/L
OW571900	2026-04-01	    607200	09:45:12	DEytByaz	Desethylterbutylazine	<	10	ng/L
OW571900	2026-04-01	    607200	09:45:12	Dflucan	Diflufenican	<	14	ng/L
OW571900	2026-04-01	    607200	09:45:12	dHCH	delta-Hexachloorcyclohexaan	<	0,75	ng/L
OW571900	2026-04-01	    607200	09:45:12	Diazinon	Diazinon	<	2	ng/L
OW571900	2026-04-01	    607200	09:45:12	Dicamba	Dicamba	<	150	ng/L
OW571900	2026-04-01	    607200	09:45:12	Dieldrin	Dieldrin	<	1	ng/L
OW571900	2026-04-01	    607200	09:45:12	DiMetamid	Dimethenamid	=	11	ng/L
OW571900	2026-04-01	    607200	09:45:12	DiMetmorf	Dimethomorf	<	5	ng/L
OW571900	2026-04-01	    607200	09:45:12	DiPyatraz	Desisopropylatrazine	<	10	ng/L
OW571900	2026-04-01	    607200	09:45:12	Diuron	Diuron	<	10	ng/L
OW571900	2026-04-01	    607200	09:45:12	DMyFol som	Som van de dimethylfenolen	<	250	ng/L
OW571900	2026-04-01	    607200	09:45:12	DNOC	4,6-Dinitro-o-cresol	<	25	ng/L
OW571900	2026-04-01	    607200	09:45:12	DOC	Koolstof	=	5,5	mgC/L
OW571900	2026-04-01	    607200	09:45:12	DONA	4,8-dioxa-3H-perfluornonaanzuur (DONA)	<	2,5	ng/L
OW571900	2026-04-01	    607200	09:45:12	EC 20	Geleidbaarheid (20°C)	=	931	µS/cm
OW571900	2026-04-01	    607200	09:45:12	EC 25	Geleidbaarheid (25°C)	=	1019,9105	µS/cm
OW571900	2026-04-01	    607200	09:45:12	EndoS	Endosulfansulfaat	<	2	ng/L
OW571900	2026-04-01	    607200	09:45:12	Endrin	Endrin	<	0,375	ng/L
OW571900	2026-04-01	    607200	09:45:12	Ethopfos	Ethoprofos	<	1	ng/L
OW571900	2026-04-01	    607200	09:45:12	EtPFOSA	N-ethylperfluoroctaan-1-sulfonamide (EtPFOSA)	<	0,5	ng/L
OW571900	2026-04-01	    607200	09:45:12	EtPFOSA totaal	Totaal N-ethylperfluoroctaansulfonamide (lin+vert)	<	5	ng/L
OW571900	2026-04-01	    607200	09:45:12	EtPFOSA vertakt	= EtPFOSAtotaal - EtPFOSA	<	5	ng/L
OW571900	2026-04-01	    607200	09:45:12	EtPFOSAA	N-ethylperfluoroctaansulfonamidoazijnzuur	<	0,5	ng/L
OW571900	2026-04-01	    607200	09:45:12	Fe o	Ijzer	<	25	µg/L
OW571900	2026-04-01	    607200	09:45:12	Fenithion	Fenitrothion	<	2	ng/L
OW571900	2026-04-01	    607200	09:45:12	Fenoprop	Fenoprop	<	25	ng/L
OW571900	2026-04-01	    607200	09:45:12	Fenthion	Fenthion	<	1	ng/L
OW571900	2026-04-01	    607200	09:45:12	Feofyt a	Feofytine a	<	8,92	µg/L
OW571900	2026-04-01	    607200	09:45:12	Fipronil	Fipronil	<	2	ng/L
OW571900	2026-04-01	    607200	09:45:12	Floxpyr	Fluroxypyr	=	56	ng/L
OW571900	2026-04-01	    607200	09:45:12	Flucet	Flufenacet	=	20	ng/L
OW571900	2026-04-01	    607200	09:45:12	Fluopic	Fluopicolide	=	17	ng/L
OW571900	2026-04-01	    607200	09:45:12	Fluopyram	Fluopyram	=	105	ng/L
OW571900	2026-04-01	    607200	09:45:12	Flurtamone	Flurtamone	<	0,01	µg/L
OW571900	2026-04-01	    607200	09:45:12	Fol	Fenol	<	250	ng/L
OW571900	2026-04-01	    607200	09:45:12	Fonofos	Fonofos	<	2	ng/L
OW571900	2026-04-01	    607200	09:45:12	gHCH	gamma-Hexachloorcyclohexaan	=	1,68	ng/L
OW571900	2026-04-01	    607200	09:45:12	H t	Hardheid	=	36,625000000000000039	°F
OW571900	2026-04-01	    607200	09:45:12	HCBz	Hexachloorbenzeen	<	1,5	ng/L
OW571900	2026-04-01	    607200	09:45:12	HCH	Hexachloorcyclohexaan, alle isomeren	<	3,18	ng/L
OW571900	2026-04-01	    607200	09:45:12	Hexazinon	Hexazinon	<	10	ng/L
OW571900	2026-04-01	    607200	09:45:12	HFPO-DA	2,3,3,3-tetrafluor-2(heptafluorpropoxy)propionzuur	<	0,5	ng/L
OW571900	2026-04-01	    607200	09:45:12	Hg o	Kwik	<	0,025	µg/L
OW571900	2026-04-01	    607200	09:45:12	HpC	Heptachloor	<	1	ng/L
OW571900	2026-04-01	    607200	09:45:12	HpC+Epx	Heptachloor+epoxyde	<	4	ng/L
OW571900	2026-04-01	    607200	09:45:12	Imcloprid	Imidacloprid	=	6	ng/L
OW571900	2026-04-01	    607200	09:45:12	Iproturon	Isoproturon	=	11	ng/L
OW571900	2026-04-01	    607200	09:45:12	Isodrin	Isodrin	<	0,375	ng/L
OW571900	2026-04-01	    607200	09:45:12	K o	Kalium	=	17700	µg/L
OW571900	2026-04-01	    607200	09:45:12	KjN	Kjeldahlstikstof	=	0,694	mgN/L
OW571900	2026-04-01	    607200	09:45:12	Lenacil	Lenacil	<	25	ng/L
OW571900	2026-04-01	    607200	09:45:12	Linuron	Linuron	<	5	ng/L
OW571900	2026-04-01	    607200	09:45:12	Mbromuron	Metobromuron	=	42	ng/L
OW571900	2026-04-01	    607200	09:45:12	mBthiaz	Metabenzthiazuron	<	10	ng/L
OW571900	2026-04-01	    607200	09:45:12	MCPA	(4-Chloor-2-methylfenoxy)azijnzuur	=	171	ng/L
OW571900	2026-04-01	    607200	09:45:12	MCPB	4-(4-Chloor-2-methylfenoxy)boterzuur	<	25	ng/L
OW571900	2026-04-01	    607200	09:45:12	MCPP	Mecoprop	<	50	ng/L
OW571900	2026-04-01	    607200	09:45:12	MePFBSA	N-methylperfluorbutaansulfonamide (MePFBSA)	<	5	ng/L
OW571900	2026-04-01	    607200	09:45:12	MePFOSA	N-methylperfluoroctaan-1-sulfonamide (MePFOSA)	<	2,5	ng/L
OW571900	2026-04-01	    607200	09:45:12	MePFOSA totaal	Totaal N-methylperfluoroctaansulfonamide (lin+ver)	<	5	ng/L
OW571900	2026-04-01	    607200	09:45:12	MePFOSA vertakt	= MePFOSAtotaal - MePFOSA	<	5	ng/L
OW571900	2026-04-01	    607200	09:45:12	Metaza	Metazachloor	<	5	ng/L
OW571900	2026-04-01	    607200	09:45:12	Metbuzin	Metribuzin	<	4	ng/L
OW571900	2026-04-01	    607200	09:45:12	Methidat	Methidation	<	1	ng/L
OW571900	2026-04-01	    607200	09:45:12	Metola	Metolachloor	<	10	ng/L
OW571900	2026-04-01	    607200	09:45:12	Metoxur	Metoxuron	<	5	ng/L
OW571900	2026-04-01	    607200	09:45:12	Mevinfos	Mevinfos	<	1	ng/L
OW571900	2026-04-01	    607200	09:45:12	Mg o	Magnesium	=	11700	µg/L
OW571900	2026-04-01	    607200	09:45:12	Mlinuron	Monolinuron	<	5	ng/L
OW571900	2026-04-01	    607200	09:45:12	Mmitron	Metamitron	<	5	ng/L
OW571900	2026-04-01	    607200	09:45:12	Mn o	Mangaan	=	77	µg/L
OW571900	2026-04-01	    607200	09:45:12	Mo o	Molybdeen	=	3,2	µg/L
OW571900	2026-04-01	    607200	09:45:12	MxyC	Methoxychloor	<	1	ng/L
OW571900	2026-04-01	    607200	09:45:12	N t	Stikstof	=	5,3	mgN/L
OW571900	2026-04-01	    607200	09:45:12	N+N	Nitraat+nitriet	=	4,606	mgN/L
OW571900	2026-04-01	    607200	09:45:12	N+N+N	Nitraat+nitriet+ammonium	=	5,006	mgN/L
OW571900	2026-04-01	    607200	09:45:12	Na o	Natrium	=	64000	µg/L
OW571900	2026-04-01	    607200	09:45:12	NH4+	Ammonium	=	0,4	mgN/L
OW571900	2026-04-01	    607200	09:45:12	Ni o	Nikkel	=	3,47	µg/L
OW571900	2026-04-01	    607200	09:45:12	NO2-	Nitriet	=	0,106	mgN/L
OW571900	2026-04-01	    607200	09:45:12	NO3-	Nitraat	=	4,5	mgN/L
OW571900	2026-04-01	    607200	09:45:12	O2	Zuurstof	=	9,48	mg/L
OW571900	2026-04-01	    607200	09:45:12	O2 verz	Zuurstof	=	84,4	%
OW571900	2026-04-01	    607200	09:45:12	OCP t	Organochloorpesticiden, totaal	<	16,055	ng/L
OW571900	2026-04-01	    607200	09:45:12	oPO4 f	Orthofosfaat	=	0,137	mgP/L
OW571900	2026-04-01	    607200	09:45:12	Oxadiazon	Oxadiazon	<	4	ng/L
OW571900	2026-04-01	    607200	09:45:12	OyFolsom	Octylfenolen	<	15	ng/L
OW571900	2026-04-01	    607200	09:45:12	P t	Fosfor	=	0,28	mgP/L
OW571900	2026-04-01	    607200	09:45:12	PathionEy	Parathion-ethyl	<	1	ng/L
OW571900	2026-04-01	    607200	09:45:12	PathionMy	Parathion-methyl	<	2	ng/L
OW571900	2026-04-01	    607200	09:45:12	Pb o	Lood	<	1,5	µg/L
OW571900	2026-04-01	    607200	09:45:12	PCB 101	2,2',4,5,5'-Pentachloorbifenyl (PCB101)	<	0,5	ng/L
OW571900	2026-04-01	    607200	09:45:12	PCB 118	2,3',4,4',5-Pentachloorbifenyl (PCB118)	<	0,5	ng/L
OW571900	2026-04-01	    607200	09:45:12	PCB 138	2,2',3,4,4',5'-Hexachloorbifenyl (PCB138)	<	0,5	ng/L
OW571900	2026-04-01	    607200	09:45:12	PCB 153	2,2',4,4',5,5'-Hexachloorbifenyl (PCB153)	<	1	ng/L
OW571900	2026-04-01	    607200	09:45:12	PCB 180	2,2',3,4,4',5,5'-Heptachloorbifenyl (PCB180)	<	0,5	ng/L
OW571900	2026-04-01	    607200	09:45:12	PCB 28	2,4,4'-Trichloorbifenyl (PCB28)	<	0,5	ng/L
OW571900	2026-04-01	    607200	09:45:12	PCB 52	2,2',5,5'-Tetrachloorbifenyl (PCB52)	<	0,5	ng/L
OW571900	2026-04-01	    607200	09:45:12	PCB t	Polychloorbifenyl, totaal	<	4	ng/L
OW571900	2026-04-01	    607200	09:45:12	PCBz	Pentachloorbenzeen	<	1,5	ng/L
OW571900	2026-04-01	    607200	09:45:12	PCFol	Pentachloorfenol	<	50	ng/L
OW571900	2026-04-01	    607200	09:45:12	PCNiBz	Pentachloornitrobenzeen	<	2	ng/L
OW571900	2026-04-01	    607200	09:45:12	PFAS-43	Som van de 43 PFAS	<	101,5	ng/L
OW571900	2026-04-01	    607200	09:45:12	PFBA	Perfluorbutaanzuur (PFBA)	=	7,3	ng/L
OW571900	2026-04-01	    607200	09:45:12	PFBSA	Perfluorbutaansulfonamide (PFBSA)	<	2,5	ng/L
OW571900	2026-04-01	    607200	09:45:12	PFDA	Perfluordecaanzuur (PFDA)	<	5	ng/L
OW571900	2026-04-01	    607200	09:45:12	PFDoDA	Perfluordodecaanzuur (PFDoDA)	<	1	ng/L
OW571900	2026-04-01	    607200	09:45:12	PFDoDS	Perfluordodecaansulfonzuur (PFDoDS)	<	5	ng/L
OW571900	2026-04-01	    607200	09:45:12	PFDS	Perfluordecaansulfonzuur (PFDS)	<	0,5	ng/L
OW571900	2026-04-01	    607200	09:45:12	PFECHS	Perfluor-4-ethylcyclohexaansulfonzuur (PFECHS)	<	1	ng/L
OW571900	2026-04-01	    607200	09:45:12	PFHpA	Perfluorheptaanzuur (PFHpA)	<	5	ng/L
OW571900	2026-04-01	    607200	09:45:12	PFHpS	Perfluorheptaansulfonzuur (PFHpS)	<	2,5	ng/L
OW571900	2026-04-01	    607200	09:45:12	PFHxA	Perfluorhexaanzuur (PFHxA)	=	5,7	ng/L
OW571900	2026-04-01	    607200	09:45:12	PFHxS totaal	Totaal perfluorhexaansulfonzuur (lineair+vertakt)	<	10	ng/L
OW571900	2026-04-01	    607200	09:45:12	PFHxSA	Perfluorhexaansulfonamide (PFHxSA)	<	0,5	ng/L
OW571900	2026-04-01	    607200	09:45:12	PFNA	Perfluornonaanzuur (PFNA)	<	5	ng/L
OW571900	2026-04-01	    607200	09:45:12	PFNS	Perfluornonaansulfonzuur (PFNS)	<	0,5	ng/L
OW571900	2026-04-01	    607200	09:45:12	PFOA	Perfluoroctaanzuur (PFOA)	<	10	ng/L
OW571900	2026-04-01	    607200	09:45:12	PFOA totaal	Totaal perfluoroctaanzuur (lineair + vertakt)	<	10	ng/L
OW571900	2026-04-01	    607200	09:45:12	PFOA vertakt	= PFOAtotaal - PFOA	<	10	ng/L
OW571900	2026-04-01	    607200	09:45:12	PFOSA	Perfluoroctaansulfonamide (PFOSA)	<	0,5	ng/L
OW571900	2026-04-01	    607200	09:45:12	PFOSA totaal	Totaal perfluoroctaansulfonamide (lineair+vertakt)	<	5	ng/L
OW571900	2026-04-01	    607200	09:45:12	PFOSA vertakt	= PFOSAtotaal - PFOSA	<	5	ng/L
OW571900	2026-04-01	    607200	09:45:12	PFPeA	Perfluorpentaanzuur (PFPeA)	<	5	ng/L
OW571900	2026-04-01	    607200	09:45:12	PFPeS	Perfluorpentaansulfonzuur (PFPeS)	<	0,5	ng/L
OW571900	2026-04-01	    607200	09:45:12	PFTeDA	Perfluortetradecaanzuur (PFTeDA)	<	5	ng/L
OW571900	2026-04-01	    607200	09:45:12	PFTrDA	Perfluortridecaanzuur (PFTrDA)	<	5	ng/L
OW571900	2026-04-01	    607200	09:45:12	PFUnDA	Perfluorundecaanzuur (PFUnDA)	<	2,5	ng/L
OW571900	2026-04-01	    607200	09:45:12	PFUnDS	Perfluor-1-undecaansulfonzuur (PFUnS)	<	5	ng/L
OW571900	2026-04-01	    607200	09:45:12	pH	pH	=	7,97	-
OW571900	2026-04-01	    607200	09:45:12	Picarb	Pirimicarb	=	13	ng/L
OW571900	2026-04-01	    607200	09:45:12	PirfosMy	Pirimifos-methyl	<	1	ng/L
OW571900	2026-04-01	    607200	09:45:12	Prochloor	Propachloor	<	10	ng/L
OW571900	2026-04-01	    607200	09:45:12	Prometryn	Prometryn	<	10	ng/L
OW571900	2026-04-01	    607200	09:45:12	Propanil	Propanil	<	25	ng/L
OW571900	2026-04-01	    607200	09:45:12	Propaz	Propazine	<	10	ng/L
OW571900	2026-04-01	    607200	09:45:12	Quinofen	Quinoxyfen	<	1	ng/L
OW571900	2026-04-01	    607200	09:45:12	Sb o	Antimoon	<	1,5	µg/L
OW571900	2026-04-01	    607200	09:45:12	Se o	Seleen	<	1,5	µg/L
OW571900	2026-04-01	    607200	09:45:12	Sebutylaz	Sebutylazine	<	10	ng/L
OW571900	2026-04-01	    607200	09:45:12	Secchi	Doorzichtigheid	=	40	cm
OW571900	2026-04-01	    607200	09:45:12	Simaz	Simazine	=	17	ng/L
OW571900	2026-04-01	    607200	09:45:12	Sn o	Tin	<	1,5	µg/L
OW571900	2026-04-01	    607200	09:45:12	SO4=	Sulfaat	=	93	mg/L
OW571900	2026-04-01	    607200	09:45:12	T	Temperatuur	=	10,7	°C
OW571900	2026-04-01	    607200	09:45:12	tCdaan	trans-Chloordaan	<	0,5	ng/L
OW571900	2026-04-01	    607200	09:45:12	TclofosMy	Tolclofos-methyl	<	2	ng/L
OW571900	2026-04-01	    607200	09:45:12	Te o	Telluur	<	2,5	µg/L
OW571900	2026-04-01	    607200	09:45:12	Telodrin	Telodrin	<	1	ng/L
OW571900	2026-04-01	    607200	09:45:12	Terbufos	Terbufos	<	4	ng/L
OW571900	2026-04-01	    607200	09:45:12	Terbutryn	Terbutryn	<	10	ng/L
OW571900	2026-04-01	    607200	09:45:12	Tfluralin	Trifluralin	<	2	ng/L
OW571900	2026-04-01	    607200	09:45:12	Thiacloprid	Thiacloprid	<	2,5	ng/L
OW571900	2026-04-01	    607200	09:45:12	tHpCEpx	trans-Heptachloorepoxyde	<	2	ng/L
OW571900	2026-04-01	    607200	09:45:12	Ti o	Titaan	<	2	µg/L
OW571900	2026-04-01	    607200	09:45:12	Tl o	Thallium	=	0,37	µg/L
OW571900	2026-04-01	    607200	09:45:12	Tmethoxam	Thiamethoxam	<	5	ng/L
OW571900	2026-04-01	    607200	09:45:12	TrByaz	Terbutylazine	<	10	ng/L
OW571900	2026-04-01	    607200	09:45:12	triCFolsom	Trichloorfenolen	<	300	ng/L
OW571900	2026-04-01	    607200	09:45:12	Triclopyr	Triclopyr	<	25	ng/L
OW571900	2026-04-01	    607200	09:45:12	U o	Uranium	=	1,12	µg/L
OW571900	2026-04-01	    607200	09:45:12	V o	Vanadium	<	1,5	µg/L
OW571900	2026-04-01	    607200	09:45:12	Zn o	Zink	<	11	µg/L
OW571900	2026-04-01	    607200	09:45:12	ZS	Zwevende stoffen	=	16	mg/L
OW571900	2026-05-06	    625187	08:25:22	1234CBz	1,2,3,4-Tetrachloorbenzeen	<	1	ng/L
OW571900	2026-05-06	    625187	08:25:22	1235+1245CBz	1,2,3,5+1,2,4,5-Tetrachloorbenzeen	<	1,5	ng/L
OW571900	2026-05-06	    625187	08:25:22	2356CNiBz	2,3,5,6-Tetrachloornitrobenzeen	<	2	ng/L
OW571900	2026-05-06	    625187	08:25:22	24-D	2,4-Dichloorfenoxyazijnzuur	<	25	ng/L
OW571900	2026-05-06	    625187	08:25:22	24-DB	2,4-Dichloorfenoxybutaanzuur	<	25	ng/L
OW571900	2026-05-06	    625187	08:25:22	24-DP	Dichloorprop	<	25	ng/L
OW571900	2026-05-06	    625187	08:25:22	245-T	2,4,5-Trichloorfenoxyazijnzuur	<	25	ng/L
OW571900	2026-05-06	    625187	08:25:22	24DDD	op'Dichloordifenyldichloorethaan	<	1	ng/L
OW571900	2026-05-06	    625187	08:25:22	24DDE	op'Dichloordifenyldichlooretheen	<	1	ng/L
OW571900	2026-05-06	    625187	08:25:22	24DDT	op'Dichloordifenyltrichloorethaan	<	1	ng/L
OW571900	2026-05-06	    625187	08:25:22	24NiFol	2,4-Dinitrofenol	<	50	ng/L
OW571900	2026-05-06	    625187	08:25:22	2hAtraz	2-Hydroxy-atrazine	=	10	ng/L
OW571900	2026-05-06	    625187	08:25:22	44DDD	pp'Dichloordifenyldichloorethaan	<	1	ng/L
OW571900	2026-05-06	    625187	08:25:22	44DDE	pp'Dichloordifenyldichlooretheen	<	1	ng/L
OW571900	2026-05-06	    625187	08:25:22	a+b+d+gHCHS	alfa+beta+gamma+delta Hexachloorcyclohexaan	<	3	ng/L
OW571900	2026-05-06	    625187	08:25:22	a+bEndoS	alfa+beta Endosulfan	<	2	ng/L
OW571900	2026-05-06	    625187	08:25:22	Acetamiprid	Acetamiprid	<	5	ng/L
OW571900	2026-05-06	    625187	08:25:22	Aclonifen	Aclonifen	<	4	ng/L
OW571900	2026-05-06	    625187	08:25:22	ADEIdrin	Aldrin+Dieldrin+Endrin+Isodrin	<	2,125	ng/L
OW571900	2026-05-06	    625187	08:25:22	aEndo	alfa-Endosulfan	<	1	ng/L
OW571900	2026-05-06	    625187	08:25:22	Ag o	Zilver	<	0,05	µg/L
OW571900	2026-05-06	    625187	08:25:22	aHCH	alfa-Hexachloorcyclohexaan	<	0,75	ng/L
OW571900	2026-05-06	    625187	08:25:22	Al o	Aluminium	<	150	µg/L
OW571900	2026-05-06	    625187	08:25:22	Alachloor	Alachloor	<	10	ng/L
OW571900	2026-05-06	    625187	08:25:22	Aldrin	Aldrin	<	0,375	ng/L
OW571900	2026-05-06	    625187	08:25:22	As o	Arseen	=	2,2	µg/L
OW571900	2026-05-06	    625187	08:25:22	Atraz	Atrazine	<	10	ng/L
OW571900	2026-05-06	    625187	08:25:22	AzinfosEy	Azinfos-ethyl	<	2	ng/L
OW571900	2026-05-06	    625187	08:25:22	AzinfosMy	Azinfos-methyl	<	1	ng/L
OW571900	2026-05-06	    625187	08:25:22	B o	Boor	=	92	µg/L
OW571900	2026-05-06	    625187	08:25:22	Ba o	Barium	=	33	µg/L
OW571900	2026-05-06	    625187	08:25:22	BAM	2,6-Dichloorbenzamide	=	23	ng/L
OW571900	2026-05-06	    625187	08:25:22	Be o	Beryllium	<	0,11	µg/L
OW571900	2026-05-06	    625187	08:25:22	bEndo	beta-Endosulfan	<	1	ng/L
OW571900	2026-05-06	    625187	08:25:22	Bentazone	Bentazone	<	25	ng/L
OW571900	2026-05-06	    625187	08:25:22	bHCH	beta-Hexachloorcyclohexaan	<	0,75	ng/L
OW571900	2026-05-06	    625187	08:25:22	Bifenox	Bifenox	<	2	ng/L
OW571900	2026-05-06	    625187	08:25:22	BrfosEy	Bromofos-ethyl	<	1	ng/L
OW571900	2026-05-06	    625187	08:25:22	BrfosMy	Bromofos-methyl	<	1	ng/L
OW571900	2026-05-06	    625187	08:25:22	Bromacil	Bromacil	<	10	ng/L
OW571900	2026-05-06	    625187	08:25:22	Bromoxyn	Bromoxynil	<	25	ng/L
OW571900	2026-05-06	    625187	08:25:22	Ca o	Calcium	=	124000	µg/L
OW571900	2026-05-06	    625187	08:25:22	Carbdzim	Carbendazim	<	5	ng/L
OW571900	2026-05-06	    625187	08:25:22	Cartamid	Carbetamide	<	10	ng/L
OW571900	2026-05-06	    625187	08:25:22	Cbromuron	Chloorbromuron	<	15	ng/L
OW571900	2026-05-06	    625187	08:25:22	cCdaan	cis-Chloordaan	<	0,5	ng/L
OW571900	2026-05-06	    625187	08:25:22	Cd o	Cadmium	<	0,05	µg/L
OW571900	2026-05-06	    625187	08:25:22	Cdaan	Chloordaan	<	1	ng/L
OW571900	2026-05-06	    625187	08:25:22	Cdazon	Chloridazon	<	5	ng/L
OW571900	2026-05-06	    625187	08:25:22	Cfvinfos	Chloorfenvinfos	<	1	ng/L
OW571900	2026-05-06	    625187	08:25:22	cHpCEpx	cis-Heptachloorepoxyde	<	1	ng/L
OW571900	2026-05-06	    625187	08:25:22	Cl-	Chloride	=	110	mg/L
OW571900	2026-05-06	    625187	08:25:22	Clfyl a	Chlorofyl a	=	84	µg/L
OW571900	2026-05-06	    625187	08:25:22	Clopyralid	Clopyralid	<	125	ng/L
OW571900	2026-05-06	    625187	08:25:22	Clotidine	Clothianidine	<	2,5	ng/L
OW571900	2026-05-06	    625187	08:25:22	Co o	Kobalt	=	0,65	µg/L
OW571900	2026-05-06	    625187	08:25:22	CpfosEy	Chloorpyrifos-ethyl	<	4	ng/L
OW571900	2026-05-06	    625187	08:25:22	CpfosMy	Chloorpyrifos-methyl	<	2	ng/L
OW571900	2026-05-06	    625187	08:25:22	Cprofam	Chloorprofam	<	4	ng/L
OW571900	2026-05-06	    625187	08:25:22	Cr o	Chroom	<	1,5	µg/L
OW571900	2026-05-06	    625187	08:25:22	Ctoluron	Chloortoluron	<	16	ng/L
OW571900	2026-05-06	    625187	08:25:22	Cu o	Koper	<	2	µg/L
OW571900	2026-05-06	    625187	08:25:22	Cumafos	Cumafos	<	1	ng/L
OW571900	2026-05-06	    625187	08:25:22	Cyanaz	Cyanazine	<	5	ng/L
OW571900	2026-05-06	    625187	08:25:22	Cybutrine	Cybutrine	<	1	ng/L
OW571900	2026-05-06	    625187	08:25:22	Cypmethrin	Cypermethrin	<	3	ng/L
OW571900	2026-05-06	    625187	08:25:22	CZV	Chemisch zuurstofverbruik	=	13,8	mgO2/L
OW571900	2026-05-06	    625187	08:25:22	DCvos	Dichloorvos	<	1	ng/L
OW571900	2026-05-06	    625187	08:25:22	DDT t	DDT, totaal	<	3	ng/L
OW571900	2026-05-06	    625187	08:25:22	Demeton-S	Demeton-S	<	9	ng/L
OW571900	2026-05-06	    625187	08:25:22	DEyatraz	Desethylatrazine	=	16	ng/L
OW571900	2026-05-06	    625187	08:25:22	DEytByaz	Desethylterbutylazine	<	10	ng/L
OW571900	2026-05-06	    625187	08:25:22	Dflucan	Diflufenican	=	31	ng/L
OW571900	2026-05-06	    625187	08:25:22	dHCH	delta-Hexachloorcyclohexaan	<	0,75	ng/L
OW571900	2026-05-06	    625187	08:25:22	Diazinon	Diazinon	<	2	ng/L
OW571900	2026-05-06	    625187	08:25:22	Dicamba	Dicamba	<	150	ng/L
OW571900	2026-05-06	    625187	08:25:22	Dieldrin	Dieldrin	<	1	ng/L
OW571900	2026-05-06	    625187	08:25:22	DiMetamid	Dimethenamid	=	119	ng/L
OW571900	2026-05-06	    625187	08:25:22	DiMetmorf	Dimethomorf	<	5	ng/L
OW571900	2026-05-06	    625187	08:25:22	DiPyatraz	Desisopropylatrazine	<	10	ng/L
OW571900	2026-05-06	    625187	08:25:22	Diuron	Diuron	=	12	ng/L
OW571900	2026-05-06	    625187	08:25:22	Dmetoat	Dimethoaat	<	2	ng/L
OW571900	2026-05-06	    625187	08:25:22	DNOC	4,6-Dinitro-o-cresol	<	25	ng/L
OW571900	2026-05-06	    625187	08:25:22	DOC	Koolstof	=	5,6	mgC/L
OW571900	2026-05-06	    625187	08:25:22	Dsulfoton	Disulfoton	<	16	ng/L
OW571900	2026-05-06	    625187	08:25:22	EC 20	Geleidbaarheid (20°C)	=	978	µS/cm
OW571900	2026-05-06	    625187	08:25:22	EC 25	Geleidbaarheid (25°C)	=	1071,399	µS/cm
OW571900	2026-05-06	    625187	08:25:22	Endrin	Endrin	<	0,375	ng/L
OW571900	2026-05-06	    625187	08:25:22	Etfum	Ethofumesaat	=	59	ng/L
OW571900	2026-05-06	    625187	08:25:22	Ethopfos	Ethoprofos	<	1	ng/L
OW571900	2026-05-06	    625187	08:25:22	Fe o	Ijzer	<	12,5	µg/L
OW571900	2026-05-06	    625187	08:25:22	Fenithion	Fenitrothion	<	2	ng/L
OW571900	2026-05-06	    625187	08:25:22	Fenoprop	Fenoprop	<	25	ng/L
OW571900	2026-05-06	    625187	08:25:22	Fenthion	Fenthion	<	1	ng/L
OW571900	2026-05-06	    625187	08:25:22	Feofyt a	Feofytine a	=	17	µg/L
OW571900	2026-05-06	    625187	08:25:22	Fipronil	Fipronil	=	2,3	ng/L
OW571900	2026-05-06	    625187	08:25:22	Floxpyr	Fluroxypyr	<	25	ng/L
OW571900	2026-05-06	    625187	08:25:22	Flucet	Flufenacet	<	10	ng/L
OW571900	2026-05-06	    625187	08:25:22	Fluopic	Fluopicolide	<	15	ng/L
OW571900	2026-05-06	    625187	08:25:22	Fluopyram	Fluopyram	=	117	ng/L
OW571900	2026-05-06	    625187	08:25:22	Flurtamone	Flurtamone	<	0,005	µg/L
OW571900	2026-05-06	    625187	08:25:22	Fonofos	Fonofos	<	2	ng/L
OW571900	2026-05-06	    625187	08:25:22	gHCH	gamma-Hexachloorcyclohexaan	<	0,75	ng/L
OW571900	2026-05-06	    625187	08:25:22	H t	Hardheid	=	35,791666666666666705	°F
OW571900	2026-05-06	    625187	08:25:22	HCBz	Hexachloorbenzeen	<	1,5	ng/L
OW571900	2026-05-06	    625187	08:25:22	HCH	Hexachloorcyclohexaan, alle isomeren	<	3	ng/L
OW571900	2026-05-06	    625187	08:25:22	Hexazinon	Hexazinon	<	10	ng/L
OW571900	2026-05-06	    625187	08:25:22	Hg o	Kwik	<	0,025	µg/L
OW571900	2026-05-06	    625187	08:25:22	HpC	Heptachloor	<	1	ng/L
OW571900	2026-05-06	    625187	08:25:22	HpC+Epx	Heptachloor+epoxyde	<	4	ng/L
OW571900	2026-05-06	    625187	08:25:22	Imcloprid	Imidacloprid	=	9	ng/L
OW571900	2026-05-06	    625187	08:25:22	Iproturon	Isoproturon	<	5	ng/L
OW571900	2026-05-06	    625187	08:25:22	Isodrin	Isodrin	<	0,375	ng/L
OW571900	2026-05-06	    625187	08:25:22	K o	Kalium	=	22400	µg/L
OW571900	2026-05-06	    625187	08:25:22	KjN	Kjeldahlstikstof	=	1,514	mgN/L
OW571900	2026-05-06	    625187	08:25:22	Lenacil	Lenacil	<	25	ng/L
OW571900	2026-05-06	    625187	08:25:22	Linuron	Linuron	<	5	ng/L
OW571900	2026-05-06	    625187	08:25:22	Malathion	Malathion	<	2	ng/L
OW571900	2026-05-06	    625187	08:25:22	Mbromuron	Metobromuron	<	10	ng/L
OW571900	2026-05-06	    625187	08:25:22	mBthiaz	Metabenzthiazuron	<	5	ng/L
OW571900	2026-05-06	    625187	08:25:22	MCPA	(4-Chloor-2-methylfenoxy)azijnzuur	=	134	ng/L
OW571900	2026-05-06	    625187	08:25:22	MCPB	4-(4-Chloor-2-methylfenoxy)boterzuur	<	25	ng/L
OW571900	2026-05-06	    625187	08:25:22	MCPP	Mecoprop	<	25	ng/L
OW571900	2026-05-06	    625187	08:25:22	Metaza	Metazachloor	=	12	ng/L
OW571900	2026-05-06	    625187	08:25:22	Metbuzin	Metribuzin	<	4	ng/L
OW571900	2026-05-06	    625187	08:25:22	Metcarb	Methiocarb	<	1	ng/L
OW571900	2026-05-06	    625187	08:25:22	Methidat	Methidation	<	1	ng/L
OW571900	2026-05-06	    625187	08:25:22	Metola	Metolachloor	<	5	ng/L
OW571900	2026-05-06	    625187	08:25:22	Metoxur	Metoxuron	<	5	ng/L
OW571900	2026-05-06	    625187	08:25:22	Mevinfos	Mevinfos	<	1	ng/L
OW571900	2026-05-06	    625187	08:25:22	Mg o	Magnesium	=	11500	µg/L
OW571900	2026-05-06	    625187	08:25:22	Mlinuron	Monolinuron	<	5	ng/L
OW571900	2026-05-06	    625187	08:25:22	Mmitron	Metamitron	<	5	ng/L
OW571900	2026-05-06	    625187	08:25:22	Mn o	Mangaan	=	27	µg/L
OW571900	2026-05-06	    625187	08:25:22	Mo o	Molybdeen	=	5,1	µg/L
OW571900	2026-05-06	    625187	08:25:22	N t	Stikstof	=	4,9	mgN/L
OW571900	2026-05-06	    625187	08:25:22	N+N	Nitraat+nitriet	=	3,386	mgN/L
OW571900	2026-05-06	    625187	08:25:22	N+N+N	Nitraat+nitriet+ammonium	=	3,725	mgN/L
OW571900	2026-05-06	    625187	08:25:22	Na o	Natrium	=	81000	µg/L
OW571900	2026-05-06	    625187	08:25:22	NH4+	Ammonium	=	0,339	mgN/L
OW571900	2026-05-06	    625187	08:25:22	Ni o	Nikkel	=	3,56	µg/L
OW571900	2026-05-06	    625187	08:25:22	NO2-	Nitriet	=	0,126	mgN/L
OW571900	2026-05-06	    625187	08:25:22	NO3-	Nitraat	=	3,26	mgN/L
OW571900	2026-05-06	    625187	08:25:22	O2	Zuurstof	=	8,15	mg/L
OW571900	2026-05-06	    625187	08:25:22	O2 verz	Zuurstof	=	82,6	%
OW571900	2026-05-06	    625187	08:25:22	OCP t	Organochloorpesticiden, totaal	<	14,875	ng/L
OW571900	2026-05-06	    625187	08:25:22	oPO4 f	Orthofosfaat	=	0,173	mgP/L
OW571900	2026-05-06	    625187	08:25:22	Oxadiazon	Oxadiazon	<	4	ng/L
OW571900	2026-05-06	    625187	08:25:22	P t	Fosfor	=	0,34	mgP/L
OW571900	2026-05-06	    625187	08:25:22	PathionEy	Parathion-ethyl	<	1	ng/L
OW571900	2026-05-06	    625187	08:25:22	PathionMy	Parathion-methyl	<	2	ng/L
OW571900	2026-05-06	    625187	08:25:22	Pb o	Lood	<	1,5	µg/L
OW571900	2026-05-06	    625187	08:25:22	PCB 101	2,2',4,5,5'-Pentachloorbifenyl (PCB101)	<	1	ng/L
OW571900	2026-05-06	    625187	08:25:22	PCB 118	2,3',4,4',5-Pentachloorbifenyl (PCB118)	<	0,5	ng/L
OW571900	2026-05-06	    625187	08:25:22	PCB 138	2,2',3,4,4',5'-Hexachloorbifenyl (PCB138)	<	1	ng/L
OW571900	2026-05-06	    625187	08:25:22	PCB 153	2,2',4,4',5,5'-Hexachloorbifenyl (PCB153)	<	1	ng/L
OW571900	2026-05-06	    625187	08:25:22	PCB 180	2,2',3,4,4',5,5'-Heptachloorbifenyl (PCB180)	<	0,5	ng/L
OW571900	2026-05-06	    625187	08:25:22	PCB 28	2,4,4'-Trichloorbifenyl (PCB28)	<	0,5	ng/L
OW571900	2026-05-06	    625187	08:25:22	PCB 52	2,2',5,5'-Tetrachloorbifenyl (PCB52)	<	1	ng/L
OW571900	2026-05-06	    625187	08:25:22	PCB t	Polychloorbifenyl, totaal	<	5,5	ng/L
OW571900	2026-05-06	    625187	08:25:22	PCBz	Pentachloorbenzeen	<	1,5	ng/L
OW571900	2026-05-06	    625187	08:25:22	PCNiBz	Pentachloornitrobenzeen	<	2	ng/L
OW571900	2026-05-06	    625187	08:25:22	pH	pH	=	8	-
OW571900	2026-05-06	    625187	08:25:22	Picarb	Pirimicarb	<	5	ng/L
OW571900	2026-05-06	    625187	08:25:22	PirfosMy	Pirimifos-methyl	<	1	ng/L
OW571900	2026-05-06	    625187	08:25:22	Prochloor	Propachloor	<	10	ng/L
OW571900	2026-05-06	    625187	08:25:22	Prometryn	Prometryn	<	10	ng/L
OW571900	2026-05-06	    625187	08:25:22	Propanil	Propanil	<	25	ng/L
OW571900	2026-05-06	    625187	08:25:22	Propaz	Propazine	<	10	ng/L
OW571900	2026-05-06	    625187	08:25:22	Quinofen	Quinoxyfen	<	1	ng/L
OW571900	2026-05-06	    625187	08:25:22	Sb o	Antimoon	<	1,5	µg/L
OW571900	2026-05-06	    625187	08:25:22	Se o	Seleen	<	1,5	µg/L
OW571900	2026-05-06	    625187	08:25:22	Sebutylaz	Sebutylazine	<	10	ng/L
OW571900	2026-05-06	    625187	08:25:22	Secchi	Doorzichtigheid	=	40	cm
OW571900	2026-05-06	    625187	08:25:22	Simaz	Simazine	<	5	ng/L
OW571900	2026-05-06	    625187	08:25:22	Sn o	Tin	<	1,5	µg/L
OW571900	2026-05-06	    625187	08:25:22	SO4=	Sulfaat	=	83	mg/L
OW571900	2026-05-06	    625187	08:25:22	T	Temperatuur	=	15,7	°C
OW571900	2026-05-06	    625187	08:25:22	tCdaan	trans-Chloordaan	<	0,5	ng/L
OW571900	2026-05-06	    625187	08:25:22	TclofosMy	Tolclofos-methyl	<	2	ng/L
OW571900	2026-05-06	    625187	08:25:22	Te o	Telluur	<	2,5	µg/L
OW571900	2026-05-06	    625187	08:25:22	Telodrin	Telodrin	<	1	ng/L
OW571900	2026-05-06	    625187	08:25:22	Terbufos	Terbufos	<	2	ng/L
OW571900	2026-05-06	    625187	08:25:22	Terbutryn	Terbutryn	<	10	ng/L
OW571900	2026-05-06	    625187	08:25:22	Tfluralin	Trifluralin	<	2	ng/L
OW571900	2026-05-06	    625187	08:25:22	Thiacloprid	Thiacloprid	<	2,5	ng/L
OW571900	2026-05-06	    625187	08:25:22	tHpCEpx	trans-Heptachloorepoxyde	<	2	ng/L
OW571900	2026-05-06	    625187	08:25:22	Ti o	Titaan	<	2	µg/L
OW571900	2026-05-06	    625187	08:25:22	Tl o	Thallium	=	0,5	µg/L
OW571900	2026-05-06	    625187	08:25:22	Tmethoxam	Thiamethoxam	<	5	ng/L
OW571900	2026-05-06	    625187	08:25:22	TrByaz	Terbutylazine	<	5	ng/L
OW571900	2026-05-06	    625187	08:25:22	Triazofos	Triazofos	<	1	ng/L
OW571900	2026-05-06	    625187	08:25:22	Triclopyr	Triclopyr	<	25	ng/L
OW571900	2026-05-06	    625187	08:25:22	U o	Uranium	=	0,87	µg/L
OW571900	2026-05-06	    625187	08:25:22	V o	Vanadium	<	3	µg/L
OW571900	2026-05-06	    625187	08:25:22	Zn o	Zink	<	11	µg/L
OW571900	2026-05-06	    625187	08:25:22	ZS	Zwevende stoffen	=	30	mg/L
OW571900	2026-06-02	    625185	08:25:16	10:2 FTS	10:2 fluortelomeersulfonzuur (10:2 FTS)	<	4,8	ng/L
OW571900	2026-06-02	    625185	08:25:16	1234CBz	1,2,3,4-Tetrachloorbenzeen	<	1	ng/L
OW571900	2026-06-02	    625185	08:25:16	1235+1245CBz	1,2,3,5+1,2,4,5-Tetrachloorbenzeen	<	1,5	ng/L
OW571900	2026-06-02	    625185	08:25:16	2+3+4MyFol	som 2-methylfenol, 3-methylfenol en 4-methylfenol	<	150	ng/L
OW571900	2026-06-02	    625185	08:25:16	2345CFol	2,3,4,5-Tetrachloorfenol	<	50	ng/L
OW571900	2026-06-02	    625185	08:25:16	2346CFol	2,3,4,6-Tetrachloorfenol	<	50	ng/L
OW571900	2026-06-02	    625185	08:25:16	234CFol	2,3,4-Trichloorfenol	<	50	ng/L
OW571900	2026-06-02	    625185	08:25:16	2356CFol	2,3,5,6-Tetrachloorfenol	<	50	ng/L
OW571900	2026-06-02	    625185	08:25:16	2356CNiBz	2,3,5,6-Tetrachloornitrobenzeen	<	2	ng/L
OW571900	2026-06-02	    625185	08:25:16	235CFol	2,3,5-Trichloorfenol	<	50	ng/L
OW571900	2026-06-02	    625185	08:25:16	235MyFol	2,3,5-Trimethylfenol	<	50	ng/L
OW571900	2026-06-02	    625185	08:25:16	236CFol	2,3,6-Trichloorfenol	<	50	ng/L
OW571900	2026-06-02	    625185	08:25:16	23CFol	2,3-Dichloorfenol	<	50	ng/L
OW571900	2026-06-02	    625185	08:25:16	23MyFol	2,3-Dimethylfenol	<	50	ng/L
OW571900	2026-06-02	    625185	08:25:16	24-D	2,4-Dichloorfenoxyazijnzuur	<	50	ng/L
OW571900	2026-06-02	    625185	08:25:16	24-DB	2,4-Dichloorfenoxybutaanzuur	<	25	ng/L
OW571900	2026-06-02	    625185	08:25:16	24-DP	Dichloorprop	<	25	ng/L
OW571900	2026-06-02	    625185	08:25:16	24+25-CFol	2,4+2,5-Dichloorfenol	<	100	ng/L
OW571900	2026-06-02	    625185	08:25:16	245-T	2,4,5-Trichloorfenoxyazijnzuur	<	25	ng/L
OW571900	2026-06-02	    625185	08:25:16	245CFol	2,4,5-Trichloorfenol	<	50	ng/L
OW571900	2026-06-02	    625185	08:25:16	246CFol	2,4,6-Trichloorfenol	<	50	ng/L
OW571900	2026-06-02	    625185	08:25:16	24DDD	op'Dichloordifenyldichloorethaan	<	1	ng/L
OW571900	2026-06-02	    625185	08:25:16	24DDE	op'Dichloordifenyldichlooretheen	<	1	ng/L
OW571900	2026-06-02	    625185	08:25:16	24DDT	op'Dichloordifenyltrichloorethaan	<	1	ng/L
OW571900	2026-06-02	    625185	08:25:16	24MyFol	2,4-Dimethylfenol	<	50	ng/L
OW571900	2026-06-02	    625185	08:25:16	24NiFol	2,4-Dinitrofenol	<	25	ng/L
OW571900	2026-06-02	    625185	08:25:16	25MyFol	2,5-Dimethylfenol	<	50	ng/L
OW571900	2026-06-02	    625185	08:25:16	26CFol	2,6-Dichloorfenol	<	50	ng/L
OW571900	2026-06-02	    625185	08:25:16	26MyFol	2,6-Dimethylfenol	<	50	ng/L
OW571900	2026-06-02	    625185	08:25:16	2CFol	2-Chloorfenol	<	50	ng/L
OW571900	2026-06-02	    625185	08:25:16	2EyFol	2-Ethylfenol	<	50	ng/L
OW571900	2026-06-02	    625185	08:25:16	2hAtraz	2-Hydroxy-atrazine	=	14	ng/L
OW571900	2026-06-02	    625185	08:25:16	2iPyFol	2-Isopropylfenol	<	50	ng/L
OW571900	2026-06-02	    625185	08:25:16	2MyFol	2-Methylfenol	<	50	ng/L
OW571900	2026-06-02	    625185	08:25:16	345CFol	3,4,5-Trichloorfenol	<	50	ng/L
OW571900	2026-06-02	    625185	08:25:16	34CFol	3,4-Dichloorfenol	<	50	ng/L
OW571900	2026-06-02	    625185	08:25:16	34MyFol	3,4-Dimethylfenol	<	50	ng/L
OW571900	2026-06-02	    625185	08:25:16	35CFol	3,5-Dichloorfenol	<	50	ng/L
OW571900	2026-06-02	    625185	08:25:16	3CFol	3-Chloorfenol	<	50	ng/L
OW571900	2026-06-02	    625185	08:25:16	3EyFol	3-Ethylfenol	<	50	ng/L
OW571900	2026-06-02	    625185	08:25:16	3MyFol	3-Methylfenol	<	50	ng/L
OW571900	2026-06-02	    625185	08:25:16	4:2 FTS	4:2 fluortelomeersulfonzuur (4:2 FTS)	<	3,7	ng/L
OW571900	2026-06-02	    625185	08:25:16	44DDD	pp'Dichloordifenyldichloorethaan	<	1	ng/L
OW571900	2026-06-02	    625185	08:25:16	44DDE	pp'Dichloordifenyldichlooretheen	<	1	ng/L
OW571900	2026-06-02	    625185	08:25:16	44DDT	pp'Dichloordifenyltrichloorethaan	<	1	ng/L
OW571900	2026-06-02	    625185	08:25:16	4C35MyFol	4-Chloor-3,5-dimethylfenol	<	50	ng/L
OW571900	2026-06-02	    625185	08:25:16	4C3MyFol	4-Chloor-3-methylfenol	<	50	ng/L
OW571900	2026-06-02	    625185	08:25:16	4CFol	4-Chloorfenol	<	50	ng/L
OW571900	2026-06-02	    625185	08:25:16	4EyFol + 35MyFol	4-ethylfenol + 3,5 dimethylfenol	<	100	ng/L
OW571900	2026-06-02	    625185	08:25:16	4MyFol	4-Methylfenol	<	50	ng/L
OW571900	2026-06-02	    625185	08:25:16	4tOyFol	4-tert-Octylfenol	<	30	ng/L
OW571900	2026-06-02	    625185	08:25:16	6:2 diPAP	6:2 fluortelomeerfosfaat diester (6:2 diPAP)	<	3,9	ng/L
OW571900	2026-06-02	    625185	08:25:16	6:2 FTS	6:2 fluortelomeersulfonzuur (6:2 FTS)	<	2,2	ng/L
OW571900	2026-06-02	    625185	08:25:16	6:2/8:2 diPAP	6:2/8:2 Fluortelomeerfosfaat diester	<	6,3	ng/L
OW571900	2026-06-02	    625185	08:25:16	8:2 diPAP	8:2 fluortelomeerfosfaat diester (8:2 diPAP)	<	4,8	ng/L
OW571900	2026-06-02	    625185	08:25:16	8:2 FTS	8:2 fluortelomeersulfonzuur (8:2 FTS)	<	4,9	ng/L
OW571900	2026-06-02	    625185	08:25:16	a+b+d+gHCHS	alfa+beta+gamma+delta Hexachloorcyclohexaan	<	3	ng/L
OW571900	2026-06-02	    625185	08:25:16	a+bEndoS	alfa+beta Endosulfan	<	2	ng/L
OW571900	2026-06-02	    625185	08:25:16	Acetamiprid	Acetamiprid	=	5	ng/L
OW571900	2026-06-02	    625185	08:25:16	Aclonifen	Aclonifen	<	2	ng/L
OW571900	2026-06-02	    625185	08:25:16	ADEIdrin	Aldrin+Dieldrin+Endrin+Isodrin	<	2,125	ng/L
OW571900	2026-06-02	    625185	08:25:16	aEndo	alfa-Endosulfan	<	1	ng/L
OW571900	2026-06-02	    625185	08:25:16	Ag o	Zilver	<	0,05	µg/L
OW571900	2026-06-02	    625185	08:25:16	aHCH	alfa-Hexachloorcyclohexaan	<	0,75	ng/L
OW571900	2026-06-02	    625185	08:25:16	Al o	Aluminium	<	150	µg/L
OW571900	2026-06-02	    625185	08:25:16	Alachloor	Alachloor	<	10	ng/L
OW571900	2026-06-02	    625185	08:25:16	Aldrin	Aldrin	<	0,375	ng/L
OW571900	2026-06-02	    625185	08:25:16	Atraz	Atrazine	<	10	ng/L
OW571900	2026-06-02	    625185	08:25:16	AzinfosEy	Azinfos-ethyl	<	2	ng/L
OW571900	2026-06-02	    625185	08:25:16	AzinfosMy	Azinfos-methyl	<	1	ng/L
OW571900	2026-06-02	    625185	08:25:16	B o	Boor	=	94	µg/L
OW571900	2026-06-02	    625185	08:25:16	Ba o	Barium	=	34	µg/L
OW571900	2026-06-02	    625185	08:25:16	BAM	2,6-Dichloorbenzamide	=	23	ng/L
OW571900	2026-06-02	    625185	08:25:16	Be o	Beryllium	<	0,11	µg/L
OW571900	2026-06-02	    625185	08:25:16	bEndo	beta-Endosulfan	<	1	ng/L
OW571900	2026-06-02	    625185	08:25:16	Bentazone	Bentazone	=	66	ng/L
OW571900	2026-06-02	    625185	08:25:16	bFol-A	Bisfenol-A	<	50	ng/L
OW571900	2026-06-02	    625185	08:25:16	bHCH	beta-Hexachloorcyclohexaan	<	0,75	ng/L
OW571900	2026-06-02	    625185	08:25:16	Bifenox	Bifenox	<	2	ng/L
OW571900	2026-06-02	    625185	08:25:16	Boscalid	Boscalid	=	14,3	ng/L
OW571900	2026-06-02	    625185	08:25:16	BrfosEy	Bromofos-ethyl	<	1	ng/L
OW571900	2026-06-02	    625185	08:25:16	BrfosMy	Bromofos-methyl	<	1	ng/L
OW571900	2026-06-02	    625185	08:25:16	Bromacil	Bromacil	<	10	ng/L
OW571900	2026-06-02	    625185	08:25:16	Bromoxyn	Bromoxynil	<	25	ng/L
OW571900	2026-06-02	    625185	08:25:16	BZV5	Biochemisch zuurstofverbruik na 5d.	=	2,38	mgO2/L
OW571900	2026-06-02	    625185	08:25:16	Ca o	Calcium	=	115000	µg/L
OW571900	2026-06-02	    625185	08:25:16	Carbdzim	Carbendazim	<	5	ng/L
OW571900	2026-06-02	    625185	08:25:16	Cartamid	Carbetamide	<	10	ng/L
OW571900	2026-06-02	    625185	08:25:16	Cbromuron	Chloorbromuron	<	15	ng/L
OW571900	2026-06-02	    625185	08:25:16	cCdaan	cis-Chloordaan	<	0,5	ng/L
OW571900	2026-06-02	    625185	08:25:16	Cd o	Cadmium	<	0,05	µg/L
OW571900	2026-06-02	    625185	08:25:16	Cdaan	Chloordaan	<	1	ng/L
OW571900	2026-06-02	    625185	08:25:16	Cdazon	Chloridazon	<	5	ng/L
OW571900	2026-06-02	    625185	08:25:16	CFolS	Chloorfenolen	<	150	ng/L
OW571900	2026-06-02	    625185	08:25:16	Cfvinfos	Chloorfenvinfos	<	1	ng/L
OW571900	2026-06-02	    625185	08:25:16	cHpCEpx	cis-Heptachloorepoxyde	<	1	ng/L
OW571900	2026-06-02	    625185	08:25:16	Cl-	Chloride	=	116	mg/L
OW571900	2026-06-02	    625185	08:25:16	Clfyl a	Chlorofyl a	<	5,93	µg/L
OW571900	2026-06-02	    625185	08:25:16	Clopyralid	Clopyralid	<	125	ng/L
OW571900	2026-06-02	    625185	08:25:16	Clotidine	Clothianidine	<	2,5	ng/L
OW571900	2026-06-02	    625185	08:25:16	Co o	Kobalt	=	0,53	µg/L
OW571900	2026-06-02	    625185	08:25:16	CpfosEy	Chloorpyrifos-ethyl	<	2	ng/L
OW571900	2026-06-02	    625185	08:25:16	CpfosMy	Chloorpyrifos-methyl	<	2	ng/L
OW571900	2026-06-02	    625185	08:25:16	Cprofam	Chloorprofam	<	2	ng/L
OW571900	2026-06-02	    625185	08:25:16	Cr o	Chroom	<	1,5	µg/L
OW571900	2026-06-02	    625185	08:25:16	Ctoluron	Chloortoluron	=	30	ng/L
OW571900	2026-06-02	    625185	08:25:16	Cu o	Koper	<	2	µg/L
OW571900	2026-06-02	    625185	08:25:16	Cumafos	Cumafos	<	1	ng/L
OW571900	2026-06-02	    625185	08:25:16	Cyanaz	Cyanazine	<	5	ng/L
OW571900	2026-06-02	    625185	08:25:16	Cybutrine	Cybutrine	<	1	ng/L
OW571900	2026-06-02	    625185	08:25:16	Cypmethrin	Cypermethrin	<	3	ng/L
OW571900	2026-06-02	    625185	08:25:16	CZV	Chemisch zuurstofverbruik	=	13,6	mgO2/L
OW571900	2026-06-02	    625185	08:25:16	DCvos	Dichloorvos	<	1	ng/L
OW571900	2026-06-02	    625185	08:25:16	DDT t	DDT, totaal	<	4	ng/L
OW571900	2026-06-02	    625185	08:25:16	Demeton	Demeton	<	25	ng/L
OW571900	2026-06-02	    625185	08:25:16	Demeton-O	Demeton-O	<	16	ng/L
OW571900	2026-06-02	    625185	08:25:16	Demeton-S	Demeton-S	<	9	ng/L
OW571900	2026-06-02	    625185	08:25:16	DEyatraz	Desethylatrazine	=	16	ng/L
OW571900	2026-06-02	    625185	08:25:16	DEytByaz	Desethylterbutylazine	<	10	ng/L
OW571900	2026-06-02	    625185	08:25:16	Dflucan	Diflufenican	=	16,9	ng/L
OW571900	2026-06-02	    625185	08:25:16	dHCH	delta-Hexachloorcyclohexaan	<	0,75	ng/L
OW571900	2026-06-02	    625185	08:25:16	Diazinon	Diazinon	<	2	ng/L
OW571900	2026-06-02	    625185	08:25:16	Dicamba	Dicamba	<	150	ng/L
OW571900	2026-06-02	    625185	08:25:16	Dieldrin	Dieldrin	<	1	ng/L
OW571900	2026-06-02	    625185	08:25:16	DiMetamid	Dimethenamid	=	129	ng/L
OW571900	2026-06-02	    625185	08:25:16	DiMetmorf	Dimethomorf	<	5	ng/L
OW571900	2026-06-02	    625185	08:25:16	DiPyatraz	Desisopropylatrazine	<	10	ng/L
OW571900	2026-06-02	    625185	08:25:16	Diuron	Diuron	=	12	ng/L
OW571900	2026-06-02	    625185	08:25:16	Dmetoat	Dimethoaat	<	2	ng/L
OW571900	2026-06-02	    625185	08:25:16	DMyFol som	Som van de dimethylfenolen	<	250	ng/L
OW571900	2026-06-02	    625185	08:25:16	DNOC	4,6-Dinitro-o-cresol	<	25	ng/L
OW571900	2026-06-02	    625185	08:25:16	DOC	Koolstof	=	6,4	mgC/L
OW571900	2026-06-02	    625185	08:25:16	DONA	4,8-dioxa-3H-perfluornonaanzuur (DONA)	<	3	ng/L
OW571900	2026-06-02	    625185	08:25:16	Dsulfoton	Disulfoton	<	16	ng/L
OW571900	2026-06-02	    625185	08:25:16	EC 20	Geleidbaarheid (20°C)	=	928	µS/cm
OW571900	2026-06-02	    625185	08:25:16	EC 25	Geleidbaarheid (25°C)	=	1016,624	µS/cm
OW571900	2026-06-02	    625185	08:25:16	EndoS	Endosulfansulfaat	<	1	ng/L
OW571900	2026-06-02	    625185	08:25:16	Endrin	Endrin	<	0,375	ng/L
OW571900	2026-06-02	    625185	08:25:16	Etfum	Ethofumesaat	=	83	ng/L
OW571900	2026-06-02	    625185	08:25:16	Ethopfos	Ethoprofos	<	1	ng/L
OW571900	2026-06-02	    625185	08:25:16	EtPFOSA	N-ethylperfluoroctaan-1-sulfonamide (EtPFOSA)	<	1	ng/L
OW571900	2026-06-02	    625185	08:25:16	EtPFOSA totaal	Totaal N-ethylperfluoroctaansulfonamide (lin+vert)	<	1,4	ng/L
OW571900	2026-06-02	    625185	08:25:16	EtPFOSA vertakt	= EtPFOSAtotaal - EtPFOSA	<	1,4	ng/L
OW571900	2026-06-02	    625185	08:25:16	EtPFOSAA	N-ethylperfluoroctaansulfonamidoazijnzuur	<	4,8	ng/L
OW571900	2026-06-02	    625185	08:25:16	Fe o	Ijzer	<	12,5	µg/L
OW571900	2026-06-02	    625185	08:25:16	Fenithion	Fenitrothion	<	2	ng/L
OW571900	2026-06-02	    625185	08:25:16	Fenoprop	Fenoprop	<	25	ng/L
OW571900	2026-06-02	    625185	08:25:16	Fenthion	Fenthion	<	1	ng/L
OW571900	2026-06-02	    625185	08:25:16	Feofyt a	Feofytine a	=	9,3	µg/L
OW571900	2026-06-02	    625185	08:25:16	Fipronil	Fipronil	<	1	ng/L
OW571900	2026-06-02	    625185	08:25:16	Floxpyr	Fluroxypyr	<	50	ng/L
OW571900	2026-06-02	    625185	08:25:16	Flucet	Flufenacet	<	20	ng/L
OW571900	2026-06-02	    625185	08:25:16	Fluopic	Fluopicolide	<	7,5	ng/L
OW571900	2026-06-02	    625185	08:25:16	Fluopyram	Fluopyram	=	78	ng/L
OW571900	2026-06-02	    625185	08:25:16	Flurtamone	Flurtamone	<	0,005	µg/L
OW571900	2026-06-02	    625185	08:25:16	Fol	Fenol	<	500	ng/L
OW571900	2026-06-02	    625185	08:25:16	Fonofos	Fonofos	<	2	ng/L
OW571900	2026-06-02	    625185	08:25:16	gHCH	gamma-Hexachloorcyclohexaan	<	0,75	ng/L
OW571900	2026-06-02	    625185	08:25:16	H t	Hardheid	=	33,33333333333333337	°F
OW571900	2026-06-02	    625185	08:25:16	HCBdn	Hexachloorbutadieen	<	1	ng/L
OW571900	2026-06-02	    625185	08:25:16	HCBz	Hexachloorbenzeen	<	1,5	ng/L
OW571900	2026-06-02	    625185	08:25:16	HCH	Hexachloorcyclohexaan, alle isomeren	<	3	ng/L
OW571900	2026-06-02	    625185	08:25:16	Hexazinon	Hexazinon	<	10	ng/L
OW571900	2026-06-02	    625185	08:25:16	HFPO-DA	2,3,3,3-tetrafluor-2(heptafluorpropoxy)propionzuur	<	2,4	ng/L
OW571900	2026-06-02	    625185	08:25:16	Hg o	Kwik	<	0,025	µg/L
OW571900	2026-06-02	    625185	08:25:16	HpC	Heptachloor	<	1	ng/L
OW571900	2026-06-02	    625185	08:25:16	HpC+Epx	Heptachloor+epoxyde	<	4	ng/L
OW571900	2026-06-02	    625185	08:25:16	Imcloprid	Imidacloprid	=	8	ng/L
OW571900	2026-06-02	    625185	08:25:16	Iproturon	Isoproturon	<	5	ng/L
OW571900	2026-06-02	    625185	08:25:16	Isodrin	Isodrin	<	0,375	ng/L
OW571900	2026-06-02	    625185	08:25:16	K o	Kalium	=	26400	µg/L
OW571900	2026-06-02	    625185	08:25:16	KjN	Kjeldahlstikstof	=	2,889	mgN/L
OW571900	2026-06-02	    625185	08:25:16	Lenacil	Lenacil	<	50	ng/L
OW571900	2026-06-02	    625185	08:25:16	Linuron	Linuron	<	5	ng/L
OW571900	2026-06-02	    625185	08:25:16	Malathion	Malathion	<	2	ng/L
OW571900	2026-06-02	    625185	08:25:16	Mbromuron	Metobromuron	=	182	ng/L
OW571900	2026-06-02	    625185	08:25:16	mBthiaz	Metabenzthiazuron	<	5	ng/L
OW571900	2026-06-02	    625185	08:25:16	MCPA	(4-Chloor-2-methylfenoxy)azijnzuur	=	139	ng/L
OW571900	2026-06-02	    625185	08:25:16	MCPB	4-(4-Chloor-2-methylfenoxy)boterzuur	<	25	ng/L
OW571900	2026-06-02	    625185	08:25:16	MCPP	Mecoprop	<	50	ng/L
OW571900	2026-06-02	    625185	08:25:16	MePFBSA	N-methylperfluorbutaansulfonamide (MePFBSA)	<	4,4	ng/L
OW571900	2026-06-02	    625185	08:25:16	MePFBSAA	N-methylperfluorbutaansulfonamidoazijnzuur	<	4,2	ng/L
OW571900	2026-06-02	    625185	08:25:16	MePFOSA	N-methylperfluoroctaan-1-sulfonamide (MePFOSA)	<	3,8	ng/L
OW571900	2026-06-02	    625185	08:25:16	Metaza	Metazachloor	=	18	ng/L
OW571900	2026-06-02	    625185	08:25:16	Metbuzin	Metribuzin	=	8,5	ng/L
OW571900	2026-06-02	    625185	08:25:16	Metcarb	Methiocarb	<	1	ng/L
OW571900	2026-06-02	    625185	08:25:16	Methidat	Methidation	<	1	ng/L
OW571900	2026-06-02	    625185	08:25:16	Metola	Metolachloor	<	10	ng/L
OW571900	2026-06-02	    625185	08:25:16	Metoxur	Metoxuron	<	5	ng/L
OW571900	2026-06-02	    625185	08:25:16	Mevinfos	Mevinfos	<	1	ng/L
OW571900	2026-06-02	    625185	08:25:16	Mg o	Magnesium	=	11000	µg/L
OW571900	2026-06-02	    625185	08:25:16	Mlinuron	Monolinuron	<	5	ng/L
OW571900	2026-06-02	    625185	08:25:16	Mmitron	Metamitron	<	5	ng/L
OW571900	2026-06-02	    625185	08:25:16	Mn o	Mangaan	=	105	µg/L
OW571900	2026-06-02	    625185	08:25:16	Mo o	Molybdeen	=	4,5	µg/L
OW571900	2026-06-02	    625185	08:25:16	MxyC	Methoxychloor	<	1	ng/L
OW571900	2026-06-02	    625185	08:25:16	N t	Stikstof	=	4,33	mgN/L
OW571900	2026-06-02	    625185	08:25:16	N+N	Nitraat+nitriet	=	1,441	mgN/L
OW571900	2026-06-02	    625185	08:25:16	N+N+N	Nitraat+nitriet+ammonium	=	2,041	mgN/L
OW571900	2026-06-02	    625185	08:25:16	Na o	Natrium	=	77000	µg/L
OW571900	2026-06-02	    625185	08:25:16	NH4+	Ammonium	=	0,6	mgN/L
OW571900	2026-06-02	    625185	08:25:16	Ni o	Nikkel	=	3,97	µg/L
OW571900	2026-06-02	    625185	08:25:16	NO2-	Nitriet	=	0,131	mgN/L
OW571900	2026-06-02	    625185	08:25:16	NO3-	Nitraat	=	1,31	mgN/L
OW571900	2026-06-02	    625185	08:25:16	NyFol	Nonylfenol	=	440	ng/L
OW571900	2026-06-02	    625185	08:25:16	NyFolsom	Nonylfenolen	=	440	ng/L
OW571900	2026-06-02	    625185	08:25:16	O2	Zuurstof	=	3,21	mg/L
OW571900	2026-06-02	    625185	08:25:16	O2 verz	Zuurstof	=	37,8	%
OW571900	2026-06-02	    625185	08:25:16	OCP t	Organochloorpesticiden, totaal	<	15,875	ng/L
OW571900	2026-06-02	    625185	08:25:16	oPO4 f	Orthofosfaat	=	0,48	mgP/L
OW571900	2026-06-02	    625185	08:25:16	Oxadiazon	Oxadiazon	<	2	ng/L
OW571900	2026-06-02	    625185	08:25:16	OyFolsom	Octylfenolen	<	30	ng/L
OW571900	2026-06-02	    625185	08:25:16	PathionEy	Parathion-ethyl	<	1	ng/L
OW571900	2026-06-02	    625185	08:25:16	PathionMy	Parathion-methyl	<	2	ng/L
OW571900	2026-06-02	    625185	08:25:16	Pb o	Lood	<	1,5	µg/L
OW571900	2026-06-02	    625185	08:25:16	PCB 101	2,2',4,5,5'-Pentachloorbifenyl (PCB101)	<	1	ng/L
OW571900	2026-06-02	    625185	08:25:16	PCB 118	2,3',4,4',5-Pentachloorbifenyl (PCB118)	<	0,5	ng/L
OW571900	2026-06-02	    625185	08:25:16	PCB 138	2,2',3,4,4',5'-Hexachloorbifenyl (PCB138)	<	1	ng/L
OW571900	2026-06-02	    625185	08:25:16	PCB 153	2,2',4,4',5,5'-Hexachloorbifenyl (PCB153)	<	1	ng/L
OW571900	2026-06-02	    625185	08:25:16	PCB 180	2,2',3,4,4',5,5'-Heptachloorbifenyl (PCB180)	<	0,5	ng/L
OW571900	2026-06-02	    625185	08:25:16	PCB 28	2,4,4'-Trichloorbifenyl (PCB28)	<	0,5	ng/L
OW571900	2026-06-02	    625185	08:25:16	PCB 52	2,2',5,5'-Tetrachloorbifenyl (PCB52)	<	1	ng/L
OW571900	2026-06-02	    625185	08:25:16	PCB t	Polychloorbifenyl, totaal	<	5,5	ng/L
OW571900	2026-06-02	    625185	08:25:16	PCBz	Pentachloorbenzeen	<	1,5	ng/L
OW571900	2026-06-02	    625185	08:25:16	PCFol	Pentachloorfenol	<	50	ng/L
OW571900	2026-06-02	    625185	08:25:16	PCNiBz	Pentachloornitrobenzeen	<	2	ng/L
OW571900	2026-06-02	    625185	08:25:16	PFAS-43	Som van de 43 PFAS	<	150	ng/L
OW571900	2026-06-02	    625185	08:25:16	PFBA	Perfluorbutaanzuur (PFBA)	=	4,7	ng/L
OW571900	2026-06-02	    625185	08:25:16	PFBS	Perfluorbutaansulfonzuur (PFBS)	<	3,8	ng/L
OW571900	2026-06-02	    625185	08:25:16	PFBSA	Perfluorbutaansulfonamide (PFBSA)	<	1,5	ng/L
OW571900	2026-06-02	    625185	08:25:16	PFDA	Perfluordecaanzuur (PFDA)	<	4,2	ng/L
OW571900	2026-06-02	    625185	08:25:16	PFDoDA	Perfluordodecaanzuur (PFDoDA)	<	3,5	ng/L
OW571900	2026-06-02	    625185	08:25:16	PFDoDS	Perfluordodecaansulfonzuur (PFDoDS)	<	3,9	ng/L
OW571900	2026-06-02	    625185	08:25:16	PFDS	Perfluordecaansulfonzuur (PFDS)	<	3,8	ng/L
OW571900	2026-06-02	    625185	08:25:16	PFECHS	Perfluor-4-ethylcyclohexaansulfonzuur (PFECHS)	<	3,7	ng/L
OW571900	2026-06-02	    625185	08:25:16	PFHpA	Perfluorheptaanzuur (PFHpA)	<	2	ng/L
OW571900	2026-06-02	    625185	08:25:16	PFHpS	Perfluorheptaansulfonzuur (PFHpS)	<	4,3	ng/L
OW571900	2026-06-02	    625185	08:25:16	PFHxDA	Perfluorhexadecaanzuur (PFHxDA)	<	4,8	ng/L
OW571900	2026-06-02	    625185	08:25:16	PFHxS	Perfluorhexaansulfonzuur (PFHxS)	=	3,8	ng/L
OW571900	2026-06-02	    625185	08:25:16	PFHxS totaal	Totaal perfluorhexaansulfonzuur (lineair+vertakt)	<	5,4	ng/L
OW571900	2026-06-02	    625185	08:25:16	PFHxS vertakt	= PFHxStotaal - PFHxS	<	2,7	ng/L
OW571900	2026-06-02	    625185	08:25:16	PFHxSA	Perfluorhexaansulfonamide (PFHxSA)	<	4	ng/L
OW571900	2026-06-02	    625185	08:25:16	PFNA	Perfluornonaanzuur (PFNA)	<	2,8	ng/L
OW571900	2026-06-02	    625185	08:25:16	PFNS	Perfluornonaansulfonzuur (PFNS)	<	4,1	ng/L
OW571900	2026-06-02	    625185	08:25:16	PFOA	Perfluoroctaanzuur (PFOA)	<	2,7	ng/L
OW571900	2026-06-02	    625185	08:25:16	PFOA totaal	Totaal perfluoroctaanzuur (lineair + vertakt)	<	2,9	ng/L
OW571900	2026-06-02	    625185	08:25:16	PFOA vertakt	= PFOAtotaal - PFOA	<	2,9	ng/L
OW571900	2026-06-02	    625185	08:25:16	PFOS	Perfluoroctaansulfonzuur (PFOS)	<	3,3	ng/L
OW571900	2026-06-02	    625185	08:25:16	PFOS totaal	Totaal perfluoroctaansulfonzuur (lineair+vertakt)	<	8,8	ng/L
OW571900	2026-06-02	    625185	08:25:16	PFOS vertakt	= PFOStotaal - PFOS	<	8,8	ng/L
OW571900	2026-06-02	    625185	08:25:16	PFOSA	Perfluoroctaansulfonamide (PFOSA)	<	1,7	ng/L
OW571900	2026-06-02	    625185	08:25:16	PFOSA totaal	Totaal perfluoroctaansulfonamide (lineair+vertakt)	<	1,7	ng/L
OW571900	2026-06-02	    625185	08:25:16	PFOSA vertakt	= PFOSAtotaal - PFOSA	<	1,7	ng/L
OW571900	2026-06-02	    625185	08:25:16	PFPeA	Perfluorpentaanzuur (PFPeA)	<	9	ng/L
OW571900	2026-06-02	    625185	08:25:16	PFPeS	Perfluorpentaansulfonzuur (PFPeS)	<	3,5	ng/L
OW571900	2026-06-02	    625185	08:25:16	PFTeDA	Perfluortetradecaanzuur (PFTeDA)	<	4,3	ng/L
OW571900	2026-06-02	    625185	08:25:16	PFTrDA	Perfluortridecaanzuur (PFTrDA)	<	4	ng/L
OW571900	2026-06-02	    625185	08:25:16	PFUnDA	Perfluorundecaanzuur (PFUnDA)	<	4,7	ng/L
OW571900	2026-06-02	    625185	08:25:16	PFUnDS	Perfluor-1-undecaansulfonzuur (PFUnS)	<	2	ng/L
OW571900	2026-06-02	    625185	08:25:16	pH	pH	=	7,72	-
OW571900	2026-06-02	    625185	08:25:16	Picarb	Pirimicarb	<	5	ng/L
OW571900	2026-06-02	    625185	08:25:16	PirfosMy	Pirimifos-methyl	<	1	ng/L
OW571900	2026-06-02	    625185	08:25:16	Prochloor	Propachloor	<	10	ng/L
OW571900	2026-06-02	    625185	08:25:16	Prometryn	Prometryn	<	10	ng/L
OW571900	2026-06-02	    625185	08:25:16	Propanil	Propanil	<	25	ng/L
OW571900	2026-06-02	    625185	08:25:16	Propaz	Propazine	<	10	ng/L
OW571900	2026-06-02	    625185	08:25:16	Quinofen	Quinoxyfen	<	1	ng/L
OW571900	2026-06-02	    625185	08:25:16	Sb o	Antimoon	<	1,5	µg/L
OW571900	2026-06-02	    625185	08:25:16	Se o	Seleen	<	1,5	µg/L
OW571900	2026-06-02	    625185	08:25:16	Sebutylaz	Sebutylazine	<	10	ng/L
OW571900	2026-06-02	    625185	08:25:16	Secchi	Doorzichtigheid	=	50	cm
OW571900	2026-06-02	    625185	08:25:16	Simaz	Simazine	<	5	ng/L
OW571900	2026-06-02	    625185	08:25:16	Sn o	Tin	<	1,5	µg/L
OW571900	2026-06-02	    625185	08:25:16	SO4=	Sulfaat	=	74	mg/L
OW571900	2026-06-02	    625185	08:25:16	T	Temperatuur	=	23,3	°C
OW571900	2026-06-02	    625185	08:25:16	tCdaan	trans-Chloordaan	<	0,5	ng/L
OW571900	2026-06-02	    625185	08:25:16	TclofosMy	Tolclofos-methyl	<	2	ng/L
OW571900	2026-06-02	    625185	08:25:16	Te o	Telluur	<	2,5	µg/L
OW571900	2026-06-02	    625185	08:25:16	Telodrin	Telodrin	<	1	ng/L
OW571900	2026-06-02	    625185	08:25:16	Terbufos	Terbufos	<	2	ng/L
OW571900	2026-06-02	    625185	08:25:16	Terbutryn	Terbutryn	<	20	ng/L
OW571900	2026-06-02	    625185	08:25:16	Tfluralin	Trifluralin	<	2	ng/L
OW571900	2026-06-02	    625185	08:25:16	Thiacloprid	Thiacloprid	<	2,5	ng/L
OW571900	2026-06-02	    625185	08:25:16	tHpCEpx	trans-Heptachloorepoxyde	<	2	ng/L
OW571900	2026-06-02	    625185	08:25:16	Ti o	Titaan	<	2	µg/L
OW571900	2026-06-02	    625185	08:25:16	Tl o	Thallium	=	0,55	µg/L
OW571900	2026-06-02	    625185	08:25:16	Tmethoxam	Thiamethoxam	<	5	ng/L
OW571900	2026-06-02	    625185	08:25:16	TrByaz	Terbutylazine	=	14	ng/L
OW571900	2026-06-02	    625185	08:25:16	Triazofos	Triazofos	<	1	ng/L
OW571900	2026-06-02	    625185	08:25:16	triCFolsom	Trichloorfenolen	<	300	ng/L
OW571900	2026-06-02	    625185	08:25:16	Triclopyr	Triclopyr	<	25	ng/L
OW571900	2026-06-02	    625185	08:25:16	U o	Uranium	=	0,75	µg/L
OW571900	2026-06-02	    625185	08:25:16	V o	Vanadium	<	3	µg/L
OW571900	2026-06-02	    625185	08:25:16	Zn o	Zink	<	11	µg/L
OW571900	2026-06-02	    625185	08:25:16	ZS	Zwevende stoffen	=	15,6	mg/L
OW571900	2026-06-30	    625186	11:23:03	10:2 FTS	10:2 fluortelomeersulfonzuur (10:2 FTS)	<	5	ng/L
OW571900	2026-06-30	    625186	11:23:03	1234CBz	1,2,3,4-Tetrachloorbenzeen	<	1	ng/L
OW571900	2026-06-30	    625186	11:23:03	1235+1245CBz	1,2,3,5+1,2,4,5-Tetrachloorbenzeen	<	1,5	ng/L
OW571900	2026-06-30	    625186	11:23:03	2+3+4MyFol	som 2-methylfenol, 3-methylfenol en 4-methylfenol	<	150	ng/L
OW571900	2026-06-30	    625186	11:23:03	2345CFol	2,3,4,5-Tetrachloorfenol	<	50	ng/L
OW571900	2026-06-30	    625186	11:23:03	2346CFol	2,3,4,6-Tetrachloorfenol	<	50	ng/L
OW571900	2026-06-30	    625186	11:23:03	234CFol	2,3,4-Trichloorfenol	<	50	ng/L
OW571900	2026-06-30	    625186	11:23:03	2356CFol	2,3,5,6-Tetrachloorfenol	<	50	ng/L
OW571900	2026-06-30	    625186	11:23:03	2356CNiBz	2,3,5,6-Tetrachloornitrobenzeen	<	2	ng/L
OW571900	2026-06-30	    625186	11:23:03	235CFol	2,3,5-Trichloorfenol	<	50	ng/L
OW571900	2026-06-30	    625186	11:23:03	235MyFol	2,3,5-Trimethylfenol	<	50	ng/L
OW571900	2026-06-30	    625186	11:23:03	236CFol	2,3,6-Trichloorfenol	<	50	ng/L
OW571900	2026-06-30	    625186	11:23:03	23CFol	2,3-Dichloorfenol	<	50	ng/L
OW571900	2026-06-30	    625186	11:23:03	23MyFol	2,3-Dimethylfenol	<	50	ng/L
OW571900	2026-06-30	    625186	11:23:03	24-D	2,4-Dichloorfenoxyazijnzuur	<	50	ng/L
OW571900	2026-06-30	    625186	11:23:03	24-DB	2,4-Dichloorfenoxybutaanzuur	<	25	ng/L
OW571900	2026-06-30	    625186	11:23:03	24-DP	Dichloorprop	<	25	ng/L
OW571900	2026-06-30	    625186	11:23:03	24+25-CFol	2,4+2,5-Dichloorfenol	<	100	ng/L
OW571900	2026-06-30	    625186	11:23:03	245-T	2,4,5-Trichloorfenoxyazijnzuur	<	25	ng/L
OW571900	2026-06-30	    625186	11:23:03	245CFol	2,4,5-Trichloorfenol	<	50	ng/L
OW571900	2026-06-30	    625186	11:23:03	246CFol	2,4,6-Trichloorfenol	<	50	ng/L
OW571900	2026-06-30	    625186	11:23:03	24DDD	op'Dichloordifenyldichloorethaan	<	1	ng/L
OW571900	2026-06-30	    625186	11:23:03	24DDE	op'Dichloordifenyldichlooretheen	<	1	ng/L
OW571900	2026-06-30	    625186	11:23:03	24DDT	op'Dichloordifenyltrichloorethaan	<	1	ng/L
OW571900	2026-06-30	    625186	11:23:03	24MyFol	2,4-Dimethylfenol	<	50	ng/L
OW571900	2026-06-30	    625186	11:23:03	24NiFol	2,4-Dinitrofenol	<	50	ng/L
OW571900	2026-06-30	    625186	11:23:03	25MyFol	2,5-Dimethylfenol	<	50	ng/L
OW571900	2026-06-30	    625186	11:23:03	26CFol	2,6-Dichloorfenol	<	50	ng/L
OW571900	2026-06-30	    625186	11:23:03	26MyFol	2,6-Dimethylfenol	<	50	ng/L
OW571900	2026-06-30	    625186	11:23:03	2CFol	2-Chloorfenol	<	50	ng/L
OW571900	2026-06-30	    625186	11:23:03	2EyFol	2-Ethylfenol	<	50	ng/L
OW571900	2026-06-30	    625186	11:23:03	2hAtraz	2-Hydroxy-atrazine	=	19	ng/L
OW571900	2026-06-30	    625186	11:23:03	2iPyFol	2-Isopropylfenol	<	50	ng/L
OW571900	2026-06-30	    625186	11:23:03	2MyFol	2-Methylfenol	<	50	ng/L
OW571900	2026-06-30	    625186	11:23:03	345CFol	3,4,5-Trichloorfenol	<	50	ng/L
OW571900	2026-06-30	    625186	11:23:03	34CFol	3,4-Dichloorfenol	<	50	ng/L
OW571900	2026-06-30	    625186	11:23:03	34MyFol	3,4-Dimethylfenol	<	50	ng/L
OW571900	2026-06-30	    625186	11:23:03	35CFol	3,5-Dichloorfenol	<	50	ng/L
OW571900	2026-06-30	    625186	11:23:03	3CFol	3-Chloorfenol	<	50	ng/L
OW571900	2026-06-30	    625186	11:23:03	3EyFol	3-Ethylfenol	<	50	ng/L
OW571900	2026-06-30	    625186	11:23:03	3MyFol	3-Methylfenol	<	50	ng/L
OW571900	2026-06-30	    625186	11:23:03	4:2 FTS	4:2 fluortelomeersulfonzuur (4:2 FTS)	<	5	ng/L
OW571900	2026-06-30	    625186	11:23:03	44DDD	pp'Dichloordifenyldichloorethaan	<	1	ng/L
OW571900	2026-06-30	    625186	11:23:03	44DDE	pp'Dichloordifenyldichlooretheen	<	1	ng/L
OW571900	2026-06-30	    625186	11:23:03	44DDT	pp'Dichloordifenyltrichloorethaan	<	1	ng/L
OW571900	2026-06-30	    625186	11:23:03	4C35MyFol	4-Chloor-3,5-dimethylfenol	<	50	ng/L
OW571900	2026-06-30	    625186	11:23:03	4C3MyFol	4-Chloor-3-methylfenol	<	50	ng/L
OW571900	2026-06-30	    625186	11:23:03	4CFol	4-Chloorfenol	<	50	ng/L
OW571900	2026-06-30	    625186	11:23:03	4EyFol + 35MyFol	4-ethylfenol + 3,5 dimethylfenol	<	100	ng/L
OW571900	2026-06-30	    625186	11:23:03	4MyFol	4-Methylfenol	<	50	ng/L
OW571900	2026-06-30	    625186	11:23:03	4tOyFol	4-tert-Octylfenol	<	30	ng/L
OW571900	2026-06-30	    625186	11:23:03	6:2 diPAP	6:2 fluortelomeerfosfaat diester (6:2 diPAP)	<	5	ng/L
OW571900	2026-06-30	    625186	11:23:03	6:2 FTS	6:2 fluortelomeersulfonzuur (6:2 FTS)	<	5	ng/L
OW571900	2026-06-30	    625186	11:23:03	6:2/8:2 diPAP	6:2/8:2 Fluortelomeerfosfaat diester	<	5	ng/L
OW571900	2026-06-30	    625186	11:23:03	a+b+d+gHCHS	alfa+beta+gamma+delta Hexachloorcyclohexaan	<	3	ng/L
OW571900	2026-06-30	    625186	11:23:03	a+bEndoS	alfa+beta Endosulfan	<	2	ng/L
OW571900	2026-06-30	    625186	11:23:03	Aclonifen	Aclonifen	<	4	ng/L
OW571900	2026-06-30	    625186	11:23:03	ADEIdrin	Aldrin+Dieldrin+Endrin+Isodrin	<	2,125	ng/L
OW571900	2026-06-30	    625186	11:23:03	aEndo	alfa-Endosulfan	<	1	ng/L
OW571900	2026-06-30	    625186	11:23:03	Ag o	Zilver	<	0,05	µg/L
OW571900	2026-06-30	    625186	11:23:03	aHCH	alfa-Hexachloorcyclohexaan	<	0,75	ng/L
OW571900	2026-06-30	    625186	11:23:03	Al o	Aluminium	<	150	µg/L
OW571900	2026-06-30	    625186	11:23:03	Alachloor	Alachloor	<	10	ng/L
OW571900	2026-06-30	    625186	11:23:03	Aldrin	Aldrin	<	0,375	ng/L
OW571900	2026-06-30	    625186	11:23:03	Atraz	Atrazine	<	10	ng/L
OW571900	2026-06-30	    625186	11:23:03	AzinfosEy	Azinfos-ethyl	<	2	ng/L
OW571900	2026-06-30	    625186	11:23:03	AzinfosMy	Azinfos-methyl	<	1	ng/L
OW571900	2026-06-30	    625186	11:23:03	B o	Boor	=	71	µg/L
OW571900	2026-06-30	    625186	11:23:03	Ba o	Barium	=	21	µg/L
OW571900	2026-06-30	    625186	11:23:03	BAM	2,6-Dichloorbenzamide	=	64	ng/L
OW571900	2026-06-30	    625186	11:23:03	Be o	Beryllium	<	0,11	µg/L
OW571900	2026-06-30	    625186	11:23:03	bEndo	beta-Endosulfan	<	1	ng/L
OW571900	2026-06-30	    625186	11:23:03	Bentazone	Bentazone	<	50	ng/L
OW571900	2026-06-30	    625186	11:23:03	bFol-A	Bisfenol-A	<	50	ng/L
OW571900	2026-06-30	    625186	11:23:03	bHCH	beta-Hexachloorcyclohexaan	<	0,75	ng/L
OW571900	2026-06-30	    625186	11:23:03	Bifenox	Bifenox	<	2	ng/L
OW571900	2026-06-30	    625186	11:23:03	Boscalid	Boscalid	=	22,8	ng/L
OW571900	2026-06-30	    625186	11:23:03	BrfosEy	Bromofos-ethyl	<	1	ng/L
OW571900	2026-06-30	    625186	11:23:03	BrfosMy	Bromofos-methyl	<	1	ng/L
OW571900	2026-06-30	    625186	11:23:03	Bromacil	Bromacil	<	10	ng/L
OW571900	2026-06-30	    625186	11:23:03	Bromoxyn	Bromoxynil	<	25	ng/L
OW571900	2026-06-30	    625186	11:23:03	BZV5	Biochemisch zuurstofverbruik na 5d.	=	3,4	mgO2/L
OW571900	2026-06-30	    625186	11:23:03	Ca o	Calcium	=	67000	µg/L
OW571900	2026-06-30	    625186	11:23:03	Carbdzim	Carbendazim	=	17	ng/L
OW571900	2026-06-30	    625186	11:23:03	Cartamid	Carbetamide	<	10	ng/L
OW571900	2026-06-30	    625186	11:23:03	Cbromuron	Chloorbromuron	<	15	ng/L
OW571900	2026-06-30	    625186	11:23:03	cCdaan	cis-Chloordaan	<	0,5	ng/L
OW571900	2026-06-30	    625186	11:23:03	Cd o	Cadmium	<	0,05	µg/L
OW571900	2026-06-30	    625186	11:23:03	Cdaan	Chloordaan	<	1	ng/L
OW571900	2026-06-30	    625186	11:23:03	Cdazon	Chloridazon	<	5	ng/L
OW571900	2026-06-30	    625186	11:23:03	CFolS	Chloorfenolen	<	150	ng/L
OW571900	2026-06-30	    625186	11:23:03	Cfvinfos	Chloorfenvinfos	<	1	ng/L
OW571900	2026-06-30	    625186	11:23:03	cHpCEpx	cis-Heptachloorepoxyde	<	1	ng/L
OW571900	2026-06-30	    625186	11:23:03	Cl-	Chloride	=	75	mg/L
OW571900	2026-06-30	    625186	11:23:03	Clfyl a	Chlorofyl a	=	108	µg/L
OW571900	2026-06-30	    625186	11:23:03	Clopyralid	Clopyralid	<	125	ng/L
OW571900	2026-06-30	    625186	11:23:03	Clotidine	Clothianidine	<	2,5	ng/L
OW571900	2026-06-30	    625186	11:23:03	Co o	Kobalt	=	0,47	µg/L
OW571900	2026-06-30	    625186	11:23:03	CpfosEy	Chloorpyrifos-ethyl	<	2	ng/L
OW571900	2026-06-30	    625186	11:23:03	CpfosMy	Chloorpyrifos-methyl	<	2	ng/L
OW571900	2026-06-30	    625186	11:23:03	Cprofam	Chloorprofam	<	2	ng/L
OW571900	2026-06-30	    625186	11:23:03	Cr o	Chroom	<	1,5	µg/L
OW571900	2026-06-30	    625186	11:23:03	Ctoluron	Chloortoluron	=	25	ng/L
OW571900	2026-06-30	    625186	11:23:03	Cu o	Koper	<	2	µg/L
OW571900	2026-06-30	    625186	11:23:03	Cumafos	Cumafos	<	1	ng/L
OW571900	2026-06-30	    625186	11:23:03	Cyanaz	Cyanazine	<	5	ng/L
OW571900	2026-06-30	    625186	11:23:03	Cybutrine	Cybutrine	<	1	ng/L
OW571900	2026-06-30	    625186	11:23:03	Cypmethrin	Cypermethrin	<	3	ng/L
OW571900	2026-06-30	    625186	11:23:03	CZV	Chemisch zuurstofverbruik	=	25	mgO2/L
OW571900	2026-06-30	    625186	11:23:03	DCvos	Dichloorvos	<	1	ng/L
OW571900	2026-06-30	    625186	11:23:03	DDT t	DDT, totaal	<	4	ng/L
OW571900	2026-06-30	    625186	11:23:03	Demeton	Demeton	<	25	ng/L
OW571900	2026-06-30	    625186	11:23:03	Demeton-O	Demeton-O	<	16	ng/L
OW571900	2026-06-30	    625186	11:23:03	Demeton-S	Demeton-S	<	9	ng/L
OW571900	2026-06-30	    625186	11:23:03	DEyatraz	Desethylatrazine	<	10	ng/L
OW571900	2026-06-30	    625186	11:23:03	Dflucan	Diflufenican	=	20	ng/L
OW571900	2026-06-30	    625186	11:23:03	dHCH	delta-Hexachloorcyclohexaan	<	0,75	ng/L
OW571900	2026-06-30	    625186	11:23:03	Diazinon	Diazinon	<	2	ng/L
OW571900	2026-06-30	    625186	11:23:03	Dicamba	Dicamba	<	150	ng/L
OW571900	2026-06-30	    625186	11:23:03	Dieldrin	Dieldrin	<	1	ng/L
OW571900	2026-06-30	    625186	11:23:03	DiMetmorf	Dimethomorf	<	5	ng/L
OW571900	2026-06-30	    625186	11:23:03	DiPyatraz	Desisopropylatrazine	<	10	ng/L
OW571900	2026-06-30	    625186	11:23:03	Diuron	Diuron	=	22	ng/L
OW571900	2026-06-30	    625186	11:23:03	Dmetoat	Dimethoaat	<	2	ng/L
OW571900	2026-06-30	    625186	11:23:03	DMyFol som	Som van de dimethylfenolen	<	250	ng/L
OW571900	2026-06-30	    625186	11:23:03	DNOC	4,6-Dinitro-o-cresol	<	25	ng/L
OW571900	2026-06-30	    625186	11:23:03	DOC	Koolstof	=	6,7	mgC/L
OW571900	2026-06-30	    625186	11:23:03	DONA	4,8-dioxa-3H-perfluornonaanzuur (DONA)	<	2,5	ng/L
OW571900	2026-06-30	    625186	11:23:03	Dsulfoton	Disulfoton	<	16	ng/L
OW571900	2026-06-30	    625186	11:23:03	EC 20	Geleidbaarheid (20°C)	=	646	µS/cm
OW571900	2026-06-30	    625186	11:23:03	EC 25	Geleidbaarheid (25°C)	=	707,693	µS/cm
OW571900	2026-06-30	    625186	11:23:03	EndoS	Endosulfansulfaat	<	1	ng/L
OW571900	2026-06-30	    625186	11:23:03	Endrin	Endrin	<	0,375	ng/L
OW571900	2026-06-30	    625186	11:23:03	Etfum	Ethofumesaat	=	48	ng/L
OW571900	2026-06-30	    625186	11:23:03	Ethopfos	Ethoprofos	<	1	ng/L
OW571900	2026-06-30	    625186	11:23:03	EtPFOSA	N-ethylperfluoroctaan-1-sulfonamide (EtPFOSA)	<	0,5	ng/L
OW571900	2026-06-30	    625186	11:23:03	EtPFOSA totaal	Totaal N-ethylperfluoroctaansulfonamide (lin+vert)	<	5	ng/L
OW571900	2026-06-30	    625186	11:23:03	EtPFOSA vertakt	= EtPFOSAtotaal - EtPFOSA	<	5	ng/L
OW571900	2026-06-30	    625186	11:23:03	EtPFOSAA	N-ethylperfluoroctaansulfonamidoazijnzuur	=	2,6	ng/L
OW571900	2026-06-30	    625186	11:23:03	Fe o	Ijzer	<	12,5	µg/L
OW571900	2026-06-30	    625186	11:23:03	Fenithion	Fenitrothion	<	2	ng/L
OW571900	2026-06-30	    625186	11:23:03	Fenoprop	Fenoprop	<	25	ng/L
OW571900	2026-06-30	    625186	11:23:03	Fenthion	Fenthion	<	1	ng/L
OW571900	2026-06-30	    625186	11:23:03	Feofyt a	Feofytine a	=	22	µg/L
OW571900	2026-06-30	    625186	11:23:03	Fipronil	Fipronil	<	1	ng/L
OW571900	2026-06-30	    625186	11:23:03	Flucet	Flufenacet	=	38	ng/L
OW571900	2026-06-30	    625186	11:23:03	Flurtamone	Flurtamone	<	0,005	µg/L
OW571900	2026-06-30	    625186	11:23:03	Fol	Fenol	<	250	ng/L
OW571900	2026-06-30	    625186	11:23:03	Fonofos	Fonofos	<	2	ng/L
OW571900	2026-06-30	    625186	11:23:03	gHCH	gamma-Hexachloorcyclohexaan	<	0,75	ng/L
OW571900	2026-06-30	    625186	11:23:03	H t	Hardheid	=	19,500000000000000022	°F
OW571900	2026-06-30	    625186	11:23:03	HCBdn	Hexachloorbutadieen	<	1	ng/L
OW571900	2026-06-30	    625186	11:23:03	HCBz	Hexachloorbenzeen	<	1,5	ng/L
OW571900	2026-06-30	    625186	11:23:03	HCH	Hexachloorcyclohexaan, alle isomeren	<	3	ng/L
OW571900	2026-06-30	    625186	11:23:03	Hexazinon	Hexazinon	<	10	ng/L
OW571900	2026-06-30	    625186	11:23:03	HFPO-DA	2,3,3,3-tetrafluor-2(heptafluorpropoxy)propionzuur	<	0,5	ng/L
OW571900	2026-06-30	    625186	11:23:03	Hg o	Kwik	<	0,025	µg/L
OW571900	2026-06-30	    625186	11:23:03	HpC	Heptachloor	<	1	ng/L
OW571900	2026-06-30	    625186	11:23:03	HpC+Epx	Heptachloor+epoxyde	<	4	ng/L
OW571900	2026-06-30	    625186	11:23:03	Imcloprid	Imidacloprid	=	6	ng/L
OW571900	2026-06-30	    625186	11:23:03	Iproturon	Isoproturon	<	10	ng/L
OW571900	2026-06-30	    625186	11:23:03	Isodrin	Isodrin	<	0,375	ng/L
OW571900	2026-06-30	    625186	11:23:03	K o	Kalium	=	19400	µg/L
OW571900	2026-06-30	    625186	11:23:03	KjN	Kjeldahlstikstof	=	1,535	mgN/L
OW571900	2026-06-30	    625186	11:23:03	Lenacil	Lenacil	<	25	ng/L
OW571900	2026-06-30	    625186	11:23:03	Linuron	Linuron	<	10	ng/L
OW571900	2026-06-30	    625186	11:23:03	Malathion	Malathion	<	2	ng/L
OW571900	2026-06-30	    625186	11:23:03	mBthiaz	Metabenzthiazuron	<	5	ng/L
OW571900	2026-06-30	    625186	11:23:03	MCPA	(4-Chloor-2-methylfenoxy)azijnzuur	=	99	ng/L
OW571900	2026-06-30	    625186	11:23:03	MCPB	4-(4-Chloor-2-methylfenoxy)boterzuur	<	25	ng/L
OW571900	2026-06-30	    625186	11:23:03	MCPP	Mecoprop	=	68	ng/L
OW571900	2026-06-30	    625186	11:23:03	MePFBSA	N-methylperfluorbutaansulfonamide (MePFBSA)	<	5	ng/L
OW571900	2026-06-30	    625186	11:23:03	MePFBSAA	N-methylperfluorbutaansulfonamidoazijnzuur	=	1	ng/L
OW571900	2026-06-30	    625186	11:23:03	MePFOSA	N-methylperfluoroctaan-1-sulfonamide (MePFOSA)	<	2,5	ng/L
OW571900	2026-06-30	    625186	11:23:03	MePFOSA totaal	Totaal N-methylperfluoroctaansulfonamide (lin+ver)	<	5	ng/L
OW571900	2026-06-30	    625186	11:23:03	MePFOSA vertakt	= MePFOSAtotaal - MePFOSA	<	5	ng/L
OW571900	2026-06-30	    625186	11:23:03	MePFOSAA	N-methylperfluoroctaansulfonamidoazijnzuur	=	8,9	ng/L
OW571900	2026-06-30	    625186	11:23:03	Metaza	Metazachloor	=	33	ng/L
OW571900	2026-06-30	    625186	11:23:03	Metbuzin	Metribuzin	=	13	ng/L
OW571900	2026-06-30	    625186	11:23:03	Metcarb	Methiocarb	<	1	ng/L
OW571900	2026-06-30	    625186	11:23:03	Methidat	Methidation	<	1	ng/L
OW571900	2026-06-30	    625186	11:23:03	Metola	Metolachloor	=	10	ng/L
OW571900	2026-06-30	    625186	11:23:03	Metoxur	Metoxuron	<	5	ng/L
OW571900	2026-06-30	    625186	11:23:03	Mevinfos	Mevinfos	<	1	ng/L
OW571900	2026-06-30	    625186	11:23:03	Mg o	Magnesium	=	6600	µg/L
OW571900	2026-06-30	    625186	11:23:03	Mlinuron	Monolinuron	<	5	ng/L
OW571900	2026-06-30	    625186	11:23:03	Mmitron	Metamitron	<	5	ng/L
OW571900	2026-06-30	    625186	11:23:03	Mn o	Mangaan	=	29	µg/L
OW571900	2026-06-30	    625186	11:23:03	Mo o	Molybdeen	<	3	µg/L
OW571900	2026-06-30	    625186	11:23:03	MxyC	Methoxychloor	<	1	ng/L
OW571900	2026-06-30	    625186	11:23:03	N t	Stikstof	=	2,22	mgN/L
OW571900	2026-06-30	    625186	11:23:03	N+N	Nitraat+nitriet	=	0,685	mgN/L
OW571900	2026-06-30	    625186	11:23:03	N+N+N	Nitraat+nitriet+ammonium	=	0,892	mgN/L
OW571900	2026-06-30	    625186	11:23:03	Na o	Natrium	=	50000	µg/L
OW571900	2026-06-30	    625186	11:23:03	NH4+	Ammonium	=	0,207	mgN/L
OW571900	2026-06-30	    625186	11:23:03	Ni o	Nikkel	=	3,98	µg/L
OW571900	2026-06-30	    625186	11:23:03	NO2-	Nitriet	=	0,075	mgN/L
OW571900	2026-06-30	    625186	11:23:03	NO3-	Nitraat	=	0,61	mgN/L
OW571900	2026-06-30	    625186	11:23:03	NyFol	Nonylfenol	=	680	ng/L
OW571900	2026-06-30	    625186	11:23:03	NyFolsom	Nonylfenolen	=	680	ng/L
OW571900	2026-06-30	    625186	11:23:03	O2	Zuurstof	=	5,9	mg/L
OW571900	2026-06-30	    625186	11:23:03	O2 verz	Zuurstof	=	70,6	%
OW571900	2026-06-30	    625186	11:23:03	OCP t	Organochloorpesticiden, totaal	<	15,875	ng/L
OW571900	2026-06-30	    625186	11:23:03	oPO4 f	Orthofosfaat	=	0,71	mgP/L
OW571900	2026-06-30	    625186	11:23:03	Oxadiazon	Oxadiazon	<	4	ng/L
OW571900	2026-06-30	    625186	11:23:03	OyFolsom	Octylfenolen	<	30	ng/L
OW571900	2026-06-30	    625186	11:23:03	PathionEy	Parathion-ethyl	<	1	ng/L
OW571900	2026-06-30	    625186	11:23:03	PathionMy	Parathion-methyl	<	2	ng/L
OW571900	2026-06-30	    625186	11:23:03	Pb o	Lood	<	1,5	µg/L
OW571900	2026-06-30	    625186	11:23:03	PCB 101	2,2',4,5,5'-Pentachloorbifenyl (PCB101)	=	1,17	ng/L
OW571900	2026-06-30	    625186	11:23:03	PCB 118	2,3',4,4',5-Pentachloorbifenyl (PCB118)	<	1	ng/L
OW571900	2026-06-30	    625186	11:23:03	PCB 138	2,2',3,4,4',5'-Hexachloorbifenyl (PCB138)	=	1,42	ng/L
OW571900	2026-06-30	    625186	11:23:03	PCB 153	2,2',4,4',5,5'-Hexachloorbifenyl (PCB153)	=	1,55	ng/L
OW571900	2026-06-30	    625186	11:23:03	PCB 180	2,2',3,4,4',5,5'-Heptachloorbifenyl (PCB180)	<	1	ng/L
OW571900	2026-06-30	    625186	11:23:03	PCB 28	2,4,4'-Trichloorbifenyl (PCB28)	<	0,5	ng/L
OW571900	2026-06-30	    625186	11:23:03	PCB 52	2,2',5,5'-Tetrachloorbifenyl (PCB52)	=	1,23	ng/L
OW571900	2026-06-30	    625186	11:23:03	PCB t	Polychloorbifenyl, totaal	<	7,87	ng/L
OW571900	2026-06-30	    625186	11:23:03	PCBz	Pentachloorbenzeen	<	1,5	ng/L
OW571900	2026-06-30	    625186	11:23:03	PCFol	Pentachloorfenol	<	50	ng/L
OW571900	2026-06-30	    625186	11:23:03	PCNiBz	Pentachloornitrobenzeen	<	2	ng/L
OW571900	2026-06-30	    625186	11:23:03	PFAS-43	Som van de 43 PFAS	<	142,6	ng/L
OW571900	2026-06-30	    625186	11:23:03	PFBA	Perfluorbutaanzuur (PFBA)	=	7,8	ng/L
OW571900	2026-06-30	    625186	11:23:03	PFBS	Perfluorbutaansulfonzuur (PFBS)	<	5	ng/L
OW571900	2026-06-30	    625186	11:23:03	PFBSA	Perfluorbutaansulfonamide (PFBSA)	<	2,5	ng/L
OW571900	2026-06-30	    625186	11:23:03	PFDA	Perfluordecaanzuur (PFDA)	<	5	ng/L
OW571900	2026-06-30	    625186	11:23:03	PFDoDA	Perfluordodecaanzuur (PFDoDA)	<	1	ng/L
OW571900	2026-06-30	    625186	11:23:03	PFDoDS	Perfluordodecaansulfonzuur (PFDoDS)	<	5	ng/L
OW571900	2026-06-30	    625186	11:23:03	PFDS	Perfluordecaansulfonzuur (PFDS)	<	0,5	ng/L
OW571900	2026-06-30	    625186	11:23:03	PFECHS	Perfluor-4-ethylcyclohexaansulfonzuur (PFECHS)	<	0,5	ng/L
OW571900	2026-06-30	    625186	11:23:03	PFHpA	Perfluorheptaanzuur (PFHpA)	<	5	ng/L
OW571900	2026-06-30	    625186	11:23:03	PFHpS	Perfluorheptaansulfonzuur (PFHpS)	<	2,5	ng/L
OW571900	2026-06-30	    625186	11:23:03	PFHxA	Perfluorhexaanzuur (PFHxA)	=	9,3	ng/L
OW571900	2026-06-30	    625186	11:23:03	PFHxS	Perfluorhexaansulfonzuur (PFHxS)	<	5	ng/L
OW571900	2026-06-30	    625186	11:23:03	PFHxS totaal	Totaal perfluorhexaansulfonzuur (lineair+vertakt)	<	5	ng/L
OW571900	2026-06-30	    625186	11:23:03	PFHxS vertakt	= PFHxStotaal - PFHxS	<	10	ng/L
OW571900	2026-06-30	    625186	11:23:03	PFHxSA	Perfluorhexaansulfonamide (PFHxSA)	<	0,5	ng/L
OW571900	2026-06-30	    625186	11:23:03	PFNA	Perfluornonaanzuur (PFNA)	<	5	ng/L
OW571900	2026-06-30	    625186	11:23:03	PFNS	Perfluornonaansulfonzuur (PFNS)	<	0,5	ng/L
OW571900	2026-06-30	    625186	11:23:03	PFOA	Perfluoroctaanzuur (PFOA)	<	10	ng/L
OW571900	2026-06-30	    625186	11:23:03	PFOA totaal	Totaal perfluoroctaanzuur (lineair + vertakt)	=	10,1	ng/L
OW571900	2026-06-30	    625186	11:23:03	PFOA vertakt	= PFOAtotaal - PFOA	=	10,1	ng/L
OW571900	2026-06-30	    625186	11:23:03	PFOSA	Perfluoroctaansulfonamide (PFOSA)	<	1	ng/L
OW571900	2026-06-30	    625186	11:23:03	PFOSA totaal	Totaal perfluoroctaansulfonamide (lineair+vertakt)	<	5	ng/L
OW571900	2026-06-30	    625186	11:23:03	PFOSA vertakt	= PFOSAtotaal - PFOSA	<	10	ng/L
OW571900	2026-06-30	    625186	11:23:03	PFPeA	Perfluorpentaanzuur (PFPeA)	<	10	ng/L
OW571900	2026-06-30	    625186	11:23:03	PFPeS	Perfluorpentaansulfonzuur (PFPeS)	<	0,5	ng/L
OW571900	2026-06-30	    625186	11:23:03	PFTeDA	Perfluortetradecaanzuur (PFTeDA)	<	5	ng/L
OW571900	2026-06-30	    625186	11:23:03	PFTrDA	Perfluortridecaanzuur (PFTrDA)	<	5	ng/L
OW571900	2026-06-30	    625186	11:23:03	PFUnDA	Perfluorundecaanzuur (PFUnDA)	<	2,5	ng/L
OW571900	2026-06-30	    625186	11:23:03	PFUnDS	Perfluor-1-undecaansulfonzuur (PFUnS)	<	5	ng/L
OW571900	2026-06-30	    625186	11:23:03	pH	pH	=	7,84	-
OW571900	2026-06-30	    625186	11:23:03	Picarb	Pirimicarb	=	10	ng/L
OW571900	2026-06-30	    625186	11:23:03	PirfosMy	Pirimifos-methyl	<	1	ng/L
OW571900	2026-06-30	    625186	11:23:03	Prochloor	Propachloor	<	10	ng/L
OW571900	2026-06-30	    625186	11:23:03	Prometryn	Prometryn	<	10	ng/L
OW571900	2026-06-30	    625186	11:23:03	Propanil	Propanil	<	25	ng/L
OW571900	2026-06-30	    625186	11:23:03	Propaz	Propazine	<	10	ng/L
OW571900	2026-06-30	    625186	11:23:03	Quinofen	Quinoxyfen	<	1	ng/L
OW571900	2026-06-30	    625186	11:23:03	Sb o	Antimoon	<	1,5	µg/L
OW571900	2026-06-30	    625186	11:23:03	Se o	Seleen	<	1,5	µg/L
OW571900	2026-06-30	    625186	11:23:03	Sebutylaz	Sebutylazine	<	10	ng/L
OW571900	2026-06-30	    625186	11:23:03	Simaz	Simazine	<	10	ng/L
OW571900	2026-06-30	    625186	11:23:03	Sn o	Tin	<	1,5	µg/L
OW571900	2026-06-30	    625186	11:23:03	T	Temperatuur	=	24,9	°C
OW571900	2026-06-30	    625186	11:23:03	tCdaan	trans-Chloordaan	<	0,5	ng/L
OW571900	2026-06-30	    625186	11:23:03	TclofosMy	Tolclofos-methyl	<	2	ng/L
OW571900	2026-06-30	    625186	11:23:03	Te o	Telluur	<	2,5	µg/L
OW571900	2026-06-30	    625186	11:23:03	Telodrin	Telodrin	<	1	ng/L
OW571900	2026-06-30	    625186	11:23:03	Terbufos	Terbufos	<	2	ng/L
OW571900	2026-06-30	    625186	11:23:03	Terbutryn	Terbutryn	<	10	ng/L
OW571900	2026-06-30	    625186	11:23:03	Tfluralin	Trifluralin	<	2	ng/L
OW571900	2026-06-30	    625186	11:23:03	Thiacloprid	Thiacloprid	<	2,5	ng/L
OW571900	2026-06-30	    625186	11:23:03	tHpCEpx	trans-Heptachloorepoxyde	<	2	ng/L
OW571900	2026-06-30	    625186	11:23:03	Ti o	Titaan	<	2	µg/L
OW571900	2026-06-30	    625186	11:23:03	Tl o	Thallium	=	0,33	µg/L
OW571900	2026-06-30	    625186	11:23:03	Tmethoxam	Thiamethoxam	<	5	ng/L
OW571900	2026-06-30	    625186	11:23:03	TrByaz	Terbutylazine	=	356	ng/L
OW571900	2026-06-30	    625186	11:23:03	Triazofos	Triazofos	<	1	ng/L
OW571900	2026-06-30	    625186	11:23:03	triCFolsom	Trichloorfenolen	<	300	ng/L
OW571900	2026-06-30	    625186	11:23:03	Triclopyr	Triclopyr	<	50	ng/L
OW571900	2026-06-30	    625186	11:23:03	U o	Uranium	=	0,295	µg/L
OW571900	2026-06-30	    625186	11:23:03	V o	Vanadium	=	3,3	µg/L
OW571900	2026-06-30	    625186	11:23:03	Zn o	Zink	<	11	µg/L
OW571900	2026-06-30	    625186	11:23:03	ZS	Zwevende stoffen	=	12,2	mg/L
OW571900	2026-09-03	   1114637	09:36:43	1234CBz	1,2,3,4-Tetrachloorbenzeen	<	1	ng/L
OW571900	2026-09-03	   1114637	09:36:43	1235+1245CBz	1,2,3,5+1,2,4,5-Tetrachloorbenzeen	<	1,5	ng/L
OW571900	2026-09-03	   1114637	09:36:43	2356CNiBz	2,3,5,6-Tetrachloornitrobenzeen	<	2	ng/L
OW571900	2026-09-03	   1114637	09:36:43	24-D	2,4-Dichloorfenoxyazijnzuur	<	25	ng/L
OW571900	2026-09-03	   1114637	09:36:43	24-DB	2,4-Dichloorfenoxybutaanzuur	<	25	ng/L
OW571900	2026-09-03	   1114637	09:36:43	24-DP	Dichloorprop	<	25	ng/L
OW571900	2026-09-03	   1114637	09:36:43	245-T	2,4,5-Trichloorfenoxyazijnzuur	<	25	ng/L
OW571900	2026-09-03	   1114637	09:36:43	24DDD	op'Dichloordifenyldichloorethaan	<	1	ng/L
OW571900	2026-09-03	   1114637	09:36:43	24DDE	op'Dichloordifenyldichlooretheen	<	1	ng/L
OW571900	2026-09-03	   1114637	09:36:43	24DDT	op'Dichloordifenyltrichloorethaan	<	1	ng/L
OW571900	2026-09-03	   1114637	09:36:43	24NiFol	2,4-Dinitrofenol	<	25	ng/L
OW571900	2026-09-03	   1114637	09:36:43	2hAtraz	2-Hydroxy-atrazine	=	15	ng/L
OW571900	2026-09-03	   1114637	09:36:43	44DDD	pp'Dichloordifenyldichloorethaan	<	1	ng/L
OW571900	2026-09-03	   1114637	09:36:43	44DDE	pp'Dichloordifenyldichlooretheen	<	1	ng/L
OW571900	2026-09-03	   1114637	09:36:43	a+b+d+gHCHS	alfa+beta+gamma+delta Hexachloorcyclohexaan	<	2,25	ng/L
OW571900	2026-09-03	   1114637	09:36:43	a+bEndoS	alfa+beta Endosulfan	<	2	ng/L
OW571900	2026-09-03	   1114637	09:36:43	Acetamiprid	Acetamiprid	=	5	ng/L
OW571900	2026-09-03	   1114637	09:36:43	Aclonifen	Aclonifen	<	2	ng/L
OW571900	2026-09-03	   1114637	09:36:43	ADEIdrin	Aldrin+Dieldrin+Endrin+Isodrin	<	2,5	ng/L
OW571900	2026-09-03	   1114637	09:36:43	aEndo	alfa-Endosulfan	<	1	ng/L
OW571900	2026-09-03	   1114637	09:36:43	Ag o	Zilver	<	0,05	µg/L
OW571900	2026-09-03	   1114637	09:36:43	Al o	Aluminium	<	150	µg/L
OW571900	2026-09-03	   1114637	09:36:43	Alachloor	Alachloor	<	10	ng/L
OW571900	2026-09-03	   1114637	09:36:43	Aldrin	Aldrin	<	0,5	ng/L
OW571900	2026-09-03	   1114637	09:36:43	As o	Arseen	=	4	µg/L
OW571900	2026-09-03	   1114637	09:36:43	Atraz	Atrazine	<	10	ng/L
OW571900	2026-09-03	   1114637	09:36:43	AzinfosEy	Azinfos-ethyl	<	2	ng/L
OW571900	2026-09-03	   1114637	09:36:43	AzinfosMy	Azinfos-methyl	<	1	ng/L
OW571900	2026-09-03	   1114637	09:36:43	Ba o	Barium	=	37	µg/L
OW571900	2026-09-03	   1114637	09:36:43	BAM	2,6-Dichloorbenzamide	=	28	ng/L
OW571900	2026-09-03	   1114637	09:36:43	Be o	Beryllium	<	0,11	µg/L
OW571900	2026-09-03	   1114637	09:36:43	bEndo	beta-Endosulfan	<	1	ng/L
OW571900	2026-09-03	   1114637	09:36:43	Bentazone	Bentazone	<	25	ng/L
OW571900	2026-09-03	   1114637	09:36:43	bHCH	beta-Hexachloorcyclohexaan	<	0,75	ng/L
OW571900	2026-09-03	   1114637	09:36:43	Bifenox	Bifenox	<	2	ng/L
OW571900	2026-09-03	   1114637	09:36:43	Boscalid	Boscalid	=	21,1	ng/L
OW571900	2026-09-03	   1114637	09:36:43	BrfosEy	Bromofos-ethyl	<	1	ng/L
OW571900	2026-09-03	   1114637	09:36:43	BrfosMy	Bromofos-methyl	<	1	ng/L
OW571900	2026-09-03	   1114637	09:36:43	Bromacil	Bromacil	<	10	ng/L
OW571900	2026-09-03	   1114637	09:36:43	Bromoxyn	Bromoxynil	<	25	ng/L
OW571900	2026-09-03	   1114637	09:36:43	Ca o	Calcium	=	103000	µg/L
OW571900	2026-09-03	   1114637	09:36:43	Carbdzim	Carbendazim	<	10	ng/L
OW571900	2026-09-03	   1114637	09:36:43	Cartamid	Carbetamide	<	10	ng/L
OW571900	2026-09-03	   1114637	09:36:43	Cbromuron	Chloorbromuron	<	15	ng/L
OW571900	2026-09-03	   1114637	09:36:43	cCdaan	cis-Chloordaan	<	0,5	ng/L
OW571900	2026-09-03	   1114637	09:36:43	Cd o	Cadmium	<	0,05	µg/L
OW571900	2026-09-03	   1114637	09:36:43	Cdaan	Chloordaan	<	1	ng/L
OW571900	2026-09-03	   1114637	09:36:43	Cdazon	Chloridazon	<	5	ng/L
OW571900	2026-09-03	   1114637	09:36:43	Cfvinfos	Chloorfenvinfos	<	1	ng/L
OW571900	2026-09-03	   1114637	09:36:43	cHpCEpx	cis-Heptachloorepoxyde	<	1	ng/L
OW571900	2026-09-03	   1114637	09:36:43	Clfyl a	Chlorofyl a	=	45	µg/L
OW571900	2026-09-03	   1114637	09:36:43	Clopyralid	Clopyralid	<	125	ng/L
OW571900	2026-09-03	   1114637	09:36:43	Clotidine	Clothianidine	<	2,5	ng/L
OW571900	2026-09-03	   1114637	09:36:43	Co o	Kobalt	=	0,6	µg/L
OW571900	2026-09-03	   1114637	09:36:43	CpfosEy	Chloorpyrifos-ethyl	<	2	ng/L
OW571900	2026-09-03	   1114637	09:36:43	CpfosMy	Chloorpyrifos-methyl	<	2	ng/L
OW571900	2026-09-03	   1114637	09:36:43	Cprofam	Chloorprofam	<	2	ng/L
OW571900	2026-09-03	   1114637	09:36:43	Cr o	Chroom	<	1,5	µg/L
OW571900	2026-09-03	   1114637	09:36:43	Ctoluron	Chloortoluron	=	48	ng/L
OW571900	2026-09-03	   1114637	09:36:43	Cu o	Koper	<	2	µg/L
OW571900	2026-09-03	   1114637	09:36:43	Cumafos	Cumafos	<	1	ng/L
OW571900	2026-09-03	   1114637	09:36:43	Cyanaz	Cyanazine	<	5	ng/L
OW571900	2026-09-03	   1114637	09:36:43	Cybutrine	Cybutrine	<	1	ng/L
OW571900	2026-09-03	   1114637	09:36:43	CZV	Chemisch zuurstofverbruik	=	29	mgO2/L
OW571900	2026-09-03	   1114637	09:36:43	DCvos	Dichloorvos	<	1	ng/L
OW571900	2026-09-03	   1114637	09:36:43	DDT t	DDT, totaal	<	3	ng/L
OW571900	2026-09-03	   1114637	09:36:43	Demeton-O	Demeton-O	<	16	ng/L
OW571900	2026-09-03	   1114637	09:36:43	DEyatraz	Desethylatrazine	=	17	ng/L
OW571900	2026-09-03	   1114637	09:36:43	DEytByaz	Desethylterbutylazine	<	10	ng/L
OW571900	2026-09-03	   1114637	09:36:43	Dflucan	Diflufenican	<	14	ng/L
OW571900	2026-09-03	   1114637	09:36:43	dHCH	delta-Hexachloorcyclohexaan	<	0,75	ng/L
OW571900	2026-09-03	   1114637	09:36:43	Diazinon	Diazinon	<	2	ng/L
OW571900	2026-09-03	   1114637	09:36:43	Dicamba	Dicamba	<	150	ng/L
OW571900	2026-09-03	   1114637	09:36:43	Dieldrin	Dieldrin	<	1	ng/L
OW571900	2026-09-03	   1114637	09:36:43	DiMetamid	Dimethenamid	=	23	ng/L
OW571900	2026-09-03	   1114637	09:36:43	DiMetmorf	Dimethomorf	<	5	ng/L
OW571900	2026-09-03	   1114637	09:36:43	DiPyatraz	Desisopropylatrazine	<	10	ng/L
OW571900	2026-09-03	   1114637	09:36:43	Diuron	Diuron	=	11	ng/L
OW571900	2026-09-03	   1114637	09:36:43	Dmetoat	Dimethoaat	<	2	ng/L
OW571900	2026-09-03	   1114637	09:36:43	DNOC	4,6-Dinitro-o-cresol	<	25	ng/L
OW571900	2026-09-03	   1114637	09:36:43	DOC	Koolstof	=	7,2	mgC/L
OW571900	2026-09-03	   1114637	09:36:43	Dsulfoton	Disulfoton	<	16	ng/L
OW571900	2026-09-03	   1114637	09:36:43	EC 20	Geleidbaarheid (20°C)	=	1138	µS/cm
OW571900	2026-09-03	   1114637	09:36:43	EC 25	Geleidbaarheid (25°C)	=	1246,679	µS/cm
OW571900	2026-09-03	   1114637	09:36:43	Endrin	Endrin	<	0,5	ng/L
OW571900	2026-09-03	   1114637	09:36:43	Etfum	Ethofumesaat	<	8	ng/L
OW571900	2026-09-03	   1114637	09:36:43	Ethopfos	Ethoprofos	<	1	ng/L
OW571900	2026-09-03	   1114637	09:36:43	Fe o	Ijzer	<	12,5	µg/L
OW571900	2026-09-03	   1114637	09:36:43	Fenithion	Fenitrothion	<	2	ng/L
OW571900	2026-09-03	   1114637	09:36:43	Fenoprop	Fenoprop	<	25	ng/L
OW571900	2026-09-03	   1114637	09:36:43	Fenthion	Fenthion	<	1	ng/L
OW571900	2026-09-03	   1114637	09:36:43	Feofyt a	Feofytine a	=	18	µg/L
OW571900	2026-09-03	   1114637	09:36:43	Fipronil	Fipronil	<	2	ng/L
OW571900	2026-09-03	   1114637	09:36:43	Floxpyr	Fluroxypyr	<	25	ng/L
OW571900	2026-09-03	   1114637	09:36:43	Flucet	Flufenacet	<	10	ng/L
OW571900	2026-09-03	   1114637	09:36:43	Fluopic	Fluopicolide	=	25	ng/L
OW571900	2026-09-03	   1114637	09:36:43	Fluopyram	Fluopyram	=	131	ng/L
OW571900	2026-09-03	   1114637	09:36:43	Flurtamone	Flurtamone	<	0,005	µg/L
OW571900	2026-09-03	   1114637	09:36:43	Fonofos	Fonofos	<	2	ng/L
OW571900	2026-09-03	   1114637	09:36:43	gHCH	gamma-Hexachloorcyclohexaan	<	0,75	ng/L
OW571900	2026-09-03	   1114637	09:36:43	H t	Hardheid	=	30,083333333333333368	°F
OW571900	2026-09-03	   1114637	09:36:43	HCBz	Hexachloorbenzeen	<	1,5	ng/L
OW571900	2026-09-03	   1114637	09:36:43	HCH	Hexachloorcyclohexaan, alle isomeren	<	2,25	ng/L
OW571900	2026-09-03	   1114637	09:36:43	Hexazinon	Hexazinon	<	10	ng/L
OW571900	2026-09-03	   1114637	09:36:43	Hg o	Kwik	<	0,025	µg/L
OW571900	2026-09-03	   1114637	09:36:43	HpC	Heptachloor	<	1	ng/L
OW571900	2026-09-03	   1114637	09:36:43	HpC+Epx	Heptachloor+epoxyde	<	4	ng/L
OW571900	2026-09-03	   1114637	09:36:43	Imcloprid	Imidacloprid	=	16	ng/L
OW571900	2026-09-03	   1114637	09:36:43	Iproturon	Isoproturon	<	5	ng/L
OW571900	2026-09-03	   1114637	09:36:43	Isodrin	Isodrin	<	0,5	ng/L
OW571900	2026-09-03	   1114637	09:36:43	K o	Kalium	=	31000	µg/L
OW571900	2026-09-03	   1114637	09:36:43	KjN	Kjeldahlstikstof	=	1,686	mgN/L
OW571900	2026-09-03	   1114637	09:36:43	Lenacil	Lenacil	<	25	ng/L
OW571900	2026-09-03	   1114637	09:36:43	Linuron	Linuron	<	5	ng/L
OW571900	2026-09-03	   1114637	09:36:43	Malathion	Malathion	<	2	ng/L
OW571900	2026-09-03	   1114637	09:36:43	Mbromuron	Metobromuron	=	37	ng/L
OW571900	2026-09-03	   1114637	09:36:43	mBthiaz	Metabenzthiazuron	<	5	ng/L
OW571900	2026-09-03	   1114637	09:36:43	MCPA	(4-Chloor-2-methylfenoxy)azijnzuur	=	74	ng/L
OW571900	2026-09-03	   1114637	09:36:43	MCPB	4-(4-Chloor-2-methylfenoxy)boterzuur	<	25	ng/L
OW571900	2026-09-03	   1114637	09:36:43	MCPP	Mecoprop	=	71	ng/L
OW571900	2026-09-03	   1114637	09:36:43	Metaza	Metazachloor	=	10	ng/L
OW571900	2026-09-03	   1114637	09:36:43	Metbuzin	Metribuzin	<	4	ng/L
OW571900	2026-09-03	   1114637	09:36:43	Metcarb	Methiocarb	<	1	ng/L
OW571900	2026-09-03	   1114637	09:36:43	Methidat	Methidation	<	1	ng/L
OW571900	2026-09-03	   1114637	09:36:43	Metola	Metolachloor	<	5	ng/L
OW571900	2026-09-03	   1114637	09:36:43	Metoxur	Metoxuron	<	5	ng/L
OW571900	2026-09-03	   1114637	09:36:43	Mevinfos	Mevinfos	<	1	ng/L
OW571900	2026-09-03	   1114637	09:36:43	Mg o	Magnesium	=	10400	µg/L
OW571900	2026-09-03	   1114637	09:36:43	Mlinuron	Monolinuron	<	5	ng/L
OW571900	2026-09-03	   1114637	09:36:43	Mmitron	Metamitron	<	5	ng/L
OW571900	2026-09-03	   1114637	09:36:43	Mn o	Mangaan	=	26	µg/L
OW571900	2026-09-03	   1114637	09:36:43	Mo o	Molybdeen	=	6,6	µg/L
OW571900	2026-09-03	   1114637	09:36:43	N t	Stikstof	=	2,89	mgN/L
OW571900	2026-09-03	   1114637	09:36:43	N+N	Nitraat+nitriet	=	1,204	mgN/L
OW571900	2026-09-03	   1114637	09:36:43	N+N+N	Nitraat+nitriet+ammonium	=	1,494	mgN/L
OW571900	2026-09-03	   1114637	09:36:43	Na o	Natrium	=	108000	µg/L
OW571900	2026-09-03	   1114637	09:36:43	NH4+	Ammonium	=	0,29	mgN/L
OW571900	2026-09-03	   1114637	09:36:43	Ni o	Nikkel	=	4,4	µg/L
OW571900	2026-09-03	   1114637	09:36:43	NO2-	Nitriet	=	0,124	mgN/L
OW571900	2026-09-03	   1114637	09:36:43	NO3-	Nitraat	=	1,08	mgN/L
OW571900	2026-09-03	   1114637	09:36:43	O2	Zuurstof	=	6,14	mg/L
OW571900	2026-09-03	   1114637	09:36:43	O2 verz	Zuurstof	=	67,3	%
OW571900	2026-09-03	   1114637	09:36:43	OCP t	Organochloorpesticiden, totaal	<	14,5	ng/L
OW571900	2026-09-03	   1114637	09:36:43	oPO4 f	Orthofosfaat	=	0,391	mgP/L
OW571900	2026-09-03	   1114637	09:36:43	Oxadiazon	Oxadiazon	<	2	ng/L
OW571900	2026-09-03	   1114637	09:36:43	P t	Fosfor	=	0,67	mgP/L
OW571900	2026-09-03	   1114637	09:36:43	PathionEy	Parathion-ethyl	<	1	ng/L
OW571900	2026-09-03	   1114637	09:36:43	PathionMy	Parathion-methyl	<	2	ng/L
OW571900	2026-09-03	   1114637	09:36:43	Pb o	Lood	<	1,5	µg/L
OW571900	2026-09-03	   1114637	09:36:43	PCB 101	2,2',4,5,5'-Pentachloorbifenyl (PCB101)	<	1	ng/L
OW571900	2026-09-03	   1114637	09:36:43	PCB 118	2,3',4,4',5-Pentachloorbifenyl (PCB118)	<	0,5	ng/L
OW571900	2026-09-03	   1114637	09:36:43	PCB 138	2,2',3,4,4',5'-Hexachloorbifenyl (PCB138)	<	1	ng/L
OW571900	2026-09-03	   1114637	09:36:43	PCB 153	2,2',4,4',5,5'-Hexachloorbifenyl (PCB153)	=	1,32	ng/L
OW571900	2026-09-03	   1114637	09:36:43	PCB 180	2,2',3,4,4',5,5'-Heptachloorbifenyl (PCB180)	<	0,5	ng/L
OW571900	2026-09-03	   1114637	09:36:43	PCB 28	2,4,4'-Trichloorbifenyl (PCB28)	<	0,5	ng/L
OW571900	2026-09-03	   1114637	09:36:43	PCB 52	2,2',5,5'-Tetrachloorbifenyl (PCB52)	<	1	ng/L
OW571900	2026-09-03	   1114637	09:36:43	PCB t	Polychloorbifenyl, totaal	<	5,82	ng/L
OW571900	2026-09-03	   1114637	09:36:43	PCNiBz	Pentachloornitrobenzeen	<	2	ng/L
OW571900	2026-09-03	   1114637	09:36:43	pH	pH	=	8,05	-
OW571900	2026-09-03	   1114637	09:36:43	Picarb	Pirimicarb	<	5	ng/L
OW571900	2026-09-03	   1114637	09:36:43	PirfosMy	Pirimifos-methyl	<	1	ng/L
OW571900	2026-09-03	   1114637	09:36:43	Prochloor	Propachloor	<	10	ng/L
OW571900	2026-09-03	   1114637	09:36:43	Prometryn	Prometryn	<	10	ng/L
OW571900	2026-09-03	   1114637	09:36:43	Propanil	Propanil	<	25	ng/L
OW571900	2026-09-03	   1114637	09:36:43	Propaz	Propazine	<	10	ng/L
OW571900	2026-09-03	   1114637	09:36:43	Quinofen	Quinoxyfen	<	1	ng/L
OW571900	2026-09-03	   1114637	09:36:43	Sb o	Antimoon	<	3	µg/L
OW571900	2026-09-03	   1114637	09:36:43	Se o	Seleen	<	1,5	µg/L
OW571900	2026-09-03	   1114637	09:36:43	Sebutylaz	Sebutylazine	<	10	ng/L
OW571900	2026-09-03	   1114637	09:36:43	Secchi	Doorzichtigheid	=	30	cm
OW571900	2026-09-03	   1114637	09:36:43	Simaz	Simazine	<	10	ng/L
OW571900	2026-09-03	   1114637	09:36:43	Sn o	Tin	<	1,5	µg/L
OW571900	2026-09-03	   1114637	09:36:43	SO4=	Sulfaat	=	86	mg/L
OW571900	2026-09-03	   1114637	09:36:43	T	Temperatuur	=	20,1	°C
OW571900	2026-09-03	   1114637	09:36:43	tCdaan	trans-Chloordaan	<	0,5	ng/L
OW571900	2026-09-03	   1114637	09:36:43	TclofosMy	Tolclofos-methyl	<	2	ng/L
OW571900	2026-09-03	   1114637	09:36:43	Te o	Telluur	<	2,5	µg/L
OW571900	2026-09-03	   1114637	09:36:43	Telodrin	Telodrin	<	1	ng/L
OW571900	2026-09-03	   1114637	09:36:43	Terbufos	Terbufos	<	2	ng/L
OW571900	2026-09-03	   1114637	09:36:43	Terbutryn	Terbutryn	<	20	ng/L
OW571900	2026-09-03	   1114637	09:36:43	Tfluralin	Trifluralin	<	2	ng/L
OW571900	2026-09-03	   1114637	09:36:43	Thiacloprid	Thiacloprid	<	2,5	ng/L
OW571900	2026-09-03	   1114637	09:36:43	tHpCEpx	trans-Heptachloorepoxyde	<	2	ng/L
OW571900	2026-09-03	   1114637	09:36:43	Ti o	Titaan	<	2	µg/L
OW571900	2026-09-03	   1114637	09:36:43	Tl o	Thallium	<	0,2	µg/L
OW571900	2026-09-03	   1114637	09:36:43	Tmethoxam	Thiamethoxam	<	10	ng/L
OW571900	2026-09-03	   1114637	09:36:43	TrByaz	Terbutylazine	=	16	ng/L
OW571900	2026-09-03	   1114637	09:36:43	Triazofos	Triazofos	<	1	ng/L
OW571900	2026-09-03	   1114637	09:36:43	Triclopyr	Triclopyr	<	50	ng/L
OW571900	2026-09-03	   1114637	09:36:43	U o	Uranium	=	0,57	µg/L
OW571900	2026-09-03	   1114637	09:36:43	V o	Vanadium	<	3	µg/L
OW571900	2026-09-03	   1114637	09:36:43	Zn o	Zink	<	11	µg/L
OW571900	2026-09-03	   1114637	09:36:43	ZS	Zwevende stoffen	=	43	mg/L
